timestamp,open,high,low,close,volume
2024-12-12 14:58:00,101505.7,101533.8,101451.3,101507.1,187.372
2024-12-12 14:59:00,101507.1,101688.0,101507.0,101666.6,157.106
2024-12-12 15:00:00,101666.6,101718.8,101560.6,101565.1,170.26
2024-12-12 15:01:00,101565.1,101673.1,101555.0,101567.4,227.848
2024-12-12 15:02:00,101567.4,101570.0,101497.0,101561.1,118.199
2024-12-12 15:03:00,101561.1,101570.0,101462.9,101518.1,201.96
2024-12-12 15:04:00,101518.1,101708.7,101518.1,101683.4,112.895
2024-12-12 15:05:00,101683.4,101708.5,101546.1,101546.1,128.255
2024-12-12 15:06:00,101546.1,101670.2,101520.5,101520.5,141.539
2024-12-12 15:07:00,101520.5,101526.9,101410.0,101455.0,217.437
2024-12-12 15:08:00,101455.0,101471.1,101336.0,101336.0,158.458
2024-12-12 15:09:00,101336.0,101372.4,101099.5,101126.5,250.089
2024-12-12 15:10:00,101126.5,101231.7,101076.0,101088.4,430.232
2024-12-12 15:11:00,101088.4,101177.6,101010.1,101010.1,371.123
2024-12-12 15:12:00,101010.1,101051.2,100851.1,100908.2,270.714
2024-12-12 15:13:00,100908.2,100957.6,100800.0,100873.8,464.275
2024-12-12 15:14:00,100873.8,100941.6,100775.5,100804.3,294.208
2024-12-12 15:15:00,100804.3,100876.8,100700.4,100772.1,315.932
2024-12-12 15:16:00,100772.1,100950.3,100707.9,100938.3,260.934
2024-12-12 15:17:00,100938.3,101071.1,100884.2,100908.4,217.068
2024-12-12 15:18:00,100908.4,100934.6,100863.9,100913.4,168.924
2024-12-12 15:19:00,100913.4,101080.0,100913.4,101079.7,153.559
2024-12-12 15:20:00,101079.7,101138.3,101000.0,101100.0,131.637
2024-12-12 15:21:00,101100.0,101100.0,100982.2,101049.6,285.108
2024-12-12 15:22:00,101049.6,101153.8,101049.6,101131.0,532.881
2024-12-12 15:23:00,101131.0,101290.1,101130.9,101284.0,198.599
2024-12-12 15:24:00,101284.0,101345.2,101284.0,101316.8,186.369
2024-12-12 15:25:00,101316.8,101432.0,101308.1,101419.9,199.414
2024-12-12 15:26:00,101419.9,101424.0,101368.2,101413.4,155.146
2024-12-12 15:27:00,101413.4,101424.4,101350.0,101378.4,128.718
2024-12-12 15:28:00,101378.4,101428.4,101290.0,101404.3,104.708
2024-12-12 15:29:00,101404.3,101450.0,101404.3,101449.9,169.544
2024-12-12 15:30:00,101449.9,101450.0,101324.1,101349.9,57.236
2024-12-12 15:31:00,101349.9,101409.0,101326.6,101408.9,110.924
2024-12-12 15:32:00,101408.9,101409.0,101334.6,101338.6,51.227
2024-12-12 15:33:00,101338.6,101348.8,101099.9,101138.9,389.383
2024-12-12 15:34:00,101138.9,101361.2,101130.4,101356.0,510.253
2024-12-12 15:35:00,101356.0,101384.8,101253.8,101254.1,71.938
2024-12-12 15:36:00,101254.1,101358.4,101238.5,101358.4,213.04
2024-12-12 15:37:00,101358.4,101500.0,101358.3,101418.8,642.114
2024-12-12 15:38:00,101418.8,101476.7,101395.2,101413.7,492.23
2024-12-12 15:39:00,101413.7,101424.2,101326.2,101424.2,37.626
2024-12-12 15:40:00,101424.2,101560.0,101423.9,101485.2,64.579
2024-12-12 15:41:00,101485.2,101560.1,101475.6,101560.0,107.292
2024-12-12 15:42:00,101560.0,101576.1,101485.4,101560.0,70.734
2024-12-12 15:43:00,101560.0,101603.2,101540.7,101603.0,85.564
2024-12-12 15:44:00,101603.0,101650.0,101575.1,101649.8,94.733
2024-12-12 15:45:00,101649.8,101650.0,101522.1,101586.4,121.351
2024-12-12 15:46:00,101586.4,101750.0,101586.4,101740.4,233.883
2024-12-12 15:47:00,101740.4,101850.2,101680.2,101735.8,511.613
2024-12-12 15:48:00,101735.8,101750.8,101624.4,101694.6,863.937
2024-12-12 15:49:00,101694.6,101780.6,101694.6,101736.6,513.873
2024-12-12 15:50:00,101736.6,101750.0,101476.0,101594.6,269.037
2024-12-12 15:51:00,101594.6,101594.8,101470.0,101470.0,546.594
2024-12-12 15:52:00,101470.0,101525.7,101452.3,101516.7,345.581
2024-12-12 15:53:00,101516.7,101646.0,101516.7,101586.1,93.515
2024-12-12 15:54:00,101586.1,101678.9,101550.0,101632.1,54.598
2024-12-12 15:55:00,101632.1,101688.0,101628.3,101665.9,62.225
2024-12-12 15:56:00,101665.9,101761.3,101665.9,101732.6,73.882
2024-12-12 15:57:00,101732.6,101770.0,101687.9,101713.7,154.361
2024-12-12 15:58:00,101713.7,101713.7,101592.7,101656.1,114.645
2024-12-12 15:59:00,101656.1,101775.4,101655.9,101775.2,108.685
2024-12-12 16:00:00,101775.2,102076.6,101773.5,101975.5,543.904
2024-12-12 16:01:00,101975.5,102243.3,101850.0,102017.5,1282.272
2024-12-12 16:02:00,102017.5,102300.0,102009.0,102250.0,688.657
2024-12-12 16:03:00,102250.0,102360.1,102029.3,102062.4,710.045
2024-12-12 16:04:00,102062.4,102252.1,102045.5,102223.9,590.321
2024-12-12 16:05:00,102223.9,102379.0,102090.2,102378.7,683.643
2024-12-12 16:06:00,102378.7,102402.9,102300.0,102302.9,615.837
2024-12-12 16:07:00,102302.9,102361.1,102213.3,102221.4,489.729
2024-12-12 16:08:00,102221.4,102264.2,102095.5,102112.2,361.537
2024-12-12 16:09:00,102112.2,102355.0,102095.5,102350.0,333.048
2024-12-12 16:10:00,102350.0,102367.6,102200.9,102205.9,455.179
2024-12-12 16:11:00,102205.9,102254.1,102172.2,102204.9,171.071
2024-12-12 16:12:00,102204.9,102320.6,102198.6,102269.4,195.122
2024-12-12 16:13:00,102269.4,102310.0,102226.8,102309.9,238.122
2024-12-12 16:14:00,102309.9,102329.6,102259.0,102326.0,125.318
2024-12-12 16:15:00,102326.0,102488.0,102294.9,102479.4,177.272
2024-12-12 16:16:00,102479.4,102539.2,102365.5,102450.2,455.962
2024-12-12 16:17:00,102450.2,102466.2,102284.2,102331.7,476.134
2024-12-12 16:18:00,102331.7,102438.2,102216.8,102438.2,186.368
2024-12-12 16:19:00,102438.2,102483.5,102410.0,102476.7,170.485
2024-12-12 16:20:00,102476.7,102476.7,102351.7,102397.1,154.312
2024-12-12 16:21:00,102397.1,102476.6,102335.7,102453.8,107.021
2024-12-12 16:22:00,102453.8,102464.7,102366.4,102367.7,121.478
2024-12-12 16:23:00,102367.7,102384.8,102219.0,102229.6,144.492
2024-12-12 16:24:00,102229.6,102233.6,102171.7,102185.2,151.132
2024-12-12 16:25:00,102185.2,102337.2,102180.0,102271.6,178.764
2024-12-12 16:26:00,102271.6,102284.9,102064.9,102089.3,172.504
2024-12-12 16:27:00,102089.3,102089.6,101996.8,102080.1,200.938
2024-12-12 16:28:00,102080.1,102080.1,101859.9,101917.2,351.181
2024-12-12 16:29:00,101917.2,101922.3,101806.9,101846.5,498.577
2024-12-12 16:30:00,101846.5,101865.0,101672.0,101687.2,308.748
2024-12-12 16:31:00,101687.2,101855.2,101685.4,101792.4,393.494
2024-12-12 16:32:00,101792.4,101918.1,101779.0,101896.5,238.001
2024-12-12 16:33:00,101896.5,101969.9,101778.0,101811.6,180.604
2024-12-12 16:34:00,101811.6,101840.1,101752.0,101752.0,192.078
2024-12-12 16:35:00,101752.0,101767.9,101629.6,101642.3,173.702
2024-12-12 16:36:00,101642.3,101642.3,101446.4,101514.6,262.862
2024-12-12 16:37:00,101514.6,101645.1,101483.1,101594.6,430.389
2024-12-12 16:38:00,101594.6,101633.0,101530.1,101630.2,144.219
2024-12-12 16:39:00,101630.2,101725.7,101621.8,101666.2,69.13
2024-12-12 16:40:00,101666.2,101721.1,101635.4,101721.1,87.619
2024-12-12 16:41:00,101721.1,101775.0,101672.0,101772.1,95.554
2024-12-12 16:42:00,101772.1,101886.2,101772.0,101850.2,156.082
2024-12-12 16:43:00,101850.2,101905.4,101823.6,101905.4,120.621
2024-12-12 16:44:00,101905.4,102067.2,101905.4,102002.1,158.908
2024-12-12 16:45:00,102002.1,102075.3,101983.3,102053.2,297.262
2024-12-12 16:46:00,102053.2,102053.2,101874.9,101874.9,149.346
2024-12-12 16:47:00,101874.9,101876.7,101763.3,101781.7,158.202
2024-12-12 16:48:00,101781.7,101820.0,101767.7,101816.6,119.973
2024-12-12 16:49:00,101816.6,101828.1,101782.1,101823.7,63.716
2024-12-12 16:50:00,101823.7,101823.7,101650.0,101655.4,74.123
2024-12-12 16:51:00,101655.4,101733.6,101649.3,101661.9,86.024
2024-12-12 16:52:00,101661.9,101688.4,101560.0,101663.1,66.253
2024-12-12 16:53:00,101663.1,101686.7,101579.8,101586.3,118.588
2024-12-12 16:54:00,101586.3,101667.7,101586.3,101600.3,93.632
2024-12-12 16:55:00,101600.3,101675.5,101581.0,101592.7,52.583
2024-12-12 16:56:00,101592.7,101593.0,101547.1,101551.2,55.112
2024-12-12 16:57:00,101551.2,101554.5,101505.5,101546.4,52.583
2024-12-12 16:58:00,101546.4,101547.1,101472.1,101480.6,71.642
2024-12-12 16:59:00,101480.6,101525.5,101456.0,101457.1,97.077
2024-12-12 17:00:00,101457.1,101457.2,101379.0,101434.0,137.748
2024-12-12 17:01:00,101434.0,101447.4,101387.8,101393.1,157.341
2024-12-12 17:02:00,101393.1,101528.5,101388.7,101520.4,78.09
2024-12-12 17:03:00,101520.4,101520.4,101400.1,101438.9,101.373
2024-12-12 17:04:00,101438.9,101488.7,101400.0,101488.7,44.4
2024-12-12 17:05:00,101488.7,101528.8,101410.0,101410.1,51.216
2024-12-12 17:06:00,101410.1,101439.3,101320.0,101325.9,105.502
2024-12-12 17:07:00,101325.9,101400.2,101320.0,101400.0,156.299
2024-12-12 17:08:00,101400.0,101520.0,101400.0,101513.8,55.961
2024-12-12 17:09:00,101513.8,101653.1,101513.8,101573.6,112.051
2024-12-12 17:10:00,101573.6,101651.0,101542.7,101621.7,155.007
2024-12-12 17:11:00,101621.7,101679.4,101611.6,101643.6,108.134
2024-12-12 17:12:00,101643.6,101680.0,101588.0,101634.8,45.688
2024-12-12 17:13:00,101634.8,101645.2,101506.9,101507.2,54.958
2024-12-12 17:14:00,101507.2,101571.3,101494.5,101563.3,48.264
2024-12-12 17:15:00,101563.3,101652.2,101561.0,101634.6,30.651
2024-12-12 17:16:00,101634.6,101652.2,101579.8,101637.2,53.015
2024-12-12 17:17:00,101637.2,101686.9,101637.2,101681.1,35.154
2024-12-12 17:18:00,101681.1,101695.0,101640.1,101642.0,64.903
2024-12-12 17:19:00,101642.0,101642.3,101500.3,101500.3,23.987
2024-12-12 17:20:00,101500.3,101584.3,101449.7,101584.3,31.37
2024-12-12 17:21:00,101584.3,101586.5,101543.8,101550.0,60.376
2024-12-12 17:22:00,101550.0,101550.0,101420.5,101423.7,59.579
2024-12-12 17:23:00,101423.7,101457.5,101370.0,101389.8,43.061
2024-12-12 17:24:00,101389.8,101426.4,101305.0,101305.0,85.711
2024-12-12 17:25:00,101305.0,101305.0,101211.0,101216.0,196.203
2024-12-12 17:26:00,101216.0,101353.0,101211.1,101266.1,274.862
2024-12-12 17:27:00,101266.1,101384.3,101256.6,101370.3,79.335
2024-12-12 17:28:00,101370.3,101400.2,101330.5,101400.2,59.281
2024-12-12 17:29:00,101400.2,101500.0,101400.2,101500.0,39.589
2024-12-12 17:30:00,101500.0,101600.0,101479.7,101555.8,62.998
2024-12-12 17:31:00,101555.8,101555.8,101360.0,101400.0,70.256
2024-12-12 17:32:00,101400.0,101479.5,101395.0,101476.9,58.782
2024-12-12 17:33:00,101476.9,101476.9,101422.0,101459.2,28.82
2024-12-12 17:34:00,101459.2,101603.4,101459.2,101569.5,39.62
2024-12-12 17:35:00,101569.5,101608.2,101561.0,101561.9,62.592
2024-12-12 17:36:00,101561.9,101576.3,101472.9,101535.2,26.62
2024-12-12 17:37:00,101535.2,101595.5,101505.0,101522.5,35.846
2024-12-12 17:38:00,101522.5,101574.0,101461.0,101515.3,34.164
2024-12-12 17:39:00,101515.3,101550.4,101443.2,101443.2,17.625
2024-12-12 17:40:00,101443.2,101443.2,101319.5,101320.2,26.669
2024-12-12 17:41:00,101320.2,101322.7,101271.8,101299.9,61.999
2024-12-12 17:42:00,101299.9,101300.1,101257.3,101285.4,55.211
2024-12-12 17:43:00,101285.4,101368.1,101283.9,101358.4,41.915
2024-12-12 17:44:00,101358.4,101460.0,101358.4,101439.3,46.988
2024-12-12 17:45:00,101439.3,101475.1,101408.6,101420.9,48.559
2024-12-12 17:46:00,101420.9,101437.7,101363.7,101413.7,31.154
2024-12-12 17:47:00,101413.7,101429.1,101358.4,101366.3,52.713
2024-12-12 17:48:00,101366.3,101419.0,101366.3,101403.4,35.046
2024-12-12 17:49:00,101403.4,101423.7,101400.0,101413.6,26.323
2024-12-12 17:50:00,101413.6,101413.6,101342.2,101342.2,24.07
2024-12-12 17:51:00,101342.2,101400.2,101337.5,101400.2,27.426
2024-12-12 17:52:00,101400.2,101405.7,101353.1,101396.9,24.588
2024-12-12 17:53:00,101396.9,101398.6,101363.0,101383.3,8.829
2024-12-12 17:54:00,101383.3,101416.3,101317.5,101350.5,13.393
2024-12-12 17:55:00,101350.5,101390.8,101350.0,101350.1,25.528
2024-12-12 17:56:00,101350.1,101485.4,101330.0,101485.4,28.134
2024-12-12 17:57:00,101485.4,101621.1,101485.4,101608.9,61.383
2024-12-12 17:58:00,101608.9,101608.9,101539.9,101541.0,96.996
2024-12-12 17:59:00,101541.0,101600.2,101524.6,101600.0,57.774
2024-12-12 18:00:00,101600.0,101642.6,101542.3,101542.3,46.766
2024-12-12 18:01:00,101542.3,101559.9,101464.3,101485.2,43.383
2024-12-12 18:02:00,101485.2,101489.8,101385.0,101385.9,40.453
2024-12-12 18:03:00,101385.9,101385.9,101300.0,101373.5,56.889
2024-12-12 18:04:00,101373.5,101445.1,101373.5,101408.5,53.901
2024-12-12 18:05:00,101408.5,101426.1,101392.0,101392.1,24.756
2024-12-12 18:06:00,101392.1,101498.3,101392.0,101471.7,30.367
2024-12-12 18:07:00,101471.7,101535.9,101471.7,101516.8,25.765
2024-12-12 18:08:00,101516.8,101516.8,101449.7,101449.7,17.972
2024-12-12 18:09:00,101449.7,101499.9,101436.5,101499.9,8.47
2024-12-12 18:10:00,101499.9,101560.2,101499.9,101550.5,11.199
2024-12-12 18:11:00,101550.5,101550.5,101499.7,101535.4,17.194
2024-12-12 18:12:00,101535.4,101535.7,101450.0,101497.1,22.407
2024-12-12 18:13:00,101497.1,101514.9,101465.7,101505.2,16.232
2024-12-12 18:14:00,101505.2,101505.2,101432.4,101459.2,25.571
2024-12-12 18:15:00,101459.2,101472.2,101430.0,101469.5,25.025
2024-12-12 18:16:00,101469.5,101469.5,101414.2,101452.1,19.271
2024-12-12 18:17:00,101452.1,101536.9,101452.1,101528.5,10.166
2024-12-12 18:18:00,101528.5,101621.5,101528.5,101561.6,24.911
2024-12-12 18:19:00,101561.6,101561.6,101481.2,101540.3,33.516
2024-12-12 18:20:00,101540.3,101561.0,101521.2,101557.7,19.656
2024-12-12 18:21:00,101557.7,101557.7,101499.1,101499.2,11.827
2024-12-12 18:22:00,101499.2,101512.9,101484.8,101486.8,14.725
2024-12-12 18:23:00,101486.8,101565.1,101486.8,101565.1,24.74
2024-12-12 18:24:00,101565.1,101600.2,101560.0,101597.5,10.928
2024-12-12 18:25:00,101597.5,101610.5,101550.0,101550.0,21.133
2024-12-12 18:26:00,101550.0,101636.2,101535.4,101571.1,26.75
2024-12-12 18:27:00,101571.1,101604.8,101565.9,101604.8,22.015
2024-12-12 18:28:00,101604.8,101650.0,101604.8,101643.1,18.439
2024-12-12 18:29:00,101643.1,101658.7,101600.0,101600.0,39.757
2024-12-12 18:30:00,101600.0,101608.2,101471.9,101472.2,20.356
2024-12-12 18:31:00,101472.2,101472.2,101400.0,101408.9,28.79
2024-12-12 18:32:00,101408.9,101413.8,101326.5,101354.0,43.305
2024-12-12 18:33:00,101354.0,101365.6,101280.2,101286.9,57.845
2024-12-12 18:34:00,101286.9,101363.2,101280.0,101352.7,78.045
2024-12-12 18:35:00,101352.7,101352.7,101083.3,101181.4,144.93
2024-12-12 18:36:00,101181.4,101181.4,101035.7,101095.7,418.804
2024-12-12 18:37:00,101095.7,101095.7,100881.0,101059.0,524.226
2024-12-12 18:38:00,101059.0,101059.0,100966.7,101036.6,525.783
2024-12-12 18:39:00,101036.6,101046.1,100915.6,100990.0,112.238
2024-12-12 18:40:00,100990.0,101059.3,100924.0,101049.4,112.492
2024-12-12 18:41:00,101049.4,101049.4,100980.0,100982.2,132.887
2024-12-12 18:42:00,100982.2,101127.4,100981.8,101127.4,51.174
2024-12-12 18:43:00,101127.4,101175.0,101116.4,101143.9,73.958
2024-12-12 18:44:00,101143.9,101200.0,101127.5,101200.0,106.309
2024-12-12 18:45:00,101200.0,101227.9,101080.3,101080.3,81.203
2024-12-12 18:46:00,101080.3,101084.0,101028.0,101041.8,62.265
2024-12-12 18:47:00,101041.8,101140.4,101023.0,101130.9,44.84
2024-12-12 18:48:00,101130.9,101131.3,101018.5,101050.3,37.823
2024-12-12 18:49:00,101050.3,101081.4,101015.2,101045.5,63.045
2024-12-12 18:50:00,101045.5,101065.1,100982.2,100990.3,54.724
2024-12-12 18:51:00,100990.3,101039.2,100986.0,100986.0,39.163
2024-12-12 18:52:00,100986.0,101027.7,100918.2,100956.4,22.134
2024-12-12 18:53:00,100956.4,100963.5,100896.4,100896.4,68.127
2024-12-12 18:54:00,100896.4,100970.4,100884.6,100922.8,68.305
2024-12-12 18:55:00,100922.8,100951.5,100893.0,100905.8,52.924
2024-12-12 18:56:00,100905.8,100912.0,100857.9,100867.4,57.215
2024-12-12 18:57:00,100867.4,100929.1,100867.4,100929.1,128.156
2024-12-12 18:58:00,100929.1,100929.1,100843.0,100844.4,38.287
2024-12-12 18:59:00,100844.4,100849.2,100816.5,100832.9,89.328
2024-12-12 19:00:00,100832.9,100860.0,100800.0,100803.9,84.282
2024-12-12 19:01:00,100803.9,100834.5,100785.0,100786.9,165.684
2024-12-12 19:02:00,100786.9,100918.5,100786.9,100918.5,254.975
2024-12-12 19:03:00,100918.5,100978.2,100918.5,100958.5,45.211
2024-12-12 19:04:00,100958.5,100993.8,100862.6,100886.0,47.746
2024-12-12 19:05:00,100886.0,100908.0,100850.9,100895.3,42.283
2024-12-12 19:06:00,100895.3,101035.0,100854.5,100955.1,33.028
2024-12-12 19:07:00,100955.1,100972.9,100875.0,100875.0,86.84
2024-12-12 19:08:00,100875.0,100877.7,100842.6,100862.7,33.927
2024-12-12 19:09:00,100862.7,100968.5,100850.0,100968.5,21.887
2024-12-12 19:10:00,100968.5,101000.2,100867.6,100894.8,27.296
2024-12-12 19:11:00,100894.8,100955.2,100894.8,100920.9,19.165
2024-12-12 19:12:00,100920.9,100984.1,100873.1,100873.1,12.812
2024-12-12 19:13:00,100873.1,100873.1,100800.0,100824.7,33.879
2024-12-12 19:14:00,100824.7,100827.2,100754.3,100762.2,46.526
2024-12-12 19:15:00,100762.2,100774.7,100720.6,100735.2,101.186
2024-12-12 19:16:00,100735.2,100737.9,100615.7,100642.0,162.906
2024-12-12 19:17:00,100642.0,100645.9,100558.0,100590.7,256.657
2024-12-12 19:18:00,100590.7,100595.6,100363.9,100550.2,734.644
2024-12-12 19:19:00,100550.2,100585.9,100472.1,100479.9,501.131
2024-12-12 19:20:00,100479.9,100543.5,100431.9,100464.8,86.473
2024-12-12 19:21:00,100464.8,100464.9,100360.0,100406.2,172.406
2024-12-12 19:22:00,100406.2,100449.7,100264.7,100274.6,243.298
2024-12-12 19:23:00,100274.6,100332.0,100233.2,100279.6,399.241
2024-12-12 19:24:00,100279.6,100360.0,100246.7,100265.5,164.895
2024-12-12 19:25:00,100265.5,100321.1,100227.6,100236.3,222.44
2024-12-12 19:26:00,100236.3,100302.3,100159.1,100166.3,239.873
2024-12-12 19:27:00,100166.3,100180.9,100093.6,100100.1,260.93
2024-12-12 19:28:00,100100.1,100121.2,100006.0,100024.1,312.159
2024-12-12 19:29:00,100024.1,100024.4,99823.2,99924.4,363.137
2024-12-12 19:30:00,99924.4,100134.1,99871.4,100114.2,593.381
2024-12-12 19:31:00,100114.2,100114.2,100005.0,100042.0,360.238
2024-12-12 19:32:00,100042.0,100140.2,99871.8,99899.4,279.355
2024-12-12 19:33:00,99899.4,99983.8,99867.9,99916.5,330.922
2024-12-12 19:34:00,99916.5,99921.6,99824.0,99889.2,295.629
2024-12-12 19:35:00,99889.2,99889.2,99677.2,99718.4,707.882
2024-12-12 19:36:00,99718.4,99754.9,99555.0,99617.4,610.557
2024-12-12 19:37:00,99617.4,99808.8,99600.0,99720.0,412.819
2024-12-12 19:38:00,99720.0,99781.5,99680.0,99680.0,318.43
2024-12-12 19:39:00,99680.0,99680.0,99552.0,99556.0,183.74
2024-12-12 19:40:00,99556.0,99600.4,99508.0,99588.2,295.891
2024-12-12 19:41:00,99588.2,99616.2,99502.5,99502.8,402.877
2024-12-12 19:42:00,99502.8,99550.7,99414.7,99445.2,189.455
2024-12-12 19:43:00,99445.2,99544.9,99360.0,99366.8,382.403
2024-12-12 19:44:00,99366.8,99507.7,99366.8,99450.0,283.387
2024-12-12 19:45:00,99450.0,99487.5,99355.0,99457.7,168.289
2024-12-12 19:46:00,99457.7,99458.0,99342.6,99347.6,248.567
2024-12-12 19:47:00,99347.6,99440.4,99277.5,99440.4,231.298
2024-12-12 19:48:00,99440.4,99846.0,99440.4,99800.0,1406.792
2024-12-12 19:49:00,99800.0,99800.5,99556.0,99716.1,606.82
2024-12-12 19:50:00,99716.1,99936.4,99716.1,99926.7,491.51
2024-12-12 19:51:00,99926.7,100001.4,99903.6,99903.9,681.354
2024-12-12 19:52:00,99903.9,99903.9,99730.2,99761.2,615.711
2024-12-12 19:53:00,99761.2,99873.9,99760.5,99820.1,373.444
2024-12-12 19:54:00,99820.1,99820.3,99667.0,99669.7,191.945
2024-12-12 19:55:00,99669.7,99692.1,99339.9,99430.2,801.137
2024-12-12 19:56:00,99430.2,99550.2,99385.5,99405.4,581.423
2024-12-12 19:57:00,99405.4,99466.0,99393.1,99434.7,222.457
2024-12-12 19:58:00,99434.7,99483.1,99379.9,99433.8,106.656
2024-12-12 19:59:00,99433.8,99562.7,99430.1,99458.6,237.581
2024-12-12 20:00:00,99458.6,99674.4,99443.6,99650.2,210.492
2024-12-12 20:01:00,99650.2,99702.6,99600.0,99619.6,267.038
2024-12-12 20:02:00,99619.6,99726.8,99615.6,99715.9,168.654
2024-12-12 20:03:00,99715.9,99725.3,99616.2,99629.2,64.725
2024-12-12 20:04:00,99629.2,99698.9,99579.8,99657.1,62.774
2024-12-12 20:05:00,99657.1,99690.7,99610.3,99679.6,46.619
2024-12-12 20:06:00,99679.6,99793.0,99679.6,99775.9,65.392
2024-12-12 20:07:00,99775.9,99882.9,99764.5,99868.6,108.299
2024-12-12 20:08:00,99868.6,99868.6,99649.2,99652.3,293.674
2024-12-12 20:09:00,99652.3,99759.0,99646.9,99757.5,229.883
2024-12-12 20:10:00,99757.5,99776.8,99684.1,99763.5,96.843
2024-12-12 20:11:00,99763.5,99800.0,99745.4,99799.9,51.043
2024-12-12 20:12:00,99799.9,99804.0,99748.8,99803.7,60.272
2024-12-12 20:13:00,99803.7,99850.0,99700.0,99850.0,76.83
2024-12-12 20:14:00,99850.0,99923.5,99777.2,99794.4,174.316
2024-12-12 20:15:00,99794.4,99865.5,99757.3,99783.7,138.52
2024-12-12 20:16:00,99783.7,99790.3,99589.1,99619.0,98.742
2024-12-12 20:17:00,99619.0,99619.0,99514.7,99572.5,129.587
2024-12-12 20:18:00,99572.5,99643.3,99545.6,99562.4,83.56
2024-12-12 20:19:00,99562.4,99643.5,99428.6,99640.3,228.73
2024-12-12 20:20:00,99640.3,99695.5,99554.6,99661.7,474.487
2024-12-12 20:21:00,99661.7,99674.3,99507.6,99520.6,69.736
2024-12-12 20:22:00,99520.6,99520.9,99475.4,99486.0,91.939
2024-12-12 20:23:00,99486.0,99510.0,99466.0,99488.1,129.2
2024-12-12 20:24:00,99488.1,99520.7,99476.8,99510.4,84.366
2024-12-12 20:25:00,99510.4,99594.9,99480.0,99552.3,54.607
2024-12-12 20:26:00,99552.3,99618.8,99509.4,99535.1,58.924
2024-12-12 20:27:00,99535.1,99559.7,99473.2,99485.3,92.379
2024-12-12 20:28:00,99485.3,99539.8,99485.0,99539.5,44.964
2024-12-12 20:29:00,99539.5,99578.7,99515.0,99530.4,18.661
2024-12-12 20:30:00,99530.4,99689.5,99530.4,99686.3,22.437
2024-12-12 20:31:00,99686.3,99746.6,99681.7,99728.9,54.894
2024-12-12 20:32:00,99728.9,99800.0,99718.9,99791.1,70.788
2024-12-12 20:33:00,99791.1,99831.0,99771.2,99828.8,98.575
2024-12-12 20:34:00,99828.8,99867.1,99804.6,99856.9,219.104
2024-12-12 20:35:00,99856.9,99900.0,99856.9,99893.0,126.858
2024-12-12 20:36:00,99893.0,99980.5,99893.0,99973.7,116.176
2024-12-12 20:37:00,99973.7,100318.2,99967.3,100285.9,279.098
2024-12-12 20:38:00,100285.9,100339.1,100203.7,100205.4,525.105
2024-12-12 20:39:00,100205.4,100211.2,100150.0,100210.9,234.145
2024-12-12 20:40:00,100210.9,100266.5,100152.0,100266.5,130.671
2024-12-12 20:41:00,100266.5,100266.5,100095.1,100095.1,141.457
2024-12-12 20:42:00,100095.1,100178.2,100043.0,100172.4,147.765
2024-12-12 20:43:00,100172.4,100236.5,100138.7,100229.1,104.248
2024-12-12 20:44:00,100229.1,100400.0,100195.8,100205.6,974.387
2024-12-12 20:45:00,100205.6,100250.1,100153.8,100180.3,488.147
2024-12-12 20:46:00,100180.3,100214.4,100112.6,100112.9,69.779
2024-12-12 20:47:00,100112.9,100200.0,100112.9,100190.0,83.187
2024-12-12 20:48:00,100190.0,100200.0,100110.0,100116.8,165.529
2024-12-12 20:49:00,100116.8,100118.8,100049.2,100116.5,241.428
2024-12-12 20:50:00,100116.5,100154.1,100058.9,100064.9,48.193
2024-12-12 20:51:00,100064.9,100083.2,99915.8,99934.8,101.13
2024-12-12 20:52:00,99934.8,99935.1,99782.0,99782.0,167.924
2024-12-12 20:53:00,99782.0,99877.1,99763.9,99840.2,188.747
2024-12-12 20:54:00,99840.2,99883.2,99823.3,99850.1,97.439
2024-12-12 20:55:00,99850.1,99883.0,99707.6,99724.2,99.571
2024-12-12 20:56:00,99724.2,99847.9,99723.9,99828.6,129.347
2024-12-12 20:57:00,99828.6,99921.6,99807.7,99921.6,44.134
2024-12-12 20:58:00,99921.6,100030.9,99921.6,99987.7,74.677
2024-12-12 20:59:00,99987.7,100003.7,99850.0,100000.2,111.759
2024-12-12 21:00:00,100000.2,100059.0,99964.5,100003.5,72.79
2024-12-12 21:01:00,100003.5,100073.7,99950.5,100039.2,71.393
2024-12-12 21:02:00,100039.2,100071.2,100000.0,100070.0,53.395
2024-12-12 21:03:00,100070.0,100073.7,100011.5,100011.8,46.088
2024-12-12 21:04:00,100011.8,100011.8,99880.4,99899.2,33.352
2024-12-12 21:05:00,99899.2,99899.2,99798.0,99812.3,95.46
2024-12-12 21:06:00,99812.3,99925.2,99801.4,99893.7,174.961
2024-12-12 21:07:00,99893.7,99896.2,99833.0,99833.0,161.738
2024-12-12 21:08:00,99833.0,99833.1,99798.0,99813.3,52.806
2024-12-12 21:09:00,99813.3,99813.3,99752.1,99765.5,43.346
2024-12-12 21:10:00,99765.5,99774.4,99671.0,99687.8,62.259
2024-12-12 21:11:00,99687.8,99760.0,99675.8,99714.1,106.516
2024-12-12 21:12:00,99714.1,99757.6,99713.8,99732.2,50.499
2024-12-12 21:13:00,99732.2,99822.6,99729.8,99812.3,31.107
2024-12-12 21:14:00,99812.3,99812.3,99710.5,99734.4,44.789
2024-12-12 21:15:00,99734.4,99816.5,99700.0,99729.1,29.968
2024-12-12 21:16:00,99729.1,99932.0,99720.1,99930.1,34.674
2024-12-12 21:17:00,99930.1,100060.2,99929.9,100019.0,255.996
2024-12-12 21:18:00,100019.0,100066.5,99913.5,99923.4,506.863
2024-12-12 21:19:00,99923.4,99934.4,99887.5,99933.4,66.939
2024-12-12 21:20:00,99933.4,99952.8,99850.3,99952.8,36.844
2024-12-12 21:21:00,99952.8,99978.6,99886.0,99902.9,61.793
2024-12-12 21:22:00,99902.9,100015.4,99902.9,99992.5,139.854
2024-12-12 21:23:00,99992.5,99992.5,99909.3,99936.4,19.652
2024-12-12 21:24:00,99936.4,99988.2,99936.4,99953.8,18.132
2024-12-12 21:25:00,99953.8,100047.2,99953.8,100039.5,12.507
2024-12-12 21:26:00,100039.5,100048.1,100020.0,100033.4,29.492
2024-12-12 21:27:00,100033.4,100034.7,99996.3,99996.3,19.373
2024-12-12 21:28:00,99996.3,100038.9,99996.3,100038.9,15.713
2024-12-12 21:29:00,100038.9,100039.3,100010.4,100023.1,15.575
2024-12-12 21:30:00,100023.1,100023.1,99860.3,99905.3,26.818
2024-12-12 21:31:00,99905.3,100010.0,99905.3,100003.2,47.665
2024-12-12 21:32:00,100003.2,100058.8,100001.6,100050.9,56.585
2024-12-12 21:33:00,100050.9,100069.2,100030.0,100030.0,75.797
2024-12-12 21:34:00,100030.0,100030.0,99950.0,99950.3,20.731
2024-12-12 21:35:00,99950.3,100017.6,99950.0,99950.0,29.576
2024-12-12 21:36:00,99950.0,99959.6,99844.0,99867.3,81.57
2024-12-12 21:37:00,99867.3,99867.4,99802.3,99808.7,67.125
2024-12-12 21:38:00,99808.7,99823.8,99734.9,99747.1,63.522
2024-12-12 21:39:00,99747.1,99808.6,99733.3,99784.3,51.471
2024-12-12 21:40:00,99784.3,99803.0,99774.8,99775.1,41.37
2024-12-12 21:41:00,99775.1,99793.9,99734.7,99750.3,46.892
2024-12-12 21:42:00,99750.3,99771.5,99735.0,99740.4,55.093
2024-12-12 21:43:00,99740.4,99741.8,99711.2,99723.7,25.927
2024-12-12 21:44:00,99723.7,99827.7,99723.7,99815.0,68.997
2024-12-12 21:45:00,99815.0,99815.1,99750.0,99753.1,56.159
2024-12-12 21:46:00,99753.1,99759.9,99713.9,99735.2,34.018
2024-12-12 21:47:00,99735.2,99814.0,99735.2,99808.7,37.972
2024-12-12 21:48:00,99808.7,99856.2,99788.7,99856.2,27.353
2024-12-12 21:49:00,99856.2,99856.2,99723.5,99723.5,58.128
2024-12-12 21:50:00,99723.5,99773.9,99721.2,99735.2,61.912
2024-12-12 21:51:00,99735.2,99735.2,99720.0,99733.7,21.184
2024-12-12 21:52:00,99733.7,99850.2,99733.7,99846.0,25.841
2024-12-12 21:53:00,99846.0,99910.2,99846.0,99903.4,49.16
2024-12-12 21:54:00,99903.4,99916.6,99815.0,99823.7,39.891
2024-12-12 21:55:00,99823.7,99839.6,99790.0,99790.0,26.646
2024-12-12 21:56:00,99790.0,99790.0,99760.8,99763.7,41.76
2024-12-12 21:57:00,99763.7,99803.5,99756.3,99780.7,41.002
2024-12-12 21:58:00,99780.7,99822.6,99773.7,99783.7,14.578
2024-12-12 21:59:00,99783.7,99784.0,99727.9,99727.9,17.307
2024-12-12 22:00:00,99727.9,99745.4,99723.7,99732.8,33.058
2024-12-12 22:01:00,99732.8,99773.6,99723.0,99773.6,25.214
2024-12-12 22:02:00,99773.6,99779.9,99723.8,99741.0,30.048
2024-12-12 22:03:00,99741.0,99751.2,99689.0,99724.0,29.444
2024-12-12 22:04:00,99724.0,99800.2,99724.0,99748.3,52.033
2024-12-12 22:05:00,99748.3,99790.0,99719.1,99719.1,51.191
2024-12-12 22:06:00,99719.1,99829.7,99719.1,99829.2,33.005
2024-12-12 22:07:00,99829.2,99888.2,99809.6,99868.5,62.093
2024-12-12 22:08:00,99868.5,99887.7,99700.0,99700.0,61.876
2024-12-12 22:09:00,99700.0,99731.6,99664.0,99664.0,83.699
2024-12-12 22:10:00,99664.0,99677.7,99617.1,99617.8,103.181
2024-12-12 22:11:00,99617.8,99640.3,99600.0,99609.1,124.756
2024-12-12 22:12:00,99609.1,99635.1,99555.0,99555.0,166.933
2024-12-12 22:13:00,99555.0,99555.6,99537.0,99537.0,53.299
2024-12-12 22:14:00,99537.0,99603.5,99520.0,99603.5,77.335
2024-12-12 22:15:00,99603.5,99603.5,99508.9,99520.5,151.097
2024-12-12 22:16:00,99520.5,99560.1,99502.6,99560.1,72.128
2024-12-12 22:17:00,99560.1,99600.2,99524.0,99524.3,72.858
2024-12-12 22:18:00,99524.3,99524.3,99485.0,99516.7,68.449
2024-12-12 22:19:00,99516.7,99569.8,99502.5,99569.3,57.038
2024-12-12 22:20:00,99569.3,99613.7,99569.3,99583.1,48.512
2024-12-12 22:21:00,99583.1,99760.6,99582.8,99760.6,68.168
2024-12-12 22:22:00,99760.6,99780.3,99760.6,99780.0,129.381
2024-12-12 22:23:00,99780.0,99888.2,99779.9,99822.5,66.836
2024-12-12 22:24:00,99822.5,99888.2,99728.8,99888.0,82.033
2024-12-12 22:25:00,99888.0,99969.2,99887.9,99968.9,72.609
2024-12-12 22:26:00,99968.9,100031.5,99963.4,99963.4,127.728
2024-12-12 22:27:00,99963.4,100068.6,99963.4,100068.3,116.27
2024-12-12 22:28:00,100068.3,100107.3,99983.4,100022.5,64.542
2024-12-12 22:29:00,100022.5,100040.7,99885.6,99909.6,119.735
2024-12-12 22:30:00,99909.6,100025.7,99909.5,100002.4,62.509
2024-12-12 22:31:00,100002.4,100004.9,99889.6,99985.5,52.772
2024-12-12 22:32:00,99985.5,100033.7,99980.3,100028.3,76.316
2024-12-12 22:33:00,100028.3,100088.8,99994.2,99994.2,49.907
2024-12-12 22:34:00,99994.2,100104.2,99994.2,100103.9,47.53
2024-12-12 22:35:00,100103.9,100103.9,99980.2,100016.4,43.076
2024-12-12 22:36:00,100016.4,100016.4,99952.6,99999.9,27.219
2024-12-12 22:37:00,99999.9,99999.9,99910.0,99989.3,27.98
2024-12-12 22:38:00,99989.3,100110.0,99989.0,100101.2,31.545
2024-12-12 22:39:00,100101.2,100265.8,100101.2,100220.3,67.904
2024-12-12 22:40:00,100220.3,100300.4,100160.0,100290.2,166.212
2024-12-12 22:41:00,100290.2,100298.9,100275.7,100281.2,90.227
2024-12-12 22:42:00,100281.2,100281.5,100218.2,100230.1,48.137
2024-12-12 22:43:00,100230.1,100300.2,100230.0,100299.9,95.155
2024-12-12 22:44:00,100299.9,100432.2,100286.9,100380.0,983.941
2024-12-12 22:45:00,100380.0,100380.0,100300.0,100300.0,484.587
2024-12-12 22:46:00,100300.0,100334.7,100270.8,100334.2,44.688
2024-12-12 22:47:00,100334.2,100334.3,100268.7,100271.0,98.298
2024-12-12 22:48:00,100271.0,100373.0,100269.8,100373.0,127.662
2024-12-12 22:49:00,100373.0,100380.0,100316.6,100316.6,140.305
2024-12-12 22:50:00,100316.6,100316.6,100190.0,100241.3,121.143
2024-12-12 22:51:00,100241.3,100278.3,100241.2,100278.0,79.337
2024-12-12 22:52:00,100278.0,100325.6,100278.0,100325.6,44.257
2024-12-12 22:53:00,100325.6,100350.0,100290.0,100290.0,35.556
2024-12-12 22:54:00,100290.0,100340.0,100268.2,100339.8,20.896
2024-12-12 22:55:00,100339.8,100339.8,100207.3,100222.0,33.646
2024-12-12 22:56:00,100222.0,100233.1,100196.2,100233.0,19.298
2024-12-12 22:57:00,100233.0,100406.3,100233.0,100406.3,688.852
2024-12-12 22:58:00,100406.3,100440.3,100339.0,100339.3,608.415
2024-12-12 22:59:00,100339.3,100438.0,100339.3,100419.5,369.351
2024-12-12 23:00:00,100419.5,100453.9,100313.0,100316.0,94.004
2024-12-12 23:01:00,100316.0,100338.0,100294.1,100330.0,128.338
2024-12-12 23:02:00,100330.0,100404.1,100329.1,100384.4,64.39
2024-12-12 23:03:00,100384.4,100399.1,100278.1,100278.1,50.992
2024-12-12 23:04:00,100278.1,100300.0,100220.5,100249.2,124.74
2024-12-12 23:05:00,100249.2,100313.6,100248.6,100298.8,264.686
2024-12-12 23:06:00,100298.8,100372.1,100288.8,100372.1,28.421
2024-12-12 23:07:00,100372.1,100372.1,100340.0,100340.1,36.328
2024-12-12 23:08:00,100340.1,100372.1,100274.0,100350.3,28.803
2024-12-12 23:09:00,100350.3,100350.3,100260.5,100278.1,24.023
2024-12-12 23:10:00,100278.1,100340.3,100278.1,100333.2,21.983
2024-12-12 23:11:00,100333.2,100343.3,100310.1,100340.0,7.652
2024-12-12 23:12:00,100340.0,100340.0,100278.1,100284.0,13.062
2024-12-12 23:13:00,100284.0,100315.6,100259.2,100264.7,19.72
2024-12-12 23:14:00,100264.7,100267.4,100228.7,100229.0,17.56
2024-12-12 23:15:00,100229.0,100243.3,100195.2,100215.2,30.542
2024-12-12 23:16:00,100215.2,100242.9,100194.6,100242.9,91.579
2024-12-12 23:17:00,100242.9,100243.2,100201.5,100201.5,193.918
2024-12-12 23:18:00,100201.5,100213.5,100150.0,100150.0,75.293
2024-12-12 23:19:00,100150.0,100150.3,99983.7,100039.7,294.378
2024-12-12 23:20:00,100039.7,100039.8,99952.6,99975.3,527.768
2024-12-12 23:21:00,99975.3,99986.5,99943.4,99957.5,129.929
2024-12-12 23:22:00,99957.5,99957.5,99888.7,99888.8,82.396
2024-12-12 23:23:00,99888.8,99923.6,99880.0,99887.4,100.108
2024-12-12 23:24:00,99887.4,99897.0,99876.0,99893.6,56.882
2024-12-12 23:25:00,99893.6,100010.9,99893.3,100009.4,65.664
2024-12-12 23:26:00,100009.4,100020.2,99979.4,99990.9,163.384
2024-12-12 23:27:00,99990.9,100017.0,99970.0,100008.5,88.137
2024-12-12 23:28:00,100008.5,100063.0,100008.5,100062.4,46.633
2024-12-12 23:29:00,100062.4,100065.2,100038.5,100064.9,36.643
2024-12-12 23:30:00,100064.9,100085.3,100003.3,100038.4,38.699
2024-12-12 23:31:00,100038.4,100092.9,100038.4,100092.9,89.178
2024-12-12 23:32:00,100092.9,100092.9,100073.4,100074.4,51.495
2024-12-12 23:33:00,100074.4,100130.0,100074.3,100119.9,56.539
2024-12-12 23:34:00,100119.9,100138.4,100119.1,100119.2,98.66
2024-12-12 23:35:00,100119.2,100145.3,100119.2,100125.0,28.406
2024-12-12 23:36:00,100125.0,100143.5,100119.1,100119.3,27.88
2024-12-12 23:37:00,100119.3,100119.5,100099.0,100099.1,21.401
2024-12-12 23:38:00,100099.1,100113.9,100054.4,100067.5,56.65
2024-12-12 23:39:00,100067.5,100067.5,100013.5,100018.6,43.544
2024-12-12 23:40:00,100018.6,100058.5,100018.6,100040.0,8.072
2024-12-12 23:41:00,100040.0,100058.6,100040.0,100046.1,8.489
2024-12-12 23:42:00,100046.1,100046.2,100046.0,100046.1,11.409
2024-12-12 23:43:00,100046.1,100046.2,100046.1,100046.1,13.121
2024-12-12 23:44:00,100046.1,100046.2,100025.5,100025.7,12.709
2024-12-12 23:45:00,100025.7,100083.0,100000.2,100083.0,24.132
2024-12-12 23:46:00,100083.0,100085.4,100050.0,100063.5,23.073
2024-12-12 23:47:00,100063.5,100065.3,100050.2,100060.1,23.851
2024-12-12 23:48:00,100060.1,100067.5,100020.0,100020.0,9.573
2024-12-12 23:49:00,100020.0,100020.0,99967.3,99973.4,23.492
2024-12-12 23:50:00,99973.4,99988.3,99970.0,99978.1,61.708
2024-12-12 23:51:00,99978.1,100010.4,99970.0,99995.7,28.223
2024-12-12 23:52:00,99995.7,100004.8,99990.0,99995.2,55.061
2024-12-12 23:53:00,99995.2,100005.7,99989.7,100004.6,17.488
2024-12-12 23:54:00,100004.6,100023.7,100000.0,100023.7,34.619
2024-12-12 23:55:00,100023.7,100023.7,99988.5,100003.9,8.747
2024-12-12 23:56:00,100003.9,100013.6,100003.4,100013.6,17.538
2024-12-12 23:57:00,100013.6,100013.6,99998.4,99998.5,12.399
2024-12-12 23:58:00,99998.5,99998.6,99994.9,99997.7,8.519
2024-12-12 23:59:00,99997.7,99997.7,99982.3,99982.6,6.261
2024-12-13 00:00:00,99982.6,100005.1,99935.3,99938.8,20.064
2024-12-13 00:01:00,99938.8,99963.3,99923.7,99950.0,56.275
2024-12-13 00:02:00,99950.0,99973.9,99928.9,99973.9,59.328
2024-12-13 00:03:00,99973.9,100084.3,99973.6,100084.3,48.038
2024-12-13 00:04:00,100084.3,100094.6,100078.4,100078.8,54.283
2024-12-13 00:05:00,100078.8,100092.6,99986.9,100092.6,50.47
2024-12-13 00:06:00,100092.6,100148.1,100092.6,100148.1,69.808
2024-12-13 00:07:00,100148.1,100157.4,100113.5,100156.7,83.111
2024-12-13 00:08:00,100156.7,100242.6,100156.7,100180.0,99.559
2024-12-13 00:09:00,100180.0,100180.0,100112.4,100152.5,144.249
2024-12-13 00:10:00,100152.5,100157.0,100123.0,100133.7,75.759
2024-12-13 00:11:00,100133.7,100133.7,100074.6,100079.0,76.116
2024-12-13 00:12:00,100079.0,100079.0,99980.8,99986.4,66.672
2024-12-13 00:13:00,99986.4,99986.7,99910.4,99913.5,65.57
2024-12-13 00:14:00,99913.5,99993.9,99913.5,99993.9,85.836
2024-12-13 00:15:00,99993.9,100003.0,99993.8,99993.8,61.706
2024-12-13 00:16:00,99993.8,100103.6,99993.8,100103.5,14.371
2024-12-13 00:17:00,100103.5,100136.1,100091.7,100108.8,48.262
2024-12-13 00:18:00,100108.8,100154.0,100108.7,100143.8,77.907
2024-12-13 00:19:00,100143.8,100226.2,100134.9,100225.0,38.065
2024-12-13 00:20:00,100225.0,100228.6,100213.8,100222.0,42.791
2024-12-13 00:21:00,100222.0,100278.3,100222.0,100269.0,55.938
2024-12-13 00:22:00,100269.0,100294.3,100244.1,100244.1,111.777
2024-12-13 00:23:00,100244.1,100244.1,100213.0,100213.2,86.934
2024-12-13 00:24:00,100213.2,100278.3,100213.2,100267.1,44.636
2024-12-13 00:25:00,100267.1,100285.9,100233.6,100285.9,22.518
2024-12-13 00:26:00,100285.9,100300.0,100273.7,100282.4,32.022
2024-12-13 00:27:00,100282.4,100300.0,100254.4,100258.7,32.3
2024-12-13 00:28:00,100258.7,100258.7,100219.0,100228.6,15.561
2024-12-13 00:29:00,100228.6,100231.5,100213.0,100213.0,13.06
2024-12-13 00:30:00,100213.0,100225.0,100179.3,100185.8,15.561
2024-12-13 00:31:00,100185.8,100188.6,100170.6,100185.5,25.807
2024-12-13 00:32:00,100185.5,100203.9,100185.4,100188.5,20.848
2024-12-13 00:33:00,100188.5,100236.8,100188.5,100219.1,10.953
2024-12-13 00:34:00,100219.1,100280.8,100219.1,100277.9,38.706
2024-12-13 00:35:00,100277.9,100278.3,100231.1,100241.1,61.228
2024-12-13 00:36:00,100241.1,100241.4,100187.4,100206.9,26.709
2024-12-13 00:37:00,100206.9,100241.4,100206.9,100229.5,14.287
2024-12-13 00:38:00,100229.5,100229.5,100194.8,100213.5,15.74
2024-12-13 00:39:00,100213.5,100231.2,100213.5,100229.7,24.326
2024-12-13 00:40:00,100229.7,100283.0,100229.7,100283.0,6.44
2024-12-13 00:41:00,100283.0,100292.6,100282.9,100292.1,9.465
2024-12-13 00:42:00,100292.1,100295.6,100268.8,100279.1,26.442
2024-12-13 00:43:00,100279.1,100292.6,100278.6,100292.4,28.303
2024-12-13 00:44:00,100292.4,100300.0,100273.8,100273.8,31.265
2024-12-13 00:45:00,100273.8,100333.2,100273.8,100298.7,39.623
2024-12-13 00:46:00,100298.7,100306.9,100201.5,100212.0,42.267
2024-12-13 00:47:00,100212.0,100212.0,100138.4,100182.2,83.33
2024-12-13 00:48:00,100182.2,100184.0,100172.9,100180.2,56.97
2024-12-13 00:49:00,100180.2,100180.2,100093.0,100098.3,17.572
2024-12-13 00:50:00,100098.3,100109.8,100066.1,100069.1,35.037
2024-12-13 00:51:00,100069.1,100080.2,100066.1,100066.2,43.334
2024-12-13 00:52:00,100066.2,100121.7,100013.7,100082.6,91.083
2024-12-13 00:53:00,100082.6,100175.4,100082.6,100175.1,241.278
2024-12-13 00:54:00,100175.1,100193.7,100155.0,100164.9,156.91
2024-12-13 00:55:00,100164.9,100166.6,100124.8,100125.1,125.967
2024-12-13 00:56:00,100125.1,100138.4,100067.0,100067.0,31.537
2024-12-13 00:57:00,100067.0,100067.3,100031.8,100055.8,27.742
2024-12-13 00:58:00,100055.8,100064.1,100050.0,100050.0,23.473
2024-12-13 00:59:00,100050.0,100070.5,100050.0,100060.0,21.697
2024-12-13 01:00:00,100060.0,100078.6,100007.4,100007.5,40.062
2024-12-13 01:01:00,100007.5,100045.5,99963.5,99976.1,68.854
2024-12-13 01:02:00,99976.1,99990.1,99970.6,99970.7,172.208
2024-12-13 01:03:00,99970.7,99972.3,99914.4,99916.6,79.372
2024-12-13 01:04:00,99916.6,99950.2,99916.6,99916.6,49.609
2024-12-13 01:05:00,99916.6,100030.2,99906.6,100030.2,68.062
2024-12-13 01:06:00,100030.2,100094.8,100020.9,100064.0,102.219
2024-12-13 01:07:00,100064.0,100118.6,99993.9,99993.9,38.71
2024-12-13 01:08:00,99993.9,99993.9,99924.0,99933.3,50.5
2024-12-13 01:09:00,99933.3,99933.6,99910.0,99919.9,39.529
2024-12-13 01:10:00,99919.9,99980.7,99919.9,99950.7,25.189
2024-12-13 01:11:00,99950.7,100016.3,99950.7,100015.9,29.707
2024-12-13 01:12:00,100015.9,100100.2,100015.9,100099.9,51.415
2024-12-13 01:13:00,100099.9,100100.2,100057.7,100069.7,132.081
2024-12-13 01:14:00,100069.7,100070.2,100008.6,100010.5,10.876
2024-12-13 01:15:00,100010.5,100017.6,99962.4,99970.0,23.691
2024-12-13 01:16:00,99970.0,99970.0,99798.4,99808.8,69.789
2024-12-13 01:17:00,99808.8,99891.3,99808.8,99846.0,214.622
2024-12-13 01:18:00,99846.0,99852.0,99831.9,99831.9,93.186
2024-12-13 01:19:00,99831.9,99835.0,99777.0,99784.2,56.47
2024-12-13 01:20:00,99784.2,99816.2,99748.7,99750.0,123.73
2024-12-13 01:21:00,99750.0,99758.8,99665.0,99665.0,250.824
2024-12-13 01:22:00,99665.0,99691.0,99650.1,99651.7,465.828
2024-12-13 01:23:00,99651.7,99695.2,99650.4,99650.5,174.662
2024-12-13 01:24:00,99650.5,99651.2,99627.2,99651.2,107.641
2024-12-13 01:25:00,99651.2,99687.4,99589.1,99589.1,94.44
2024-12-13 01:26:00,99589.1,99640.2,99589.1,99640.2,185.538
2024-12-13 01:27:00,99640.2,99695.2,99640.1,99657.8,380.117
2024-12-13 01:28:00,99657.8,99685.8,99583.1,99583.2,116.699
2024-12-13 01:29:00,99583.2,99583.4,99545.3,99545.3,60.351
2024-12-13 01:30:00,99545.3,99600.2,99544.7,99589.5,60.192
2024-12-13 01:31:00,99589.5,99598.5,99560.7,99584.5,48.514
2024-12-13 01:32:00,99584.5,99584.5,99584.2,99584.5,48.555
2024-12-13 01:33:00,99584.5,99630.2,99584.3,99630.2,58.346
2024-12-13 01:34:00,99630.2,99630.2,99562.1,99606.2,112.9
2024-12-13 01:35:00,99606.2,99699.9,99606.2,99629.1,76.446
2024-12-13 01:36:00,99629.1,99645.9,99569.3,99595.8,69.639
2024-12-13 01:37:00,99595.8,99597.2,99562.1,99562.1,35.717
2024-12-13 01:38:00,99562.1,99562.4,99474.6,99476.0,68.182
2024-12-13 01:39:00,99476.0,99493.7,99469.6,99475.2,156.98
2024-12-13 01:40:00,99475.2,99498.1,99473.6,99483.5,86.371
2024-12-13 01:41:00,99483.5,99498.7,99483.3,99490.6,36.769
2024-12-13 01:42:00,99490.6,99497.2,99490.6,99492.1,13.132
2024-12-13 01:43:00,99492.1,99500.2,99492.0,99500.0,56.984
2024-12-13 01:44:00,99500.0,99522.1,99499.0,99499.2,55.664
2024-12-13 01:45:00,99499.2,99516.1,99491.0,99500.1,27.296
2024-12-13 01:46:00,99500.1,99555.0,99500.1,99531.2,27.023
2024-12-13 01:47:00,99531.2,99600.2,99518.0,99518.1,49.35
2024-12-13 01:48:00,99518.1,99518.2,99462.5,99462.5,73.678
2024-12-13 01:49:00,99462.5,99462.5,99426.4,99426.6,88.063
2024-12-13 01:50:00,99426.6,99426.6,99286.0,99311.2,170.894
2024-12-13 01:51:00,99311.2,99325.2,99165.4,99177.1,506.838
2024-12-13 01:52:00,99177.1,99228.2,99176.9,99180.7,546.612
2024-12-13 01:53:00,99180.7,99289.8,99180.4,99288.1,160.825
2024-12-13 01:54:00,99288.1,99407.0,99288.1,99391.8,168.533
2024-12-13 01:55:00,99391.8,99397.2,99379.4,99397.2,101.543
2024-12-13 01:56:00,99397.2,99412.0,99353.9,99362.9,106.748
2024-12-13 01:57:00,99362.9,99372.8,99267.9,99343.6,119.362
2024-12-13 01:58:00,99343.6,99355.3,99283.7,99284.0,145.673
2024-12-13 01:59:00,99284.0,99296.0,99281.0,99290.3,99.405
2024-12-13 02:00:00,99290.3,99312.1,99270.5,99270.6,157.187
2024-12-13 02:01:00,99270.6,99360.2,99270.5,99360.2,154.537
2024-12-13 02:02:00,99360.2,99420.3,99360.2,99420.0,73.993
2024-12-13 02:03:00,99420.0,99420.0,99350.0,99360.8,113.091
2024-12-13 02:04:00,99360.8,99453.9,99359.9,99447.3,100.26
2024-12-13 02:05:00,99447.3,99449.0,99338.0,99360.7,109.517
2024-12-13 02:06:00,99360.7,99410.3,99360.7,99410.3,85.961
2024-12-13 02:07:00,99410.3,99425.2,99410.0,99425.2,46.059
2024-12-13 02:08:00,99425.2,99433.2,99381.1,99432.9,40.96
2024-12-13 02:09:00,99432.9,99433.2,99401.6,99420.3,62.484
2024-12-13 02:10:00,99420.3,99420.3,99260.3,99260.6,91.412
2024-12-13 02:11:00,99260.6,99260.6,99206.1,99256.4,206.566
2024-12-13 02:12:00,99256.4,99334.5,99250.0,99261.2,129.682
2024-12-13 02:13:00,99261.2,99311.9,99261.0,99311.8,75.338
2024-12-13 02:14:00,99311.8,99342.5,99288.6,99305.6,82.005
2024-12-13 02:15:00,99305.6,99327.4,99263.1,99263.2,65.678
2024-12-13 02:16:00,99263.2,99363.8,99263.0,99335.8,23.774
2024-12-13 02:17:00,99335.8,99354.3,99310.6,99327.4,39.34
2024-12-13 02:18:00,99327.4,99354.3,99320.0,99320.4,28.932
2024-12-13 02:19:00,99320.4,99367.1,99320.0,99330.2,20.525
2024-12-13 02:20:00,99330.2,99336.2,99280.0,99280.2,23.789
2024-12-13 02:21:00,99280.2,99303.2,99255.4,99256.3,25.768
2024-12-13 02:22:00,99256.3,99362.3,99255.8,99362.3,19.229
2024-12-13 02:23:00,99362.3,99396.2,99340.7,99360.2,29.824
2024-12-13 02:24:00,99360.2,99410.2,99360.2,99410.2,61.333
2024-12-13 02:25:00,99410.2,99410.2,99360.0,99372.2,54.919
2024-12-13 02:26:00,99372.2,99391.0,99316.5,99316.5,15.669
2024-12-13 02:27:00,99316.5,99349.0,99301.7,99316.0,24.62
2024-12-13 02:28:00,99316.0,99335.7,99280.8,99335.5,25.718
2024-12-13 02:29:00,99335.5,99335.6,99320.1,99321.7,20.694
2024-12-13 02:30:00,99321.7,99339.9,99251.1,99251.2,19.636
2024-12-13 02:31:00,99251.2,99291.7,99196.9,99197.2,29.343
2024-12-13 02:32:00,99197.2,99261.7,99165.0,99221.1,77.204
2024-12-13 02:33:00,99221.1,99221.1,99165.0,99171.9,133.776
2024-12-13 02:34:00,99171.9,99266.4,99168.5,99266.4,111.854
2024-12-13 02:35:00,99266.4,99391.1,99266.1,99391.1,179.503
2024-12-13 02:36:00,99391.1,99518.5,99381.9,99508.1,93.836
2024-12-13 02:37:00,99508.1,99571.9,99476.5,99571.9,226.127
2024-12-13 02:38:00,99571.9,99611.0,99542.7,99578.6,213.253
2024-12-13 02:39:00,99578.6,99644.4,99542.2,99542.5,220.2
2024-12-13 02:40:00,99542.5,99542.5,99450.0,99456.8,191.192
2024-12-13 02:41:00,99456.8,99499.6,99456.6,99485.5,152.809
2024-12-13 02:42:00,99485.5,99573.4,99485.5,99526.9,70.846
2024-12-13 02:43:00,99526.9,99600.2,99526.6,99569.5,76.205
2024-12-13 02:44:00,99569.5,99589.3,99550.9,99578.8,53.137
2024-12-13 02:45:00,99578.8,99578.8,99485.8,99520.0,55.879
2024-12-13 02:46:00,99520.0,99520.0,99485.0,99487.0,69.687
2024-12-13 02:47:00,99487.0,99576.6,99485.8,99552.4,49.449
2024-12-13 02:48:00,99552.4,99600.0,99497.0,99582.3,89.777
2024-12-13 02:49:00,99582.3,99582.3,99455.0,99455.0,25.41
2024-12-13 02:50:00,99455.0,99518.6,99455.0,99455.2,41.208
2024-12-13 02:51:00,99455.2,99459.4,99408.3,99419.4,73.223
2024-12-13 02:52:00,99419.4,99436.8,99400.0,99436.4,76.051
2024-12-13 02:53:00,99436.4,99437.6,99413.9,99420.1,43.953
2024-12-13 02:54:00,99420.1,99420.2,99370.1,99370.1,44.709
2024-12-13 02:55:00,99370.1,99417.8,99335.9,99391.8,46.805
2024-12-13 02:56:00,99391.8,99391.8,99349.7,99350.3,55.914
2024-12-13 02:57:00,99350.3,99418.9,99335.1,99418.9,20.381
2024-12-13 02:58:00,99418.9,99445.0,99370.0,99405.5,25.748
2024-12-13 02:59:00,99405.5,99456.8,99405.1,99445.2,39.887
2024-12-13 03:00:00,99445.2,99548.7,99445.2,99533.4,39.078
2024-12-13 03:01:00,99533.4,99600.0,99504.5,99600.0,68.504
2024-12-13 03:02:00,99600.0,99644.1,99597.3,99614.0,54.597
2024-12-13 03:03:00,99614.0,99650.2,99614.0,99646.6,99.258
2024-12-13 03:04:00,99646.6,99648.3,99619.9,99631.9,145.414
2024-12-13 03:05:00,99631.9,99650.3,99614.2,99620.0,45.473
2024-12-13 03:06:00,99620.0,99661.0,99619.9,99660.9,43.504
2024-12-13 03:07:00,99660.9,99708.9,99660.9,99704.0,34.776
2024-12-13 03:08:00,99704.0,99715.5,99655.8,99687.1,71.939
2024-12-13 03:09:00,99687.1,99687.9,99655.5,99656.2,71.916
2024-12-13 03:10:00,99656.2,99656.2,99609.1,99644.9,57.703
2024-12-13 03:11:00,99644.9,99713.7,99644.9,99701.7,42.347
2024-12-13 03:12:00,99701.7,99713.9,99689.1,99690.0,36.851
2024-12-13 03:13:00,99690.0,99690.0,99634.5,99647.0,45.816
2024-12-13 03:14:00,99647.0,99647.0,99579.8,99600.4,40.674
2024-12-13 03:15:00,99600.4,99614.3,99586.3,99587.0,19.637
2024-12-13 03:16:00,99587.0,99639.2,99586.9,99636.9,29.202
2024-12-13 03:17:00,99636.9,99650.0,99636.9,99649.9,18.13
2024-12-13 03:18:00,99649.9,99689.0,99649.9,99668.9,11.593
2024-12-13 03:19:00,99668.9,99689.0,99659.2,99659.2,24.829
2024-12-13 03:20:00,99659.2,99663.6,99562.1,99566.0,18.231
2024-12-13 03:21:00,99566.0,99588.7,99550.0,99550.5,26.915
2024-12-13 03:22:00,99550.5,99633.9,99550.2,99600.0,32.732
2024-12-13 03:23:00,99600.0,99629.6,99579.3,99600.2,30.759
2024-12-13 03:24:00,99600.2,99600.2,99554.3,99559.2,32.287
2024-12-13 03:25:00,99559.2,99579.4,99540.0,99575.0,14.326
2024-12-13 03:26:00,99575.0,99620.2,99555.0,99620.2,14.993
2024-12-13 03:27:00,99620.2,99625.1,99589.4,99589.4,17.083
2024-12-13 03:28:00,99589.4,99619.2,99589.4,99593.4,23.231
2024-12-13 03:29:00,99593.4,99593.4,99540.0,99549.5,13.037
2024-12-13 03:30:00,99549.5,99580.7,99544.3,99544.7,13.54
2024-12-13 03:31:00,99544.7,99597.9,99544.7,99578.6,9.458
2024-12-13 03:32:00,99578.6,99578.7,99560.0,99574.6,6.634
2024-12-13 03:33:00,99574.6,99584.4,99564.2,99569.9,14.44
2024-12-13 03:34:00,99569.9,99592.0,99569.9,99577.2,16.625
2024-12-13 03:35:00,99577.2,99600.0,99576.9,99599.9,29.021
2024-12-13 03:36:00,99599.9,99606.6,99599.9,99600.1,29.14
2024-12-13 03:37:00,99600.1,99641.1,99600.0,99640.8,13.927
2024-12-13 03:38:00,99640.8,99674.0,99640.8,99674.0,35.559
2024-12-13 03:39:00,99674.0,99695.1,99657.5,99685.4,37.32
2024-12-13 03:40:00,99685.4,99686.5,99657.5,99686.2,13.332
2024-12-13 03:41:00,99686.2,99700.0,99685.5,99698.8,11.664
2024-12-13 03:42:00,99698.8,99727.6,99664.6,99679.0,44.224
2024-12-13 03:43:00,99679.0,99699.0,99631.6,99654.9,86.425
2024-12-13 03:44:00,99654.9,99676.8,99638.9,99667.7,20.464
2024-12-13 03:45:00,99667.7,99667.8,99582.8,99593.7,19.458
2024-12-13 03:46:00,99593.7,99649.9,99593.7,99649.9,19.865
2024-12-13 03:47:00,99649.9,99700.0,99649.9,99700.0,25.24
2024-12-13 03:48:00,99700.0,99731.7,99699.9,99731.3,30.609
2024-12-13 03:49:00,99731.3,99758.7,99730.3,99743.6,41.977
2024-12-13 03:50:00,99743.6,99746.0,99719.4,99719.4,56.057
2024-12-13 03:51:00,99719.4,99740.5,99700.0,99703.8,30.28
2024-12-13 03:52:00,99703.8,99740.0,99703.8,99739.9,46.342
2024-12-13 03:53:00,99739.9,99742.7,99726.7,99742.4,16.209
2024-12-13 03:54:00,99742.4,99760.0,99741.2,99746.7,21.209
2024-12-13 03:55:00,99746.7,99746.7,99702.3,99743.2,14.972
2024-12-13 03:56:00,99743.2,99743.3,99701.0,99701.0,25.073
2024-12-13 03:57:00,99701.0,99710.0,99677.5,99689.0,29.906
2024-12-13 03:58:00,99689.0,99692.1,99679.1,99679.3,38.193
2024-12-13 03:59:00,99679.3,99694.4,99677.7,99690.8,27.802
2024-12-13 04:00:00,99690.8,99710.0,99690.5,99697.9,21.771
2024-12-13 04:01:00,99697.9,99717.1,99691.9,99717.0,15.372
2024-12-13 04:02:00,99717.0,99717.1,99655.2,99655.5,31.563
2024-12-13 04:03:00,99655.5,99663.9,99655.2,99663.5,17.171
2024-12-13 04:04:00,99663.5,99685.0,99663.5,99684.8,10.524
2024-12-13 04:05:00,99684.8,99684.8,99615.0,99615.0,15.033
2024-12-13 04:06:00,99615.0,99643.8,99615.0,99633.8,31.796
2024-12-13 04:07:00,99633.8,99703.4,99633.8,99683.7,28.92
2024-12-13 04:08:00,99683.7,99698.1,99669.9,99688.7,17.728
2024-12-13 04:09:00,99688.7,99724.7,99666.8,99721.4,150.657
2024-12-13 04:10:00,99721.4,99755.5,99721.2,99750.7,423.468
2024-12-13 04:11:00,99750.7,99764.3,99746.0,99764.0,28.416
2024-12-13 04:12:00,99764.0,99797.5,99764.0,99789.4,46.739
2024-12-13 04:13:00,99789.4,99796.1,99789.1,99789.4,85.072
2024-12-13 04:14:00,99789.4,99789.4,99772.5,99774.1,26.336
2024-12-13 04:15:00,99774.1,99781.8,99730.6,99748.6,153.017
2024-12-13 04:16:00,99748.6,99756.9,99725.8,99725.8,276.419
2024-12-13 04:17:00,99725.8,99751.2,99725.8,99751.1,16.116
2024-12-13 04:18:00,99751.1,99765.4,99721.6,99722.0,31.236
2024-12-13 04:19:00,99722.0,99722.0,99682.4,99682.4,44.372
2024-12-13 04:20:00,99682.4,99682.4,99666.0,99673.9,16.707
2024-12-13 04:21:00,99673.9,99729.0,99673.9,99728.6,10.988
2024-12-13 04:22:00,99728.6,99728.7,99715.9,99715.9,6.409
2024-12-13 04:23:00,99715.9,99716.0,99677.0,99711.2,7.385
2024-12-13 04:24:00,99711.2,99750.1,99711.2,99746.4,24.031
2024-12-13 04:25:00,99746.4,99782.0,99746.1,99782.0,18.069
2024-12-13 04:26:00,99782.0,99784.9,99775.6,99783.7,10.43
2024-12-13 04:27:00,99783.7,99811.8,99773.9,99789.5,15.614
2024-12-13 04:28:00,99789.5,99818.2,99789.5,99817.6,35.361
2024-12-13 04:29:00,99817.6,99830.0,99817.3,99823.5,56.193
2024-12-13 04:30:00,99823.5,99829.7,99776.5,99789.0,98.772
2024-12-13 04:31:00,99789.0,99828.0,99789.0,99813.8,195.75
2024-12-13 04:32:00,99813.8,99827.0,99813.8,99827.0,13.037
2024-12-13 04:33:00,99827.0,99830.1,99764.6,99829.0,36.972
2024-12-13 04:34:00,99829.0,99859.8,99828.7,99859.8,87.088
2024-12-13 04:35:00,99859.8,99876.0,99859.7,99876.0,98.129
2024-12-13 04:36:00,99876.0,99950.0,99875.9,99950.0,69.395
2024-12-13 04:37:00,99950.0,99971.2,99929.8,99939.3,132.148
2024-12-13 04:38:00,99939.3,99949.6,99900.0,99926.7,119.002
2024-12-13 04:39:00,99926.7,99926.7,99900.0,99905.0,29.302
2024-12-13 04:40:00,99905.0,99905.3,99865.2,99870.2,37.423
2024-12-13 04:41:00,99870.2,99918.1,99870.0,99917.7,29.067
2024-12-13 04:42:00,99917.7,99938.0,99908.3,99926.6,24.823
2024-12-13 04:43:00,99926.6,99926.6,99876.9,99877.2,42.289
2024-12-13 04:44:00,99877.2,99877.2,99865.5,99867.6,39.212
2024-12-13 04:45:00,99867.6,99898.2,99840.0,99840.0,14.345
2024-12-13 04:46:00,99840.0,99867.1,99822.4,99867.1,17.584
2024-12-13 04:47:00,99867.1,99924.0,99866.8,99918.2,26.74
2024-12-13 04:48:00,99918.2,99923.5,99912.0,99920.8,23.38
2024-12-13 04:49:00,99920.8,100016.8,99920.8,100009.6,79.516
2024-12-13 04:50:00,100009.6,100030.3,99944.6,99944.6,230.949
2024-12-13 04:51:00,99944.6,99949.2,99930.0,99936.3,134.555
2024-12-13 04:52:00,99936.3,100024.2,99936.3,100023.9,34.721
2024-12-13 04:53:00,100023.9,100024.2,100005.6,100008.0,82.053
2024-12-13 04:54:00,100008.0,100008.3,99979.6,100005.5,85.201
2024-12-13 04:55:00,100005.5,100008.2,99952.6,99952.6,53.762
2024-12-13 04:56:00,99952.6,99952.7,99941.1,99941.1,21.877
2024-12-13 04:57:00,99941.1,99980.0,99941.1,99979.9,18.991
2024-12-13 04:58:00,99979.9,99985.0,99958.9,99964.9,14.87
2024-12-13 04:59:00,99964.9,99974.1,99956.1,99973.8,14.918
2024-12-13 05:00:00,99973.8,100000.0,99968.3,99985.4,8.807
2024-12-13 05:01:00,99985.4,99985.7,99985.4,99985.6,9.389
2024-12-13 05:02:00,99985.6,99985.7,99983.3,99985.7,12.54
2024-12-13 05:03:00,99985.7,100073.5,99985.6,100058.2,52.546
2024-12-13 05:04:00,100058.2,100075.7,100058.1,100068.8,107.152
2024-12-13 05:05:00,100068.8,100075.4,100020.8,100021.1,45.924
2024-12-13 05:06:00,100021.1,100021.1,99973.8,99973.8,44.043
2024-12-13 05:07:00,99973.8,100024.6,99973.8,100024.6,51.836
2024-12-13 05:08:00,100024.6,100032.3,100024.5,100027.7,25.627
2024-12-13 05:09:00,100027.7,100072.4,100027.4,100061.3,16.078
2024-12-13 05:10:00,100061.3,100073.6,100034.7,100073.6,21.922
2024-12-13 05:11:00,100073.6,100108.0,100073.6,100076.4,43.801
2024-12-13 05:12:00,100076.4,100076.4,100035.0,100041.1,64.583
2024-12-13 05:13:00,100041.1,100086.7,100040.9,100086.7,31.605
2024-12-13 05:14:00,100086.7,100086.7,100048.0,100048.0,25.571
2024-12-13 05:15:00,100048.0,100060.2,100040.6,100060.2,43.099
2024-12-13 05:16:00,100060.2,100069.0,100056.0,100068.2,17.667
2024-12-13 05:17:00,100068.2,100075.5,100068.2,100075.5,16.351
2024-12-13 05:18:00,100075.5,100081.0,100061.3,100061.5,8.611
2024-12-13 05:19:00,100061.5,100071.4,100058.2,100071.3,13.071
2024-12-13 05:20:00,100071.3,100096.5,100071.3,100096.5,21.925
2024-12-13 05:21:00,100096.5,100148.3,100069.3,100069.3,72.743
2024-12-13 05:22:00,100069.3,100069.7,99999.0,99999.0,130.689
2024-12-13 05:23:00,99999.0,100020.7,99972.3,99972.6,85.623
2024-12-13 05:24:00,99972.6,99972.6,99940.1,99940.1,54.864
2024-12-13 05:25:00,99940.1,99940.1,99866.1,99887.5,84.998
2024-12-13 05:26:00,99887.5,99905.0,99887.5,99898.3,132.156
2024-12-13 05:27:00,99898.3,99898.4,99872.5,99872.5,44.267
2024-12-13 05:28:00,99872.5,99935.4,99870.0,99935.0,40.892
2024-12-13 05:29:00,99935.0,99935.3,99920.4,99921.9,36.206
2024-12-13 05:30:00,99921.9,99922.0,99880.0,99906.5,56.473
2024-12-13 05:31:00,99906.5,99925.0,99906.5,99912.8,80.603
2024-12-13 05:32:00,99912.8,99928.6,99912.8,99928.6,32.61
2024-12-13 05:33:00,99928.6,99928.7,99920.0,99920.2,17.116
2024-12-13 05:34:00,99920.2,99920.2,99906.6,99906.6,26.009
2024-12-13 05:35:00,99906.6,99907.4,99897.2,99907.3,21.828
2024-12-13 05:36:00,99907.3,99910.0,99907.3,99909.9,17.794
2024-12-13 05:37:00,99909.9,99940.0,99909.9,99913.5,20.858
2024-12-13 05:38:00,99913.5,99924.8,99913.4,99924.8,25.698
2024-12-13 05:39:00,99924.8,99950.0,99924.7,99950.0,10.663
2024-12-13 05:40:00,99950.0,99956.7,99949.9,99956.7,16.632
2024-12-13 05:41:00,99956.7,99973.4,99956.6,99972.3,16.432
2024-12-13 05:42:00,99972.3,99972.3,99897.0,99897.1,27.479
2024-12-13 05:43:00,99897.1,99897.1,99876.0,99876.0,26.458
2024-12-13 05:44:00,99876.0,99898.6,99869.3,99869.3,47.21
2024-12-13 05:45:00,99869.3,99869.6,99822.5,99851.1,51.201
2024-12-13 05:46:00,99851.1,99903.5,99836.9,99896.9,47.8
2024-12-13 05:47:00,99896.9,99964.6,99896.9,99964.1,37.111
2024-12-13 05:48:00,99964.1,99964.4,99944.3,99953.5,49.58
2024-12-13 05:49:00,99953.5,99953.5,99887.5,99887.7,48.38
2024-12-13 05:50:00,99887.7,99890.2,99878.3,99890.0,14.659
2024-12-13 05:51:00,99890.0,99904.4,99850.0,99890.4,18.736
2024-12-13 05:52:00,99890.4,99896.6,99875.0,99895.3,39.175
2024-12-13 05:53:00,99895.3,99950.2,99895.3,99949.9,16.282
2024-12-13 05:54:00,99949.9,99950.2,99928.0,99928.3,15.112
2024-12-13 05:55:00,99928.3,99928.6,99870.0,99870.2,27.859
2024-12-13 05:56:00,99870.2,99922.3,99866.9,99922.0,12.343
2024-12-13 05:57:00,99922.0,99927.6,99898.3,99898.3,10.291
2024-12-13 05:58:00,99898.3,99898.4,99861.4,99861.7,10.402
2024-12-13 05:59:00,99861.7,99861.7,99850.0,99859.0,21.573
2024-12-13 06:00:00,99859.0,99910.8,99859.0,99910.8,24.382
2024-12-13 06:01:00,99910.8,99952.1,99909.9,99910.0,24.735
2024-12-13 06:02:00,99910.0,99922.2,99900.3,99922.2,11.548
2024-12-13 06:03:00,99922.2,99934.6,99878.3,99878.6,10.681
2024-12-13 06:04:00,99878.6,99880.2,99873.3,99873.3,23.537
2024-12-13 06:05:00,99873.3,99915.1,99873.3,99913.4,15.338
2024-12-13 06:06:00,99913.4,99986.6,99913.4,99986.2,39.001
2024-12-13 06:07:00,99986.2,100034.9,99986.2,99991.0,47.415
2024-12-13 06:08:00,99991.0,99991.3,99952.4,99952.4,64.635
2024-12-13 06:09:00,99952.4,99952.5,99906.4,99931.5,14.256
2024-12-13 06:10:00,99931.5,99980.2,99931.5,99979.9,27.054
2024-12-13 06:11:00,99979.9,99996.6,99969.2,99979.8,13.42
2024-12-13 06:12:00,99979.8,99980.0,99969.1,99969.1,12.609
2024-12-13 06:13:00,99969.1,99969.4,99965.5,99965.6,10.257
2024-12-13 06:14:00,99965.6,99985.1,99965.5,99965.6,9.313
2024-12-13 06:15:00,99965.6,99985.1,99965.5,99965.5,13.32
2024-12-13 06:16:00,99965.5,99965.9,99956.0,99956.0,25.112
2024-12-13 06:17:00,99956.0,99956.1,99884.4,99884.7,20.923
2024-12-13 06:18:00,99884.7,99916.6,99884.7,99916.6,51.186
2024-12-13 06:19:00,99916.6,99964.8,99916.3,99934.7,26.607
2024-12-13 06:20:00,99934.7,99948.5,99934.5,99940.7,68.309
2024-12-13 06:21:00,99940.7,99965.8,99940.6,99958.4,11.321
2024-12-13 06:22:00,99958.4,99960.0,99958.3,99958.6,4.771
2024-12-13 06:23:00,99958.6,99958.7,99949.8,99954.3,5.81
2024-12-13 06:24:00,99954.3,99955.3,99954.0,99954.0,2.695
2024-12-13 06:25:00,99954.0,99954.3,99948.3,99948.6,3.546
2024-12-13 06:26:00,99948.6,99984.1,99948.6,99980.0,10.204
2024-12-13 06:27:00,99980.0,99983.6,99970.2,99970.2,19.595
2024-12-13 06:28:00,99970.2,99977.0,99970.2,99976.7,21.148
2024-12-13 06:29:00,99976.7,99977.0,99976.7,99977.0,7.165
2024-12-13 06:30:00,99977.0,100000.2,99977.0,99993.7,19.462
2024-12-13 06:31:00,99993.7,100034.7,99993.6,100033.2,56.321
2024-12-13 06:32:00,100033.2,100065.0,100033.2,100048.4,28.681
2024-12-13 06:33:00,100048.4,100048.6,100009.1,100009.4,30.469
2024-12-13 06:34:00,100009.4,100015.5,99998.2,100014.4,20.957
2024-12-13 06:35:00,100014.4,100014.4,99910.1,99910.4,134.087
2024-12-13 06:36:00,99910.4,99920.4,99840.3,99847.1,425.957
2024-12-13 06:37:00,99847.1,99868.5,99822.4,99822.4,75.761
2024-12-13 06:38:00,99822.4,99858.2,99801.6,99855.0,60.92
2024-12-13 06:39:00,99855.0,99855.0,99800.0,99800.0,73.815
2024-12-13 06:40:00,99800.0,99835.6,99792.8,99825.7,89.071
2024-12-13 06:41:00,99825.7,99836.5,99825.4,99829.0,39.105
2024-12-13 06:42:00,99829.0,99829.3,99754.9,99757.4,43.569
2024-12-13 06:43:00,99757.4,99793.4,99733.0,99793.4,45.98
2024-12-13 06:44:00,99793.4,99899.4,99793.2,99899.4,100.836
2024-12-13 06:45:00,99899.4,99899.4,99854.5,99854.5,221.723
2024-12-13 06:46:00,99854.5,99854.8,99835.8,99845.3,34.61
2024-12-13 06:47:00,99845.3,99876.6,99844.4,99863.1,34.678
2024-12-13 06:48:00,99863.1,99875.2,99826.2,99851.9,8.261
2024-12-13 06:49:00,99851.9,99851.9,99845.7,99845.8,11.162
2024-12-13 06:50:00,99845.8,99852.0,99828.8,99828.8,6.845
2024-12-13 06:51:00,99828.8,99862.4,99823.8,99862.3,6.909
2024-12-13 06:52:00,99862.3,99899.0,99862.3,99897.3,11.149
2024-12-13 06:53:00,99897.3,99897.3,99825.0,99825.0,19.595
2024-12-13 06:54:00,99825.0,99827.6,99803.3,99803.3,26.183
2024-12-13 06:55:00,99803.3,99803.4,99758.5,99758.7,27.578
2024-12-13 06:56:00,99758.7,99770.1,99758.5,99758.5,22.682
2024-12-13 06:57:00,99758.5,99758.8,99703.7,99733.9,32.515
2024-12-13 06:58:00,99733.9,99733.9,99667.3,99673.8,82.302
2024-12-13 06:59:00,99673.8,99674.0,99654.8,99655.2,84.729
2024-12-13 07:00:00,99655.2,99691.3,99610.0,99689.3,54.837
2024-12-13 07:01:00,99689.3,99702.2,99645.3,99645.6,57.875
2024-12-13 07:02:00,99645.6,99686.7,99610.0,99612.9,88.028
2024-12-13 07:03:00,99612.9,99613.2,99557.1,99560.4,226.91
2024-12-13 07:04:00,99560.4,99584.4,99528.9,99545.8,94.606
2024-12-13 07:05:00,99545.8,99576.6,99509.4,99511.4,76.592
2024-12-13 07:06:00,99511.4,99512.3,99463.9,99486.4,78.206
2024-12-13 07:07:00,99486.4,99498.2,99446.4,99462.4,127.365
2024-12-13 07:08:00,99462.4,99594.2,99454.5,99594.2,99.407
2024-12-13 07:09:00,99594.2,99650.4,99555.5,99555.5,93.797
2024-12-13 07:10:00,99555.5,99617.5,99553.7,99570.1,93.863
2024-12-13 07:11:00,99570.1,99620.0,99569.8,99619.0,35.829
2024-12-13 07:12:00,99619.0,99633.3,99600.0,99633.1,47.592
2024-12-13 07:13:00,99633.1,99650.7,99611.2,99611.5,55.452
2024-12-13 07:14:00,99611.5,99658.3,99575.9,99658.3,94.935
2024-12-13 07:15:00,99658.3,99692.5,99643.9,99692.2,19.722
2024-12-13 07:16:00,99692.2,99730.8,99688.9,99724.0,41.311
2024-12-13 07:17:00,99724.0,99742.7,99713.1,99742.7,53.866
2024-12-13 07:18:00,99742.7,99815.0,99724.0,99815.0,43.486
2024-12-13 07:19:00,99815.0,99875.0,99800.0,99869.7,78.895
2024-12-13 07:20:00,99869.7,99906.4,99829.8,99844.8,96.223
2024-12-13 07:21:00,99844.8,99844.8,99736.1,99736.2,101.286
2024-12-13 07:22:00,99736.2,99778.0,99719.3,99768.8,61.427
2024-12-13 07:23:00,99768.8,99790.9,99750.0,99790.6,41.442
2024-12-13 07:24:00,99790.6,99790.9,99743.6,99773.8,33.7
2024-12-13 07:25:00,99773.8,99774.8,99689.3,99689.3,36.439
2024-12-13 07:26:00,99689.3,99738.3,99689.3,99731.0,13.946
2024-12-13 07:27:00,99731.0,99757.5,99721.6,99721.6,33.627
2024-12-13 07:28:00,99721.6,99723.8,99703.0,99704.7,13.305
2024-12-13 07:29:00,99704.7,99735.4,99692.3,99700.3,25.392
2024-12-13 07:30:00,99700.3,99757.8,99700.2,99757.8,20.542
2024-12-13 07:31:00,99757.8,99807.7,99757.5,99807.6,20.965
2024-12-13 07:32:00,99807.6,99932.1,99807.6,99932.1,62.983
2024-12-13 07:33:00,99932.1,99938.4,99890.6,99903.5,73.815
2024-12-13 07:34:00,99903.5,99906.2,99886.2,99893.6,32.217
2024-12-13 07:35:00,99893.6,99917.5,99890.2,99899.9,26.341
2024-12-13 07:36:00,99899.9,99903.5,99853.0,99889.9,48.246
2024-12-13 07:37:00,99889.9,99936.3,99889.9,99936.3,70.226
2024-12-13 07:38:00,99936.3,99948.4,99926.2,99948.3,26.897
2024-12-13 07:39:00,99948.3,99961.9,99935.0,99949.1,58.527
2024-12-13 07:40:00,99949.1,99959.9,99945.3,99948.1,56.359
2024-12-13 07:41:00,99948.1,100043.3,99948.1,100037.9,41.46
2024-12-13 07:42:00,100037.9,100059.8,100005.0,100005.0,122.045
2024-12-13 07:43:00,100005.0,100006.2,99974.7,99976.1,79.125
2024-12-13 07:44:00,99976.1,100030.0,99970.7,100029.9,44.811
2024-12-13 07:45:00,100029.9,100196.1,100029.9,100196.0,146.037
2024-12-13 07:46:00,100196.0,100196.0,100068.1,100100.2,341.581
2024-12-13 07:47:00,100100.2,100138.9,100100.0,100100.0,161.943
2024-12-13 07:48:00,100100.0,100105.4,100087.6,100100.1,49.765
2024-12-13 07:49:00,100100.1,100160.2,100100.1,100153.3,47.169
2024-12-13 07:50:00,100153.3,100153.4,100136.9,100140.5,93.991
2024-12-13 07:51:00,100140.5,100171.1,100122.8,100161.0,61.123
2024-12-13 07:52:00,100161.0,100187.2,100161.0,100182.3,54.226
2024-12-13 07:53:00,100182.3,100200.0,100170.0,100170.1,43.102
2024-12-13 07:54:00,100170.1,100184.6,100152.3,100156.5,62.239
2024-12-13 07:55:00,100156.5,100175.3,100148.2,100173.3,99.339
2024-12-13 07:56:00,100173.3,100174.9,100153.3,100161.7,61.764
2024-12-13 07:57:00,100161.7,100185.4,100161.7,100180.3,23.624
2024-12-13 07:58:00,100180.3,100185.1,100107.0,100107.0,28.588
2024-12-13 07:59:00,100107.0,100107.0,100082.8,100099.9,72.242
2024-12-13 08:00:00,100099.9,100100.9,100070.7,100100.9,101.825
2024-12-13 08:01:00,100100.9,100206.6,100079.1,100112.4,580.231
2024-12-13 08:02:00,100112.4,100128.6,100082.8,100114.2,504.085
2024-12-13 08:03:00,100114.2,100114.2,100080.0,100080.0,64.688
2024-12-13 08:04:00,100080.0,100090.3,100066.7,100079.5,129.925
2024-12-13 08:05:00,100079.5,100141.7,100070.9,100070.9,103.825
2024-12-13 08:06:00,100070.9,100071.0,99955.9,99956.3,86.51
2024-12-13 08:07:00,99956.3,99956.3,99862.2,99863.5,158.303
2024-12-13 08:08:00,99863.5,99991.0,99863.5,99957.5,168.946
2024-12-13 08:09:00,99957.5,100000.2,99911.7,100000.0,91.635
2024-12-13 08:10:00,100000.0,100045.2,99967.5,99978.1,56.657
2024-12-13 08:11:00,99978.1,100007.4,99959.0,100002.2,54.54
2024-12-13 08:12:00,100002.2,100048.2,100002.2,100017.9,80.899
2024-12-13 08:13:00,100017.9,100018.0,99950.4,99957.8,55.971
2024-12-13 08:14:00,99957.8,99958.1,99899.4,99950.2,71.754
2024-12-13 08:15:00,99950.2,100017.9,99918.5,100017.6,186.135
2024-12-13 08:16:00,100017.6,100017.6,99971.1,99971.2,394.382
2024-12-13 08:17:00,99971.2,100000.0,99960.0,99999.9,23.825
2024-12-13 08:18:00,99999.9,100109.8,99991.4,100059.8,161.882
2024-12-13 08:19:00,100059.8,100065.2,100056.2,100065.2,434.607
2024-12-13 08:20:00,100065.2,100138.0,100065.2,100131.8,25.353
2024-12-13 08:21:00,100131.8,100138.0,100109.6,100115.0,45.058
2024-12-13 08:22:00,100115.0,100138.0,100115.0,100137.9,47.912
2024-12-13 08:23:00,100137.9,100200.0,100137.9,100191.1,23.165
2024-12-13 08:24:00,100191.1,100199.3,100186.0,100194.9,50.335
2024-12-13 08:25:00,100194.9,100213.4,100187.6,100199.6,43.229
2024-12-13 08:26:00,100199.6,100225.0,100199.5,100216.6,67.229
2024-12-13 08:27:00,100216.6,100220.5,100195.0,100220.2,36.992
2024-12-13 08:28:00,100220.2,100271.0,100220.2,100270.9,43.055
2024-12-13 08:29:00,100270.9,100303.6,100270.6,100281.0,101.042
2024-12-13 08:30:00,100281.0,100324.6,100271.1,100316.1,166.399
2024-12-13 08:31:00,100316.1,100329.5,100300.0,100300.0,117.961
2024-12-13 08:32:00,100300.0,100300.3,100253.4,100300.0,244.952
2024-12-13 08:33:00,100300.0,100300.3,100299.6,100300.0,509.571
2024-12-13 08:34:00,100300.0,100320.0,100286.1,100300.4,35.188
2024-12-13 08:35:00,100300.4,100323.4,100300.2,100303.4,29.628
2024-12-13 08:36:00,100303.4,100303.5,100238.8,100241.7,64.165
2024-12-13 08:37:00,100241.7,100250.3,100161.1,100201.3,145.888
2024-12-13 08:38:00,100201.3,100248.5,100201.0,100247.5,191.628
2024-12-13 08:39:00,100247.5,100248.3,100201.0,100201.3,27.235
2024-12-13 08:40:00,100201.3,100212.0,100201.0,100212.0,14.84
2024-12-13 08:41:00,100212.0,100212.0,100186.4,100201.0,19.784
2024-12-13 08:42:00,100201.0,100201.1,100157.2,100157.8,46.472
2024-12-13 08:43:00,100157.8,100183.1,100157.8,100169.9,37.207
2024-12-13 08:44:00,100169.9,100177.0,100150.0,100177.0,29.21
2024-12-13 08:45:00,100177.0,100179.3,100147.9,100178.9,38.417
2024-12-13 08:46:00,100178.9,100211.9,100178.9,100189.8,31.404
2024-12-13 08:47:00,100189.8,100211.9,100184.0,100184.0,16.444
2024-12-13 08:48:00,100184.0,100212.0,100184.0,100211.9,35.424
2024-12-13 08:49:00,100211.9,100212.0,100211.6,100211.9,19.727
2024-12-13 08:50:00,100211.9,100250.3,100211.9,100227.9,18.407
2024-12-13 08:51:00,100227.9,100228.8,100211.6,100211.6,42.13
2024-12-13 08:52:00,100211.6,100212.0,100165.1,100165.1,35.623
2024-12-13 08:53:00,100165.1,100223.5,100158.1,100223.4,25.513
2024-12-13 08:54:00,100223.4,100223.4,100203.3,100214.7,45.542
2024-12-13 08:55:00,100214.7,100216.8,100191.0,100191.0,15.373
2024-12-13 08:56:00,100191.0,100211.7,100190.0,100211.4,21.11
2024-12-13 08:57:00,100211.4,100227.7,100200.0,100227.7,10.847
2024-12-13 08:58:00,100227.7,100239.9,100227.7,100234.3,13.115
2024-12-13 08:59:00,100234.3,100248.7,100211.8,100248.7,33.41
2024-12-13 09:00:00,100248.7,100296.7,100242.7,100264.4,44.088
2024-12-13 09:01:00,100264.4,100285.1,100240.8,100285.1,112.95
2024-12-13 09:02:00,100285.1,100305.2,100280.0,100288.8,52.06
2024-12-13 09:03:00,100288.8,100298.8,100262.4,100262.4,33.324
2024-12-13 09:04:00,100262.4,100278.3,100243.5,100243.5,30.637
2024-12-13 09:05:00,100243.5,100243.8,100203.0,100204.9,56.261
2024-12-13 09:06:00,100204.9,100233.5,100192.3,100233.3,100.578
2024-12-13 09:07:00,100233.3,100233.3,100154.9,100154.9,100.367
2024-12-13 09:08:00,100154.9,100154.9,100101.2,100130.3,96.354
2024-12-13 09:09:00,100130.3,100143.7,100100.0,100130.3,83.043
2024-12-13 09:10:00,100130.3,100180.0,100130.0,100180.0,51.456
2024-12-13 09:11:00,100180.0,100184.8,100121.5,100121.5,25.626
2024-12-13 09:12:00,100121.5,100121.8,100030.2,100030.3,46.986
2024-12-13 09:13:00,100030.3,100060.5,100025.5,100050.7,95.109
2024-12-13 09:14:00,100050.7,100065.9,100050.6,100060.2,36.786
2024-12-13 09:15:00,100060.2,100076.5,100041.5,100076.2,27.935
2024-12-13 09:16:00,100076.2,100101.8,100065.6,100100.3,52.222
2024-12-13 09:17:00,100100.3,100101.2,100094.5,100094.8,74.166
2024-12-13 09:18:00,100094.8,100105.4,100094.5,100105.4,46.625
2024-12-13 09:19:00,100105.4,100108.7,100031.4,100031.4,26.852
2024-12-13 09:20:00,100031.4,100064.6,100031.4,100064.3,47.834
2024-12-13 09:21:00,100064.3,100064.6,100044.8,100045.0,12.352
2024-12-13 09:22:00,100045.0,100055.0,100045.0,100050.0,12.655
2024-12-13 09:23:00,100050.0,100051.2,100050.0,100051.0,24.351
2024-12-13 09:24:00,100051.0,100051.2,100051.0,100051.2,9.302
2024-12-13 09:25:00,100051.2,100051.2,99988.0,99988.2,35.637
2024-12-13 09:26:00,99988.2,99990.2,99984.8,99990.1,77.316
2024-12-13 09:27:00,99990.1,100094.8,99990.1,100094.8,40.748
2024-12-13 09:28:00,100094.8,100147.2,100094.3,100097.1,48.63
2024-12-13 09:29:00,100097.1,100097.3,100061.9,100062.2,69.19
2024-12-13 09:30:00,100062.2,100062.2,99987.7,99987.7,40.193
2024-12-13 09:31:00,99987.7,100039.6,99981.8,100039.2,30.943
2024-12-13 09:32:00,100039.2,100049.0,100008.9,100016.2,30.751
2024-12-13 09:33:00,100016.2,100016.3,99979.1,99988.1,16.721
2024-12-13 09:34:00,99988.1,99988.1,99956.0,99956.3,31.27
2024-12-13 09:35:00,99956.3,99956.3,99837.3,99895.5,214.036
2024-12-13 09:36:00,99895.5,99917.2,99872.3,99900.3,509.083
2024-12-13 09:37:00,99900.3,99935.2,99900.3,99934.0,46.361
2024-12-13 09:38:00,99934.0,99970.1,99919.9,99927.1,184.22
2024-12-13 09:39:00,99927.1,99961.1,99926.8,99960.5,413.12
2024-12-13 09:40:00,99960.5,100018.2,99960.2,99981.6,61.215
2024-12-13 09:41:00,99981.6,100000.0,99953.0,99994.6,67.759
2024-12-13 09:42:00,99994.6,100017.9,99986.2,100017.9,29.902
2024-12-13 09:43:00,100017.9,100031.9,100017.2,100017.5,36.92
2024-12-13 09:44:00,100017.5,100041.6,100017.2,100041.3,39.018
2024-12-13 09:45:00,100041.3,100041.6,100014.0,100041.6,30.64
2024-12-13 09:46:00,100041.6,100077.5,100041.6,100077.3,35.47
2024-12-13 09:47:00,100077.3,100077.5,100050.0,100050.3,28.114
2024-12-13 09:48:00,100050.3,100110.2,100050.0,100084.9,23.801
2024-12-13 09:49:00,100084.9,100084.9,100069.0,100069.3,26.151
2024-12-13 09:50:00,100069.3,100105.4,100069.0,100088.2,8.556
2024-12-13 09:51:00,100088.2,100112.0,100077.7,100112.0,9.916
2024-12-13 09:52:00,100112.0,100174.0,100111.9,100124.2,37.054
2024-12-13 09:53:00,100124.2,100124.5,100113.2,100113.2,66.578
2024-12-13 09:54:00,100113.2,100121.2,100113.2,100121.2,10.148
2024-12-13 09:55:00,100121.2,100131.2,100110.0,100110.3,6.635
2024-12-13 09:56:00,100110.3,100114.0,100094.9,100095.2,17.327
2024-12-13 09:57:00,100095.2,100095.2,100082.8,100083.0,43.766
2024-12-13 09:58:00,100083.0,100114.9,100078.9,100079.2,28.69
2024-12-13 09:59:00,100079.2,100079.2,100069.3,100071.4,21.019
2024-12-13 10:00:00,100071.4,100075.5,100071.1,100075.4,8.65
2024-12-13 10:01:00,100075.4,100075.5,100055.9,100059.6,11.04
2024-12-13 10:02:00,100059.6,100075.5,100059.3,100068.5,14.518
2024-12-13 10:03:00,100068.5,100125.2,100068.5,100120.0,40.864
2024-12-13 10:04:00,100120.0,100120.0,100095.2,100100.3,89.604
2024-12-13 10:05:00,100100.3,100128.2,100100.3,100121.8,36.96
2024-12-13 10:06:00,100121.8,100121.8,100103.2,100118.2,21.343
2024-12-13 10:07:00,100118.2,100118.3,100101.3,100109.4,16.636
2024-12-13 10:08:00,100109.4,100109.4,100085.5,100087.7,23.747
2024-12-13 10:09:00,100087.7,100093.4,100064.6,100069.8,13.488
2024-12-13 10:10:00,100069.8,100075.3,100063.6,100070.0,8.89
2024-12-13 10:11:00,100070.0,100093.3,100066.8,100083.6,14.438
2024-12-13 10:12:00,100083.6,100108.3,100083.6,100108.3,11.234
2024-12-13 10:13:00,100108.3,100136.3,100108.0,100120.8,11.524
2024-12-13 10:14:00,100120.8,100132.1,100120.7,100132.0,9.966
2024-12-13 10:15:00,100132.0,100132.1,100075.3,100076.3,9.741
2024-12-13 10:16:00,100076.3,100111.2,100061.7,100110.9,17.738
2024-12-13 10:17:00,100110.9,100123.0,100110.9,100111.0,7.581
2024-12-13 10:18:00,100111.0,100121.0,100110.9,100121.0,7.476
2024-12-13 10:19:00,100121.0,100126.4,100118.3,100118.6,10.012
2024-12-13 10:20:00,100118.6,100118.6,100058.2,100058.2,17.331
2024-12-13 10:21:00,100058.2,100058.2,100000.0,100017.1,18.558
2024-12-13 10:22:00,100017.1,100031.6,99980.5,99980.8,56.929
2024-12-13 10:23:00,99980.8,99980.8,99925.0,99925.0,65.64
2024-12-13 10:24:00,99925.0,99997.6,99925.0,99970.2,81.955
2024-12-13 10:25:00,99970.2,99970.3,99895.1,99908.5,47.03
2024-12-13 10:26:00,99908.5,99928.2,99908.1,99927.9,72.362
2024-12-13 10:27:00,99927.9,99928.2,99886.0,99896.6,84.381
2024-12-13 10:28:00,99896.6,99948.0,99896.5,99936.2,155.534
2024-12-13 10:29:00,99936.2,99984.7,99936.2,99983.9,40.87
2024-12-13 10:30:00,99983.9,100010.0,99983.6,100010.0,95.009
2024-12-13 10:31:00,100010.0,100026.9,99980.0,99980.1,33.073
2024-12-13 10:32:00,99980.1,100003.6,99980.1,100003.3,45.534
2024-12-13 10:33:00,100003.3,100042.5,100003.2,100042.5,90.469
2024-12-13 10:34:00,100042.5,100053.3,100042.1,100051.8,25.999
2024-12-13 10:35:00,100051.8,100091.2,100051.7,100091.2,40.381
2024-12-13 10:36:00,100091.2,100166.5,100091.1,100108.5,47.432
2024-12-13 10:37:00,100108.5,100200.1,100108.5,100199.7,97.588
2024-12-13 10:38:00,100199.7,100250.0,100199.7,100208.5,68.397
2024-12-13 10:39:00,100208.5,100230.4,100208.5,100227.8,109.439
2024-12-13 10:40:00,100227.8,100227.8,100179.2,100227.8,138.308
2024-12-13 10:41:00,100227.8,100250.2,100225.4,100250.2,82.657
2024-12-13 10:42:00,100250.2,100250.2,100237.7,100238.0,67.715
2024-12-13 10:43:00,100238.0,100276.0,100237.9,100276.0,23.736
2024-12-13 10:44:00,100276.0,100281.5,100266.6,100281.5,41.128
2024-12-13 10:45:00,100281.5,100281.5,100229.6,100274.1,40.144
2024-12-13 10:46:00,100274.1,100300.0,100243.0,100299.6,46.352
2024-12-13 10:47:00,100299.6,100300.0,100283.4,100299.9,38.005
2024-12-13 10:48:00,100299.9,100338.8,100290.7,100338.8,57.628
2024-12-13 10:49:00,100338.8,100356.0,100338.5,100355.9,90.292
2024-12-13 10:50:00,100355.9,100377.5,100355.9,100373.7,110.992
2024-12-13 10:51:00,100373.7,100384.5,100363.9,100368.0,92.438
2024-12-13 10:52:00,100368.0,100441.7,100368.0,100429.9,138.48
2024-12-13 10:53:00,100429.9,100518.5,100429.9,100466.6,315.383
2024-12-13 10:54:00,100466.6,100484.6,100446.3,100484.2,385.161
2024-12-13 10:55:00,100484.2,100484.5,100421.2,100433.8,255.688
2024-12-13 10:56:00,100433.8,100479.9,100433.8,100454.3,88.475
2024-12-13 10:57:00,100454.3,100530.9,100452.0,100530.9,72.287
2024-12-13 10:58:00,100530.9,100530.9,100489.4,100497.6,130.566
2024-12-13 10:59:00,100497.6,100500.4,100426.9,100436.6,73.071
2024-12-13 11:00:00,100436.6,100437.2,100387.7,100400.2,80.103
2024-12-13 11:01:00,100400.2,100400.2,100382.6,100382.6,92.331
2024-12-13 11:02:00,100382.6,100400.0,100371.4,100398.7,63.911
2024-12-13 11:03:00,100398.7,100399.0,100371.9,100379.9,24.282
2024-12-13 11:04:00,100379.9,100401.5,100372.3,100387.1,31.307
2024-12-13 11:05:00,100387.1,100393.0,100311.0,100314.6,50.155
2024-12-13 11:06:00,100314.6,100424.7,100314.6,100421.2,93.846
2024-12-13 11:07:00,100421.2,100421.6,100384.2,100384.3,73.386
2024-12-13 11:08:00,100384.3,100451.3,100384.0,100443.6,43.938
2024-12-13 11:09:00,100443.6,100481.2,100426.3,100471.0,64.191
2024-12-13 11:10:00,100471.0,100493.6,100450.0,100450.3,76.649
2024-12-13 11:11:00,100450.3,100450.3,100363.8,100364.1,64.48
2024-12-13 11:12:00,100364.1,100458.1,100363.8,100454.0,54.594
2024-12-13 11:13:00,100454.0,100456.9,100436.1,100456.9,94.239
2024-12-13 11:14:00,100456.9,100456.9,100438.9,100450.1,18.27
2024-12-13 11:15:00,100450.1,100480.0,100441.0,100479.9,18.753
2024-12-13 11:16:00,100479.9,100514.0,100441.7,100450.0,36.249
2024-12-13 11:17:00,100450.0,100458.2,100394.2,100400.0,55.103
2024-12-13 11:18:00,100400.0,100459.9,100400.0,100445.6,44.302
2024-12-13 11:19:00,100445.6,100500.3,100445.6,100480.2,28.136
2024-12-13 11:20:00,100480.2,100510.0,100450.8,100450.8,33.91
2024-12-13 11:21:00,100450.8,100479.0,100422.2,100479.0,35.802
2024-12-13 11:22:00,100479.0,100520.2,100479.0,100517.8,24.269
2024-12-13 11:23:00,100517.8,100520.1,100507.5,100507.6,47.868
2024-12-13 11:24:00,100507.6,100520.0,100506.0,100519.3,37.791
2024-12-13 11:25:00,100519.3,100625.2,100501.8,100604.9,163.257
2024-12-13 11:26:00,100604.9,100748.7,100582.3,100604.9,555.378
2024-12-13 11:27:00,100604.9,100604.9,100550.0,100556.3,365.948
2024-12-13 11:28:00,100556.3,100565.9,100520.5,100533.6,111.176
2024-12-13 11:29:00,100533.6,100596.5,100533.5,100573.8,95.006
2024-12-13 11:30:00,100573.8,100573.8,100498.4,100509.2,94.877
2024-12-13 11:31:00,100509.2,100509.3,100478.8,100483.9,87.745
2024-12-13 11:32:00,100483.9,100487.0,100461.5,100469.9,45.231
2024-12-13 11:33:00,100469.9,100490.2,100469.9,100476.0,47.217
2024-12-13 11:34:00,100476.0,100490.5,100476.0,100486.2,31.748
2024-12-13 11:35:00,100486.2,100486.5,100438.0,100439.1,58.007
2024-12-13 11:36:00,100439.1,100439.1,100379.8,100379.8,64.942
2024-12-13 11:37:00,100379.8,100400.3,100377.8,100393.3,55.545
2024-12-13 11:38:00,100393.3,100400.3,100384.7,100398.1,61.006
2024-12-13 11:39:00,100398.1,100414.7,100376.5,100414.7,36.876
2024-12-13 11:40:00,100414.7,100414.7,100370.0,100370.0,63.95
2024-12-13 11:41:00,100370.0,100370.3,100345.0,100360.2,70.537
2024-12-13 11:42:00,100360.2,100413.1,100359.8,100411.4,75.612
2024-12-13 11:43:00,100411.4,100411.7,100406.4,100410.8,51.358
2024-12-13 11:44:00,100410.8,100420.0,100375.7,100380.1,20.709
2024-12-13 11:45:00,100380.1,100380.1,100332.9,100353.8,22.875
2024-12-13 11:46:00,100353.8,100354.1,100328.7,100329.0,29.802
2024-12-13 11:47:00,100329.0,100329.0,100328.6,100329.0,48.06
2024-12-13 11:48:00,100329.0,100387.4,100328.9,100354.7,81.256
2024-12-13 11:49:00,100354.7,100355.0,100328.9,100328.9,34.132
2024-12-13 11:50:00,100328.9,100329.1,100319.2,100319.2,23.232
2024-12-13 11:51:00,100319.2,100319.3,100285.1,100296.3,42.093
2024-12-13 11:52:00,100296.3,100323.0,100296.3,100323.0,72.789
2024-12-13 11:53:00,100323.0,100330.0,100322.8,100329.9,12.922
2024-12-13 11:54:00,100329.9,100344.1,100329.9,100343.6,14.584
2024-12-13 11:55:00,100343.6,100469.2,100329.9,100449.2,28.984
2024-12-13 11:56:00,100449.2,100460.7,100400.0,100460.7,61.397
2024-12-13 11:57:00,100460.7,100460.7,100409.9,100414.7,72.309
2024-12-13 11:58:00,100414.7,100415.0,100384.8,100384.9,17.594
2024-12-13 11:59:00,100384.9,100384.9,100331.3,100331.3,20.133
2024-12-13 12:00:00,100331.3,100380.7,100331.3,100374.8,23.388
2024-12-13 12:01:00,100374.8,100374.8,100360.5,100374.2,46.04
2024-12-13 12:02:00,100374.2,100414.5,100374.2,100414.5,35.458
2024-12-13 12:03:00,100414.5,100414.5,100393.0,100405.6,20.143
2024-12-13 12:04:00,100405.6,100405.9,100388.9,100389.2,15.839
2024-12-13 12:05:00,100389.2,100414.5,100382.4,100414.2,21.927
2024-12-13 12:06:00,100414.2,100414.5,100375.5,100375.6,22.659
2024-12-13 12:07:00,100375.6,100400.0,100375.6,100394.3,24.699
2024-12-13 12:08:00,100394.3,100419.7,100394.3,100400.4,19.52
2024-12-13 12:09:00,100400.4,100420.2,100400.0,100418.0,15.509
2024-12-13 12:10:00,100418.0,100418.3,100402.0,100402.3,13.17
2024-12-13 12:11:00,100402.3,100402.3,100350.0,100350.2,16.589
2024-12-13 12:12:00,100350.2,100350.2,100285.8,100290.0,87.741
2024-12-13 12:13:00,100290.0,100290.1,100268.4,100268.4,177.126
2024-12-13 12:14:00,100268.4,100313.4,100233.0,100313.4,153.726
2024-12-13 12:15:00,100313.4,100340.3,100313.1,100340.2,250.073
2024-12-13 12:16:00,100340.2,100340.3,100298.6,100312.2,30.326
2024-12-13 12:17:00,100312.2,100328.8,100278.1,100278.4,24.287
2024-12-13 12:18:00,100278.4,100340.3,100269.7,100319.2,22.043
2024-12-13 12:19:00,100319.2,100383.7,100318.9,100362.7,35.82
2024-12-13 12:20:00,100362.7,100362.7,100321.2,100354.0,68.364
2024-12-13 12:21:00,100354.0,100449.2,100335.0,100449.2,25.851
2024-12-13 12:22:00,100449.2,100449.9,100382.3,100399.5,51.748
2024-12-13 12:23:00,100399.5,100434.2,100378.6,100379.0,45.253
2024-12-13 12:24:00,100379.0,100417.4,100378.6,100407.9,15.695
2024-12-13 12:25:00,100407.9,100407.9,100330.3,100354.1,22.357
2024-12-13 12:26:00,100354.1,100372.6,100354.0,100372.6,27.938
2024-12-13 12:27:00,100372.6,100380.2,100334.8,100335.1,14.532
2024-12-13 12:28:00,100335.1,100363.9,100335.0,100344.8,14.493
2024-12-13 12:29:00,100344.8,100344.8,100308.6,100308.9,18.933
2024-12-13 12:30:00,100308.9,100323.9,100293.1,100293.1,22.121
2024-12-13 12:31:00,100293.1,100300.6,100264.9,100265.5,34.093
2024-12-13 12:32:00,100265.5,100270.0,100238.8,100248.1,50.122
2024-12-13 12:33:00,100248.1,100248.4,100220.5,100230.4,46.946
2024-12-13 12:34:00,100230.4,100247.2,100224.0,100228.8,67.225
2024-12-13 12:35:00,100228.8,100240.1,100228.5,100231.5,25.327
2024-12-13 12:36:00,100231.5,100240.1,100166.1,100166.2,47.44
2024-12-13 12:37:00,100166.2,100166.2,100125.6,100158.7,118.903
2024-12-13 12:38:00,100158.7,100158.8,100116.1,100117.6,80.847
2024-12-13 12:39:00,100117.6,100206.5,100117.6,100206.5,82.311
2024-12-13 12:40:00,100206.5,100206.5,100149.3,100188.3,59.057
2024-12-13 12:41:00,100188.3,100191.6,100149.3,100191.6,39.882
2024-12-13 12:42:00,100191.6,100241.5,100184.0,100184.0,56.055
2024-12-13 12:43:00,100184.0,100215.9,100171.1,100196.5,104.523
2024-12-13 12:44:00,100196.5,100208.1,100183.3,100203.5,32.005
2024-12-13 12:45:00,100203.5,100207.4,100164.0,100185.9,22.335
2024-12-13 12:46:00,100185.9,100208.3,100183.4,100191.5,14.838
2024-12-13 12:47:00,100191.5,100198.1,100183.6,100198.1,12.448
2024-12-13 12:48:00,100198.1,100220.2,100198.0,100220.2,15.47
2024-12-13 12:49:00,100220.2,100255.6,100210.1,100233.2,33.182
2024-12-13 12:50:00,100233.2,100233.2,100206.2,100211.0,50.198
2024-12-13 12:51:00,100211.0,100228.2,100200.0,100223.1,21.606
2024-12-13 12:52:00,100223.1,100230.2,100208.3,100214.2,10.241
2024-12-13 12:53:00,100214.2,100215.0,100206.5,100215.0,10.395
2024-12-13 12:54:00,100215.0,100241.7,100215.0,100241.7,9.606
2024-12-13 12:55:00,100241.7,100275.2,100241.6,100275.2,25.923
2024-12-13 12:56:00,100275.2,100275.2,100240.4,100240.5,33.196
2024-12-13 12:57:00,100240.5,100240.5,100236.1,100236.1,15.088
2024-12-13 12:58:00,100236.1,100236.1,100210.5,100221.5,7.977
2024-12-13 12:59:00,100221.5,100274.3,100215.6,100274.3,26.369
2024-12-13 13:00:00,100274.3,100322.5,100264.0,100264.0,71.852
2024-12-13 13:01:00,100264.0,100288.1,100233.6,100286.2,59.511
2024-12-13 13:02:00,100286.2,100286.2,100262.1,100262.1,27.865
2024-12-13 13:03:00,100262.1,100262.2,100242.9,100262.1,16.033
2024-12-13 13:04:00,100262.1,100262.2,100213.0,100213.3,18.855
2024-12-13 13:05:00,100213.3,100222.3,100211.6,100215.2,23.952
2024-12-13 13:06:00,100215.2,100233.1,100214.9,100233.0,12.191
2024-12-13 13:07:00,100233.0,100233.0,100206.5,100206.5,11.918
2024-12-13 13:08:00,100206.5,100206.6,100171.1,100171.1,13.316
2024-12-13 13:09:00,100171.1,100171.2,100100.6,100101.7,61.599
2024-12-13 13:10:00,100101.7,100233.1,100101.7,100202.7,161.492
2024-12-13 13:11:00,100202.7,100204.9,100150.7,100156.9,78.446
2024-12-13 13:12:00,100156.9,100182.6,100125.5,100154.5,37.466
2024-12-13 13:13:00,100154.5,100191.6,100154.4,100191.6,31.177
2024-12-13 13:14:00,100191.6,100205.8,100160.8,100160.8,25.631
2024-12-13 13:15:00,100160.8,100174.8,100071.0,100078.3,28.64
2024-12-13 13:16:00,100078.3,100120.2,100078.1,100084.9,77.846
2024-12-13 13:17:00,100084.9,100103.0,100050.0,100050.3,80.12
2024-12-13 13:18:00,100050.3,100169.7,100050.2,100149.0,81.21
2024-12-13 13:19:00,100149.0,100149.1,100082.8,100083.1,42.807
2024-12-13 13:20:00,100083.1,100099.1,100024.0,100054.6,38.235
2024-12-13 13:21:00,100054.6,100079.3,100027.9,100079.3,64.732
2024-12-13 13:22:00,100079.3,100093.8,100054.7,100070.1,43.919
2024-12-13 13:23:00,100070.1,100099.9,100070.0,100099.9,36.423
2024-12-13 13:24:00,100099.9,100099.9,100030.0,100030.0,30.511
2024-12-13 13:25:00,100030.0,100050.2,100000.0,100050.2,47.169
2024-12-13 13:26:00,100050.2,100103.4,100050.0,100100.0,98.001
2024-12-13 13:27:00,100100.0,100104.9,100090.0,100103.3,31.543
2024-12-13 13:28:00,100103.3,100123.9,100103.3,100110.5,23.197
2024-12-13 13:29:00,100110.5,100128.6,100102.0,100102.0,23.533
2024-12-13 13:30:00,100102.0,100110.3,100098.1,100098.2,38.382
2024-12-13 13:31:00,100098.2,100098.2,100078.5,100083.6,32.529
2024-12-13 13:32:00,100083.6,100139.9,100083.5,100132.5,19.155
2024-12-13 13:33:00,100132.5,100162.1,100100.0,100162.1,19.802
2024-12-13 13:34:00,100162.1,100180.0,100120.1,100120.1,32.631
2024-12-13 13:35:00,100120.1,100120.1,99985.0,99985.1,73.479
2024-12-13 13:36:00,99985.1,100033.2,99919.0,100024.9,143.641
2024-12-13 13:37:00,100024.9,100024.9,99935.0,99935.0,155.806
2024-12-13 13:38:00,99935.0,99999.2,99935.0,99972.8,62.287
2024-12-13 13:39:00,99972.8,99997.8,99972.8,99984.3,87.019
2024-12-13 13:40:00,99984.3,100041.8,99984.1,100040.0,53.309
2024-12-13 13:41:00,100040.0,100072.0,100017.8,100024.9,75.143
2024-12-13 13:42:00,100024.9,100034.2,99985.0,100013.3,51.118
2024-12-13 13:43:00,100013.3,100166.9,100013.3,100148.7,46.312
2024-12-13 13:44:00,100148.7,100275.0,100147.8,100274.8,88.648
2024-12-13 13:45:00,100274.8,100275.7,100207.7,100215.3,127.228
2024-12-13 13:46:00,100215.3,100232.9,100168.0,100168.0,112.485
2024-12-13 13:47:00,100168.0,100208.5,100160.0,100193.6,46.44
2024-12-13 13:48:00,100193.6,100242.4,100189.1,100231.2,56.249
2024-12-13 13:49:00,100231.2,100376.4,100231.2,100368.6,118.033
2024-12-13 13:50:00,100368.6,100400.0,100327.2,100381.6,237.767
2024-12-13 13:51:00,100381.6,100513.0,100381.6,100444.6,607.255
2024-12-13 13:52:00,100444.6,100444.6,100342.4,100369.0,517.474
2024-12-13 13:53:00,100369.0,100409.0,100360.0,100391.1,59.177
2024-12-13 13:54:00,100391.1,100397.1,100318.8,100325.3,126.553
2024-12-13 13:55:00,100325.3,100325.6,100240.0,100289.6,246.661
2024-12-13 13:56:00,100289.6,100300.2,100266.5,100266.5,78.579
2024-12-13 13:57:00,100266.5,100285.2,100260.0,100270.6,48.272
2024-12-13 13:58:00,100270.6,100270.8,100267.6,100270.8,34.797
2024-12-13 13:59:00,100270.8,100272.2,100234.8,100272.2,14.893
2024-12-13 14:00:00,100272.2,100272.2,100207.4,100218.9,54.5
2024-12-13 14:01:00,100218.9,100245.2,100200.6,100223.2,88.909
2024-12-13 14:02:00,100223.2,100329.1,100223.2,100319.0,37.909
2024-12-13 14:03:00,100319.0,100384.8,100317.0,100384.6,56.906
2024-12-13 14:04:00,100384.6,100384.6,100289.1,100296.7,32.371
2024-12-13 14:05:00,100296.7,100318.9,100266.4,100318.9,55.598
2024-12-13 14:06:00,100318.9,100383.0,100300.0,100380.5,58.585
2024-12-13 14:07:00,100380.5,100389.7,100380.5,100385.0,78.948
2024-12-13 14:08:00,100385.0,100400.0,100380.0,100383.8,90.78
2024-12-13 14:09:00,100383.8,100383.9,100347.5,100370.0,66.404
2024-12-13 14:10:00,100370.0,100400.0,100348.6,100361.1,35.268
2024-12-13 14:11:00,100361.1,100367.1,100317.1,100339.9,26.596
2024-12-13 14:12:00,100339.9,100376.7,100339.9,100360.5,29.884
2024-12-13 14:13:00,100360.5,100392.2,100300.0,100391.7,16.054
2024-12-13 14:14:00,100391.7,100434.3,100378.8,100418.4,32.066
2024-12-13 14:15:00,100418.4,100418.4,100350.0,100369.1,53.535
2024-12-13 14:16:00,100369.1,100375.0,100350.5,100356.3,25.08
2024-12-13 14:17:00,100356.3,100374.0,100330.1,100358.0,23.404
2024-12-13 14:18:00,100358.0,100358.0,100291.9,100304.0,50.522
2024-12-13 14:19:00,100304.0,100364.1,100304.0,100364.1,41.165
2024-12-13 14:20:00,100364.1,100455.2,100364.0,100454.9,22.96
2024-12-13 14:21:00,100454.9,100468.2,100419.8,100419.8,59.625
2024-12-13 14:22:00,100419.8,100450.2,100419.8,100440.9,41.315
2024-12-13 14:23:00,100440.9,100449.1,100419.9,100433.8,22.957
2024-12-13 14:24:00,100433.8,100433.8,100381.0,100381.3,16.57
2024-12-13 14:25:00,100381.3,100381.3,100350.0,100354.9,14.644
2024-12-13 14:26:00,100354.9,100421.2,100350.0,100408.6,17.89
2024-12-13 14:27:00,100408.6,100409.5,100381.3,100381.8,36.338
2024-12-13 14:28:00,100381.8,100381.8,100312.7,100350.3,31.755
2024-12-13 14:29:00,100350.3,100408.4,100350.3,100393.8,37.727
2024-12-13 14:30:00,100393.8,100394.1,100239.2,100297.0,33.109
2024-12-13 14:31:00,100297.0,100420.2,100262.3,100286.6,85.317
2024-12-13 14:32:00,100286.6,100419.0,100286.6,100418.7,59.732
2024-12-13 14:33:00,100418.7,100554.3,100414.7,100554.3,64.653
2024-12-13 14:34:00,100554.3,100573.3,100538.5,100567.0,168.182
2024-12-13 14:35:00,100567.0,100567.0,100421.1,100460.3,134.259
2024-12-13 14:36:00,100460.3,100650.0,100460.1,100649.9,122.882
2024-12-13 14:37:00,100649.9,100700.2,100649.9,100675.8,157.885
2024-12-13 14:38:00,100675.8,100675.8,100655.0,100671.6,238.962
2024-12-13 14:39:00,100671.6,100774.0,100663.7,100773.6,145.455
2024-12-13 14:40:00,100773.6,100820.4,100676.5,100799.9,366.776
2024-12-13 14:41:00,100799.9,100808.1,100734.5,100778.4,211.306
2024-12-13 14:42:00,100778.4,100790.1,100726.3,100726.3,98.245
2024-12-13 14:43:00,100726.3,100798.0,100726.3,100797.5,65.436
2024-12-13 14:44:00,100797.5,100855.8,100793.0,100848.8,160.766
2024-12-13 14:45:00,100848.8,100855.8,100759.5,100768.8,305.124
2024-12-13 14:46:00,100768.8,100774.4,100705.0,100732.9,158.963
2024-12-13 14:47:00,100732.9,100786.0,100732.9,100781.2,139.064
2024-12-13 14:48:00,100781.2,100781.2,100675.1,100724.4,120.729
2024-12-13 14:49:00,100724.4,100770.2,100687.9,100688.0,86.267
2024-12-13 14:50:00,100688.0,100709.9,100577.9,100709.9,103.495
2024-12-13 14:51:00,100709.9,100800.2,100644.9,100662.3,205.759
2024-12-13 14:52:00,100662.3,100675.3,100581.1,100651.2,113.347
2024-12-13 14:53:00,100651.2,100781.5,100620.0,100781.2,97.527
2024-12-13 14:54:00,100781.2,100837.1,100760.0,100836.7,54.986
2024-12-13 14:55:00,100836.7,100880.3,100782.7,100857.0,95.514
2024-12-13 14:56:00,100857.0,100968.1,100856.7,100935.5,152.969
2024-12-13 14:57:00,100935.5,100975.8,100914.7,100962.7,243.461
2024-12-13 14:58:00,100962.7,100969.0,100949.7,100965.6,150.355
2024-12-13 14:59:00,100965.6,100994.2,100940.7,100992.5,76.156
2024-12-13 15:00:00,100992.5,101059.2,100984.8,101039.5,258.352
2024-12-13 15:01:00,101039.5,101138.6,101015.5,101075.1,452.784
2024-12-13 15:02:00,101075.1,101075.2,100929.6,100933.6,304.727
2024-12-13 15:03:00,100933.6,101008.4,100930.0,101000.0,215.042
2024-12-13 15:04:00,101000.0,101031.5,100964.0,100964.0,147.402
2024-12-13 15:05:00,100964.0,100982.1,100836.6,100836.6,100.447
2024-12-13 15:06:00,100836.6,100850.2,100765.3,100807.2,125.678
2024-12-13 15:07:00,100807.2,100838.6,100699.8,100733.8,187.379
2024-12-13 15:08:00,100733.8,100784.0,100666.0,100748.7,154.564
2024-12-13 15:09:00,100748.7,100884.9,100748.7,100869.6,123.109
2024-12-13 15:10:00,100869.6,100950.0,100869.6,100949.7,92.105
2024-12-13 15:11:00,100949.7,100951.0,100923.2,100944.8,60.26
2024-12-13 15:12:00,100944.8,101182.3,100944.8,101177.9,725.331
2024-12-13 15:13:00,101177.9,101200.4,101154.8,101200.3,520.913
2024-12-13 15:14:00,101200.3,101282.8,101172.2,101172.2,331.69
2024-12-13 15:15:00,101172.2,101300.0,101170.6,101218.9,601.401
2024-12-13 15:16:00,101218.9,101300.0,101218.0,101278.5,322.841
2024-12-13 15:17:00,101278.5,101278.5,101198.0,101275.4,134.1
2024-12-13 15:18:00,101275.4,101287.4,101202.6,101210.3,142.546
2024-12-13 15:19:00,101210.3,101240.2,101160.1,101234.2,105.185
2024-12-13 15:20:00,101234.2,101280.0,101231.4,101280.0,148.415
2024-12-13 15:21:00,101280.0,101300.0,101217.8,101242.7,91.86
2024-12-13 15:22:00,101242.7,101276.0,101181.6,101190.6,102.945
2024-12-13 15:23:00,101190.6,101303.2,101150.9,101300.0,146.295
2024-12-13 15:24:00,101300.0,101322.1,101281.1,101307.5,203.975
2024-12-13 15:25:00,101307.5,101314.7,101228.8,101254.4,135.887
2024-12-13 15:26:00,101254.4,101288.4,101100.0,101119.1,96.71
2024-12-13 15:27:00,101119.1,101186.8,101060.1,101186.8,216.776
2024-12-13 15:28:00,101186.8,101214.4,101161.1,101168.0,172.602
2024-12-13 15:29:00,101168.0,101175.2,101090.0,101122.3,59.169
2024-12-13 15:30:00,101122.3,101241.0,101089.2,101211.9,73.429
2024-12-13 15:31:00,101211.9,101264.4,101185.1,101200.0,114.707
2024-12-13 15:32:00,101200.0,101288.5,101190.0,101272.8,145.883
2024-12-13 15:33:00,101272.8,101297.3,101209.0,101224.6,120.634
2024-12-13 15:34:00,101224.6,101284.0,101213.9,101250.7,45.276
2024-12-13 15:35:00,101250.7,101271.3,101191.0,101271.3,79.215
2024-12-13 15:36:00,101271.3,101327.4,101271.0,101291.3,192.347
2024-12-13 15:37:00,101291.3,101323.7,101266.3,101266.6,119.848
2024-12-13 15:38:00,101266.6,101339.2,101266.5,101327.4,102.707
2024-12-13 15:39:00,101327.4,101330.1,101258.2,101318.8,114.674
2024-12-13 15:40:00,101318.8,101328.2,101244.0,101268.2,108.128
2024-12-13 15:41:00,101268.2,101283.9,100999.5,100999.5,428.928
2024-12-13 15:42:00,100999.5,100999.7,100855.0,100875.5,631.768
2024-12-13 15:43:00,100875.5,100901.3,100750.0,100752.0,546.84
2024-12-13 15:44:00,100752.0,100755.9,100661.8,100741.6,424.691
2024-12-13 15:45:00,100741.6,100816.2,100668.6,100686.4,385.651
2024-12-13 15:46:00,100686.4,100795.3,100538.3,100549.4,793.953
2024-12-13 15:47:00,100549.4,100665.0,100526.5,100569.5,560.338
2024-12-13 15:48:00,100569.5,100600.0,100477.0,100518.3,250.117
2024-12-13 15:49:00,100518.3,100546.7,100455.5,100491.2,231.359
2024-12-13 15:50:00,100491.2,100517.6,100244.2,100257.3,476.871
2024-12-13 15:51:00,100257.3,100280.0,99999.0,100023.5,1122.425
2024-12-13 15:52:00,100023.5,100121.9,99888.0,99888.1,969.978
2024-12-13 15:53:00,99888.1,100071.6,99822.1,100071.6,597.961
2024-12-13 15:54:00,100071.6,100112.6,99976.7,99986.4,488.11
2024-12-13 15:55:00,99986.4,100000.2,99918.0,99918.1,509.081
2024-12-13 15:56:00,99918.1,99987.9,99796.0,99804.0,458.266
2024-12-13 15:57:00,99804.0,99839.0,99719.3,99740.2,428.64
2024-12-13 15:58:00,99740.2,99800.9,99657.8,99788.3,492.702
2024-12-13 15:59:00,99788.3,99918.3,99777.2,99840.3,474.394
2024-12-13 16:00:00,99840.3,100155.2,99825.6,100128.1,432.395
2024-12-13 16:01:00,100128.1,100130.8,99825.0,99825.0,573.651
2024-12-13 16:02:00,99825.0,99973.1,99750.0,99930.8,325.737
2024-12-13 16:03:00,99930.8,100055.0,99904.8,100055.0,403.607
2024-12-13 16:04:00,100055.0,100123.0,100039.9,100107.8,220.675
2024-12-13 16:05:00,100107.8,100110.2,99929.7,99978.1,187.815
2024-12-13 16:06:00,99978.1,100086.3,99954.1,100086.3,132.475
2024-12-13 16:07:00,100086.3,100131.1,100046.1,100094.6,159.194
2024-12-13 16:08:00,100094.6,100133.1,100014.8,100105.1,133.766
2024-12-13 16:09:00,100105.1,100171.4,100040.9,100150.2,89.226
2024-12-13 16:10:00,100150.2,100289.4,100111.0,100114.2,204.199
2024-12-13 16:11:00,100114.2,100160.8,100057.8,100128.0,331.288
2024-12-13 16:12:00,100128.0,100206.9,100082.8,100177.1,125.446
2024-12-13 16:13:00,100177.1,100177.1,100037.6,100043.2,98.782
2024-12-13 16:14:00,100043.2,100098.3,99943.8,100070.0,142.706
2024-12-13 16:15:00,100070.0,100280.2,100070.0,100218.1,187.921
2024-12-13 16:16:00,100218.1,100344.0,100218.1,100328.7,278.908
2024-12-13 16:17:00,100328.7,100344.0,100204.6,100272.3,560.486
2024-12-13 16:18:00,100272.3,100325.2,100213.2,100233.0,261.887
2024-12-13 16:19:00,100233.0,100277.5,100158.6,100176.2,92.577
2024-12-13 16:20:00,100176.2,100176.2,100050.0,100138.5,148.912
2024-12-13 16:21:00,100138.5,100138.5,99974.0,99992.8,252.469
2024-12-13 16:22:00,99992.8,100180.1,99984.9,100173.0,472.455
2024-12-13 16:23:00,100173.0,100337.4,100172.7,100286.8,171.905
2024-12-13 16:24:00,100286.8,100341.2,100237.7,100333.2,432.949
2024-12-13 16:25:00,100333.2,100340.1,100282.2,100284.9,98.443
2024-12-13 16:26:00,100284.9,100285.2,100100.0,100100.0,80.851
2024-12-13 16:27:00,100100.0,100205.3,100100.0,100205.3,74.863
2024-12-13 16:28:00,100205.3,100318.4,100205.3,100250.2,33.834
2024-12-13 16:29:00,100250.2,100279.2,100160.7,100162.8,41.291
2024-12-13 16:30:00,100162.8,100291.8,100162.1,100291.8,39.974
2024-12-13 16:31:00,100291.8,100363.0,100291.7,100353.8,46.785
2024-12-13 16:32:00,100353.8,100374.6,100322.8,100374.0,97.217
2024-12-13 16:33:00,100374.0,100661.9,100374.0,100649.5,908.285
2024-12-13 16:34:00,100649.5,100797.5,100641.7,100743.3,721.038
2024-12-13 16:35:00,100743.3,100743.3,100607.5,100649.9,541.47
2024-12-13 16:36:00,100649.9,100715.7,100616.3,100709.4,189.903
2024-12-13 16:37:00,100709.4,100709.4,100624.2,100699.9,190.656
2024-12-13 16:38:00,100699.9,100841.4,100676.0,100836.4,241.262
2024-12-13 16:39:00,100836.4,100850.6,100769.4,100769.4,178.598
2024-12-13 16:40:00,100769.4,100781.1,100641.9,100642.1,201.866
2024-12-13 16:41:00,100642.1,100698.0,100602.9,100671.6,239.807
2024-12-13 16:42:00,100671.6,100813.9,100621.7,100813.9,164.641
2024-12-13 16:43:00,100813.9,100927.1,100813.9,100910.0,204.184
2024-12-13 16:44:00,100910.0,100929.0,100850.2,100855.6,275.651
2024-12-13 16:45:00,100855.6,100946.2,100849.7,100944.7,176.811
2024-12-13 16:46:00,100944.7,100974.8,100901.6,100949.9,101.346
2024-12-13 16:47:00,100949.9,101035.0,100949.7,101011.9,159.778
2024-12-13 16:48:00,101011.9,101100.0,101001.5,101070.7,298.254
2024-12-13 16:49:00,101070.7,101097.8,101066.1,101084.7,242.207
2024-12-13 16:50:00,101084.7,101158.3,101059.6,101122.4,189.843
2024-12-13 16:51:00,101122.4,101194.2,101104.5,101124.1,405.153
2024-12-13 16:52:00,101124.1,101241.4,101124.1,101204.5,197.561
2024-12-13 16:53:00,101204.5,101208.6,101162.0,101202.2,190.51
2024-12-13 16:54:00,101202.2,101202.2,100889.4,100945.0,223.113
2024-12-13 16:55:00,100945.0,101000.4,100880.1,100895.8,555.08
2024-12-13 16:56:00,100895.8,100911.7,100756.4,100785.5,263.504
2024-12-13 16:57:00,100785.5,100893.5,100785.5,100834.9,302.99
2024-12-13 16:58:00,100834.9,100868.4,100834.9,100851.6,122.876
2024-12-13 16:59:00,100851.6,100987.8,100851.6,100950.1,77.858
2024-12-13 17:00:00,100950.1,100952.7,100844.7,100902.3,170.229
2024-12-13 17:01:00,100902.3,100985.0,100839.0,100856.5,109.72
2024-12-13 17:02:00,100856.5,100925.0,100850.0,100856.4,62.244
2024-12-13 17:03:00,100856.4,100918.4,100812.9,100814.3,100.836
2024-12-13 17:04:00,100814.3,100839.0,100772.3,100776.9,99.539
2024-12-13 17:05:00,100776.9,100920.0,100741.5,100899.9,172.813
2024-12-13 17:06:00,100899.9,101013.1,100820.0,101008.1,126.357
2024-12-13 17:07:00,101008.1,101009.7,100884.6,100920.3,114.287
2024-12-13 17:08:00,100920.3,100920.3,100846.3,100893.4,27.703
2024-12-13 17:09:00,100893.4,100982.8,100852.6,100937.1,33.315
2024-12-13 17:10:00,100937.1,101000.0,100927.1,100997.7,45.409
2024-12-13 17:11:00,100997.7,101119.7,100997.7,101109.1,67.178
2024-12-13 17:12:00,101109.1,101146.2,101059.2,101059.2,139.916
2024-12-13 17:13:00,101059.2,101076.6,101011.5,101037.7,174.753
2024-12-13 17:14:00,101037.7,101096.2,100994.0,101095.6,112.205
2024-12-13 17:15:00,101095.6,101149.3,101049.8,101050.1,121.915
2024-12-13 17:16:00,101050.1,101059.3,100988.6,101046.8,74.566
2024-12-13 17:17:00,101046.8,101059.2,101000.2,101021.1,63.393
2024-12-13 17:18:00,101021.1,101087.2,100955.7,101087.2,39.623
2024-12-13 17:19:00,101087.2,101124.5,101058.5,101124.1,51.095
2024-12-13 17:20:00,101124.1,101160.0,101110.1,101149.9,77.474
2024-12-13 17:21:00,101149.9,101180.0,101130.1,101180.0,162.614
2024-12-13 17:22:00,101180.0,101262.3,101166.9,101247.4,104.108
2024-12-13 17:23:00,101247.4,101300.2,101223.4,101283.0,155.777
2024-12-13 17:24:00,101283.0,101292.8,101215.0,101288.9,132.176
2024-12-13 17:25:00,101288.9,101289.4,101188.0,101190.5,72.375
2024-12-13 17:26:00,101190.5,101257.7,101180.5,101239.0,90.436
2024-12-13 17:27:00,101239.0,101253.9,101193.0,101206.0,91.603
2024-12-13 17:28:00,101206.0,101217.0,101189.3,101191.0,38.325
2024-12-13 17:29:00,101191.0,101230.0,101189.3,101227.0,75.445
2024-12-13 17:30:00,101227.0,101228.0,101197.1,101227.9,41.374
2024-12-13 17:31:00,101227.9,101384.4,101219.9,101219.9,118.815
2024-12-13 17:32:00,101219.9,101219.9,101071.8,101123.3,375.789
2024-12-13 17:33:00,101123.3,101123.3,100991.3,101018.3,181.526
2024-12-13 17:34:00,101018.3,101018.3,100964.4,100969.2,161.778
2024-12-13 17:35:00,100969.2,101231.2,100969.2,101206.4,859.475
2024-12-13 17:36:00,101206.4,101256.0,101134.2,101240.2,502.273
2024-12-13 17:37:00,101240.2,101248.7,101205.0,101226.4,66.64
2024-12-13 17:38:00,101226.4,101488.7,101183.0,101464.3,175.654
2024-12-13 17:39:00,101464.3,101469.6,101400.0,101421.5,523.43
2024-12-13 17:40:00,101421.5,101450.0,101384.6,101437.6,165.643
2024-12-13 17:41:00,101437.6,101519.2,101427.9,101518.9,168.957
2024-12-13 17:42:00,101518.9,101573.2,101507.3,101557.1,339.513
2024-12-13 17:43:00,101557.1,101568.9,101489.5,101509.2,357.37
2024-12-13 17:44:00,101509.2,101555.0,101487.6,101499.8,127.016
2024-12-13 17:45:00,101499.8,101509.8,101400.0,101403.4,156.364
2024-12-13 17:46:00,101403.4,101416.3,101362.2,101393.3,206.753
2024-12-13 17:47:00,101393.3,101483.9,101393.0,101437.9,59.278
2024-12-13 17:48:00,101437.9,101437.9,101367.2,101395.0,65.512
2024-12-13 17:49:00,101395.0,101409.9,101351.4,101358.3,50.407
2024-12-13 17:50:00,101358.3,101394.2,101300.0,101394.2,131.871
2024-12-13 17:51:00,101394.2,101575.3,101394.0,101574.9,168.852
2024-12-13 17:52:00,101574.9,101600.3,101544.1,101544.7,395.249
2024-12-13 17:53:00,101544.7,101700.2,101544.7,101670.0,679.442
2024-12-13 17:54:00,101670.0,101748.7,101661.4,101726.9,564.243
2024-12-13 17:55:00,101726.9,101747.9,101655.8,101705.6,283.301
2024-12-13 17:56:00,101705.6,101736.7,101680.0,101729.7,314.736
2024-12-13 17:57:00,101729.7,101732.9,101672.9,101725.9,134.079
2024-12-13 17:58:00,101725.9,101734.8,101688.5,101700.0,111.999
2024-12-13 17:59:00,101700.0,101740.0,101694.1,101697.8,204.569
2024-12-13 18:00:00,101697.8,101730.0,101640.0,101676.3,150.804
2024-12-13 18:01:00,101676.3,101730.0,101630.8,101681.7,110.527
2024-12-13 18:02:00,101681.7,101720.0,101644.9,101644.9,69.356
2024-12-13 18:03:00,101644.9,101700.0,101565.1,101700.0,55.457
2024-12-13 18:04:00,101700.0,101769.3,101699.9,101757.0,148.725
2024-12-13 18:05:00,101757.0,101758.5,101650.3,101713.6,132.564
2024-12-13 18:06:00,101713.6,101713.6,101580.8,101599.8,93.894
2024-12-13 18:07:00,101599.8,101732.7,101578.4,101732.0,129.421
2024-12-13 18:08:00,101732.0,101782.0,101718.8,101729.9,83.117
2024-12-13 18:09:00,101729.9,101745.5,101656.0,101734.8,97.219
2024-12-13 18:10:00,101734.8,101734.8,101615.6,101625.6,62.074
2024-12-13 18:11:00,101625.6,101625.6,101500.0,101540.0,295.149
2024-12-13 18:12:00,101540.0,101564.4,101530.6,101539.9,507.026
2024-12-13 18:13:00,101539.9,101600.2,101539.7,101539.7,84.012
2024-12-13 18:14:00,101539.7,101567.4,101508.0,101531.4,51.718
2024-12-13 18:15:00,101531.4,101570.2,101502.9,101561.9,86.508
2024-12-13 18:16:00,101561.9,101573.7,101455.6,101475.6,94.669
2024-12-13 18:17:00,101475.6,101475.6,101404.5,101430.2,97.539
2024-12-13 18:18:00,101430.2,101442.5,101370.9,101386.9,150.457
2024-12-13 18:19:00,101386.9,101386.9,101246.6,101265.3,242.608
2024-12-13 18:20:00,101265.3,101465.3,101265.0,101459.3,873.244
2024-12-13 18:21:00,101459.3,101459.3,101399.5,101399.5,528.249
2024-12-13 18:22:00,101399.5,101459.3,101397.2,101397.2,78.591
2024-12-13 18:23:00,101397.2,101447.7,101397.2,101447.5,48.535
2024-12-13 18:24:00,101447.5,101452.4,101390.0,101392.6,95.276
2024-12-13 18:25:00,101392.6,101464.2,101384.6,101463.5,152.794
2024-12-13 18:26:00,101463.5,101536.6,101436.0,101536.6,59.237
2024-12-13 18:27:00,101536.6,101683.7,101531.8,101630.4,117.455
2024-12-13 18:28:00,101630.4,101696.9,101630.4,101654.3,181.296
2024-12-13 18:29:00,101654.3,101664.9,101632.6,101646.8,90.512
2024-12-13 18:30:00,101646.8,101685.6,101632.3,101646.6,37.491
2024-12-13 18:31:00,101646.6,101666.6,101625.4,101625.4,48.604
2024-12-13 18:32:00,101625.4,101656.0,101591.9,101656.0,49.26
2024-12-13 18:33:00,101656.0,101700.0,101651.2,101699.0,36.793
2024-12-13 18:34:00,101699.0,101720.0,101683.0,101720.0,33.308
2024-12-13 18:35:00,101720.0,101742.2,101667.0,101742.2,35.329
2024-12-13 18:36:00,101742.2,101745.5,101672.8,101676.9,54.157
2024-12-13 18:37:00,101676.9,101783.8,101676.7,101762.7,60.435
2024-12-13 18:38:00,101762.7,101816.0,101738.5,101752.7,143.71
2024-12-13 18:39:00,101752.7,101773.6,101709.3,101773.6,143.635
2024-12-13 18:40:00,101773.6,101840.4,101773.6,101827.0,120.942
2024-12-13 18:41:00,101827.0,101870.1,101795.3,101795.3,173.328
2024-12-13 18:42:00,101795.3,101826.8,101771.8,101824.2,123.861
2024-12-13 18:43:00,101824.2,101824.4,101723.4,101749.6,55.61
2024-12-13 18:44:00,101749.6,101749.6,101711.8,101727.0,57.244
2024-12-13 18:45:00,101727.0,101742.2,101692.8,101740.0,94.637
2024-12-13 18:46:00,101740.0,101742.2,101579.8,101618.2,128.144
2024-12-13 18:47:00,101618.2,101618.5,101542.6,101569.8,123.06
2024-12-13 18:48:00,101569.8,101681.9,101529.0,101546.5,63.301
2024-12-13 18:49:00,101546.5,101576.0,101502.9,101503.2,81.6
2024-12-13 18:50:00,101503.2,101584.5,101413.9,101537.6,968.07
2024-12-13 18:51:00,101537.6,101595.1,101516.1,101534.8,520.931
2024-12-13 18:52:00,101534.8,101554.1,101506.1,101541.7,82.03
2024-12-13 18:53:00,101541.7,101549.2,101488.7,101497.6,46.733
2024-12-13 18:54:00,101497.6,101569.6,101497.6,101567.3,79.509
2024-12-13 18:55:00,101567.3,101567.3,101514.8,101530.1,76.129
2024-12-13 18:56:00,101530.1,101537.9,101480.0,101520.0,157.021
2024-12-13 18:57:00,101520.0,101520.0,101501.7,101508.9,30.674
2024-12-13 18:58:00,101508.9,101508.9,101464.0,101491.5,26.26
2024-12-13 18:59:00,101491.5,101500.0,101449.7,101449.7,64.428
2024-12-13 19:00:00,101449.7,101464.3,101414.2,101414.2,31.362
2024-12-13 19:01:00,101414.2,101442.3,101394.5,101406.9,44.628
2024-12-13 19:02:00,101406.9,101421.3,101392.9,101405.3,80.502
2024-12-13 19:03:00,101405.3,101405.6,101320.0,101320.0,65.298
2024-12-13 19:04:00,101320.0,101380.6,101302.3,101374.6,88.296
2024-12-13 19:05:00,101374.6,101398.7,101336.6,101367.0,83.016
2024-12-13 19:06:00,101367.0,101443.0,101367.0,101437.8,68.824
2024-12-13 19:07:00,101437.8,101437.8,101350.0,101350.3,55.651
2024-12-13 19:08:00,101350.3,101377.3,101344.2,101344.5,65.423
2024-12-13 19:09:00,101344.5,101400.2,101333.0,101400.0,40.449
2024-12-13 19:10:00,101400.0,101443.0,101399.9,101442.9,29.084
2024-12-13 19:11:00,101442.9,101443.2,101346.6,101380.2,24.99
2024-12-13 19:12:00,101380.2,101406.2,101314.0,101314.2,35.595
2024-12-13 19:13:00,101314.2,101322.5,101296.0,101299.5,19.872
2024-12-13 19:14:00,101299.5,101324.5,101299.5,101300.0,43.617
2024-12-13 19:15:00,101300.0,101349.8,101286.0,101307.7,25.493
2024-12-13 19:16:00,101307.7,101332.9,101289.0,101332.8,41.541
2024-12-13 19:17:00,101332.8,101346.1,101305.6,101324.1,15.805
2024-12-13 19:18:00,101324.1,101324.1,101271.0,101271.0,33.569
2024-12-13 19:19:00,101271.0,101296.3,101256.9,101283.9,58.27
2024-12-13 19:20:00,101283.9,101330.2,101283.9,101310.7,40.668
2024-12-13 19:21:00,101310.7,101419.5,101285.9,101416.8,63.797
2024-12-13 19:22:00,101416.8,101513.3,101416.8,101507.2,84.92
2024-12-13 19:23:00,101507.2,101507.5,101423.8,101439.9,76.988
2024-12-13 19:24:00,101439.9,101511.1,101416.0,101511.1,48.727
2024-12-13 19:25:00,101511.1,101511.1,101451.2,101451.2,22.367
2024-12-13 19:26:00,101451.2,101451.2,101372.7,101400.0,31.736
2024-12-13 19:27:00,101400.0,101432.5,101373.3,101373.6,40.474
2024-12-13 19:28:00,101373.6,101373.6,101199.9,101241.1,56.986
2024-12-13 19:29:00,101241.1,101276.0,101216.4,101221.8,158.67
2024-12-13 19:30:00,101221.8,101288.1,101221.8,101287.8,30.146
2024-12-13 19:31:00,101287.8,101288.6,101260.6,101271.6,26.096
2024-12-13 19:32:00,101271.6,101400.2,101271.6,101333.4,38.375
2024-12-13 19:33:00,101333.4,101333.4,101262.5,101288.1,43.154
2024-12-13 19:34:00,101288.1,101288.1,101207.7,101210.9,39.857
2024-12-13 19:35:00,101210.9,101225.6,101183.6,101198.3,84.862
2024-12-13 19:36:00,101198.3,101250.2,101198.3,101249.9,125.051
2024-12-13 19:37:00,101249.9,101249.9,101192.7,101192.7,24.726
2024-12-13 19:38:00,101192.7,101201.3,101155.0,101192.2,38.82
2024-12-13 19:39:00,101192.2,101234.0,101174.6,101174.9,88.373
2024-12-13 19:40:00,101174.9,101202.5,101169.4,101202.5,34.385
2024-12-13 19:41:00,101202.5,101288.1,101202.5,101230.1,33.63
2024-12-13 19:42:00,101230.1,101230.1,101200.5,101223.2,51.086
2024-12-13 19:43:00,101223.2,101231.4,101200.0,101229.3,28.75
2024-12-13 19:44:00,101229.3,101229.3,101189.3,101210.2,33.919
2024-12-13 19:45:00,101210.2,101254.6,101209.9,101254.5,34.152
2024-12-13 19:46:00,101254.5,101315.3,101254.5,101315.3,23.361
2024-12-13 19:47:00,101315.3,101319.7,101292.4,101317.0,26.42
2024-12-13 19:48:00,101317.0,101365.3,101289.3,101350.3,30.672
2024-12-13 19:49:00,101350.3,101399.1,101350.3,101367.1,42.593
2024-12-13 19:50:00,101367.1,101367.1,101284.0,101349.9,20.274
2024-12-13 19:51:00,101349.9,101350.2,101322.8,101350.1,12.562
2024-12-13 19:52:00,101350.1,101468.7,101350.0,101457.7,23.291
2024-12-13 19:53:00,101457.7,101540.3,101453.7,101527.4,75.487
2024-12-13 19:54:00,101527.4,101548.0,101527.0,101547.3,85.639
2024-12-13 19:55:00,101547.3,101575.2,101519.9,101519.9,32.098
2024-12-13 19:56:00,101519.9,101532.3,101482.0,101498.5,60.94
2024-12-13 19:57:00,101498.5,101536.4,101474.3,101536.4,24.792
2024-12-13 19:58:00,101536.4,101552.1,101466.0,101466.0,18.674
2024-12-13 19:59:00,101466.0,101490.8,101401.9,101416.0,15.154
2024-12-13 20:00:00,101416.0,101466.0,101411.1,101461.8,28.919
2024-12-13 20:01:00,101461.8,101461.8,101355.6,101355.6,79.785
2024-12-13 20:02:00,101355.6,101355.9,101293.9,101331.2,175.511
2024-12-13 20:03:00,101331.2,101376.4,101299.0,101357.0,49.643
2024-12-13 20:04:00,101357.0,101357.0,101300.0,101344.6,30.026
2024-12-13 20:05:00,101344.6,101357.0,101225.1,101226.8,96.483
2024-12-13 20:06:00,101226.8,101294.0,101224.4,101254.2,174.959
2024-12-13 20:07:00,101254.2,101263.6,101200.0,101200.3,27.184
2024-12-13 20:08:00,101200.3,101359.5,101170.3,101357.1,535.749
2024-12-13 20:09:00,101357.1,101436.8,101321.3,101436.8,503.221
2024-12-13 20:10:00,101436.8,101461.7,101425.9,101450.0,58.761
2024-12-13 20:11:00,101450.0,101455.6,101371.8,101371.8,39.663
2024-12-13 20:12:00,101371.8,101387.3,101348.7,101348.7,108.964
2024-12-13 20:13:00,101348.7,101348.7,101281.2,101281.4,98.437
2024-12-13 20:14:00,101281.4,101331.6,101281.4,101331.5,16.523
2024-12-13 20:15:00,101331.5,101364.3,101289.8,101343.5,11.718
2024-12-13 20:16:00,101343.5,101426.4,101343.5,101424.6,21.213
2024-12-13 20:17:00,101424.6,101426.7,101387.2,101426.7,46.432
2024-12-13 20:18:00,101426.7,101464.6,101426.7,101434.7,40.119
2024-12-13 20:19:00,101434.7,101497.3,101434.4,101497.0,29.106
2024-12-13 20:20:00,101497.0,101541.4,101496.9,101540.8,25.337
2024-12-13 20:21:00,101540.8,101550.2,101491.2,101542.2,54.316
2024-12-13 20:22:00,101542.2,101542.2,101519.0,101540.4,42.629
2024-12-13 20:23:00,101540.4,101613.9,101531.4,101604.7,60.11
2024-12-13 20:24:00,101604.7,101606.4,101564.5,101570.0,110.558
2024-12-13 20:25:00,101570.0,101595.5,101541.9,101595.5,30.974
2024-12-13 20:26:00,101595.5,101603.8,101563.5,101590.4,51.079
2024-12-13 20:27:00,101590.4,101615.9,101581.9,101607.8,67.58
2024-12-13 20:28:00,101607.8,101637.4,101600.6,101626.2,45.846
2024-12-13 20:29:00,101626.2,101640.2,101610.0,101627.2,52.353
2024-12-13 20:30:00,101627.2,101683.0,101626.9,101660.0,27.235
2024-12-13 20:31:00,101660.0,101660.0,101615.6,101639.7,62.234
2024-12-13 20:32:00,101639.7,101697.8,101636.2,101636.2,50.029
2024-12-13 20:33:00,101636.2,101681.1,101636.2,101660.2,27.036
2024-12-13 20:34:00,101660.2,101693.2,101636.6,101636.6,24.504
2024-12-13 20:35:00,101636.6,101659.0,101561.2,101584.3,53.335
2024-12-13 20:36:00,101584.3,101626.3,101567.0,101626.3,97.778
2024-12-13 20:37:00,101626.3,101697.1,101626.3,101697.1,35.927
2024-12-13 20:38:00,101697.1,101726.5,101633.0,101636.9,24.377
2024-12-13 20:39:00,101636.9,101691.4,101618.4,101691.4,52.885
2024-12-13 20:40:00,101691.4,101700.0,101667.3,101691.8,38.202
2024-12-13 20:41:00,101691.8,101750.0,101691.8,101729.5,132.792
2024-12-13 20:42:00,101729.5,101800.3,101722.4,101769.6,193.618
2024-12-13 20:43:00,101769.6,101797.7,101721.8,101739.6,366.522
2024-12-13 20:44:00,101739.6,101769.7,101739.6,101756.5,236.9
2024-12-13 20:45:00,101756.5,101800.0,101756.5,101772.9,32.923
2024-12-13 20:46:00,101772.9,101791.8,101768.0,101768.3,65.099
2024-12-13 20:47:00,101768.3,101788.9,101633.8,101639.6,82.552
2024-12-13 20:48:00,101639.6,101666.3,101595.2,101615.6,62.516
2024-12-13 20:49:00,101615.6,101687.0,101615.6,101687.0,74.52
2024-12-13 20:50:00,101687.0,101688.0,101627.1,101656.2,140.558
2024-12-13 20:51:00,101656.2,101659.7,101600.0,101600.0,31.312
2024-12-13 20:52:00,101600.0,101600.0,101521.9,101526.5,93.995
2024-12-13 20:53:00,101526.5,101588.7,101514.8,101588.5,262.045
2024-12-13 20:54:00,101588.5,101588.5,101528.9,101540.1,373.109
2024-12-13 20:55:00,101540.1,101593.9,101535.0,101535.3,24.954
2024-12-13 20:56:00,101535.3,101549.8,101500.3,101500.3,14.375
2024-12-13 20:57:00,101500.3,101500.3,101483.0,101483.0,21.77
2024-12-13 20:58:00,101483.0,101500.0,101482.3,101500.0,49.637
2024-12-13 20:59:00,101500.0,101685.9,101500.0,101623.6,39.478
2024-12-13 21:00:00,101623.6,101623.8,101514.7,101534.2,67.159
2024-12-13 21:01:00,101534.2,101534.5,101493.7,101505.4,46.677
2024-12-13 21:02:00,101505.4,101537.3,101505.3,101505.6,12.49
2024-12-13 21:03:00,101505.6,101529.5,101500.0,101500.0,13.63
2024-12-13 21:04:00,101500.0,101510.7,101484.5,101493.2,9.833
2024-12-13 21:05:00,101493.2,101506.9,101469.6,101478.8,16.039
2024-12-13 21:06:00,101478.8,101483.8,101478.3,101480.0,8.46
2024-12-13 21:07:00,101480.0,101500.0,101450.0,101450.3,13.577
2024-12-13 21:08:00,101450.3,101475.0,101449.7,101464.7,23.839
2024-12-13 21:09:00,101464.7,101483.8,101454.4,101454.4,17.14
2024-12-13 21:10:00,101454.4,101461.6,101440.5,101446.7,16.275
2024-12-13 21:11:00,101446.7,101480.1,101440.5,101480.0,11.473
2024-12-13 21:12:00,101480.0,101490.2,101471.4,101471.7,17.062
2024-12-13 21:13:00,101471.7,101471.7,101440.0,101457.3,7.227
2024-12-13 21:14:00,101457.3,101461.3,101445.2,101445.2,7.189
2024-12-13 21:15:00,101445.2,101453.3,101444.4,101446.4,5.819
2024-12-13 21:16:00,101446.4,101465.6,101440.0,101465.3,13.35
2024-12-13 21:17:00,101465.3,101479.2,101418.2,101430.2,57.184
2024-12-13 21:18:00,101430.2,101466.5,101401.0,101401.0,100.591
2024-12-13 21:19:00,101401.0,101401.0,101353.5,101353.7,22.003
2024-12-13 21:20:00,101353.7,101374.5,101303.7,101374.5,36.994
2024-12-13 21:21:00,101374.5,101391.4,101361.9,101362.2,38.614
2024-12-13 21:22:00,101362.2,101374.4,101290.3,101290.3,18.812
2024-12-13 21:23:00,101290.3,101298.0,101264.2,101264.2,13.022
2024-12-13 21:24:00,101264.2,101275.9,101260.3,101275.1,25.967
2024-12-13 21:25:00,101275.1,101275.1,101253.3,101268.9,48.675
2024-12-13 21:26:00,101268.9,101269.2,101218.0,101221.9,114.539
2024-12-13 21:27:00,101221.9,101250.3,101208.0,101236.9,22.354
2024-12-13 21:28:00,101236.9,101236.9,101201.9,101220.1,51.356
2024-12-13 21:29:00,101220.1,101225.2,101215.6,101216.1,106.236
2024-12-13 21:30:00,101216.1,101264.9,101200.1,101259.1,44.821
2024-12-13 21:31:00,101259.1,101319.7,101259.1,101290.1,119.853
2024-12-13 21:32:00,101290.1,101367.3,101289.8,101367.0,41.867
2024-12-13 21:33:00,101367.0,101367.0,101340.6,101348.7,23.232
2024-12-13 21:34:00,101348.7,101363.1,101290.5,101290.5,21.297
2024-12-13 21:35:00,101290.5,101305.9,101290.4,101305.1,17.565
2024-12-13 21:36:00,101305.1,101367.3,101305.1,101367.1,26.782
2024-12-13 21:37:00,101367.1,101368.5,101314.7,101337.0,22.349
2024-12-13 21:38:00,101337.0,101357.4,101337.0,101349.7,17.126
2024-12-13 21:39:00,101349.7,101369.0,101345.1,101369.0,15.204
2024-12-13 21:40:00,101369.0,101381.8,101362.4,101362.4,13.025
2024-12-13 21:41:00,101362.4,101370.0,101362.4,101369.9,25.484
2024-12-13 21:42:00,101369.9,101375.2,101330.1,101338.9,10.024
2024-12-13 21:43:00,101338.9,101348.4,101320.0,101329.9,14.244
2024-12-13 21:44:00,101329.9,101329.9,101302.9,101319.9,7.814
2024-12-13 21:45:00,101319.9,101445.9,101319.9,101416.9,17.99
2024-12-13 21:46:00,101416.9,101416.9,101329.6,101329.6,46.058
2024-12-13 21:47:00,101329.6,101341.8,101319.5,101330.0,12.007
2024-12-13 21:48:00,101330.0,101362.1,101330.0,101362.1,10.562
2024-12-13 21:49:00,101362.1,101397.4,101355.4,101383.4,18.187
2024-12-13 21:50:00,101383.4,101391.6,101371.8,101380.1,8.05
2024-12-13 21:51:00,101380.1,101416.4,101380.0,101388.1,9.903
2024-12-13 21:52:00,101388.1,101388.1,101369.0,101381.1,13.473
2024-12-13 21:53:00,101381.1,101381.1,101336.5,101369.2,8.7
2024-12-13 21:54:00,101369.2,101373.7,101343.8,101344.1,9.237
2024-12-13 21:55:00,101344.1,101344.1,101337.3,101343.8,5.797
2024-12-13 21:56:00,101343.8,101346.6,101328.6,101346.2,6.111
2024-12-13 21:57:00,101346.2,101374.2,101316.6,101316.9,10.157
2024-12-13 21:58:00,101316.9,101331.8,101316.6,101322.9,9.809
2024-12-13 21:59:00,101322.9,101322.9,101222.3,101227.5,58.627
2024-12-13 22:00:00,101227.5,101266.6,101227.5,101266.6,165.125
2024-12-13 22:01:00,101266.6,101307.4,101266.3,101307.0,15.153
2024-12-13 22:02:00,101307.0,101310.2,101279.7,101309.9,11.201
2024-12-13 22:03:00,101309.9,101330.4,101300.3,101312.0,16.062
2024-12-13 22:04:00,101312.0,101316.6,101296.7,101316.4,9.144
2024-12-13 22:05:00,101316.4,101322.9,101312.3,101322.6,6.72
2024-12-13 22:06:00,101322.6,101322.7,101283.2,101283.5,7.466
2024-12-13 22:07:00,101283.5,101283.5,101230.2,101257.0,13.189
2024-12-13 22:08:00,101257.0,101279.1,101244.8,101258.9,20.081
2024-12-13 22:09:00,101258.9,101259.8,101227.6,101227.6,5.828
2024-12-13 22:10:00,101227.6,101227.9,101178.0,101178.0,17.795
2024-12-13 22:11:00,101178.0,101178.2,101069.7,101076.4,78.621
2024-12-13 22:12:00,101076.4,101160.0,101062.7,101160.0,160.035
2024-12-13 22:13:00,101160.0,101200.2,101150.0,101150.0,130.184
2024-12-13 22:14:00,101150.0,101211.0,101138.4,101173.4,32.84
2024-12-13 22:15:00,101173.4,101178.4,101135.2,101152.7,24.84
2024-12-13 22:16:00,101152.7,101186.2,101139.6,101174.6,10.719
2024-12-13 22:17:00,101174.6,101186.2,101167.3,101176.5,17.347
2024-12-13 22:18:00,101176.5,101176.5,101097.8,101112.9,23.523
2024-12-13 22:19:00,101112.9,101120.7,101071.0,101071.0,46.692
2024-12-13 22:20:00,101071.0,101071.3,101060.0,101067.0,35.558
2024-12-13 22:21:00,101067.0,101124.4,101039.4,101124.1,36.593
2024-12-13 22:22:00,101124.1,101150.0,101076.5,101150.0,57.454
2024-12-13 22:23:00,101150.0,101162.8,101149.9,101150.3,29.523
2024-12-13 22:24:00,101150.3,101150.3,101129.0,101129.0,14.624
2024-12-13 22:25:00,101129.0,101129.0,101100.0,101100.3,12.465
2024-12-13 22:26:00,101100.3,101100.3,101050.1,101050.4,21.914
2024-12-13 22:27:00,101050.4,101050.5,101050.1,101050.4,16.797
2024-12-13 22:28:00,101050.4,101126.2,101050.1,101123.6,16.615
2024-12-13 22:29:00,101123.6,101123.9,101087.2,101087.2,22.583
2024-12-13 22:30:00,101087.2,101087.2,101073.6,101073.7,9.423
2024-12-13 22:31:00,101073.7,101094.4,101073.7,101094.1,20.376
2024-12-13 22:32:00,101094.1,101094.4,101084.6,101084.6,15.701
2024-12-13 22:33:00,101084.6,101141.5,101084.6,101141.1,26.233
2024-12-13 22:34:00,101141.1,101186.3,101141.1,101185.9,35.201
2024-12-13 22:35:00,101185.9,101250.6,101185.9,101242.5,51.948
2024-12-13 22:36:00,101242.5,101250.3,101240.7,101243.0,39.913
2024-12-13 22:37:00,101243.0,101243.1,101190.0,101190.0,13.212
2024-12-13 22:38:00,101190.0,101240.3,101189.7,101240.0,13.691
2024-12-13 22:39:00,101240.0,101250.6,101240.0,101240.4,13.482
2024-12-13 22:40:00,101240.4,101240.6,101195.8,101195.8,7.722
2024-12-13 22:41:00,101195.8,101254.6,101185.8,101254.0,10.114
2024-12-13 22:42:00,101254.0,101254.1,101253.8,101254.1,13.155
2024-12-13 22:43:00,101254.1,101325.8,101253.8,101325.8,31.75
2024-12-13 22:44:00,101325.8,101327.3,101302.1,101327.3,81.319
2024-12-13 22:45:00,101327.3,101341.3,101327.3,101341.0,12.548
2024-12-13 22:46:00,101341.0,101350.0,101325.9,101349.9,21.674
2024-12-13 22:47:00,101349.9,101350.0,101347.4,101349.7,14.31
2024-12-13 22:48:00,101349.7,101350.0,101336.7,101336.8,9.241
2024-12-13 22:49:00,101336.8,101336.8,101254.4,101254.4,18.173
2024-12-13 22:50:00,101254.4,101254.4,101189.3,101226.5,35.875
2024-12-13 22:51:00,101226.5,101244.1,101226.5,101243.2,29.021
2024-12-13 22:52:00,101243.2,101243.5,101189.3,101196.6,22.814
2024-12-13 22:53:00,101196.6,101209.6,101196.6,101209.3,15.496
2024-12-13 22:54:00,101209.3,101247.9,101209.3,101247.8,9.537
2024-12-13 22:55:00,101247.8,101250.2,101223.4,101223.4,10.166
2024-12-13 22:56:00,101223.4,101278.3,101223.4,101278.0,12.448
2024-12-13 22:57:00,101278.0,101308.9,101278.0,101293.8,23.773
2024-12-13 22:58:00,101293.8,101293.8,101245.0,101245.1,14.657
2024-12-13 22:59:00,101245.1,101245.1,101200.0,101201.8,12.809
2024-12-13 23:00:00,101201.8,101201.9,101149.2,101199.6,23.274
2024-12-13 23:01:00,101199.6,101254.6,101199.6,101247.6,17.585
2024-12-13 23:02:00,101247.6,101247.6,101199.9,101201.0,9.077
2024-12-13 23:03:00,101201.0,101229.5,101189.7,101229.5,20.982
2024-12-13 23:04:00,101229.5,101245.0,101218.2,101245.0,41.031
2024-12-13 23:05:00,101245.0,101245.0,101210.0,101219.5,3.217
2024-12-13 23:06:00,101219.5,101242.1,101210.6,101235.9,6.677
2024-12-13 23:07:00,101235.9,101244.8,101225.6,101234.0,9.082
2024-12-13 23:08:00,101234.0,101245.1,101228.8,101228.8,4.315
2024-12-13 23:09:00,101228.8,101238.5,101228.8,101238.5,5.051
2024-12-13 23:10:00,101238.5,101245.0,101204.9,101205.0,7.298
2024-12-13 23:11:00,101205.0,101205.0,101170.0,101183.6,9.496
2024-12-13 23:12:00,101183.6,101225.0,101170.8,101224.9,9.112
2024-12-13 23:13:00,101224.9,101229.5,101193.0,101193.3,11.086
2024-12-13 23:14:00,101193.3,101205.5,101176.0,101179.9,21.304
2024-12-13 23:15:00,101179.9,101184.7,101158.2,101168.6,35.078
2024-12-13 23:16:00,101168.6,101168.8,101136.9,101148.8,13.266
2024-12-13 23:17:00,101148.8,101151.3,101128.3,101129.3,23.149
2024-12-13 23:18:00,101129.3,101130.2,101124.0,101129.9,18.954
2024-12-13 23:19:00,101129.9,101167.7,101126.0,101158.9,19.744
2024-12-13 23:20:00,101158.9,101158.9,101119.3,101119.6,19.186
2024-12-13 23:21:00,101119.6,101120.0,101112.4,101112.4,10.503
2024-12-13 23:22:00,101112.4,101122.7,101111.3,101111.6,8.382
2024-12-13 23:23:00,101111.6,101123.1,101110.0,101110.1,16.046
2024-12-13 23:24:00,101110.1,101112.2,101110.0,101111.9,4.711
2024-12-13 23:25:00,101111.9,101123.1,101111.9,101123.0,7.168
2024-12-13 23:26:00,101123.0,101138.2,101110.1,101119.5,10.384
2024-12-13 23:27:00,101119.5,101133.0,101110.1,101120.1,9.324
2024-12-13 23:28:00,101120.1,101120.4,101110.0,101110.0,11.478
2024-12-13 23:29:00,101110.0,101110.1,101088.1,101092.2,27.833
2024-12-13 23:30:00,101092.2,101139.3,101091.6,101132.2,71.033
2024-12-13 23:31:00,101132.2,101149.5,101129.0,101129.2,10.855
2024-12-13 23:32:00,101129.2,101216.1,101129.2,101203.1,28.335
2024-12-13 23:33:00,101203.1,101203.3,101194.7,101195.1,28.269
2024-12-13 23:34:00,101195.1,101196.2,101189.7,101189.7,28.215
2024-12-13 23:35:00,101189.7,101198.8,101188.3,101198.7,25.386
2024-12-13 23:36:00,101198.7,101205.0,101160.4,101167.2,40.588
2024-12-13 23:37:00,101167.2,101167.2,101154.5,101154.8,21.73
2024-12-13 23:38:00,101154.8,101154.8,101150.6,101150.9,13.099
2024-12-13 23:39:00,101150.9,101198.4,101124.2,101198.4,24.14
2024-12-13 23:40:00,101198.4,101236.0,101198.4,101210.3,58.89
2024-12-13 23:41:00,101210.3,101210.3,101189.9,101189.9,25.658
2024-12-13 23:42:00,101189.9,101210.0,101187.8,101210.0,8.734
2024-12-13 23:43:00,101210.0,101230.2,101209.1,101216.6,10.624
2024-12-13 23:44:00,101216.6,101216.6,101200.0,101200.3,16.494
2024-12-13 23:45:00,101200.3,101253.8,101200.3,101253.7,33.306
2024-12-13 23:46:00,101253.7,101311.3,101253.7,101302.8,20.756
2024-12-13 23:47:00,101302.8,101320.5,101282.7,101320.5,36.494
2024-12-13 23:48:00,101320.5,101320.5,101256.0,101281.2,28.053
2024-12-13 23:49:00,101281.2,101281.2,101232.3,101241.7,36.046
2024-12-13 23:50:00,101241.7,101241.9,101235.6,101235.9,5.133
2024-12-13 23:51:00,101235.9,101245.5,101200.0,101200.0,5.194
2024-12-13 23:52:00,101200.0,101214.6,101200.0,101212.5,11.804
2024-12-13 23:53:00,101212.5,101261.2,101212.5,101255.2,5.214
2024-12-13 23:54:00,101255.2,101305.5,101255.2,101305.5,21.615
2024-12-13 23:55:00,101305.5,101330.0,101305.2,101329.7,65.155
2024-12-13 23:56:00,101329.7,101477.4,101329.7,101397.6,686.805
2024-12-13 23:57:00,101397.6,101429.4,101392.5,101392.5,511.209
2024-12-13 23:58:00,101392.5,101421.2,101392.5,101402.9,71.551
2024-12-13 23:59:00,101402.9,101403.2,101360.7,101371.8,102.852
2024-12-14 00:00:00,101371.8,101399.6,101352.6,101398.9,196.479
2024-12-14 00:01:00,101398.9,101469.8,101384.2,101469.5,56.075
2024-12-14 00:02:00,101469.5,101477.5,101401.1,101401.1,78.136
2024-12-14 00:03:00,101401.1,101401.4,101376.1,101376.1,39.695
2024-12-14 00:04:00,101376.1,101376.1,101351.1,101356.8,63.348
2024-12-14 00:05:00,101356.8,101357.1,101319.5,101319.5,34.252
2024-12-14 00:06:00,101319.5,101378.9,101319.5,101378.8,32.853
2024-12-14 00:07:00,101378.8,101378.9,101336.4,101336.5,30.138
2024-12-14 00:08:00,101336.5,101343.1,101320.0,101320.3,24.581
2024-12-14 00:09:00,101320.3,101360.2,101318.1,101318.1,47.365
2024-12-14 00:10:00,101318.1,101321.0,101306.0,101306.0,12.509
2024-12-14 00:11:00,101306.0,101306.0,101297.2,101297.2,26.615
2024-12-14 00:12:00,101297.2,101306.7,101297.2,101297.3,32.533
2024-12-14 00:13:00,101297.3,101297.6,101290.8,101290.8,11.504
2024-12-14 00:14:00,101290.8,101291.0,101290.7,101290.7,6.019
2024-12-14 00:15:00,101290.7,101290.7,101290.3,101290.4,10.656
2024-12-14 00:16:00,101290.4,101290.6,101284.0,101284.3,18.284
2024-12-14 00:17:00,101284.3,101289.7,101280.5,101283.5,23.184
2024-12-14 00:18:00,101283.5,101310.2,101283.2,101310.1,18.785
2024-12-14 00:19:00,101310.1,101354.2,101310.1,101354.2,19.175
2024-12-14 00:20:00,101354.2,101404.7,101354.2,101370.4,24.482
2024-12-14 00:21:00,101370.4,101395.5,101370.3,101395.5,25.74
2024-12-14 00:22:00,101395.5,101449.1,101395.5,101422.7,39.585
2024-12-14 00:23:00,101422.7,101433.2,101422.7,101433.0,95.217
2024-12-14 00:24:00,101433.0,101433.2,101402.9,101412.7,19.477
2024-12-14 00:25:00,101412.7,101452.6,101412.4,101452.3,19.328
2024-12-14 00:26:00,101452.3,101452.3,101417.6,101417.7,14.817
2024-12-14 00:27:00,101417.7,101417.7,101410.6,101416.6,26.779
2024-12-14 00:28:00,101416.6,101418.3,101410.0,101410.0,9.732
2024-12-14 00:29:00,101410.0,101410.0,101327.5,101327.5,15.731
2024-12-14 00:30:00,101327.5,101370.1,101319.5,101370.0,27.442
2024-12-14 00:31:00,101370.0,101370.0,101320.5,101320.5,8.934
2024-12-14 00:32:00,101320.5,101320.5,101236.5,101237.0,17.949
2024-12-14 00:33:00,101237.0,101240.9,101194.6,101240.9,54.942
2024-12-14 00:34:00,101240.9,101296.2,101240.6,101253.8,76.654
2024-12-14 00:35:00,101253.8,101259.2,101234.6,101259.2,29.316
2024-12-14 00:36:00,101259.2,101263.5,101258.0,101258.0,10.598
2024-12-14 00:37:00,101258.0,101258.1,101247.7,101247.8,20.746
2024-12-14 00:38:00,101247.8,101258.7,101243.6,101243.6,11.744
2024-12-14 00:39:00,101243.6,101247.9,101234.5,101247.6,11.147
2024-12-14 00:40:00,101247.6,101247.7,101190.9,101190.9,25.768
2024-12-14 00:41:00,101190.9,101216.0,101164.2,101215.8,68.914
2024-12-14 00:42:00,101215.8,101235.2,101174.7,101214.1,71.189
2024-12-14 00:43:00,101214.1,101223.4,101203.9,101216.3,40.25
2024-12-14 00:44:00,101216.3,101228.0,101216.2,101228.0,25.262
2024-12-14 00:45:00,101228.0,101240.2,101227.9,101238.6,30.386
2024-12-14 00:46:00,101238.6,101238.6,101205.2,101223.1,17.861
2024-12-14 00:47:00,101223.1,101238.5,101205.3,101238.1,18.859
2024-12-14 00:48:00,101238.1,101239.7,101219.2,101223.8,23.285
2024-12-14 00:49:00,101223.8,101255.1,101223.8,101250.4,12.731
2024-12-14 00:50:00,101250.4,101250.7,101227.0,101227.0,11.216
2024-12-14 00:51:00,101227.0,101227.0,101188.7,101188.7,10.023
2024-12-14 00:52:00,101188.7,101195.1,101167.0,101175.0,22.091
2024-12-14 00:53:00,101175.0,101175.1,101110.0,101110.3,34.46
2024-12-14 00:54:00,101110.3,101148.1,101106.4,101148.1,93.66
2024-12-14 00:55:00,101148.1,101148.1,101112.7,101115.2,86.426
2024-12-14 00:56:00,101115.2,101166.5,101115.2,101160.1,20.076
2024-12-14 00:57:00,101160.1,101211.4,101141.7,101207.8,57.294
2024-12-14 00:58:00,101207.8,101271.6,101207.8,101271.6,70.071
2024-12-14 00:59:00,101271.6,101271.6,101247.9,101265.8,90.145
2024-12-14 01:00:00,101265.8,101700.2,101257.2,101559.7,556.595
2024-12-14 01:01:00,101559.7,101750.0,101520.0,101745.8,651.475
2024-12-14 01:02:00,101745.8,101975.9,101695.5,101767.2,729.656
2024-12-14 01:03:00,101767.2,102123.1,101667.0,101961.1,918.564
2024-12-14 01:04:00,101961.1,102023.0,101900.0,101988.4,562.365
2024-12-14 01:05:00,101988.4,102098.8,101977.8,101980.4,305.904
2024-12-14 01:06:00,101980.4,102035.3,101846.8,101939.8,326.453
2024-12-14 01:07:00,101939.8,101939.9,101775.1,101805.7,412.589
2024-12-14 01:08:00,101805.7,101805.7,101637.9,101765.5,327.556
2024-12-14 01:09:00,101765.5,101878.4,101759.3,101824.0,198.444
2024-12-14 01:10:00,101824.0,101824.0,101708.2,101752.1,76.791
2024-12-14 01:11:00,101752.1,101869.9,101714.2,101869.9,118.697
2024-12-14 01:12:00,101869.9,101930.8,101869.8,101930.8,163.741
2024-12-14 01:13:00,101930.8,101942.9,101849.4,101849.4,148.994
2024-12-14 01:14:00,101849.4,101891.2,101834.0,101880.6,140.868
2024-12-14 01:15:00,101880.6,101959.0,101869.9,101954.9,90.454
2024-12-14 01:16:00,101954.9,102093.7,101954.9,102087.5,145.623
2024-12-14 01:17:00,102087.5,102301.4,102072.8,102300.4,429.141
2024-12-14 01:18:00,102300.4,102307.2,102148.0,102154.0,594.457
2024-12-14 01:19:00,102154.0,102289.0,102154.0,102227.2,369.491
2024-12-14 01:20:00,102227.2,102345.2,102227.0,102345.2,153.222
2024-12-14 01:21:00,102345.2,102387.3,102326.0,102343.0,222.232
2024-12-14 01:22:00,102343.0,102478.8,102343.0,102349.1,313.454
2024-12-14 01:23:00,102349.1,102481.8,102349.1,102471.4,439.585
2024-12-14 01:24:00,102471.4,102500.0,102450.0,102493.9,470.467
2024-12-14 01:25:00,102493.9,102600.2,102490.0,102569.3,383.211
2024-12-14 01:26:00,102569.3,102598.8,102400.0,102483.7,571.144
2024-12-14 01:27:00,102483.7,102638.2,102479.2,102631.5,387.354
2024-12-14 01:28:00,102631.5,102631.7,102574.5,102595.3,337.078
2024-12-14 01:29:00,102595.3,102600.2,102556.2,102556.2,138.827
2024-12-14 01:30:00,102556.2,102622.6,102428.2,102435.7,181.038
2024-12-14 01:31:00,102435.7,102437.0,102289.6,102297.8,274.591
2024-12-14 01:32:00,102297.8,102542.4,102297.3,102517.5,319.562
2024-12-14 01:33:00,102517.5,102529.7,102371.8,102372.1,231.52
2024-12-14 01:34:00,102372.1,102384.9,102295.8,102305.6,153.369
2024-12-14 01:35:00,102305.6,102445.5,102305.6,102444.5,157.903
2024-12-14 01:36:00,102444.5,102455.8,102360.9,102361.0,143.38
2024-12-14 01:37:00,102361.0,102370.9,102284.0,102300.0,79.318
2024-12-14 01:38:00,102300.0,102305.5,102106.5,102134.1,194.915
2024-12-14 01:39:00,102134.1,102227.2,102126.1,102183.9,285.754
2024-12-14 01:40:00,102183.9,102200.0,102138.1,102200.0,110.008
2024-12-14 01:41:00,102200.0,102203.5,102064.5,102064.5,81.902
2024-12-14 01:42:00,102064.5,102070.6,101922.0,101924.8,197.184
2024-12-14 01:43:00,101924.8,102143.0,101916.4,102108.3,301.713
2024-12-14 01:44:00,102108.3,102112.5,102050.3,102050.4,164.587
2024-12-14 01:45:00,102050.4,102056.1,101957.1,101982.5,106.718
2024-12-14 01:46:00,101982.5,102038.2,101971.7,102008.8,71.669
2024-12-14 01:47:00,102008.8,102038.2,101972.5,102030.6,67.481
2024-12-14 01:48:00,102030.6,102172.5,102029.4,102171.1,106.657
2024-12-14 01:49:00,102171.1,102266.8,102161.0,102161.0,163.755
2024-12-14 01:50:00,102161.0,102168.9,102104.8,102110.8,183.779
2024-12-14 01:51:00,102110.8,102199.2,102104.9,102199.2,58.704
2024-12-14 01:52:00,102199.2,102264.3,102166.6,102219.2,55.095
2024-12-14 01:53:00,102219.2,102263.3,102200.0,102231.3,68.36
2024-12-14 01:54:00,102231.3,102266.9,102191.3,102223.9,90.654
2024-12-14 01:55:00,102223.9,102224.3,102166.0,102187.7,32.695
2024-12-14 01:56:00,102187.7,102247.5,102187.7,102240.2,27.649
2024-12-14 01:57:00,102240.2,102250.2,102172.5,102229.8,35.553
2024-12-14 01:58:00,102229.8,102250.1,102133.4,102134.3,48.08
2024-12-14 01:59:00,102134.3,102140.0,102107.0,102112.9,31.603
2024-12-14 02:00:00,102112.9,102176.3,102061.2,102061.2,34.586
2024-12-14 02:01:00,102061.2,102075.6,101972.0,101972.0,58.243
2024-12-14 02:02:00,101972.0,102034.4,101921.6,101939.5,86.138
2024-12-14 02:03:00,101939.5,102035.5,101939.1,101965.0,67.782
2024-12-14 02:04:00,101965.0,101994.5,101951.0,101982.0,52.222
2024-12-14 02:05:00,101982.0,102006.8,101964.7,102006.8,60.063
2024-12-14 02:06:00,102006.8,102026.0,101923.1,101966.1,47.102
2024-12-14 02:07:00,101966.1,101966.1,101887.3,101887.6,84.223
2024-12-14 02:08:00,101887.6,101952.9,101886.1,101921.8,80.423
2024-12-14 02:09:00,101921.8,101921.8,101883.5,101883.6,85.122
2024-12-14 02:10:00,101883.6,101883.6,101708.3,101726.2,93.33
2024-12-14 02:11:00,101726.2,101849.6,101718.3,101766.7,233.738
2024-12-14 02:12:00,101766.7,101766.7,101640.0,101660.7,215.082
2024-12-14 02:13:00,101660.7,101760.2,101651.0,101757.7,288.053
2024-12-14 02:14:00,101757.7,101757.7,101729.0,101729.1,140.786
2024-12-14 02:15:00,101729.1,101816.7,101720.0,101744.8,111.939
2024-12-14 02:16:00,101744.8,101744.8,101670.8,101678.7,148.868
2024-12-14 02:17:00,101678.7,101758.7,101678.7,101734.5,127.145
2024-12-14 02:18:00,101734.5,101840.4,101725.3,101840.4,81.01
2024-12-14 02:19:00,101840.4,101840.5,101816.7,101817.0,115.004
2024-12-14 02:20:00,101817.0,101836.5,101765.4,101779.6,44.326
2024-12-14 02:21:00,101779.6,101813.9,101750.0,101768.3,40.51
2024-12-14 02:22:00,101768.3,101810.7,101737.4,101795.4,88.821
2024-12-14 02:23:00,101795.4,101798.2,101760.1,101794.0,119.165
2024-12-14 02:24:00,101794.0,101794.0,101768.3,101768.6,45.222
2024-12-14 02:25:00,101768.6,101791.4,101768.3,101774.3,23.049
2024-12-14 02:26:00,101774.3,101798.2,101764.0,101764.0,32.538
2024-12-14 02:27:00,101764.0,101764.0,101710.0,101710.2,20.053
2024-12-14 02:28:00,101710.2,101759.2,101679.6,101745.8,54.047
2024-12-14 02:29:00,101745.8,101782.3,101740.0,101782.3,108.752
2024-12-14 02:30:00,101782.3,101924.2,101744.0,101915.8,45.263
2024-12-14 02:31:00,101915.8,101935.1,101855.4,101917.4,87.002
2024-12-14 02:32:00,101917.4,101951.9,101910.5,101934.4,101.987
2024-12-14 02:33:00,101934.4,101934.5,101908.7,101909.1,93.313
2024-12-14 02:34:00,101909.1,101909.1,101843.0,101843.3,23.648
2024-12-14 02:35:00,101843.3,101855.2,101816.7,101827.2,26.824
2024-12-14 02:36:00,101827.2,101867.7,101827.2,101867.7,19.338
2024-12-14 02:37:00,101867.7,101900.0,101867.5,101900.0,13.958
2024-12-14 02:38:00,101900.0,101926.3,101899.9,101912.0,14.36
2024-12-14 02:39:00,101912.0,101955.0,101912.0,101955.0,17.414
2024-12-14 02:40:00,101955.0,101967.8,101950.1,101967.5,35.339
2024-12-14 02:41:00,101967.5,101997.2,101967.5,101996.1,42.352
2024-12-14 02:42:00,101996.1,102094.4,101995.8,102084.3,74.122
2024-12-14 02:43:00,102084.3,102261.6,102084.3,102182.0,155.79
2024-12-14 02:44:00,102182.0,102214.2,102120.0,102120.0,226.661
2024-12-14 02:45:00,102120.0,102194.7,102111.9,102112.2,118.395
2024-12-14 02:46:00,102112.2,102120.2,102038.7,102038.7,124.954
2024-12-14 02:47:00,102038.7,102124.8,102017.7,102099.1,227.565
2024-12-14 02:48:00,102099.1,102109.5,102035.5,102069.9,52.402
2024-12-14 02:49:00,102069.9,102097.4,102069.9,102075.0,29.289
2024-12-14 02:50:00,102075.0,102075.0,102022.4,102022.8,28.67
2024-12-14 02:51:00,102022.8,102024.5,101982.2,101996.0,61.067
2024-12-14 02:52:00,101996.0,101996.3,101954.3,101955.0,23.988
2024-12-14 02:53:00,101955.0,101998.2,101955.0,101995.5,34.332
2024-12-14 02:54:00,101995.5,102041.9,101989.2,101995.8,22.914
2024-12-14 02:55:00,101995.8,102006.7,101960.5,101960.7,19.838
2024-12-14 02:56:00,101960.7,101965.2,101945.4,101957.1,24.237
2024-12-14 02:57:00,101957.1,101957.5,101955.4,101957.0,27.702
2024-12-14 02:58:00,101957.0,102034.9,101957.0,102004.8,19.008
2024-12-14 02:59:00,102004.8,102027.6,102000.2,102000.3,39.101
2024-12-14 03:00:00,102000.3,102000.3,101990.3,101990.3,44.706
2024-12-14 03:01:00,101990.3,102020.2,101990.0,102020.2,29.841
2024-12-14 03:02:00,102020.2,102020.2,102019.9,102020.2,23.889
2024-12-14 03:03:00,102020.2,102043.5,102019.2,102042.4,8.432
2024-12-14 03:04:00,102042.4,102135.4,102042.1,102135.4,19.91
2024-12-14 03:05:00,102135.4,102135.4,102054.3,102078.8,40.282
2024-12-14 03:06:00,102078.8,102127.2,102068.6,102094.1,39.685
2024-12-14 03:07:00,102094.1,102136.1,102087.1,102119.9,31.533
2024-12-14 03:08:00,102119.9,102120.0,102086.9,102102.3,18.514
2024-12-14 03:09:00,102102.3,102119.9,102089.0,102089.0,28.109
2024-12-14 03:10:00,102089.0,102119.9,102089.0,102111.5,17.001
2024-12-14 03:11:00,102111.5,102123.0,102089.0,102089.0,21.752
2024-12-14 03:12:00,102089.0,102154.0,102089.0,102154.0,49.751
2024-12-14 03:13:00,102154.0,102187.7,102135.0,102135.0,30.492
2024-12-14 03:14:00,102135.0,102141.2,102100.5,102106.6,25.612
2024-12-14 03:15:00,102106.6,102124.9,102040.1,102047.5,13.951
2024-12-14 03:16:00,102047.5,102097.0,102047.5,102086.8,19.667
2024-12-14 03:17:00,102086.8,102096.8,102069.7,102069.9,18.357
2024-12-14 03:18:00,102069.9,102108.5,102065.0,102108.5,16.682
2024-12-14 03:19:00,102108.5,102110.0,102100.9,102109.9,7.428
2024-12-14 03:20:00,102109.9,102140.2,102109.9,102135.4,16.809
2024-12-14 03:21:00,102135.4,102135.5,102100.8,102100.8,31.129
2024-12-14 03:22:00,102100.8,102165.8,102100.8,102165.5,16.479
2024-12-14 03:23:00,102165.5,102199.6,102165.5,102182.2,39.407
2024-12-14 03:24:00,102182.2,102191.4,102172.6,102172.6,67.262
2024-12-14 03:25:00,102172.6,102172.6,102167.9,102168.2,16.406
2024-12-14 03:26:00,102168.2,102186.0,102164.5,102186.0,15.243
2024-12-14 03:27:00,102186.0,102196.4,102167.0,102167.0,5.728
2024-12-14 03:28:00,102167.0,102176.5,102159.0,102176.5,14.923
2024-12-14 03:29:00,102176.5,102176.5,102172.1,102172.2,23.566
2024-12-14 03:30:00,102172.2,102172.2,102149.9,102149.9,14.261
2024-12-14 03:31:00,102149.9,102149.9,102133.0,102135.4,28.218
2024-12-14 03:32:00,102135.4,102135.4,102119.9,102120.0,17.749
2024-12-14 03:33:00,102120.0,102135.0,102120.0,102134.9,13.881
2024-12-14 03:34:00,102134.9,102183.1,102134.9,102176.1,18.966
2024-12-14 03:35:00,102176.1,102250.0,102175.6,102249.9,51.188
2024-12-14 03:36:00,102249.9,102273.4,102242.7,102242.8,77.345
2024-12-14 03:37:00,102242.8,102286.9,102221.8,102280.0,61.501
2024-12-14 03:38:00,102280.0,102322.2,102262.7,102321.9,44.412
2024-12-14 03:39:00,102321.9,102329.7,102294.9,102304.9,48.112
2024-12-14 03:40:00,102304.9,102305.2,102277.7,102278.0,65.748
2024-12-14 03:41:00,102278.0,102278.0,102230.7,102230.7,43.837
2024-12-14 03:42:00,102230.7,102256.4,102205.0,102256.4,41.422
2024-12-14 03:43:00,102256.4,102256.4,102236.7,102251.7,25.632
2024-12-14 03:44:00,102251.7,102256.3,102250.0,102255.0,6.431
2024-12-14 03:45:00,102255.0,102265.1,102196.6,102199.4,11.894
2024-12-14 03:46:00,102199.4,102200.2,102166.8,102167.0,27.313
2024-12-14 03:47:00,102167.0,102206.2,102166.1,102184.0,39.437
2024-12-14 03:48:00,102184.0,102184.3,102180.8,102180.9,22.086
2024-12-14 03:49:00,102180.9,102180.9,102157.3,102160.4,27.069
2024-12-14 03:50:00,102160.4,102160.4,102016.4,102029.8,100.554
2024-12-14 03:51:00,102029.8,102145.4,102029.8,102145.4,108.346
2024-12-14 03:52:00,102145.4,102145.4,102092.7,102095.5,38.626
2024-12-14 03:53:00,102095.5,102109.6,102063.5,102109.3,23.335
2024-12-14 03:54:00,102109.3,102132.1,102097.0,102114.8,20.269
2024-12-14 03:55:00,102114.8,102132.0,102076.6,102089.4,34.284
2024-12-14 03:56:00,102089.4,102092.4,102084.5,102085.0,14.812
2024-12-14 03:57:00,102085.0,102128.1,102084.9,102117.5,7.63
2024-12-14 03:58:00,102117.5,102117.5,102068.7,102069.0,11.986
2024-12-14 03:59:00,102069.0,102079.0,102040.7,102040.7,20.06
2024-12-14 04:00:00,102040.7,102087.3,102040.7,102087.3,19.883
2024-12-14 04:01:00,102087.3,102100.2,102077.0,102087.3,18.955
2024-12-14 04:02:00,102087.3,102094.3,102087.0,102087.0,16.634
2024-12-14 04:03:00,102087.0,102090.0,102084.9,102089.3,29.66
2024-12-14 04:04:00,102089.3,102111.2,102089.3,102099.9,12.228
2024-12-14 04:05:00,102099.9,102099.9,101906.8,101945.2,20.071
2024-12-14 04:06:00,101945.2,101963.6,101900.0,101925.0,66.881
2024-12-14 04:07:00,101925.0,101970.7,101924.9,101940.4,76.041
2024-12-14 04:08:00,101940.4,101944.0,101940.0,101940.0,66.464
2024-12-14 04:09:00,101940.0,101940.1,101876.0,101876.3,60.462
2024-12-14 04:10:00,101876.3,101885.3,101874.0,101885.0,72.744
2024-12-14 04:11:00,101885.0,101898.2,101882.6,101882.6,28.022
2024-12-14 04:12:00,101882.6,101890.6,101880.0,101884.6,11.68
2024-12-14 04:13:00,101884.6,101884.9,101823.1,101827.8,37.171
2024-12-14 04:14:00,101827.8,101828.1,101800.0,101800.0,100.224
2024-12-14 04:15:00,101800.0,101878.2,101800.0,101850.8,66.091
2024-12-14 04:16:00,101850.8,101850.8,101789.9,101790.0,66.808
2024-12-14 04:17:00,101790.0,101846.1,101789.0,101828.4,20.709
2024-12-14 04:18:00,101828.4,101875.2,101821.2,101875.2,25.129
2024-12-14 04:19:00,101875.2,101890.8,101875.2,101888.9,16.965
2024-12-14 04:20:00,101888.9,101908.3,101878.8,101908.1,12.828
2024-12-14 04:21:00,101908.1,101910.0,101877.0,101881.1,11.613
2024-12-14 04:22:00,101881.1,101940.6,101881.1,101921.0,16.282
2024-12-14 04:23:00,101921.0,101924.6,101900.0,101915.0,18.52
2024-12-14 04:24:00,101915.0,101949.9,101914.9,101919.7,21.09
2024-12-14 04:25:00,101919.7,101931.8,101900.0,101900.0,22.793
2024-12-14 04:26:00,101900.0,101900.3,101876.6,101899.0,15.479
2024-12-14 04:27:00,101899.0,101900.3,101846.3,101846.3,15.381
2024-12-14 04:28:00,101846.3,101846.3,101800.0,101800.0,20.325
2024-12-14 04:29:00,101800.0,101818.2,101780.0,101780.2,28.679
2024-12-14 04:30:00,101780.2,101800.2,101780.0,101788.5,44.482
2024-12-14 04:31:00,101788.5,101849.2,101788.5,101817.5,41.635
2024-12-14 04:32:00,101817.5,101817.5,101758.0,101758.3,28.3
2024-12-14 04:33:00,101758.3,101800.2,101758.0,101758.1,36.832
2024-12-14 04:34:00,101758.1,101782.0,101758.0,101774.5,26.198
2024-12-14 04:35:00,101774.5,101774.6,101700.0,101701.1,23.935
2024-12-14 04:36:00,101701.1,101701.1,101667.0,101667.7,51.879
2024-12-14 04:37:00,101667.7,101688.1,101667.0,101687.8,53.348
2024-12-14 04:38:00,101687.8,101696.5,101590.1,101595.6,108.702
2024-12-14 04:39:00,101595.6,101689.1,101570.0,101689.1,228.482
2024-12-14 04:40:00,101689.1,101758.8,101689.0,101700.3,97.787
2024-12-14 04:41:00,101700.3,101721.2,101675.0,101675.0,57.699
2024-12-14 04:42:00,101675.0,101675.1,101644.9,101664.1,34.869
2024-12-14 04:43:00,101664.1,101664.2,101623.0,101624.0,24.222
2024-12-14 04:44:00,101624.0,101674.5,101624.0,101625.3,21.761
2024-12-14 04:45:00,101625.3,101637.8,101588.0,101598.1,22.821
2024-12-14 04:46:00,101598.1,101608.0,101588.0,101607.8,51.406
2024-12-14 04:47:00,101607.8,101717.7,101607.6,101717.7,89.959
2024-12-14 04:48:00,101717.7,101717.7,101647.4,101666.5,78.735
2024-12-14 04:49:00,101666.5,101677.6,101643.0,101643.0,27.813
2024-12-14 04:50:00,101643.0,101643.3,101595.7,101595.8,36.81
2024-12-14 04:51:00,101595.8,101643.2,101595.7,101613.4,18.588
2024-12-14 04:52:00,101613.4,101635.5,101613.4,101619.9,14.025
2024-12-14 04:53:00,101619.9,101673.5,101619.9,101668.4,15.528
2024-12-14 04:54:00,101668.4,101688.2,101661.1,101681.9,25.326
2024-12-14 04:55:00,101681.9,101730.7,101681.9,101730.7,17.032
2024-12-14 04:56:00,101730.7,101730.7,101714.5,101716.1,22.578
2024-12-14 04:57:00,101716.1,101716.1,101692.3,101693.5,13.315
2024-12-14 04:58:00,101693.5,101693.6,101662.2,101662.2,17.611
2024-12-14 04:59:00,101662.2,101662.3,101650.0,101650.1,6.185
2024-12-14 05:00:00,101650.1,101691.3,101640.8,101669.0,12.66
2024-12-14 05:01:00,101669.0,101694.0,101650.5,101650.8,28.12
2024-12-14 05:02:00,101650.8,101650.8,101610.0,101638.4,15.545
2024-12-14 05:03:00,101638.4,101671.5,101631.7,101671.5,11.345
2024-12-14 05:04:00,101671.5,101687.9,101668.5,101681.4,17.324
2024-12-14 05:05:00,101681.4,101698.0,101681.4,101694.1,30.001
2024-12-14 05:06:00,101694.1,101707.5,101694.0,101707.5,36.106
2024-12-14 05:07:00,101707.5,101707.5,101662.7,101697.3,43.041
2024-12-14 05:08:00,101697.3,101710.2,101686.3,101688.3,46.175
2024-12-14 05:09:00,101688.3,101723.0,101688.3,101713.3,25.974
2024-12-14 05:10:00,101713.3,101713.3,101684.9,101693.1,18.211
2024-12-14 05:11:00,101693.1,101693.1,101665.3,101665.5,16.155
2024-12-14 05:12:00,101665.5,101686.6,101660.0,101686.6,9.496
2024-12-14 05:13:00,101686.6,101729.5,101686.6,101729.5,9.39
2024-12-14 05:14:00,101729.5,101730.0,101701.8,101701.8,16.308
2024-12-14 05:15:00,101701.8,101757.6,101701.8,101732.6,27.352
2024-12-14 05:16:00,101732.6,101774.0,101660.0,101684.1,41.281
2024-12-14 05:17:00,101684.1,101700.2,101683.9,101687.7,36.0
2024-12-14 05:18:00,101687.7,101690.3,101651.6,101675.2,8.768
2024-12-14 05:19:00,101675.2,101695.7,101668.7,101685.8,15.279
2024-12-14 05:20:00,101685.8,101700.0,101681.1,101700.0,16.095
2024-12-14 05:21:00,101700.0,101714.2,101692.6,101714.2,4.072
2024-12-14 05:22:00,101714.2,101756.8,101714.2,101716.5,9.831
2024-12-14 05:23:00,101716.5,101748.2,101716.5,101748.1,13.011
2024-12-14 05:24:00,101748.1,101749.2,101748.1,101749.1,11.939
2024-12-14 05:25:00,101749.1,101771.5,101749.0,101763.3,51.32
2024-12-14 05:26:00,101763.3,101798.0,101762.8,101792.6,117.506
2024-12-14 05:27:00,101792.6,101792.6,101698.2,101699.3,59.889
2024-12-14 05:28:00,101699.3,101700.2,101682.1,101682.4,17.579
2024-12-14 05:29:00,101682.4,101765.3,101682.3,101754.7,9.844
2024-12-14 05:30:00,101754.7,101754.7,101750.0,101751.9,10.082
2024-12-14 05:31:00,101751.9,101757.5,101709.4,101709.6,7.112
2024-12-14 05:32:00,101709.6,101750.3,101709.6,101750.3,3.501
2024-12-14 05:33:00,101750.3,101750.3,101708.4,101708.7,11.575
2024-12-14 05:34:00,101708.7,101731.9,101702.9,101731.9,25.329
2024-12-14 05:35:00,101731.9,101747.8,101731.9,101739.1,13.561
2024-12-14 05:36:00,101739.1,101749.1,101722.1,101747.9,6.435
2024-12-14 05:37:00,101747.9,101757.4,101747.6,101750.0,6.631
2024-12-14 05:38:00,101750.0,101750.0,101708.0,101708.0,10.424
2024-12-14 05:39:00,101708.0,101718.6,101688.3,101688.3,10.878
2024-12-14 05:40:00,101688.3,101700.0,101665.9,101691.6,18.95
2024-12-14 05:41:00,101691.6,101692.0,101687.9,101691.9,35.687
2024-12-14 05:42:00,101691.9,101698.7,101691.6,101691.6,15.147
2024-12-14 05:43:00,101691.6,101691.7,101666.0,101669.3,7.584
2024-12-14 05:44:00,101669.3,101690.2,101669.3,101679.9,11.511
2024-12-14 05:45:00,101679.9,101690.1,101662.5,101689.8,23.731
2024-12-14 05:46:00,101689.8,101695.2,101683.7,101684.0,7.363
2024-12-14 05:47:00,101684.0,101699.9,101683.7,101699.9,7.503
2024-12-14 05:48:00,101699.9,101708.0,101690.1,101699.9,17.185
2024-12-14 05:49:00,101699.9,101730.0,101699.8,101730.0,20.226
2024-12-14 05:50:00,101730.0,101751.5,101730.0,101745.1,30.783
2024-12-14 05:51:00,101745.1,101745.1,101722.0,101722.2,18.592
2024-12-14 05:52:00,101722.2,101742.2,101722.2,101734.7,15.123
2024-12-14 05:53:00,101734.7,101734.7,101715.2,101715.2,24.445
2024-12-14 05:54:00,101715.2,101715.5,101715.2,101715.5,5.378
2024-12-14 05:55:00,101715.5,101715.5,101660.0,101660.0,17.698
2024-12-14 05:56:00,101660.0,101677.1,101660.0,101666.0,46.276
2024-12-14 05:57:00,101666.0,101667.9,101656.8,101656.8,16.018
2024-12-14 05:58:00,101656.8,101667.9,101652.8,101654.6,10.543
2024-12-14 05:59:00,101654.6,101670.0,101653.1,101669.9,8.255
2024-12-14 06:00:00,101669.9,101676.0,101667.6,101667.9,18.324
2024-12-14 06:01:00,101667.9,101667.9,101656.0,101662.0,21.494
2024-12-14 06:02:00,101662.0,101710.0,101661.9,101710.0,21.19
2024-12-14 06:03:00,101710.0,101729.6,101709.8,101723.5,44.083
2024-12-14 06:04:00,101723.5,101744.4,101723.4,101737.8,11.878
2024-12-14 06:05:00,101737.8,101776.4,101737.7,101776.4,17.001
2024-12-14 06:06:00,101776.4,101784.1,101762.6,101763.1,26.124
2024-12-14 06:07:00,101763.1,101786.5,101762.8,101783.7,22.334
2024-12-14 06:08:00,101783.7,101823.3,101783.7,101822.3,37.499
2024-12-14 06:09:00,101822.3,101880.4,101822.2,101873.0,68.632
2024-12-14 06:10:00,101873.0,101890.2,101840.8,101840.8,95.877
2024-12-14 06:11:00,101840.8,101841.2,101840.8,101841.2,82.025
2024-12-14 06:12:00,101841.2,101841.2,101816.9,101831.0,10.386
2024-12-14 06:13:00,101831.0,101838.8,101830.7,101838.8,19.898
2024-12-14 06:14:00,101838.8,101838.9,101831.0,101831.0,17.549
2024-12-14 06:15:00,101831.0,101840.0,101831.0,101840.0,17.791
2024-12-14 06:16:00,101840.0,101877.0,101839.9,101865.2,20.206
2024-12-14 06:17:00,101865.2,101885.0,101865.2,101870.1,32.8
2024-12-14 06:18:00,101870.1,101894.6,101869.8,101894.5,24.651
2024-12-14 06:19:00,101894.5,101894.6,101885.2,101885.3,40.767
2024-12-14 06:20:00,101885.3,101894.6,101833.3,101894.3,55.03
2024-12-14 06:21:00,101894.3,101920.6,101891.6,101891.8,43.598
2024-12-14 06:22:00,101891.8,101910.7,101891.8,101902.3,44.5
2024-12-14 06:23:00,101902.3,101910.7,101900.0,101900.0,26.86
2024-12-14 06:24:00,101900.0,101900.1,101875.2,101875.5,28.85
2024-12-14 06:25:00,101875.5,101899.5,101874.8,101899.2,31.765
2024-12-14 06:26:00,101899.2,101920.9,101899.2,101900.1,20.387
2024-12-14 06:27:00,101900.1,101901.7,101890.0,101895.1,37.993
2024-12-14 06:28:00,101895.1,101955.5,101895.1,101940.3,16.986
2024-12-14 06:29:00,101940.3,101963.2,101940.0,101963.2,37.174
2024-12-14 06:30:00,101963.2,101964.3,101933.4,101948.6,23.719
2024-12-14 06:31:00,101948.6,101966.7,101945.4,101957.3,22.177
2024-12-14 06:32:00,101957.3,101957.3,101950.0,101950.0,31.452
2024-12-14 06:33:00,101950.0,101950.1,101911.2,101919.4,31.86
2024-12-14 06:34:00,101919.4,101919.9,101909.7,101919.9,48.797
2024-12-14 06:35:00,101919.9,101931.1,101915.0,101921.3,14.33
2024-12-14 06:36:00,101921.3,101931.0,101921.3,101930.3,23.856
2024-12-14 06:37:00,101930.3,101954.5,101929.6,101954.5,24.625
2024-12-14 06:38:00,101954.5,101961.5,101921.0,101921.0,42.348
2024-12-14 06:39:00,101921.0,101921.1,101870.2,101870.2,27.358
2024-12-14 06:40:00,101870.2,101870.2,101851.5,101851.5,34.439
2024-12-14 06:41:00,101851.5,101851.7,101836.0,101836.0,20.466
2024-12-14 06:42:00,101836.0,101836.1,101810.0,101812.3,17.25
2024-12-14 06:43:00,101812.3,101817.4,101783.7,101783.7,39.607
2024-12-14 06:44:00,101783.7,101783.7,101750.0,101751.8,38.222
2024-12-14 06:45:00,101751.8,101892.8,101751.8,101892.5,55.726
2024-12-14 06:46:00,101892.5,101961.8,101892.5,101957.8,95.504
2024-12-14 06:47:00,101957.8,101969.1,101916.9,101924.0,103.363
2024-12-14 06:48:00,101924.0,101924.0,101892.4,101892.4,97.159
2024-12-14 06:49:00,101892.4,101897.0,101866.1,101866.4,39.047
2024-12-14 06:50:00,101866.4,101881.3,101857.0,101874.7,82.456
2024-12-14 06:51:00,101874.7,101901.8,101874.7,101901.7,12.442
2024-12-14 06:52:00,101901.7,101901.7,101880.0,101887.3,11.131
2024-12-14 06:53:00,101887.3,101887.3,101880.0,101880.1,14.415
2024-12-14 06:54:00,101880.1,101880.1,101848.3,101848.3,18.579
2024-12-14 06:55:00,101848.3,101869.9,101842.3,101856.8,10.081
2024-12-14 06:56:00,101856.8,101860.3,101852.7,101857.1,12.907
2024-12-14 06:57:00,101857.1,101869.8,101836.7,101850.3,17.373
2024-12-14 06:58:00,101850.3,101876.3,101850.3,101876.1,8.504
2024-12-14 06:59:00,101876.1,101876.1,101865.8,101866.1,5.372
2024-12-14 07:00:00,101866.1,101884.5,101866.1,101875.4,9.382
2024-12-14 07:01:00,101875.4,101889.0,101875.4,101883.6,15.403
2024-12-14 07:02:00,101883.6,101891.1,101874.7,101874.7,9.407
2024-12-14 07:03:00,101874.7,101874.7,101845.4,101845.4,4.378
2024-12-14 07:04:00,101845.4,101846.2,101827.6,101827.8,9.394
2024-12-14 07:05:00,101827.8,101828.0,101800.0,101800.3,9.371
2024-12-14 07:06:00,101800.3,101800.3,101777.4,101786.1,25.698
2024-12-14 07:07:00,101786.1,101786.1,101773.2,101773.5,40.518
2024-12-14 07:08:00,101773.5,101773.5,101737.5,101740.6,45.476
2024-12-14 07:09:00,101740.6,101764.3,101732.2,101742.6,50.673
2024-12-14 07:10:00,101742.6,101742.6,101730.0,101730.2,45.485
2024-12-14 07:11:00,101730.2,101730.2,101710.1,101730.2,39.696
2024-12-14 07:12:00,101730.2,101730.2,101700.0,101700.1,84.421
2024-12-14 07:13:00,101700.1,101715.0,101692.9,101707.1,37.241
2024-12-14 07:14:00,101707.1,101707.2,101705.8,101706.1,25.954
2024-12-14 07:15:00,101706.1,101722.6,101700.0,101722.4,19.242
2024-12-14 07:16:00,101722.4,101722.7,101717.0,101717.2,26.953
2024-12-14 07:17:00,101717.2,101798.5,101717.2,101797.1,15.788
2024-12-14 07:18:00,101797.1,101824.6,101789.7,101790.0,27.964
2024-12-14 07:19:00,101790.0,101790.0,101752.7,101754.9,26.188
2024-12-14 07:20:00,101754.9,101763.0,101752.7,101762.8,11.064
2024-12-14 07:21:00,101762.8,101765.1,101757.6,101760.5,8.818
2024-12-14 07:22:00,101760.5,101770.4,101755.5,101765.1,9.499
2024-12-14 07:23:00,101765.1,101765.1,101740.0,101757.0,11.057
2024-12-14 07:24:00,101757.0,101757.0,101727.2,101730.3,24.54
2024-12-14 07:25:00,101730.3,101730.3,101638.0,101643.1,27.109
2024-12-14 07:26:00,101643.1,101675.2,101617.8,101666.3,70.983
2024-12-14 07:27:00,101666.3,101683.2,101613.0,101613.9,53.326
2024-12-14 07:28:00,101613.9,101614.2,101577.2,101596.3,85.199
2024-12-14 07:29:00,101596.3,101620.0,101590.9,101617.4,149.365
2024-12-14 07:30:00,101617.4,101617.4,101613.5,101615.2,32.789
2024-12-14 07:31:00,101615.2,101696.4,101615.2,101696.4,30.408
2024-12-14 07:32:00,101696.4,101723.4,101696.3,101719.3,70.907
2024-12-14 07:33:00,101719.3,101721.1,101693.1,101721.0,64.176
2024-12-14 07:34:00,101721.0,101721.1,101693.4,101693.4,12.316
2024-12-14 07:35:00,101693.4,101731.2,101693.4,101718.4,16.964
2024-12-14 07:36:00,101718.4,101720.0,101702.4,101713.9,40.687
2024-12-14 07:37:00,101713.9,101722.3,101713.9,101722.2,69.166
2024-12-14 07:38:00,101722.2,101738.1,101722.2,101738.0,16.228
2024-12-14 07:39:00,101738.0,101744.3,101737.7,101738.1,16.125
2024-12-14 07:40:00,101738.1,101759.6,101738.1,101759.3,11.597
2024-12-14 07:41:00,101759.3,101763.5,101749.9,101759.1,12.26
2024-12-14 07:42:00,101759.1,101759.1,101750.0,101750.1,8.373
2024-12-14 07:43:00,101750.1,101750.2,101718.3,101718.3,12.014
2024-12-14 07:44:00,101718.3,101719.7,101718.0,101719.2,10.114
2024-12-14 07:45:00,101719.2,101764.2,101716.0,101763.9,14.726
2024-12-14 07:46:00,101763.9,101764.2,101738.8,101749.9,13.546
2024-12-14 07:47:00,101749.9,101750.0,101745.2,101745.8,12.681
2024-12-14 07:48:00,101745.8,101754.1,101745.6,101750.0,26.295
2024-12-14 07:49:00,101750.0,101770.0,101743.5,101770.0,27.599
2024-12-14 07:50:00,101770.0,101856.5,101769.9,101856.5,23.977
2024-12-14 07:51:00,101856.5,101856.5,101837.2,101837.3,60.971
2024-12-14 07:52:00,101837.3,101838.2,101837.2,101837.3,26.031
2024-12-14 07:53:00,101837.3,101867.0,101837.2,101867.0,11.784
2024-12-14 07:54:00,101867.0,101870.8,101857.0,101857.9,9.719
2024-12-14 07:55:00,101857.9,101857.9,101844.5,101844.5,15.198
2024-12-14 07:56:00,101844.5,101844.8,101839.1,101844.5,22.358
2024-12-14 07:57:00,101844.5,101844.5,101814.3,101830.4,16.544
2024-12-14 07:58:00,101830.4,101830.4,101814.6,101814.6,15.14
2024-12-14 07:59:00,101814.6,101815.2,101744.9,101786.9,10.087
2024-12-14 08:00:00,101786.9,101840.4,101786.9,101840.4,10.457
2024-12-14 08:01:00,101840.4,101840.4,101797.6,101797.9,15.537
2024-12-14 08:02:00,101797.9,101818.9,101787.4,101812.1,31.614
2024-12-14 08:03:00,101812.1,101818.9,101801.6,101806.0,24.454
2024-12-14 08:04:00,101806.0,101806.0,101745.0,101745.0,23.53
2024-12-14 08:05:00,101745.0,101756.7,101745.0,101756.7,42.992
2024-12-14 08:06:00,101756.7,101771.4,101755.2,101755.3,16.322
2024-12-14 08:07:00,101755.3,101755.3,101715.0,101715.0,14.697
2024-12-14 08:08:00,101715.0,101722.1,101705.1,101706.0,20.15
2024-12-14 08:09:00,101706.0,101710.1,101705.6,101705.8,32.158
2024-12-14 08:10:00,101705.8,101723.9,101705.8,101723.6,9.004
2024-12-14 08:11:00,101723.6,101731.2,101723.6,101730.1,10.584
2024-12-14 08:12:00,101730.1,101730.1,101714.7,101714.8,9.88
2024-12-14 08:13:00,101714.8,101714.8,101675.0,101675.0,7.745
2024-12-14 08:14:00,101675.0,101684.1,101659.8,101659.8,12.496
2024-12-14 08:15:00,101659.8,101699.2,101659.8,101699.2,14.397
2024-12-14 08:16:00,101699.2,101708.5,101698.9,101708.2,7.25
2024-12-14 08:17:00,101708.2,101708.5,101655.3,101655.4,9.169
2024-12-14 08:18:00,101655.4,101682.8,101655.3,101674.8,12.625
2024-12-14 08:19:00,101674.8,101682.6,101674.8,101674.8,7.696
2024-12-14 08:20:00,101674.8,101683.7,101670.0,101670.1,10.037
2024-12-14 08:21:00,101670.1,101670.1,101658.6,101658.7,12.775
2024-12-14 08:22:00,101658.7,101659.0,101655.4,101658.4,17.846
2024-12-14 08:23:00,101658.4,101690.1,101658.4,101689.8,31.832
2024-12-14 08:24:00,101689.8,101690.1,101683.0,101683.3,10.997
2024-12-14 08:25:00,101683.3,101683.3,101668.7,101679.1,9.895
2024-12-14 08:26:00,101679.1,101692.7,101678.8,101692.4,23.634
2024-12-14 08:27:00,101692.4,101741.1,101692.4,101730.1,41.532
2024-12-14 08:28:00,101730.1,101730.1,101729.8,101730.1,11.707
2024-12-14 08:29:00,101730.1,101730.1,101717.7,101718.0,9.558
2024-12-14 08:30:00,101718.0,101718.0,101700.0,101700.1,5.408
2024-12-14 08:31:00,101700.1,101700.3,101667.7,101667.9,9.301
2024-12-14 08:32:00,101667.9,101667.9,101555.0,101605.9,112.062
2024-12-14 08:33:00,101605.9,101666.3,101605.9,101666.3,281.059
2024-12-14 08:34:00,101666.3,101684.1,101666.2,101673.5,26.019
2024-12-14 08:35:00,101673.5,101718.0,101671.7,101711.7,20.936
2024-12-14 08:36:00,101711.7,101711.7,101656.2,101665.5,10.493
2024-12-14 08:37:00,101665.5,101696.3,101649.2,101696.0,8.806
2024-12-14 08:38:00,101696.0,101763.5,101696.0,101752.7,18.331
2024-12-14 08:39:00,101752.7,101752.9,101737.3,101737.4,24.473
2024-12-14 08:40:00,101737.4,101755.2,101730.2,101755.2,16.652
2024-12-14 08:41:00,101755.2,101755.2,101745.0,101755.0,15.0
2024-12-14 08:42:00,101755.0,101782.7,101754.7,101773.3,6.37
2024-12-14 08:43:00,101773.3,101773.3,101763.0,101769.1,14.278
2024-12-14 08:44:00,101769.1,101783.8,101768.7,101776.8,27.421
2024-12-14 08:45:00,101776.8,101776.8,101768.8,101768.9,23.702
2024-12-14 08:46:00,101768.9,101769.0,101728.6,101768.9,19.689
2024-12-14 08:47:00,101768.9,101789.0,101760.0,101760.0,10.443
2024-12-14 08:48:00,101760.0,101760.3,101738.6,101740.1,14.519
2024-12-14 08:49:00,101740.1,101815.2,101738.7,101808.6,15.663
2024-12-14 08:50:00,101808.6,101822.6,101801.7,101822.3,29.911
2024-12-14 08:51:00,101822.3,101822.6,101813.8,101814.2,28.94
2024-12-14 08:52:00,101814.2,101838.2,101814.2,101834.8,58.459
2024-12-14 08:53:00,101834.8,101838.0,101830.5,101834.8,19.552
2024-12-14 08:54:00,101834.8,101834.8,101834.4,101834.4,11.79
2024-12-14 08:55:00,101834.4,101835.1,101800.3,101806.5,18.521
2024-12-14 08:56:00,101806.5,101826.9,101806.5,101824.8,14.003
2024-12-14 08:57:00,101824.8,101826.7,101811.2,101814.0,19.931
2024-12-14 08:58:00,101814.0,101814.1,101805.0,101805.0,9.761
2024-12-14 08:59:00,101805.0,101805.7,101777.0,101777.0,11.63
2024-12-14 09:00:00,101777.0,101777.1,101740.0,101740.0,18.419
2024-12-14 09:01:00,101740.0,101740.1,101722.9,101731.2,15.167
2024-12-14 09:02:00,101731.2,101740.1,101677.3,101677.3,24.861
2024-12-14 09:03:00,101677.3,101680.5,101668.3,101680.3,47.727
2024-12-14 09:04:00,101680.3,101680.3,101680.2,101680.2,24.852
2024-12-14 09:05:00,101680.2,101680.3,101633.1,101657.0,12.729
2024-12-14 09:06:00,101657.0,101657.0,101618.0,101654.6,45.81
2024-12-14 09:07:00,101654.6,101671.4,101638.6,101671.2,60.808
2024-12-14 09:08:00,101671.2,101671.4,101671.1,101671.4,16.903
2024-12-14 09:09:00,101671.4,101671.4,101638.6,101650.2,13.791
2024-12-14 09:10:00,101650.2,101669.4,101638.6,101668.6,22.601
2024-12-14 09:11:00,101668.6,101668.6,101652.9,101655.2,25.77
2024-12-14 09:12:00,101655.2,101655.3,101622.8,101622.9,18.803
2024-12-14 09:13:00,101622.9,101622.9,101590.0,101591.2,18.831
2024-12-14 09:14:00,101591.2,101591.2,101570.0,101575.0,47.439
2024-12-14 09:15:00,101575.0,101577.1,101567.1,101567.1,47.378
2024-12-14 09:16:00,101567.1,101633.9,101567.1,101630.7,40.01
2024-12-14 09:17:00,101630.7,101630.7,101610.4,101627.0,43.458
2024-12-14 09:18:00,101627.0,101627.3,101612.0,101625.4,26.115
2024-12-14 09:19:00,101625.4,101649.6,101625.4,101641.2,11.758
2024-12-14 09:20:00,101641.2,101653.9,101640.8,101650.0,16.224
2024-12-14 09:21:00,101650.0,101658.3,101646.0,101646.3,15.271
2024-12-14 09:22:00,101646.3,101646.3,101610.0,101610.1,12.427
2024-12-14 09:23:00,101610.1,101622.5,101604.9,101620.2,12.411
2024-12-14 09:24:00,101620.2,101643.3,101620.0,101643.3,9.971
2024-12-14 09:25:00,101643.3,101643.3,101620.0,101620.2,9.234
2024-12-14 09:26:00,101620.2,101648.3,101620.2,101648.0,6.457
2024-12-14 09:27:00,101648.0,101648.3,101620.0,101620.2,9.01
2024-12-14 09:28:00,101620.2,101622.8,101617.6,101617.6,12.917
2024-12-14 09:29:00,101617.6,101617.9,101615.8,101616.1,16.392
2024-12-14 09:30:00,101616.1,101628.0,101615.8,101627.7,12.687
2024-12-14 09:31:00,101627.7,101627.8,101611.4,101611.4,16.947
2024-12-14 09:32:00,101611.4,101612.2,101611.1,101611.2,7.118
2024-12-14 09:33:00,101611.2,101615.6,101611.1,101615.6,8.234
2024-12-14 09:34:00,101615.6,101648.3,101615.6,101648.3,19.991
2024-12-14 09:35:00,101648.3,101657.3,101619.1,101619.2,15.507
2024-12-14 09:36:00,101619.2,101619.2,101592.4,101592.5,17.919
2024-12-14 09:37:00,101592.5,101597.3,101570.0,101570.0,31.323
2024-12-14 09:38:00,101570.0,101570.2,101570.0,101570.1,16.788
2024-12-14 09:39:00,101570.1,101570.1,101550.1,101550.4,24.386
2024-12-14 09:40:00,101550.4,101561.5,101550.3,101561.1,40.488
2024-12-14 09:41:00,101561.1,101561.4,101455.0,101491.8,147.964
2024-12-14 09:42:00,101491.8,101568.0,101491.8,101568.0,412.983
2024-12-14 09:43:00,101568.0,101643.2,101567.9,101605.0,71.118
2024-12-14 09:44:00,101605.0,101639.6,101604.7,101639.1,61.483
2024-12-14 09:45:00,101639.1,101645.1,101619.1,101640.2,31.46
2024-12-14 09:46:00,101640.2,101640.3,101640.0,101640.1,20.134
2024-12-14 09:47:00,101640.1,101640.1,101610.1,101627.0,15.616
2024-12-14 09:48:00,101627.0,101627.1,101608.0,101608.2,25.36
2024-12-14 09:49:00,101608.2,101608.2,101592.8,101606.4,9.788
2024-12-14 09:50:00,101606.4,101606.4,101523.0,101523.3,18.602
2024-12-14 09:51:00,101523.3,101523.3,101495.7,101500.2,36.579
2024-12-14 09:52:00,101500.2,101569.3,101500.2,101551.5,43.257
2024-12-14 09:53:00,101551.5,101555.6,101551.4,101551.4,14.238
2024-12-14 09:54:00,101551.4,101551.5,101513.8,101536.6,28.561
2024-12-14 09:55:00,101536.6,101558.4,101536.6,101558.1,81.063
2024-12-14 09:56:00,101558.1,101561.6,101539.1,101548.2,43.772
2024-12-14 09:57:00,101548.2,101548.2,101540.0,101540.3,60.266
2024-12-14 09:58:00,101540.3,101540.3,101522.0,101529.0,11.042
2024-12-14 09:59:00,101529.0,101534.1,101528.9,101533.9,11.05
2024-12-14 10:00:00,101533.9,101535.5,101527.5,101534.1,13.09
2024-12-14 10:01:00,101534.1,101534.1,101463.1,101472.7,30.894
2024-12-14 10:02:00,101472.7,101488.6,101418.5,101422.6,99.772
2024-12-14 10:03:00,101422.6,101453.4,101421.2,101434.6,127.091
2024-12-14 10:04:00,101434.6,101453.9,101434.6,101453.6,110.815
2024-12-14 10:05:00,101453.6,101453.9,101352.0,101359.1,117.449
2024-12-14 10:06:00,101359.1,101419.6,101359.1,101371.7,313.035
2024-12-14 10:07:00,101371.7,101388.6,101350.2,101388.6,51.098
2024-12-14 10:08:00,101388.6,101408.9,101386.1,101386.4,49.627
2024-12-14 10:09:00,101386.4,101391.3,101336.2,101336.2,36.531
2024-12-14 10:10:00,101336.2,101366.3,101315.8,101316.1,83.91
2024-12-14 10:11:00,101316.1,101380.3,101300.1,101380.3,81.656
2024-12-14 10:12:00,101380.3,101380.3,101369.5,101370.2,92.597
2024-12-14 10:13:00,101370.2,101370.2,101339.5,101350.5,140.922
2024-12-14 10:14:00,101350.5,101355.9,101322.9,101348.5,32.431
2024-12-14 10:15:00,101348.5,101384.9,101348.5,101384.9,50.311
2024-12-14 10:16:00,101384.9,101400.0,101384.8,101400.0,38.146
2024-12-14 10:17:00,101400.0,101400.0,101305.7,101337.2,28.893
2024-12-14 10:18:00,101337.2,101351.0,101298.4,101320.7,55.166
2024-12-14 10:19:00,101320.7,101348.3,101278.1,101315.8,225.618
2024-12-14 10:20:00,101315.8,101368.4,101315.8,101343.0,442.476
2024-12-14 10:21:00,101343.0,101397.9,101342.8,101379.2,51.929
2024-12-14 10:22:00,101379.2,101400.0,101347.0,101347.1,32.428
2024-12-14 10:23:00,101347.1,101358.1,101338.6,101353.1,61.652
2024-12-14 10:24:00,101353.1,101371.6,101319.7,101371.6,69.04
2024-12-14 10:25:00,101371.6,101429.9,101371.3,101400.0,40.319
2024-12-14 10:26:00,101400.0,101424.3,101371.9,101422.4,46.746
2024-12-14 10:27:00,101422.4,101471.9,101422.4,101440.2,160.662
2024-12-14 10:28:00,101440.2,101440.5,101418.0,101418.6,394.316
2024-12-14 10:29:00,101418.6,101430.9,101418.3,101430.5,38.397
2024-12-14 10:30:00,101430.5,101480.0,101430.5,101480.0,36.528
2024-12-14 10:31:00,101480.0,101480.0,101423.7,101450.0,34.637
2024-12-14 10:32:00,101450.0,101465.2,101450.0,101458.5,16.692
2024-12-14 10:33:00,101458.5,101459.0,101436.0,101437.5,27.751
2024-12-14 10:34:00,101437.5,101437.5,101422.8,101427.7,77.947
2024-12-14 10:35:00,101427.7,101465.4,101423.9,101465.4,65.493
2024-12-14 10:36:00,101465.4,101485.7,101465.1,101470.0,23.416
2024-12-14 10:37:00,101470.0,101509.2,101470.0,101508.9,40.3
2024-12-14 10:38:00,101508.9,101523.3,101505.9,101514.2,67.288
2024-12-14 10:39:00,101514.2,101524.7,101483.3,101483.3,95.965
2024-12-14 10:40:00,101483.3,101507.1,101483.3,101485.5,17.105
2024-12-14 10:41:00,101485.5,101485.6,101469.4,101469.4,22.753
2024-12-14 10:42:00,101469.4,101484.5,101469.4,101476.0,31.042
2024-12-14 10:43:00,101476.0,101510.0,101476.0,101509.3,25.986
2024-12-14 10:44:00,101509.3,101518.5,101509.3,101518.4,20.144
2024-12-14 10:45:00,101518.4,101544.0,101518.3,101544.0,15.085
2024-12-14 10:46:00,101544.0,101560.0,101543.9,101559.9,26.971
2024-12-14 10:47:00,101559.9,101563.0,101521.6,101538.1,32.199
2024-12-14 10:48:00,101538.1,101554.6,101527.1,101554.3,27.861
2024-12-14 10:49:00,101554.3,101555.2,101548.0,101555.2,7.321
2024-12-14 10:50:00,101555.2,101571.1,101555.2,101564.2,11.461
2024-12-14 10:51:00,101564.2,101564.2,101544.6,101544.9,19.362
2024-12-14 10:52:00,101544.9,101556.9,101542.4,101552.9,12.306
2024-12-14 10:53:00,101552.9,101553.2,101545.4,101551.9,13.675
2024-12-14 10:54:00,101551.9,101558.0,101550.3,101550.4,15.999
2024-12-14 10:55:00,101550.4,101550.4,101500.6,101532.5,14.542
2024-12-14 10:56:00,101532.5,101542.3,101532.4,101535.3,22.84
2024-12-14 10:57:00,101535.3,101542.3,101527.2,101527.2,9.949
2024-12-14 10:58:00,101527.2,101532.3,101517.5,101525.4,10.552
2024-12-14 10:59:00,101525.4,101525.7,101484.9,101525.5,129.608
2024-12-14 11:00:00,101525.5,101526.0,101495.0,101525.5,346.22
2024-12-14 11:01:00,101525.5,101547.0,101525.5,101547.0,20.953
2024-12-14 11:02:00,101547.0,101565.1,101546.8,101549.6,20.571
2024-12-14 11:03:00,101549.6,101549.6,101549.3,101549.3,34.09
2024-12-14 11:04:00,101549.3,101565.1,101549.3,101565.1,30.504
2024-12-14 11:05:00,101565.1,101567.4,101515.2,101515.3,34.91
2024-12-14 11:06:00,101515.3,101515.4,101500.0,101500.0,33.06
2024-12-14 11:07:00,101500.0,101501.7,101479.1,101479.4,20.844
2024-12-14 11:08:00,101479.4,101479.5,101459.1,101459.1,31.002
2024-12-14 11:09:00,101459.1,101468.1,101451.1,101468.0,25.633
2024-12-14 11:10:00,101468.0,101468.1,101462.3,101462.3,8.881
2024-12-14 11:11:00,101462.3,101498.7,101462.3,101498.4,6.731
2024-12-14 11:12:00,101498.4,101498.7,101487.3,101498.7,15.254
2024-12-14 11:13:00,101498.7,101498.7,101490.2,101494.5,7.39
2024-12-14 11:14:00,101494.5,101496.2,101494.5,101496.0,6.297
2024-12-14 11:15:00,101496.0,101496.0,101448.4,101450.0,19.273
2024-12-14 11:16:00,101450.0,101450.0,101437.6,101437.6,32.698
2024-12-14 11:17:00,101437.6,101480.7,101437.6,101480.5,20.401
2024-12-14 11:18:00,101480.5,101532.2,101480.4,101531.9,27.46
2024-12-14 11:19:00,101531.9,101542.3,101509.2,101509.3,24.482
2024-12-14 11:20:00,101509.3,101550.8,101495.5,101550.7,26.09
2024-12-14 11:21:00,101550.7,101607.4,101550.7,101594.4,195.829
2024-12-14 11:22:00,101594.4,101594.4,101554.4,101591.6,473.743
2024-12-14 11:23:00,101591.6,101597.1,101577.0,101577.2,23.955
2024-12-14 11:24:00,101577.2,101610.2,101577.2,101609.4,31.061
2024-12-14 11:25:00,101609.4,101609.4,101577.0,101601.0,28.241
2024-12-14 11:26:00,101601.0,101603.0,101590.5,101598.0,21.853
2024-12-14 11:27:00,101598.0,101611.1,101598.0,101610.8,18.298
2024-12-14 11:28:00,101610.8,101611.3,101605.0,101611.1,10.626
2024-12-14 11:29:00,101611.1,101611.3,101605.1,101605.1,6.439
2024-12-14 11:30:00,101605.1,101614.5,101600.0,101600.2,8.122
2024-12-14 11:31:00,101600.2,101617.4,101599.2,101617.3,12.006
2024-12-14 11:32:00,101617.3,101645.2,101601.6,101644.8,19.144
2024-12-14 11:33:00,101644.8,101653.1,101607.7,101610.1,30.733
2024-12-14 11:34:00,101610.1,101635.2,101610.0,101635.2,19.885
2024-12-14 11:35:00,101635.2,101642.8,101591.1,101591.2,9.498
2024-12-14 11:36:00,101591.2,101603.8,101587.8,101587.9,17.904
2024-12-14 11:37:00,101587.9,101587.9,101550.0,101554.9,15.479
2024-12-14 11:38:00,101554.9,101605.2,101554.9,101581.4,34.58
2024-12-14 11:39:00,101581.4,101581.7,101555.1,101569.0,13.27
2024-12-14 11:40:00,101569.0,101600.1,101568.9,101593.4,9.559
2024-12-14 11:41:00,101593.4,101593.7,101591.9,101592.7,8.304
2024-12-14 11:42:00,101592.7,101600.2,101592.0,101599.9,5.813
2024-12-14 11:43:00,101599.9,101642.6,101599.9,101638.1,12.666
2024-12-14 11:44:00,101638.1,101645.0,101638.1,101644.8,16.849
2024-12-14 11:45:00,101644.8,101644.8,101616.9,101617.2,19.156
2024-12-14 11:46:00,101617.2,101617.2,101611.4,101611.4,35.459
2024-12-14 11:47:00,101611.4,101632.1,101611.4,101631.9,3.966
2024-12-14 11:48:00,101631.9,101650.9,101631.9,101650.9,12.867
2024-12-14 11:49:00,101650.9,101661.6,101650.6,101661.6,24.643
2024-12-14 11:50:00,101661.6,101683.5,101661.5,101679.0,25.953
2024-12-14 11:51:00,101679.0,101679.1,101626.0,101626.3,54.022
2024-12-14 11:52:00,101626.3,101632.3,101615.3,101629.7,31.727
2024-12-14 11:53:00,101629.7,101633.8,101607.9,101607.9,21.718
2024-12-14 11:54:00,101607.9,101608.0,101600.0,101600.0,11.494
2024-12-14 11:55:00,101600.0,101600.3,101546.6,101548.2,22.067
2024-12-14 11:56:00,101548.2,101556.3,101544.0,101556.2,44.163
2024-12-14 11:57:00,101556.2,101556.7,101528.0,101528.0,29.228
2024-12-14 11:58:00,101528.0,101560.0,101528.0,101559.9,23.819
2024-12-14 11:59:00,101559.9,101564.5,101559.6,101564.5,12.31
2024-12-14 12:00:00,101564.5,101611.3,101558.0,101611.3,12.682
2024-12-14 12:01:00,101611.3,101625.9,101601.0,101621.0,27.735
2024-12-14 12:02:00,101621.0,101624.5,101601.1,101601.4,34.817
2024-12-14 12:03:00,101601.4,101611.6,101601.3,101611.3,32.009
2024-12-14 12:04:00,101611.3,101611.6,101584.4,101584.4,8.409
2024-12-14 12:05:00,101584.4,101588.2,101570.8,101570.8,31.446
2024-12-14 12:06:00,101570.8,101570.8,101514.7,101521.6,88.97
2024-12-14 12:07:00,101521.6,101549.1,101507.0,101510.2,83.927
2024-12-14 12:08:00,101510.2,101510.5,101462.5,101462.5,76.865
2024-12-14 12:09:00,101462.5,101462.8,101437.8,101437.8,29.958
2024-12-14 12:10:00,101437.8,101456.8,101423.9,101446.2,37.71
2024-12-14 12:11:00,101446.2,101462.6,101445.0,101445.0,45.098
2024-12-14 12:12:00,101445.0,101461.5,101436.9,101450.6,21.233
2024-12-14 12:13:00,101450.6,101462.6,101436.0,101462.6,19.698
2024-12-14 12:14:00,101462.6,101492.4,101446.5,101492.1,19.029
2024-12-14 12:15:00,101492.1,101529.0,101492.0,101529.0,23.617
2024-12-14 12:16:00,101529.0,101539.9,101523.8,101539.9,25.923
2024-12-14 12:17:00,101539.9,101549.0,101539.0,101549.0,9.041
2024-12-14 12:18:00,101549.0,101562.5,101500.7,101533.9,11.934
2024-12-14 12:19:00,101533.9,101591.0,101533.6,101590.2,26.11
2024-12-14 12:20:00,101590.2,101590.2,101581.9,101585.1,35.017
2024-12-14 12:21:00,101585.1,101585.1,101529.1,101549.8,10.816
2024-12-14 12:22:00,101549.8,101549.8,101498.5,101506.3,33.206
2024-12-14 12:23:00,101506.3,101506.3,101480.0,101495.1,42.375
2024-12-14 12:24:00,101495.1,101495.1,101450.0,101450.2,15.048
2024-12-14 12:25:00,101450.2,101458.3,101450.0,101451.0,24.505
2024-12-14 12:26:00,101451.0,101456.8,101451.0,101454.9,27.978
2024-12-14 12:27:00,101454.9,101455.0,101434.7,101435.0,32.261
2024-12-14 12:28:00,101435.0,101443.0,101414.5,101417.3,21.347
2024-12-14 12:29:00,101417.3,101428.8,101400.1,101424.1,25.866
2024-12-14 12:30:00,101424.1,101430.6,101372.1,101386.8,38.859
2024-12-14 12:31:00,101386.8,101386.8,101375.0,101376.2,40.574
2024-12-14 12:32:00,101376.2,101377.1,101326.5,101333.0,49.828
2024-12-14 12:33:00,101333.0,101370.7,101333.0,101370.7,112.659
2024-12-14 12:34:00,101370.7,101399.3,101323.5,101339.3,52.748
2024-12-14 12:35:00,101339.3,101355.0,101321.3,101328.3,39.47
2024-12-14 12:36:00,101328.3,101356.6,101320.6,101321.6,29.075
2024-12-14 12:37:00,101321.6,101335.6,101321.1,101321.1,38.31
2024-12-14 12:38:00,101321.1,101321.3,101302.7,101308.8,48.455
2024-12-14 12:39:00,101308.8,101308.8,101301.8,101308.8,64.539
2024-12-14 12:40:00,101308.8,101324.3,101194.6,101281.1,165.193
2024-12-14 12:41:00,101281.1,101374.0,101281.0,101374.0,422.906
2024-12-14 12:42:00,101374.0,101374.4,101350.3,101357.5,135.111
2024-12-14 12:43:00,101357.5,101364.8,101357.5,101361.8,81.861
2024-12-14 12:44:00,101361.8,101408.6,101361.5,101392.3,23.685
2024-12-14 12:45:00,101392.3,101397.8,101347.5,101368.5,39.098
2024-12-14 12:46:00,101368.5,101413.6,101368.4,101406.3,66.485
2024-12-14 12:47:00,101406.3,101413.6,101389.6,101395.0,25.12
2024-12-14 12:48:00,101395.0,101413.7,101364.1,101370.3,30.046
2024-12-14 12:49:00,101370.3,101370.4,101317.0,101320.8,35.647
2024-12-14 12:50:00,101320.8,101320.8,101300.0,101305.1,50.481
2024-12-14 12:51:00,101305.1,101351.4,101305.0,101351.3,69.477
2024-12-14 12:52:00,101351.3,101364.7,101340.0,101351.9,23.616
2024-12-14 12:53:00,101351.9,101352.2,101300.0,101310.4,26.881
2024-12-14 12:54:00,101310.4,101315.3,101260.5,101260.5,31.148
2024-12-14 12:55:00,101260.5,101309.2,101260.5,101283.0,34.974
2024-12-14 12:56:00,101283.0,101286.3,101229.3,101240.9,44.285
2024-12-14 12:57:00,101240.9,101323.1,101229.6,101297.3,64.546
2024-12-14 12:58:00,101297.3,101297.3,101254.0,101254.2,80.787
2024-12-14 12:59:00,101254.2,101263.5,101250.0,101263.5,22.563
2024-12-14 13:00:00,101263.5,101263.5,101253.2,101263.3,44.025
2024-12-14 13:01:00,101263.3,101263.5,101219.8,101262.6,33.708
2024-12-14 13:02:00,101262.6,101263.5,101235.0,101235.0,42.646
2024-12-14 13:03:00,101235.0,101294.7,101235.0,101281.0,30.087
2024-12-14 13:04:00,101281.0,101369.7,101280.9,101341.0,57.725
2024-12-14 13:05:00,101341.0,101368.2,101318.2,101365.0,78.124
2024-12-14 13:06:00,101365.0,101380.9,101338.0,101369.7,75.334
2024-12-14 13:07:00,101369.7,101380.3,101338.8,101366.3,37.654
2024-12-14 13:08:00,101366.3,101390.7,101366.2,101389.9,33.992
2024-12-14 13:09:00,101389.9,101389.9,101379.0,101379.7,28.731
2024-12-14 13:10:00,101379.7,101384.9,101284.0,101284.0,20.182
2024-12-14 13:11:00,101284.0,101295.9,101259.2,101269.9,56.99
2024-12-14 13:12:00,101269.9,101270.1,101230.5,101251.0,59.373
2024-12-14 13:13:00,101251.0,101260.3,101230.0,101230.1,47.798
2024-12-14 13:14:00,101230.1,101245.3,101189.3,101192.0,81.317
2024-12-14 13:15:00,101192.0,101247.5,101192.0,101232.0,108.734
2024-12-14 13:16:00,101232.0,101238.6,101190.0,101190.6,59.516
2024-12-14 13:17:00,101190.6,101190.6,100994.8,101056.4,445.305
2024-12-14 13:18:00,101056.4,101064.1,100891.3,100950.0,642.959
2024-12-14 13:19:00,100950.0,101125.7,100950.0,101121.9,507.804
2024-12-14 13:20:00,101121.9,101122.2,100927.6,100937.4,208.716
2024-12-14 13:21:00,100937.4,100997.2,100886.3,100893.6,208.894
2024-12-14 13:22:00,100893.6,100909.3,100840.0,100856.0,246.346
2024-12-14 13:23:00,100856.0,100856.0,100798.4,100802.5,325.301
2024-12-14 13:24:00,100802.5,100910.3,100800.0,100854.5,442.544
2024-12-14 13:25:00,100854.5,100952.0,100820.0,100949.9,218.069
2024-12-14 13:26:00,100949.9,101061.0,100944.4,100944.5,242.022
2024-12-14 13:27:00,100944.5,100992.6,100876.7,100992.5,328.484
2024-12-14 13:28:00,100992.5,101059.3,100992.5,101053.1,146.105
2024-12-14 13:29:00,101053.1,101053.2,101013.3,101020.0,108.507
2024-12-14 13:30:00,101020.0,101133.9,100997.8,101093.8,99.725
2024-12-14 13:31:00,101093.8,101111.7,101058.1,101078.4,160.09
2024-12-14 13:32:00,101078.4,101123.2,101078.4,101119.4,89.717
2024-12-14 13:33:00,101119.4,101130.2,101085.8,101130.2,71.571
2024-12-14 13:34:00,101130.2,101132.6,101102.7,101102.9,37.687
2024-12-14 13:35:00,101102.9,101120.0,101040.3,101040.4,42.79
2024-12-14 13:36:00,101040.4,101070.3,100984.1,101050.0,52.7
2024-12-14 13:37:00,101050.0,101050.0,100960.4,100960.7,82.371
2024-12-14 13:38:00,100960.7,101151.0,100960.6,101150.0,439.916
2024-12-14 13:39:00,101150.0,101152.6,101150.0,101150.2,551.036
2024-12-14 13:40:00,101150.2,101208.2,101060.1,101208.2,296.971
2024-12-14 13:41:00,101208.2,101220.9,101200.0,101220.9,509.402
2024-12-14 13:42:00,101220.9,101225.0,101088.5,101200.0,446.029
2024-12-14 13:43:00,101200.0,101229.2,101200.0,101219.0,477.592
2024-12-14 13:44:00,101219.0,101250.0,101218.7,101249.9,33.869
2024-12-14 13:45:00,101249.9,101257.6,101222.0,101222.1,60.862
2024-12-14 13:46:00,101222.1,101222.1,101160.0,101189.3,82.985
2024-12-14 13:47:00,101189.3,101254.6,101181.0,101217.9,50.191
2024-12-14 13:48:00,101217.9,101217.9,101144.3,101144.4,48.532
2024-12-14 13:49:00,101144.4,101155.1,101125.8,101125.8,79.006
2024-12-14 13:50:00,101125.8,101129.1,101100.0,101129.1,128.375
2024-12-14 13:51:00,101129.1,101162.3,101113.5,101132.2,37.166
2024-12-14 13:52:00,101132.2,101161.8,101108.0,101115.0,24.886
2024-12-14 13:53:00,101115.0,101115.3,101067.1,101073.0,24.607
2024-12-14 13:54:00,101073.0,101108.2,101065.2,101100.1,33.423
2024-12-14 13:55:00,101100.1,101170.5,101092.0,101138.0,32.587
2024-12-14 13:56:00,101138.0,101138.0,101074.5,101092.0,56.323
2024-12-14 13:57:00,101092.0,101150.2,101092.0,101118.8,18.943
2024-12-14 13:58:00,101118.8,101145.0,101109.1,101138.2,14.393
2024-12-14 13:59:00,101138.2,101148.5,101123.9,101124.3,13.58
2024-12-14 14:00:00,101124.3,101184.4,101124.3,101184.4,27.697
2024-12-14 14:01:00,101184.4,101243.5,101184.4,101243.0,35.485
2024-12-14 14:02:00,101243.0,101385.0,101242.8,101384.8,117.57
2024-12-14 14:03:00,101384.8,101384.8,101294.9,101316.0,230.748
2024-12-14 14:04:00,101316.0,101345.8,101300.7,101322.3,87.012
2024-12-14 14:05:00,101322.3,101322.3,101272.1,101272.1,34.735
2024-12-14 14:06:00,101272.1,101272.4,101242.6,101242.6,37.258
2024-12-14 14:07:00,101242.6,101242.9,101189.2,101189.6,32.496
2024-12-14 14:08:00,101189.6,101225.7,101189.3,101225.7,41.82
2024-12-14 14:09:00,101225.7,101225.7,101219.3,101225.7,18.755
2024-12-14 14:10:00,101225.7,101291.8,101225.7,101291.5,13.521
2024-12-14 14:11:00,101291.5,101291.8,101229.9,101261.7,18.902
2024-12-14 14:12:00,101261.7,101286.2,101261.7,101286.1,11.974
2024-12-14 14:13:00,101286.1,101401.8,101286.1,101401.8,32.254
2024-12-14 14:14:00,101401.8,101417.9,101384.5,101390.0,119.945
2024-12-14 14:15:00,101390.0,101439.2,101390.0,101437.9,176.661
2024-12-14 14:16:00,101437.9,101439.2,101390.0,101390.0,91.103
2024-12-14 14:17:00,101390.0,101390.3,101319.5,101345.3,68.036
2024-12-14 14:18:00,101345.3,101432.0,101344.8,101426.9,48.99
2024-12-14 14:19:00,101426.9,101430.2,101415.9,101415.9,20.463
2024-12-14 14:20:00,101415.9,101420.2,101386.0,101391.5,36.768
2024-12-14 14:21:00,101391.5,101391.8,101380.0,101390.8,61.301
2024-12-14 14:22:00,101390.8,101390.8,101338.8,101341.2,17.496
2024-12-14 14:23:00,101341.2,101350.9,101325.0,101325.0,28.122
2024-12-14 14:24:00,101325.0,101331.8,101321.0,101331.5,28.35
2024-12-14 14:25:00,101331.5,101331.8,101331.5,101331.5,18.126
2024-12-14 14:26:00,101331.5,101331.6,101267.6,101267.9,55.819
2024-12-14 14:27:00,101267.9,101283.1,101267.6,101279.9,164.163
2024-12-14 14:28:00,101279.9,101282.1,101279.9,101280.0,80.445
2024-12-14 14:29:00,101280.0,101318.4,101279.9,101300.0,28.034
2024-12-14 14:30:00,101300.0,101300.0,101273.3,101273.7,30.739
2024-12-14 14:31:00,101273.7,101299.9,101260.0,101284.4,43.771
2024-12-14 14:32:00,101284.4,101284.4,101270.0,101273.9,10.854
2024-12-14 14:33:00,101273.9,101286.4,101271.3,101271.3,13.562
2024-12-14 14:34:00,101271.3,101281.5,101271.3,101281.4,20.105
2024-12-14 14:35:00,101281.4,101400.3,101281.3,101400.2,91.355
2024-12-14 14:36:00,101400.2,101404.9,101367.6,101400.0,152.337
2024-12-14 14:37:00,101400.0,101410.2,101383.5,101410.2,26.588
2024-12-14 14:38:00,101410.2,101448.2,101409.9,101447.4,51.398
2024-12-14 14:39:00,101447.4,101456.1,101447.2,101447.6,124.109
2024-12-14 14:40:00,101447.6,101447.9,101374.0,101400.1,52.718
2024-12-14 14:41:00,101400.1,101436.7,101399.8,101431.1,24.627
2024-12-14 14:42:00,101431.1,101434.3,101398.5,101403.5,30.594
2024-12-14 14:43:00,101403.5,101430.0,101403.5,101430.0,16.888
2024-12-14 14:44:00,101430.0,101436.0,101400.0,101415.9,18.195
2024-12-14 14:45:00,101415.9,101420.0,101414.9,101415.1,14.294
2024-12-14 14:46:00,101415.1,101418.0,101397.0,101399.0,13.086
2024-12-14 14:47:00,101399.0,101422.3,101398.9,101422.3,22.891
2024-12-14 14:48:00,101422.3,101446.4,101422.3,101432.7,8.566
2024-12-14 14:49:00,101432.7,101465.0,101432.4,101465.0,16.223
2024-12-14 14:50:00,101465.0,101514.9,101464.7,101488.0,83.989
2024-12-14 14:51:00,101488.0,101510.3,101485.0,101485.0,174.316
2024-12-14 14:52:00,101485.0,101485.0,101455.0,101465.3,48.134
2024-12-14 14:53:00,101465.3,101480.8,101455.0,101455.0,78.956
2024-12-14 14:54:00,101455.0,101455.3,101416.8,101420.0,33.848
2024-12-14 14:55:00,101420.0,101420.3,101412.3,101412.3,71.499
2024-12-14 14:56:00,101412.3,101412.7,101412.3,101412.6,12.992
2024-12-14 14:57:00,101412.6,101448.4,101412.6,101427.5,35.024
2024-12-14 14:58:00,101427.5,101441.2,101420.9,101441.2,82.862
2024-12-14 14:59:00,101441.2,101450.3,101411.0,101411.0,76.329
2024-12-14 15:00:00,101411.0,101411.3,101400.0,101400.0,29.736
2024-12-14 15:01:00,101400.0,101400.3,101350.1,101350.1,31.161
2024-12-14 15:02:00,101350.1,101350.1,101331.3,101331.3,36.733
2024-12-14 15:03:00,101331.3,101401.0,101317.0,101376.7,48.887
2024-12-14 15:04:00,101376.7,101379.5,101376.7,101379.4,107.704
2024-12-14 15:05:00,101379.4,101379.5,101348.8,101379.2,77.98
2024-12-14 15:06:00,101379.2,101379.5,101370.1,101379.3,43.021
2024-12-14 15:07:00,101379.3,101380.3,101379.2,101380.0,36.597
2024-12-14 15:08:00,101380.0,101448.2,101380.0,101447.9,8.821
2024-12-14 15:09:00,101447.9,101467.6,101447.9,101467.4,16.946
2024-12-14 15:10:00,101467.4,101548.5,101460.4,101548.3,50.273
2024-12-14 15:11:00,101548.3,101558.2,101524.7,101558.2,95.989
2024-12-14 15:12:00,101558.2,101572.1,101550.0,101572.1,78.592
2024-12-14 15:13:00,101572.1,101573.5,101554.4,101559.5,84.852
2024-12-14 15:14:00,101559.5,101576.0,101555.6,101561.9,53.574
2024-12-14 15:15:00,101561.9,101562.0,101504.1,101504.1,47.039
2024-12-14 15:16:00,101504.1,101572.2,101504.1,101570.0,37.311
2024-12-14 15:17:00,101570.0,101610.0,101570.0,101609.9,44.176
2024-12-14 15:18:00,101609.9,101610.0,101579.0,101580.9,96.343
2024-12-14 15:19:00,101580.9,101593.8,101570.1,101570.1,38.681
2024-12-14 15:20:00,101570.1,101591.2,101570.1,101580.5,74.074
2024-12-14 15:21:00,101580.5,101650.0,101580.5,101649.9,33.583
2024-12-14 15:22:00,101649.9,101729.3,101649.5,101710.0,113.145
2024-12-14 15:23:00,101710.0,101712.0,101630.0,101630.0,286.728
2024-12-14 15:24:00,101630.0,101663.3,101630.0,101630.4,98.428
2024-12-14 15:25:00,101630.4,101663.3,101610.0,101610.0,45.382
2024-12-14 15:26:00,101610.0,101641.5,101605.0,101624.2,26.396
2024-12-14 15:27:00,101624.2,101624.5,101600.0,101600.0,33.325
2024-12-14 15:28:00,101600.0,101604.9,101580.0,101580.0,41.489
2024-12-14 15:29:00,101580.0,101580.3,101565.3,101566.2,45.857
2024-12-14 15:30:00,101566.2,101566.7,101540.0,101540.0,75.896
2024-12-14 15:31:00,101540.0,101650.7,101540.0,101650.6,27.556
2024-12-14 15:32:00,101650.6,101666.7,101643.0,101666.4,27.402
2024-12-14 15:33:00,101666.4,101720.0,101658.5,101710.0,33.8
2024-12-14 15:34:00,101710.0,101710.3,101670.0,101670.0,40.158
2024-12-14 15:35:00,101670.0,101700.5,101670.0,101700.1,22.226
2024-12-14 15:36:00,101700.1,101700.3,101670.0,101670.0,18.965
2024-12-14 15:37:00,101670.0,101670.0,101600.0,101600.0,18.686
2024-12-14 15:38:00,101600.0,101630.4,101580.0,101590.3,17.7
2024-12-14 15:39:00,101590.3,101594.9,101579.8,101582.0,18.221
2024-12-14 15:40:00,101582.0,101639.4,101581.9,101630.4,15.951
2024-12-14 15:41:00,101630.4,101630.4,101605.1,101630.4,11.014
2024-12-14 15:42:00,101630.4,101668.6,101630.3,101654.4,12.335
2024-12-14 15:43:00,101654.4,101654.4,101640.7,101640.8,23.086
2024-12-14 15:44:00,101640.8,101641.1,101603.0,101603.0,16.343
2024-12-14 15:45:00,101603.0,101603.0,101564.7,101564.9,15.073
2024-12-14 15:46:00,101564.9,101564.9,101533.3,101533.6,31.408
2024-12-14 15:47:00,101533.6,101538.7,101524.2,101524.5,36.269
2024-12-14 15:48:00,101524.5,101593.5,101505.1,101593.2,70.912
2024-12-14 15:49:00,101593.2,101593.2,101533.9,101534.3,137.329
2024-12-14 15:50:00,101534.3,101546.6,101505.1,101536.6,24.868
2024-12-14 15:51:00,101536.6,101554.5,101529.8,101553.1,15.388
2024-12-14 15:52:00,101553.1,101603.0,101551.4,101602.7,8.8
2024-12-14 15:53:00,101602.7,101625.3,101602.7,101625.3,14.606
2024-12-14 15:54:00,101625.3,101625.3,101616.3,101622.0,14.642
2024-12-14 15:55:00,101622.0,101631.2,101597.7,101597.7,12.505
2024-12-14 15:56:00,101597.7,101598.0,101580.6,101585.8,15.146
2024-12-14 15:57:00,101585.8,101606.8,101585.8,101606.8,21.212
2024-12-14 15:58:00,101606.8,101628.8,101600.0,101612.5,44.325
2024-12-14 15:59:00,101612.5,101612.5,101600.0,101601.8,52.777
2024-12-14 16:00:00,101601.8,101623.9,101574.6,101606.8,26.291
2024-12-14 16:01:00,101606.8,101613.7,101585.0,101585.0,51.973
2024-12-14 16:02:00,101585.0,101585.0,101539.6,101540.2,23.255
2024-12-14 16:03:00,101540.2,101582.0,101540.2,101580.1,32.089
2024-12-14 16:04:00,101580.1,101580.6,101574.2,101580.6,31.235
2024-12-14 16:05:00,101580.6,101600.2,101535.8,101542.9,8.161
2024-12-14 16:06:00,101542.9,101563.5,101514.7,101514.8,18.027
2024-12-14 16:07:00,101514.8,101522.9,101502.7,101502.7,27.925
2024-12-14 16:08:00,101502.7,101512.3,101500.0,101500.1,45.048
2024-12-14 16:09:00,101500.1,101546.5,101444.3,101519.5,49.291
2024-12-14 16:10:00,101519.5,101519.5,101456.3,101456.3,40.977
2024-12-14 16:11:00,101456.3,101481.8,101450.0,101468.3,22.578
2024-12-14 16:12:00,101468.3,101468.3,101435.3,101435.4,28.848
2024-12-14 16:13:00,101435.4,101473.8,101424.6,101424.9,34.3
2024-12-14 16:14:00,101424.9,101458.2,101410.0,101430.1,41.705
2024-12-14 16:15:00,101430.1,101526.9,101419.2,101498.2,42.712
2024-12-14 16:16:00,101498.2,101498.2,101450.0,101462.9,29.989
2024-12-14 16:17:00,101462.9,101463.2,101405.7,101405.9,23.393
2024-12-14 16:18:00,101405.9,101460.7,101405.9,101458.4,14.088
2024-12-14 16:19:00,101458.4,101520.2,101458.1,101519.9,14.253
2024-12-14 16:20:00,101519.9,101578.8,101519.9,101578.8,31.615
2024-12-14 16:21:00,101578.8,101580.1,101533.4,101565.8,42.14
2024-12-14 16:22:00,101565.8,101579.0,101548.6,101569.6,36.29
2024-12-14 16:23:00,101569.6,101581.4,101566.2,101581.0,20.915
2024-12-14 16:24:00,101581.0,101581.9,101570.2,101581.8,21.678
2024-12-14 16:25:00,101581.8,101595.6,101500.0,101500.0,24.204
2024-12-14 16:26:00,101500.0,101540.0,101500.0,101524.5,15.759
2024-12-14 16:27:00,101524.5,101525.1,101488.3,101497.8,20.14
2024-12-14 16:28:00,101497.8,101497.8,101475.1,101480.0,11.987
2024-12-14 16:29:00,101480.0,101480.0,101418.0,101424.5,12.111
2024-12-14 16:30:00,101424.5,101461.2,101422.1,101451.0,32.495
2024-12-14 16:31:00,101451.0,101459.3,101423.7,101427.0,39.222
2024-12-14 16:32:00,101427.0,101449.4,101427.0,101449.4,28.241
2024-12-14 16:33:00,101449.4,101493.5,101449.3,101493.5,30.92
2024-12-14 16:34:00,101493.5,101493.5,101450.0,101479.0,14.134
2024-12-14 16:35:00,101479.0,101497.1,101462.9,101488.2,4.955
2024-12-14 16:36:00,101488.2,101500.0,101478.1,101478.2,5.416
2024-12-14 16:37:00,101478.2,101478.5,101452.0,101452.1,9.184
2024-12-14 16:38:00,101452.1,101490.8,101452.0,101452.1,12.394
2024-12-14 16:39:00,101452.1,101452.1,101435.9,101436.0,6.803
2024-12-14 16:40:00,101436.0,101477.4,101435.3,101477.4,13.358
2024-12-14 16:41:00,101477.4,101485.3,101466.5,101485.0,6.555
2024-12-14 16:42:00,101485.0,101485.3,101443.1,101458.8,9.629
2024-12-14 16:43:00,101458.8,101480.9,101456.7,101478.3,10.094
2024-12-14 16:44:00,101478.3,101479.1,101460.4,101470.7,7.288
2024-12-14 16:45:00,101470.7,101543.7,101470.7,101543.7,17.784
2024-12-14 16:46:00,101543.7,101570.0,101536.0,101570.0,30.672
2024-12-14 16:47:00,101570.0,101602.4,101570.0,101586.9,64.493
2024-12-14 16:48:00,101586.9,101586.9,101540.7,101586.8,27.262
2024-12-14 16:49:00,101586.8,101635.9,101586.8,101614.7,18.446
2024-12-14 16:50:00,101614.7,101614.7,101560.0,101560.0,22.346
2024-12-14 16:51:00,101560.0,101569.9,101560.0,101569.8,9.145
2024-12-14 16:52:00,101569.8,101600.7,101569.5,101591.0,10.96
2024-12-14 16:53:00,101591.0,101591.0,101566.2,101589.0,15.732
2024-12-14 16:54:00,101589.0,101594.7,101584.0,101584.3,4.43
2024-12-14 16:55:00,101584.3,101587.8,101565.0,101587.8,4.616
2024-12-14 16:56:00,101587.8,101623.5,101587.5,101600.0,14.715
2024-12-14 16:57:00,101600.0,101600.0,101594.5,101595.5,25.136
2024-12-14 16:58:00,101595.5,101595.6,101587.5,101595.3,12.348
2024-12-14 16:59:00,101595.3,101632.6,101595.3,101632.5,13.683
2024-12-14 17:00:00,101632.5,101637.1,101630.0,101630.0,23.137
2024-12-14 17:01:00,101630.0,101634.8,101604.0,101624.1,18.599
2024-12-14 17:02:00,101624.1,101624.1,101600.0,101600.3,12.782
2024-12-14 17:03:00,101600.3,101615.4,101600.3,101610.2,7.869
2024-12-14 17:04:00,101610.2,101610.2,101585.0,101590.1,6.366
2024-12-14 17:05:00,101590.1,101590.4,101584.3,101590.1,9.583
2024-12-14 17:06:00,101590.1,101626.2,101590.1,101625.9,9.987
2024-12-14 17:07:00,101625.9,101626.2,101601.0,101620.4,8.859
2024-12-14 17:08:00,101620.4,101645.1,101620.1,101634.6,17.098
2024-12-14 17:09:00,101634.6,101634.6,101620.0,101627.3,9.459
2024-12-14 17:10:00,101627.3,101700.1,101627.3,101695.4,16.667
2024-12-14 17:11:00,101695.4,101716.5,101678.5,101678.5,52.384
2024-12-14 17:12:00,101678.5,101678.5,101660.3,101667.1,55.201
2024-12-14 17:13:00,101667.1,101667.9,101603.5,101603.5,48.919
2024-12-14 17:14:00,101603.5,101603.8,101582.0,101582.0,64.709
2024-12-14 17:15:00,101582.0,101598.2,101457.5,101491.3,17.697
2024-12-14 17:16:00,101491.3,101519.8,101469.3,101485.7,27.103
2024-12-14 17:17:00,101485.7,101485.7,101410.1,101416.1,29.262
2024-12-14 17:18:00,101416.1,101463.9,101280.0,101367.3,497.964
2024-12-14 17:19:00,101367.3,101380.5,101367.0,101373.8,503.445
2024-12-14 17:20:00,101373.8,101429.6,101373.6,101429.6,26.907
2024-12-14 17:21:00,101429.6,101429.6,101392.1,101414.4,48.76
2024-12-14 17:22:00,101414.4,101414.4,101336.2,101362.7,112.165
2024-12-14 17:23:00,101362.7,101384.9,101344.0,101344.0,87.224
2024-12-14 17:24:00,101344.0,101349.9,101320.0,101349.8,104.683
2024-12-14 17:25:00,101349.8,101378.7,101349.8,101370.0,64.124
2024-12-14 17:26:00,101370.0,101370.5,101303.6,101308.1,24.172
2024-12-14 17:27:00,101308.1,101382.3,101298.6,101340.0,63.007
2024-12-14 17:28:00,101340.0,101351.6,101298.0,101298.0,120.614
2024-12-14 17:29:00,101298.0,101298.1,101199.9,101201.7,69.705
2024-12-14 17:30:00,101201.7,101240.0,101201.5,101231.2,176.777
2024-12-14 17:31:00,101231.2,101232.5,101202.1,101226.2,39.376
2024-12-14 17:32:00,101226.2,101269.6,101200.0,101200.2,37.12
2024-12-14 17:33:00,101200.2,101213.7,101200.2,101212.6,86.274
2024-12-14 17:34:00,101212.6,101212.9,101111.0,101111.1,92.939
2024-12-14 17:35:00,101111.1,101149.1,101111.0,101125.4,221.412
2024-12-14 17:36:00,101125.4,101125.5,101071.8,101110.3,58.682
2024-12-14 17:37:00,101110.3,101110.7,101050.6,101069.2,118.799
2024-12-14 17:38:00,101069.2,101152.7,101068.3,101107.4,63.494
2024-12-14 17:39:00,101107.4,101107.4,101044.6,101047.0,49.218
2024-12-14 17:40:00,101047.0,101069.5,101033.3,101046.6,43.34
2024-12-14 17:41:00,101046.6,101081.3,101035.8,101081.2,50.42
2024-12-14 17:42:00,101081.2,101117.5,101081.0,101098.3,39.706
2024-12-14 17:43:00,101098.3,101098.6,101013.3,101019.8,79.27
2024-12-14 17:44:00,101019.8,101049.3,101019.5,101021.0,74.595
2024-12-14 17:45:00,101021.0,101057.0,101020.0,101056.8,38.816
2024-12-14 17:46:00,101056.8,101102.7,101056.7,101056.9,49.342
2024-12-14 17:47:00,101056.9,101076.3,101030.5,101037.8,75.388
2024-12-14 17:48:00,101037.8,101043.1,101037.7,101040.1,29.597
2024-12-14 17:49:00,101040.1,101040.3,101040.0,101040.1,18.269
2024-12-14 17:50:00,101040.1,101040.1,101000.0,101000.0,40.758
2024-12-14 17:51:00,101000.0,101000.1,100849.5,100902.1,123.303
2024-12-14 17:52:00,100902.1,100935.2,100863.9,100921.8,247.102
2024-12-14 17:53:00,100921.8,101034.8,100921.8,101027.2,125.981
2024-12-14 17:54:00,101027.2,101096.1,101026.9,101080.2,144.805
2024-12-14 17:55:00,101080.2,101108.0,101080.1,101105.6,109.667
2024-12-14 17:56:00,101105.6,101164.6,101105.6,101109.9,49.967
2024-12-14 17:57:00,101109.9,101110.2,100979.2,100980.2,95.613
2024-12-14 17:58:00,100980.2,100980.2,100928.7,100938.0,99.861
2024-12-14 17:59:00,100938.0,100977.2,100938.0,100952.1,83.871
2024-12-14 18:00:00,100952.1,100977.3,100952.1,100977.2,26.206
2024-12-14 18:01:00,100977.2,100994.3,100928.7,100994.2,36.384
2024-12-14 18:02:00,100994.2,101098.9,100994.2,101098.9,77.55
2024-12-14 18:03:00,101098.9,101099.9,101027.9,101027.9,58.538
2024-12-14 18:04:00,101027.9,101049.8,101017.9,101022.8,20.965
2024-12-14 18:05:00,101022.8,101100.0,101022.7,101092.4,27.041
2024-12-14 18:06:00,101092.4,101092.7,100970.9,100973.3,92.839
2024-12-14 18:07:00,100973.3,101080.7,100973.3,101035.8,280.638
2024-12-14 18:08:00,101035.8,101087.6,101035.6,101063.1,141.579
2024-12-14 18:09:00,101063.1,101095.8,101044.8,101044.8,44.437
2024-12-14 18:10:00,101044.8,101044.8,100964.4,100989.0,136.525
2024-12-14 18:11:00,100989.0,101042.0,100950.0,101042.0,160.145
2024-12-14 18:12:00,101042.0,101049.1,100963.9,100963.9,66.64
2024-12-14 18:13:00,100963.9,100963.9,100868.0,100887.0,52.93
2024-12-14 18:14:00,100887.0,100943.0,100886.7,100931.5,146.648
2024-12-14 18:15:00,100931.5,100933.0,100852.9,100905.4,68.508
2024-12-14 18:16:00,100905.4,100947.6,100878.5,100947.5,80.935
2024-12-14 18:17:00,100947.5,101047.0,100947.2,101007.6,40.599
2024-12-14 18:18:00,101007.6,101035.0,100987.1,101035.0,40.368
2024-12-14 18:19:00,101035.0,101059.3,101021.1,101036.2,48.404
2024-12-14 18:20:00,101036.2,101036.2,100956.9,100956.9,110.664
2024-12-14 18:21:00,100956.9,101041.8,100956.9,101036.7,21.72
2024-12-14 18:22:00,101036.7,101064.2,101036.6,101064.2,17.519
2024-12-14 18:23:00,101064.2,101098.4,101059.9,101080.9,20.009
2024-12-14 18:24:00,101080.9,101100.0,101080.6,101099.3,19.717
2024-12-14 18:25:00,101099.3,101145.3,101036.5,101036.5,40.886
2024-12-14 18:26:00,101036.5,101036.8,100982.8,100997.4,84.815
2024-12-14 18:27:00,100997.4,101030.5,100979.6,101010.0,44.071
2024-12-14 18:28:00,101010.0,101010.0,100956.9,100957.0,33.118
2024-12-14 18:29:00,100957.0,100969.4,100910.6,100910.6,70.106
2024-12-14 18:30:00,100910.6,100945.6,100866.7,100868.2,34.911
2024-12-14 18:31:00,100868.2,100935.2,100867.9,100889.1,72.625
2024-12-14 18:32:00,100889.1,100916.7,100868.2,100886.5,58.228
2024-12-14 18:33:00,100886.5,100939.9,100886.4,100930.6,75.068
2024-12-14 18:34:00,100930.6,100930.6,100902.0,100902.1,20.923
2024-12-14 18:35:00,100902.1,100930.1,100871.0,100930.1,16.416
2024-12-14 18:36:00,100930.1,100994.2,100930.1,100965.4,44.624
2024-12-14 18:37:00,100965.4,100998.2,100960.2,100995.2,29.384
2024-12-14 18:38:00,100995.2,101009.6,100972.2,100989.8,16.328
2024-12-14 18:39:00,100989.8,101025.8,100972.2,100972.2,14.773
2024-12-14 18:40:00,100972.2,100981.2,100919.9,100919.9,10.504
2024-12-14 18:41:00,100919.9,100943.4,100885.4,100885.4,18.211
2024-12-14 18:42:00,100885.4,100908.2,100871.0,100886.4,21.496
2024-12-14 18:43:00,100886.4,100919.7,100885.0,100906.6,20.367
2024-12-14 18:44:00,100906.6,100919.0,100890.9,100893.8,14.558
2024-12-14 18:45:00,100893.8,100903.5,100871.0,100871.0,17.978
2024-12-14 18:46:00,100871.0,100886.5,100871.0,100871.0,42.632
2024-12-14 18:47:00,100871.0,100982.4,100871.0,100982.4,31.459
2024-12-14 18:48:00,100982.4,100991.2,100886.2,100893.4,31.143
2024-12-14 18:49:00,100893.4,100931.8,100887.6,100900.3,36.912
2024-12-14 18:50:00,100900.3,100929.8,100894.6,100901.6,58.133
2024-12-14 18:51:00,100901.6,100901.7,100849.5,100853.4,42.118
2024-12-14 18:52:00,100853.4,100859.7,100834.8,100835.1,138.681
2024-12-14 18:53:00,100835.1,100845.5,100823.0,100825.7,156.452
2024-12-14 18:54:00,100825.7,100871.2,100825.4,100852.9,29.11
2024-12-14 18:55:00,100852.9,100860.6,100806.0,100826.5,23.315
2024-12-14 18:56:00,100826.5,100849.5,100806.0,100849.5,41.447
2024-12-14 18:57:00,100849.5,100884.9,100845.8,100878.9,30.014
2024-12-14 18:58:00,100878.9,100879.0,100834.3,100840.1,20.572
2024-12-14 18:59:00,100840.1,100869.4,100830.9,100869.4,12.495
2024-12-14 19:00:00,100869.4,100910.3,100840.8,100908.8,19.057
2024-12-14 19:01:00,100908.8,100908.8,100858.3,100904.0,39.482
2024-12-14 19:02:00,100904.0,100977.2,100903.6,100956.1,20.606
2024-12-14 19:03:00,100956.1,100960.4,100916.5,100960.4,42.155
2024-12-14 19:04:00,100960.4,100972.2,100960.4,100972.2,32.552
2024-12-14 19:05:00,100972.2,101018.3,100952.3,100984.8,81.787
2024-12-14 19:06:00,100984.8,101012.6,100935.0,101012.6,231.116
2024-12-14 19:07:00,101012.6,101061.1,101012.6,101055.2,39.992
2024-12-14 19:08:00,101055.2,101109.0,101048.8,101099.2,136.79
2024-12-14 19:09:00,101099.2,101100.6,101076.6,101076.6,293.88
2024-12-14 19:10:00,101076.6,101156.0,101076.6,101135.2,66.139
2024-12-14 19:11:00,101135.2,101135.3,101100.9,101115.0,69.632
2024-12-14 19:12:00,101115.0,101115.0,101059.0,101059.1,25.817
2024-12-14 19:13:00,101059.1,101059.1,100964.4,100972.6,81.139
2024-12-14 19:14:00,100972.6,100972.6,100950.0,100950.1,104.496
2024-12-14 19:15:00,100950.1,100974.6,100917.1,100917.1,23.488
2024-12-14 19:16:00,100917.1,101011.8,100909.9,100985.2,47.081
2024-12-14 19:17:00,100985.2,100985.3,100923.0,100923.3,31.584
2024-12-14 19:18:00,100923.3,100945.9,100906.8,100906.8,23.952
2024-12-14 19:19:00,100906.8,100959.3,100905.3,100959.3,21.271
2024-12-14 19:20:00,100959.3,101010.2,100957.8,101010.2,14.169
2024-12-14 19:21:00,101010.2,101010.2,100954.2,100960.1,9.055
2024-12-14 19:22:00,100960.1,101007.5,100959.8,100983.8,10.031
2024-12-14 19:23:00,100983.8,101028.2,100983.8,101003.4,10.974
2024-12-14 19:24:00,101003.4,101049.7,101003.1,101049.5,18.026
2024-12-14 19:25:00,101049.5,101049.5,101027.9,101037.8,12.288
2024-12-14 19:26:00,101037.8,101070.0,101029.4,101070.0,5.438
2024-12-14 19:27:00,101070.0,101072.5,101052.9,101072.2,3.225
2024-12-14 19:28:00,101072.2,101133.8,101072.2,101124.7,10.669
2024-12-14 19:29:00,101124.7,101157.4,101124.7,101149.3,38.3
2024-12-14 19:30:00,101149.3,101338.2,101140.0,101316.2,541.307
2024-12-14 19:31:00,101316.2,101334.1,101256.2,101256.3,507.408
2024-12-14 19:32:00,101256.3,101319.8,101256.3,101281.8,75.112
2024-12-14 19:33:00,101281.8,101281.8,101223.4,101253.6,59.028
2024-12-14 19:34:00,101253.6,101288.2,101253.3,101272.9,95.386
2024-12-14 19:35:00,101272.9,101298.7,101255.2,101298.7,10.128
2024-12-14 19:36:00,101298.7,101298.7,101236.5,101236.5,38.621
2024-12-14 19:37:00,101236.5,101266.0,101232.0,101260.5,86.54
2024-12-14 19:38:00,101260.5,101260.8,101235.1,101235.3,12.152
2024-12-14 19:39:00,101235.3,101250.2,101208.3,101250.1,18.514
2024-12-14 19:40:00,101250.1,101266.3,101250.0,101255.8,17.006
2024-12-14 19:41:00,101255.8,101257.7,101220.0,101220.0,22.342
2024-12-14 19:42:00,101220.0,101250.2,101220.0,101250.2,34.759
2024-12-14 19:43:00,101250.2,101250.2,101230.3,101239.3,13.775
2024-12-14 19:44:00,101239.3,101244.2,101239.3,101243.5,12.501
2024-12-14 19:45:00,101243.5,101250.2,101240.9,101244.9,4.263
2024-12-14 19:46:00,101244.9,101251.3,101244.9,101247.1,7.446
2024-12-14 19:47:00,101247.1,101258.4,101247.1,101254.8,9.914
2024-12-14 19:48:00,101254.8,101269.0,101251.3,101269.0,17.622
2024-12-14 19:49:00,101269.0,101269.0,101260.8,101267.6,20.512
2024-12-14 19:50:00,101267.6,101269.0,101250.4,101259.3,5.104
2024-12-14 19:51:00,101259.3,101269.0,101250.0,101269.0,8.653
2024-12-14 19:52:00,101269.0,101299.2,101268.9,101299.2,12.781
2024-12-14 19:53:00,101299.2,101299.2,101280.0,101287.7,20.109
2024-12-14 19:54:00,101287.7,101302.2,101280.0,101280.0,8.132
2024-12-14 19:55:00,101280.0,101280.1,101251.8,101254.1,9.655
2024-12-14 19:56:00,101254.1,101254.9,101253.9,101254.6,14.077
2024-12-14 19:57:00,101254.6,101280.0,101254.6,101280.0,17.29
2024-12-14 19:58:00,101280.0,101298.7,101280.0,101294.3,3.768
2024-12-14 19:59:00,101294.3,101294.3,101284.6,101284.9,5.138
2024-12-14 20:00:00,101284.9,101297.5,101278.5,101278.5,5.758
2024-12-14 20:01:00,101278.5,101278.5,101258.3,101258.6,13.535
2024-12-14 20:02:00,101258.6,101304.0,101258.3,101292.9,11.086
2024-12-14 20:03:00,101292.9,101306.4,101292.9,101306.4,13.076
2024-12-14 20:04:00,101306.4,101350.0,101306.4,101332.9,8.063
2024-12-14 20:05:00,101332.9,101347.4,101332.9,101347.4,22.96
2024-12-14 20:06:00,101347.4,101378.8,101331.0,101378.8,19.689
2024-12-14 20:07:00,101378.8,101385.8,101358.7,101364.8,25.58
2024-12-14 20:08:00,101364.8,101375.2,101330.1,101347.1,30.371
2024-12-14 20:09:00,101347.1,101347.1,101301.5,101301.5,11.91
2024-12-14 20:10:00,101301.5,101341.4,101301.5,101326.9,17.421
2024-12-14 20:11:00,101326.9,101326.9,101300.2,101300.2,11.855
2024-12-14 20:12:00,101300.2,101300.2,101258.0,101258.1,9.903
2024-12-14 20:13:00,101258.1,101263.5,101258.0,101263.5,22.096
2024-12-14 20:14:00,101263.5,101263.5,101227.3,101241.4,11.042
2024-12-14 20:15:00,101241.4,101253.5,101237.6,101241.3,23.775
2024-12-14 20:16:00,101241.3,101241.6,101238.9,101238.9,19.55
2024-12-14 20:17:00,101238.9,101238.9,101177.5,101195.0,22.271
2024-12-14 20:18:00,101195.0,101219.8,101190.0,101219.8,63.363
2024-12-14 20:19:00,101219.8,101219.8,101170.0,101170.1,27.704
2024-12-14 20:20:00,101170.1,101170.1,101070.0,101081.9,74.63
2024-12-14 20:21:00,101081.9,101081.9,101003.7,101038.2,272.663
2024-12-14 20:22:00,101038.2,101070.7,101037.3,101037.3,505.881
2024-12-14 20:23:00,101037.3,101067.2,101030.9,101067.0,20.152
2024-12-14 20:24:00,101067.0,101098.9,101066.9,101091.2,18.102
2024-12-14 20:25:00,101091.2,101100.2,101055.0,101099.9,35.404
2024-12-14 20:26:00,101099.9,101143.9,101099.9,101143.6,23.513
2024-12-14 20:27:00,101143.6,101172.3,101143.6,101172.3,23.488
2024-12-14 20:28:00,101172.3,101172.3,101151.7,101163.3,20.965
2024-12-14 20:29:00,101163.3,101167.8,101141.3,101141.5,18.76
2024-12-14 20:30:00,101141.5,101141.5,101108.3,101128.5,20.102
2024-12-14 20:31:00,101128.5,101138.1,101118.8,101122.6,5.549
2024-12-14 20:32:00,101122.6,101122.6,101073.5,101073.5,17.03
2024-12-14 20:33:00,101073.5,101080.2,101043.3,101043.3,22.683
2024-12-14 20:34:00,101043.3,101043.6,101005.8,101023.5,8.104
2024-12-14 20:35:00,101023.5,101053.1,101023.0,101028.4,13.52
2024-12-14 20:36:00,101028.4,101028.4,100972.1,100973.3,13.964
2024-12-14 20:37:00,100973.3,100981.6,100930.0,100930.0,25.973
2024-12-14 20:38:00,100930.0,100930.1,100891.0,100903.1,29.711
2024-12-14 20:39:00,100903.1,100903.1,100861.7,100872.2,35.265
2024-12-14 20:40:00,100872.2,100882.6,100855.0,100855.9,43.99
2024-12-14 20:41:00,100855.9,100868.7,100855.9,100860.9,37.732
2024-12-14 20:42:00,100860.9,100860.9,100814.6,100824.4,29.951
2024-12-14 20:43:00,100824.4,100884.4,100824.4,100884.1,64.813
2024-12-14 20:44:00,100884.1,100884.4,100875.0,100875.1,45.897
2024-12-14 20:45:00,100875.1,100949.7,100875.0,100933.3,21.305
2024-12-14 20:46:00,100933.3,100933.5,100906.0,100906.1,51.961
2024-12-14 20:47:00,100906.1,100906.1,100871.0,100895.1,24.574
2024-12-14 20:48:00,100895.1,100895.1,100842.1,100845.0,34.083
2024-12-14 20:49:00,100845.0,100845.1,100777.0,100794.5,89.126
2024-12-14 20:50:00,100794.5,100833.1,100794.3,100815.4,182.217
2024-12-14 20:51:00,100815.4,100815.4,100664.0,100685.7,166.493
2024-12-14 20:52:00,100685.7,100714.3,100566.6,100615.6,352.464
2024-12-14 20:53:00,100615.6,100664.5,100561.3,100629.5,239.448
2024-12-14 20:54:00,100629.5,100709.1,100600.0,100668.0,127.629
2024-12-14 20:55:00,100668.0,100681.0,100627.2,100634.5,75.82
2024-12-14 20:56:00,100634.5,100649.9,100627.0,100645.3,67.904
2024-12-14 20:57:00,100645.3,100733.3,100640.1,100724.2,47.855
2024-12-14 20:58:00,100724.2,100735.2,100724.2,100729.3,36.737
2024-12-14 20:59:00,100729.3,100734.8,100689.3,100729.6,35.346
2024-12-14 21:00:00,100729.6,100850.2,100729.6,100850.2,112.894
2024-12-14 21:01:00,100850.2,100863.5,100829.6,100858.4,192.967
2024-12-14 21:02:00,100858.4,100875.7,100825.0,100861.8,50.204
2024-12-14 21:03:00,100861.8,100870.2,100826.2,100870.2,20.028
2024-12-14 21:04:00,100870.2,100933.3,100869.9,100933.3,41.608
2024-12-14 21:05:00,100933.3,100933.9,100876.0,100876.0,80.609
2024-12-14 21:06:00,100876.0,100966.7,100876.0,100960.4,49.811
2024-12-14 21:07:00,100960.4,100979.3,100937.0,100953.3,51.932
2024-12-14 21:08:00,100953.3,100972.2,100926.5,100953.3,35.794
2024-12-14 21:09:00,100953.3,100985.5,100942.3,100985.2,21.355
2024-12-14 21:10:00,100985.2,100992.2,100963.8,100985.5,28.648
2024-12-14 21:11:00,100985.5,100990.0,100972.0,100990.0,27.072
2024-12-14 21:12:00,100990.0,101067.6,100990.0,101062.1,46.57
2024-12-14 21:13:00,101062.1,101065.1,101034.9,101035.0,120.404
2024-12-14 21:14:00,101035.0,101083.0,101035.0,101075.4,38.205
2024-12-14 21:15:00,101075.4,101155.2,101075.4,101155.0,53.714
2024-12-14 21:16:00,101155.0,101157.3,101114.1,101123.7,73.281
2024-12-14 21:17:00,101123.7,101123.7,101062.5,101088.2,72.171
2024-12-14 21:18:00,101088.2,101111.7,101081.0,101084.6,114.532
2024-12-14 21:19:00,101084.6,101108.3,101048.4,101048.4,69.574
2024-12-14 21:20:00,101048.4,101120.0,101039.0,101120.0,42.553
2024-12-14 21:21:00,101120.0,101120.0,101086.1,101086.1,54.153
2024-12-14 21:22:00,101086.1,101120.0,101086.1,101119.9,18.994
2024-12-14 21:23:00,101119.9,101120.5,101100.0,101100.0,11.083
2024-12-14 21:24:00,101100.0,101119.9,101092.5,101105.0,10.41
2024-12-14 21:25:00,101105.0,101122.2,101096.5,101097.4,27.854
2024-12-14 21:26:00,101097.4,101123.0,101097.1,101122.9,58.808
2024-12-14 21:27:00,101122.9,101150.2,101122.0,101139.7,21.26
2024-12-14 21:28:00,101139.7,101154.4,101139.4,101144.9,42.824
2024-12-14 21:29:00,101144.9,101150.2,101131.5,101149.9,21.624
2024-12-14 21:30:00,101149.9,101150.2,101111.7,101111.9,24.869
2024-12-14 21:31:00,101111.9,101111.9,101098.8,101108.9,21.363
2024-12-14 21:32:00,101108.9,101108.9,101007.6,101007.6,23.262
2024-12-14 21:33:00,101007.6,101049.2,100993.1,101048.6,71.749
2024-12-14 21:34:00,101048.6,101099.0,101048.6,101072.8,90.458
2024-12-14 21:35:00,101072.8,101079.6,101062.0,101072.1,9.006
2024-12-14 21:36:00,101072.1,101072.1,101057.4,101072.0,4.599
2024-12-14 21:37:00,101072.0,101095.2,101072.0,101094.8,6.051
2024-12-14 21:38:00,101094.8,101144.6,101094.8,101108.6,36.872
2024-12-14 21:39:00,101108.6,101108.6,101061.0,101066.5,105.888
2024-12-14 21:40:00,101066.5,101084.0,101066.4,101073.0,71.974
2024-12-14 21:41:00,101073.0,101080.0,101067.9,101075.0,7.355
2024-12-14 21:42:00,101075.0,101088.3,101075.0,101081.4,4.688
2024-12-14 21:43:00,101081.4,101100.3,101081.4,101100.3,5.089
2024-12-14 21:44:00,101100.3,101113.6,101093.6,101105.2,12.237
2024-12-14 21:45:00,101105.2,101120.0,101091.3,101120.0,22.035
2024-12-14 21:46:00,101120.0,101135.2,101113.2,101135.1,10.933
2024-12-14 21:47:00,101135.1,101135.1,101113.2,101124.9,20.157
2024-12-14 21:48:00,101124.9,101125.0,101119.9,101120.0,7.643
2024-12-14 21:49:00,101120.0,101120.1,101113.2,101113.2,2.226
2024-12-14 21:50:00,101113.2,101113.3,101088.1,101088.1,2.815
2024-12-14 21:51:00,101088.1,101125.1,101088.1,101115.0,14.268
2024-12-14 21:52:00,101115.0,101115.1,101070.0,101070.7,35.996
2024-12-14 21:53:00,101070.7,101077.3,101057.7,101064.5,5.635
2024-12-14 21:54:00,101064.5,101086.1,101043.7,101044.0,11.949
2024-12-14 21:55:00,101044.0,101045.2,101038.4,101045.2,24.913
2024-12-14 21:56:00,101045.2,101083.2,101045.2,101064.4,5.699
2024-12-14 21:57:00,101064.4,101064.4,101041.0,101063.1,12.03
2024-12-14 21:58:00,101063.1,101071.7,101062.7,101070.2,39.418
2024-12-14 21:59:00,101070.2,101071.2,101050.7,101050.7,53.04
2024-12-14 22:00:00,101050.7,101071.6,101045.0,101045.0,9.27
2024-12-14 22:01:00,101045.0,101053.8,101032.0,101039.9,10.46
2024-12-14 22:02:00,101039.9,101118.7,101039.9,101118.7,11.616
2024-12-14 22:03:00,101118.7,101118.7,101081.9,101110.2,11.592
2024-12-14 22:04:00,101110.2,101119.4,101088.4,101088.4,12.466
2024-12-14 22:05:00,101088.4,101093.2,101088.4,101093.0,14.847
2024-12-14 22:06:00,101093.0,101135.5,101092.9,101093.1,36.234
2024-12-14 22:07:00,101093.1,101098.1,101080.0,101080.1,67.715
2024-12-14 22:08:00,101080.1,101080.1,101070.5,101078.0,4.664
2024-12-14 22:09:00,101078.0,101078.0,101025.5,101025.5,12.752
2024-12-14 22:10:00,101025.5,101025.8,100941.6,100967.6,47.28
2024-12-14 22:11:00,100967.6,100980.2,100967.5,100973.8,111.141
2024-12-14 22:12:00,100973.8,100987.2,100966.9,100981.6,180.583
2024-12-14 22:13:00,100981.6,100981.7,100900.3,100902.2,28.08
2024-12-14 22:14:00,100902.2,100902.2,100859.7,100860.0,74.729
2024-12-14 22:15:00,100860.0,100910.3,100860.0,100910.3,150.681
2024-12-14 22:16:00,100910.3,101012.1,100910.3,100997.3,40.838
2024-12-14 22:17:00,100997.3,100997.3,100958.1,100987.8,46.199
2024-12-14 22:18:00,100987.8,100988.2,100971.3,100971.3,6.951
2024-12-14 22:19:00,100971.3,100971.3,100928.9,100929.2,9.271
2024-12-14 22:20:00,100929.2,100929.2,100886.2,100896.3,8.147
2024-12-14 22:21:00,100896.3,100935.6,100896.0,100934.9,15.102
2024-12-14 22:22:00,100934.9,100979.6,100934.9,100979.6,18.235
2024-12-14 22:23:00,100979.6,100986.4,100966.1,100986.4,7.935
2024-12-14 22:24:00,100986.4,101013.4,100986.4,101010.8,10.344
2024-12-14 22:25:00,101010.8,101050.2,101010.8,101047.9,15.273
2024-12-14 22:26:00,101047.9,101099.7,101047.8,101098.1,37.872
2024-12-14 22:27:00,101098.1,101148.5,101098.1,101148.5,44.195
2024-12-14 22:28:00,101148.5,101152.4,101148.2,101152.4,25.934
2024-12-14 22:29:00,101152.4,101172.1,101152.1,101154.1,26.897
2024-12-14 22:30:00,101154.1,101154.1,101122.8,101122.8,53.134
2024-12-14 22:31:00,101122.8,101122.8,101070.1,101070.7,30.279
2024-12-14 22:32:00,101070.7,101070.7,101059.1,101059.4,36.027
2024-12-14 22:33:00,101059.4,101059.4,101020.0,101020.0,8.824
2024-12-14 22:34:00,101020.0,101020.2,101011.8,101012.1,4.274
2024-12-14 22:35:00,101012.1,101087.5,101012.1,101087.4,10.046
2024-12-14 22:36:00,101087.4,101150.0,101087.4,101149.6,18.324
2024-12-14 22:37:00,101149.6,101151.0,101078.7,101116.1,26.223
2024-12-14 22:38:00,101116.1,101155.4,101116.1,101118.6,17.121
2024-12-14 22:39:00,101118.6,101118.9,101118.0,101118.0,17.781
2024-12-14 22:40:00,101118.0,101131.3,101095.7,101123.9,4.361
2024-12-14 22:41:00,101123.9,101164.6,101123.6,101164.3,11.132
2024-12-14 22:42:00,101164.3,101186.3,101159.1,101185.0,19.806
2024-12-14 22:43:00,101185.0,101240.2,101184.9,101239.2,46.928
2024-12-14 22:44:00,101239.2,101239.2,101158.9,101159.2,55.325
2024-12-14 22:45:00,101159.2,101159.2,101130.0,101130.1,29.378
2024-12-14 22:46:00,101130.1,101130.7,101110.7,101123.5,10.117
2024-12-14 22:47:00,101123.5,101123.6,101123.3,101123.5,7.201
2024-12-14 22:48:00,101123.5,101123.5,101111.7,101120.7,9.435
2024-12-14 22:49:00,101120.7,101139.7,101120.4,101139.7,25.051
2024-12-14 22:50:00,101139.7,101141.2,101139.4,101141.2,12.561
2024-12-14 22:51:00,101141.2,101189.5,101141.2,101189.2,12.009
2024-12-14 22:52:00,101189.2,101200.4,101189.2,101200.4,17.132
2024-12-14 22:53:00,101200.4,101200.4,101161.9,101162.2,16.576
2024-12-14 22:54:00,101162.2,101188.8,101141.0,101141.3,23.386
2024-12-14 22:55:00,101141.3,101141.3,101071.0,101071.0,10.742
2024-12-14 22:56:00,101071.0,101114.7,101071.0,101114.7,23.384
2024-12-14 22:57:00,101114.7,101115.0,101114.3,101115.0,9.074
2024-12-14 22:58:00,101115.0,101118.6,101115.0,101118.4,10.321
2024-12-14 22:59:00,101118.4,101123.5,101095.0,101095.4,8.338
2024-12-14 23:00:00,101095.4,101145.2,101095.1,101144.9,13.341
2024-12-14 23:01:00,101144.9,101145.2,101095.1,101095.4,13.265
2024-12-14 23:02:00,101095.4,101095.4,101080.4,101080.7,7.844
2024-12-14 23:03:00,101080.7,101080.7,101050.1,101050.4,16.771
2024-12-14 23:04:00,101050.4,101060.3,101029.4,101060.2,10.336
2024-12-14 23:05:00,101060.2,101077.2,101060.2,101067.3,13.189
2024-12-14 23:06:00,101067.3,101067.3,101021.1,101041.2,15.558
2024-12-14 23:07:00,101041.2,101100.0,101041.2,101099.9,38.442
2024-12-14 23:08:00,101099.9,101139.8,101099.9,101139.8,14.938
2024-12-14 23:09:00,101139.8,101194.7,101139.8,101194.7,21.733
2024-12-14 23:10:00,101194.7,101200.0,101186.6,101200.0,24.192
2024-12-14 23:11:00,101200.0,101224.6,101171.7,101171.7,26.555
2024-12-14 23:12:00,101171.7,101235.0,101171.7,101235.0,27.226
2024-12-14 23:13:00,101235.0,101272.0,101230.4,101233.6,59.149
2024-12-14 23:14:00,101233.6,101233.6,101125.1,101205.5,114.268
2024-12-14 23:15:00,101205.5,101236.3,101188.5,101224.5,37.496
2024-12-14 23:16:00,101224.5,101230.2,101189.5,101217.8,36.456
2024-12-14 23:17:00,101217.8,101250.0,101217.8,101246.1,21.701
2024-12-14 23:18:00,101246.1,101264.4,101246.1,101255.2,49.621
2024-12-14 23:19:00,101255.2,101291.5,101250.1,101267.4,19.271
2024-12-14 23:20:00,101267.4,101309.7,101267.4,101300.0,26.336
2024-12-14 23:21:00,101300.0,101300.0,101295.0,101295.7,23.768
2024-12-14 23:22:00,101295.7,101295.7,101237.1,101237.1,22.946
2024-12-14 23:23:00,101237.1,101238.1,101227.0,101237.1,17.467
2024-12-14 23:24:00,101237.1,101255.1,101237.1,101255.0,12.107
2024-12-14 23:25:00,101255.0,101278.7,101237.0,101278.7,10.744
2024-12-14 23:26:00,101278.7,101297.2,101270.7,101278.1,9.017
2024-12-14 23:27:00,101278.1,101310.5,101278.1,101310.1,11.238
2024-12-14 23:28:00,101310.1,101313.0,101291.9,101300.2,23.38
2024-12-14 23:29:00,101300.2,101366.8,101300.0,101354.5,57.669
2024-12-14 23:30:00,101354.5,101417.3,101354.2,101414.7,74.152
2024-12-14 23:31:00,101414.7,101447.2,101414.7,101440.2,175.972
2024-12-14 23:32:00,101440.2,101449.9,101391.9,101414.9,74.253
2024-12-14 23:33:00,101414.9,101427.6,101368.6,101368.9,39.111
2024-12-14 23:34:00,101368.9,101368.9,101360.9,101361.5,28.911
2024-12-14 23:35:00,101361.5,101387.0,101352.0,101387.0,24.233
2024-12-14 23:36:00,101387.0,101387.2,101369.2,101384.6,21.079
2024-12-14 23:37:00,101384.6,101400.5,101375.1,101375.1,13.704
2024-12-14 23:38:00,101375.1,101399.9,101362.1,101399.9,21.966
2024-12-14 23:39:00,101399.9,101404.6,101389.9,101389.9,9.198
2024-12-14 23:40:00,101389.9,101398.7,101389.9,101395.5,6.37
2024-12-14 23:41:00,101395.5,101410.2,101375.3,101409.9,6.277
2024-12-14 23:42:00,101409.9,101440.0,101409.9,101439.9,12.788
2024-12-14 23:43:00,101439.9,101440.0,101418.9,101418.9,12.578
2024-12-14 23:44:00,101418.9,101436.9,101413.8,101414.0,7.237
2024-12-14 23:45:00,101414.0,101414.0,101388.0,101411.9,7.804
2024-12-14 23:46:00,101411.9,101420.0,101411.9,101419.9,5.374
2024-12-14 23:47:00,101419.9,101420.0,101405.0,101405.0,5.378
2024-12-14 23:48:00,101405.0,101405.3,101400.0,101400.0,12.235
2024-12-14 23:49:00,101400.0,101400.3,101373.1,101373.1,7.392
2024-12-14 23:50:00,101373.1,101373.4,101350.0,101350.0,19.135
2024-12-14 23:51:00,101350.0,101360.0,101350.0,101355.1,36.141
2024-12-14 23:52:00,101355.1,101360.0,101354.8,101354.8,6.501
2024-12-14 23:53:00,101354.8,101354.9,101340.1,101346.5,10.083
2024-12-14 23:54:00,101346.5,101346.5,101321.5,101329.7,9.87
2024-12-14 23:55:00,101329.7,101331.0,101329.6,101330.9,18.997
2024-12-14 23:56:00,101330.9,101355.5,101330.9,101355.2,3.959
2024-12-14 23:57:00,101355.2,101355.5,101355.2,101355.5,8.154
2024-12-14 23:58:00,101355.5,101387.9,101355.5,101387.9,6.038
2024-12-14 23:59:00,101387.9,101388.0,101381.0,101381.0,10.535
2024-12-15 00:00:00,101381.0,101388.2,101330.1,101330.4,12.883
2024-12-15 00:01:00,101330.4,101330.4,101312.1,101312.5,23.401
2024-12-15 00:02:00,101312.5,101392.6,101312.5,101392.5,82.613
2024-12-15 00:03:00,101392.5,101440.2,101392.5,101440.0,243.737
2024-12-15 00:04:00,101440.0,101462.6,101439.8,101459.9,67.859
2024-12-15 00:05:00,101459.9,101482.5,101459.9,101473.6,84.153
2024-12-15 00:06:00,101473.6,101481.3,101441.0,101442.5,57.577
2024-12-15 00:07:00,101442.5,101481.3,101442.5,101481.3,28.997
2024-12-15 00:08:00,101481.3,101486.2,101467.6,101467.6,20.378
2024-12-15 00:09:00,101467.6,101467.6,101416.0,101426.2,42.086
2024-12-15 00:10:00,101426.2,101463.8,101400.0,101463.6,22.143
2024-12-15 00:11:00,101463.6,101485.4,101455.4,101480.0,37.53
2024-12-15 00:12:00,101480.0,101480.0,101450.0,101470.3,26.492
2024-12-15 00:13:00,101470.3,101470.3,101450.0,101450.0,32.252
2024-12-15 00:14:00,101450.0,101486.3,101450.0,101486.0,16.071
2024-12-15 00:15:00,101486.0,101500.0,101473.0,101488.3,26.152
2024-12-15 00:16:00,101488.3,101500.0,101488.3,101497.8,42.35
2024-12-15 00:17:00,101497.8,101497.9,101451.7,101451.9,19.292
2024-12-15 00:18:00,101451.9,101453.6,101451.9,101452.0,17.831
2024-12-15 00:19:00,101452.0,101452.0,101415.1,101415.1,41.672
2024-12-15 00:20:00,101415.1,101428.9,101404.9,101428.9,45.848
2024-12-15 00:21:00,101428.9,101436.4,101385.0,101385.0,27.183
2024-12-15 00:22:00,101385.0,101400.0,101380.6,101395.0,19.296
2024-12-15 00:23:00,101395.0,101395.0,101394.7,101394.9,14.687
2024-12-15 00:24:00,101394.9,101410.0,101394.7,101410.0,7.369
2024-12-15 00:25:00,101410.0,101449.9,101410.0,101449.9,5.6
2024-12-15 00:26:00,101449.9,101500.0,101449.8,101500.0,18.12
2024-12-15 00:27:00,101500.0,101500.0,101483.7,101500.0,48.813
2024-12-15 00:28:00,101500.0,101500.0,101493.2,101493.2,13.635
2024-12-15 00:29:00,101493.2,101493.2,101487.9,101488.0,15.324
2024-12-15 00:30:00,101488.0,101488.3,101487.9,101488.2,13.8
2024-12-15 00:31:00,101488.2,101493.2,101420.0,101420.0,26.117
2024-12-15 00:32:00,101420.0,101427.9,101412.4,101412.5,25.984
2024-12-15 00:33:00,101412.5,101412.7,101366.6,101366.6,27.09
2024-12-15 00:34:00,101366.6,101366.9,101342.7,101351.2,40.142
2024-12-15 00:35:00,101351.2,101351.2,101295.8,101296.1,38.085
2024-12-15 00:36:00,101296.1,101296.1,101289.8,101289.8,33.925
2024-12-15 00:37:00,101289.8,101290.0,101250.0,101250.0,47.308
2024-12-15 00:38:00,101250.0,101267.6,101250.0,101260.2,39.466
2024-12-15 00:39:00,101260.2,101286.5,101240.3,101281.6,28.706
2024-12-15 00:40:00,101281.6,101281.6,101200.1,101209.1,49.846
2024-12-15 00:41:00,101209.1,101225.4,101207.4,101225.0,61.605
2024-12-15 00:42:00,101225.0,101325.0,101225.0,101325.0,28.462
2024-12-15 00:43:00,101325.0,101355.3,101325.0,101331.0,28.702
2024-12-15 00:44:00,101331.0,101331.2,101313.5,101313.5,22.868
2024-12-15 00:45:00,101313.5,101384.8,101313.5,101384.7,29.685
2024-12-15 00:46:00,101384.7,101384.7,101341.2,101344.0,26.179
2024-12-15 00:47:00,101344.0,101352.1,101330.4,101341.4,15.638
2024-12-15 00:48:00,101341.4,101341.5,101276.0,101276.0,12.324
2024-12-15 00:49:00,101276.0,101279.0,101265.1,101278.9,13.736
2024-12-15 00:50:00,101278.9,101288.0,101278.9,101288.0,8.111
2024-12-15 00:51:00,101288.0,101321.8,101288.0,101321.8,16.064
2024-12-15 00:52:00,101321.8,101360.0,101321.8,101359.9,44.335
2024-12-15 00:53:00,101359.9,101400.6,101359.9,101400.3,19.957
2024-12-15 00:54:00,101400.3,101422.8,101400.3,101422.8,24.385
2024-12-15 00:55:00,101422.8,101422.8,101417.0,101419.8,14.419
2024-12-15 00:56:00,101419.8,101420.0,101417.0,101419.7,16.287
2024-12-15 00:57:00,101419.7,101421.8,101419.7,101421.6,7.45
2024-12-15 00:58:00,101421.6,101421.6,101416.6,101416.6,5.41
2024-12-15 00:59:00,101416.6,101416.9,101411.4,101411.6,6.318
2024-12-15 01:00:00,101411.6,101411.6,101411.3,101411.3,51.793
2024-12-15 01:01:00,101411.3,101462.3,101411.3,101462.3,167.917
2024-12-15 01:02:00,101462.3,101488.4,101453.0,101453.0,89.417
2024-12-15 01:03:00,101453.0,101453.1,101416.6,101420.0,34.647
2024-12-15 01:04:00,101420.0,101427.5,101415.0,101427.2,19.992
2024-12-15 01:05:00,101427.2,101444.0,101389.7,101390.0,13.671
2024-12-15 01:06:00,101390.0,101416.3,101389.0,101411.7,35.459
2024-12-15 01:07:00,101411.7,101441.2,101411.7,101422.5,24.935
2024-12-15 01:08:00,101422.5,101422.5,101422.2,101422.2,7.84
2024-12-15 01:09:00,101422.2,101444.2,101422.2,101432.9,19.766
2024-12-15 01:10:00,101432.9,101433.0,101409.0,101409.0,47.711
2024-12-15 01:11:00,101409.0,101450.0,101409.0,101450.0,22.924
2024-12-15 01:12:00,101450.0,101461.4,101449.9,101461.0,7.897
2024-12-15 01:13:00,101461.0,101493.6,101461.0,101488.3,18.502
2024-12-15 01:14:00,101488.3,101488.3,101484.4,101485.1,18.187
2024-12-15 01:15:00,101485.1,101494.7,101466.7,101494.2,12.62
2024-12-15 01:16:00,101494.2,101494.2,101493.2,101493.5,25.726
2024-12-15 01:17:00,101493.5,101528.8,101493.4,101508.5,48.157
2024-12-15 01:18:00,101508.5,101519.3,101507.1,101516.0,131.26
2024-12-15 01:19:00,101516.0,101516.2,101474.0,101479.8,16.877
2024-12-15 01:20:00,101479.8,101568.2,101479.8,101556.9,33.147
2024-12-15 01:21:00,101556.9,101566.4,101535.5,101555.0,68.169
2024-12-15 01:22:00,101555.0,101566.1,101555.0,101566.1,28.431
2024-12-15 01:23:00,101566.1,101568.2,101566.1,101568.2,19.349
2024-12-15 01:24:00,101568.2,101588.2,101568.1,101580.7,47.541
2024-12-15 01:25:00,101580.7,101632.0,101580.7,101632.0,151.875
2024-12-15 01:26:00,101632.0,101632.0,101560.5,101561.4,79.948
2024-12-15 01:27:00,101561.4,101577.5,101531.5,101531.5,37.565
2024-12-15 01:28:00,101531.5,101531.5,101497.0,101521.0,18.044
2024-12-15 01:29:00,101521.0,101531.5,101518.5,101531.5,9.777
2024-12-15 01:30:00,101531.5,101580.2,101531.4,101580.1,15.406
2024-12-15 01:31:00,101580.1,101590.3,101508.3,101508.3,23.636
2024-12-15 01:32:00,101508.3,101508.3,101488.0,101498.3,21.85
2024-12-15 01:33:00,101498.3,101553.7,101492.9,101549.8,26.62
2024-12-15 01:34:00,101549.8,101589.8,101528.7,101583.4,18.776
2024-12-15 01:35:00,101583.4,101603.5,101583.4,101602.5,21.46
2024-12-15 01:36:00,101602.5,101680.0,101602.5,101680.0,37.87
2024-12-15 01:37:00,101680.0,101740.8,101664.5,101684.6,257.504
2024-12-15 01:38:00,101684.6,101684.6,101669.8,101680.1,489.019
2024-12-15 01:39:00,101680.1,101695.5,101672.1,101691.6,17.17
2024-12-15 01:40:00,101691.6,101778.2,101666.8,101666.8,82.279
2024-12-15 01:41:00,101666.8,101732.0,101666.8,101720.3,223.335
2024-12-15 01:42:00,101720.3,101750.0,101705.0,101749.8,47.909
2024-12-15 01:43:00,101749.8,101780.0,101749.8,101780.0,41.987
2024-12-15 01:44:00,101780.0,101839.0,101779.9,101837.4,103.794
2024-12-15 01:45:00,101837.4,101895.9,101823.7,101894.9,331.895
2024-12-15 01:46:00,101894.9,101937.1,101894.0,101932.9,326.86
2024-12-15 01:47:00,101932.9,101936.8,101925.5,101928.0,164.35
2024-12-15 01:48:00,101928.0,102032.1,101865.4,102005.1,169.58
2024-12-15 01:49:00,102005.1,102005.1,101938.2,101964.0,327.866
2024-12-15 01:50:00,101964.0,101973.1,101934.2,101936.0,86.919
2024-12-15 01:51:00,101936.0,101936.0,101847.2,101879.8,79.72
2024-12-15 01:52:00,101879.8,101995.5,101879.8,101988.2,78.981
2024-12-15 01:53:00,101988.2,101989.4,101928.0,101976.4,58.737
2024-12-15 01:54:00,101976.4,102100.0,101966.4,102082.4,119.408
2024-12-15 01:55:00,102082.4,102102.4,102014.1,102014.2,206.985
2024-12-15 01:56:00,102014.2,102157.0,102001.7,102147.6,141.498
2024-12-15 01:57:00,102147.6,102147.9,102113.3,102113.6,148.904
2024-12-15 01:58:00,102113.6,102127.4,102039.2,102085.3,75.518
2024-12-15 01:59:00,102085.3,102130.2,102085.2,102086.0,112.865
2024-12-15 02:00:00,102086.0,102100.0,101970.4,101980.8,103.81
2024-12-15 02:01:00,101980.8,101990.2,101938.5,101950.0,248.459
2024-12-15 02:02:00,101950.0,101950.3,101912.0,101912.0,129.898
2024-12-15 02:03:00,101912.0,101925.0,101875.9,101875.9,75.77
2024-12-15 02:04:00,101875.9,101925.0,101875.8,101901.6,66.623
2024-12-15 02:05:00,101901.6,101918.5,101875.1,101900.3,69.858
2024-12-15 02:06:00,101900.3,101923.9,101900.0,101920.9,56.864
2024-12-15 02:07:00,101920.9,102010.2,101920.9,102010.1,57.273
2024-12-15 02:08:00,102010.1,102010.2,101930.0,101930.0,53.02
2024-12-15 02:09:00,101930.0,101941.4,101912.6,101927.6,29.003
2024-12-15 02:10:00,101927.6,101930.0,101912.6,101912.7,57.035
2024-12-15 02:11:00,101912.7,101970.2,101912.7,101969.9,35.534
2024-12-15 02:12:00,101969.9,102015.0,101969.9,102007.0,56.143
2024-12-15 02:13:00,102007.0,102007.1,101960.3,101960.3,44.798
2024-12-15 02:14:00,101960.3,101960.4,101912.6,101912.7,33.596
2024-12-15 02:15:00,101912.7,101954.0,101912.6,101954.0,38.203
2024-12-15 02:16:00,101954.0,101964.3,101930.9,101930.9,55.496
2024-12-15 02:17:00,101930.9,101941.0,101930.9,101940.0,11.391
2024-12-15 02:18:00,101940.0,101942.2,101940.0,101940.0,10.053
2024-12-15 02:19:00,101940.0,101942.2,101931.6,101937.6,16.053
2024-12-15 02:20:00,101937.6,101955.0,101930.0,101945.8,13.986
2024-12-15 02:21:00,101945.8,101945.9,101877.4,101899.9,34.806
2024-12-15 02:22:00,101899.9,101905.0,101831.4,101866.3,59.737
2024-12-15 02:23:00,101866.3,101873.8,101849.6,101858.3,57.503
2024-12-15 02:24:00,101858.3,101907.3,101858.3,101907.2,25.197
2024-12-15 02:25:00,101907.2,101907.2,101860.5,101860.5,18.26
2024-12-15 02:26:00,101860.5,101860.5,101824.5,101836.7,34.159
2024-12-15 02:27:00,101836.7,101841.5,101836.7,101841.4,71.436
2024-12-15 02:28:00,101841.4,101883.2,101841.0,101883.1,21.941
2024-12-15 02:29:00,101883.1,101883.2,101871.0,101881.5,50.204
2024-12-15 02:30:00,101881.5,101881.8,101869.6,101874.4,27.865
2024-12-15 02:31:00,101874.4,101907.3,101874.4,101907.3,21.234
2024-12-15 02:32:00,101907.3,101947.2,101907.1,101919.5,32.194
2024-12-15 02:33:00,101919.5,101919.5,101850.0,101850.2,64.006
2024-12-15 02:34:00,101850.2,101850.2,101809.6,101809.9,27.062
2024-12-15 02:35:00,101809.9,101859.8,101809.9,101859.6,41.907
2024-12-15 02:36:00,101859.6,101859.7,101831.4,101831.6,41.983
2024-12-15 02:37:00,101831.6,101843.4,101820.2,101820.3,12.462
2024-12-15 02:38:00,101820.3,101820.3,101800.4,101819.9,14.21
2024-12-15 02:39:00,101819.9,101821.7,101800.3,101800.3,27.185
2024-12-15 02:40:00,101800.3,101800.3,101800.0,101800.2,20.294
2024-12-15 02:41:00,101800.2,101800.3,101747.7,101747.9,47.012
2024-12-15 02:42:00,101747.9,101763.9,101737.3,101754.9,57.899
2024-12-15 02:43:00,101754.9,101772.6,101741.5,101767.8,31.601
2024-12-15 02:44:00,101767.8,101767.8,101760.7,101761.0,27.921
2024-12-15 02:45:00,101761.0,101774.5,101760.7,101774.4,14.214
2024-12-15 02:46:00,101774.4,101797.8,101774.4,101783.9,17.486
2024-12-15 02:47:00,101783.9,101783.9,101770.0,101771.2,20.839
2024-12-15 02:48:00,101771.2,101771.2,101755.2,101755.2,12.906
2024-12-15 02:49:00,101755.2,101772.2,101755.2,101771.1,15.997
2024-12-15 02:50:00,101771.1,101783.9,101755.2,101783.8,19.633
2024-12-15 02:51:00,101783.8,101812.6,101783.8,101800.3,35.145
2024-12-15 02:52:00,101800.3,101802.2,101800.0,101800.0,21.069
2024-12-15 02:53:00,101800.0,101900.0,101800.0,101862.6,355.241
2024-12-15 02:54:00,101862.6,101890.0,101852.0,101890.0,502.001
2024-12-15 02:55:00,101890.0,101900.2,101888.0,101888.3,67.477
2024-12-15 02:56:00,101888.3,101888.3,101829.0,101829.4,74.702
2024-12-15 02:57:00,101829.4,101837.1,101800.0,101806.7,110.225
2024-12-15 02:58:00,101806.7,101806.8,101782.5,101790.7,27.604
2024-12-15 02:59:00,101790.7,101800.0,101777.9,101777.9,29.122
2024-12-15 03:00:00,101777.9,101850.2,101777.9,101841.3,10.354
2024-12-15 03:01:00,101841.3,101850.2,101816.3,101847.7,20.952
2024-12-15 03:02:00,101847.7,101849.2,101836.2,101846.6,18.55
2024-12-15 03:03:00,101846.6,101859.2,101796.8,101796.9,24.177
2024-12-15 03:04:00,101796.9,101805.9,101764.9,101781.2,40.77
2024-12-15 03:05:00,101781.2,101799.9,101755.7,101799.9,36.566
2024-12-15 03:06:00,101799.9,101870.4,101799.9,101859.9,25.152
2024-12-15 03:07:00,101859.9,101859.9,101820.3,101829.2,29.283
2024-12-15 03:08:00,101829.2,101844.6,101825.5,101826.0,14.497
2024-12-15 03:09:00,101826.0,101855.0,101825.7,101851.1,20.127
2024-12-15 03:10:00,101851.1,101870.9,101850.9,101870.5,12.196
2024-12-15 03:11:00,101870.5,101894.4,101870.2,101893.5,27.796
2024-12-15 03:12:00,101893.5,101893.6,101844.0,101870.6,42.978
2024-12-15 03:13:00,101870.6,101881.4,101870.3,101872.3,28.672
2024-12-15 03:14:00,101872.3,101893.6,101872.3,101884.3,33.502
2024-12-15 03:15:00,101884.3,101893.6,101882.3,101893.5,48.449
2024-12-15 03:16:00,101893.5,101893.6,101855.4,101855.4,68.472
2024-12-15 03:17:00,101855.4,101860.2,101832.6,101859.3,15.265
2024-12-15 03:18:00,101859.3,101859.4,101859.1,101859.1,18.56
2024-12-15 03:19:00,101859.1,101859.1,101831.4,101831.6,8.35
2024-12-15 03:20:00,101831.6,101842.7,101808.9,101809.1,26.601
2024-12-15 03:21:00,101809.1,101820.2,101786.8,101794.5,16.031
2024-12-15 03:22:00,101794.5,101794.5,101745.0,101745.3,13.992
2024-12-15 03:23:00,101745.3,101779.6,101745.2,101779.5,25.458
2024-12-15 03:24:00,101779.5,101835.2,101779.5,101834.0,24.338
2024-12-15 03:25:00,101834.0,101834.0,101813.3,101813.5,24.259
2024-12-15 03:26:00,101813.5,101813.5,101800.0,101801.0,30.241
2024-12-15 03:27:00,101801.0,101801.3,101770.0,101770.0,34.908
2024-12-15 03:28:00,101770.0,101770.0,101753.6,101753.9,17.195
2024-12-15 03:29:00,101753.9,101763.3,101744.3,101762.9,28.541
2024-12-15 03:30:00,101762.9,101763.3,101762.0,101762.1,30.085
2024-12-15 03:31:00,101762.1,101762.1,101716.6,101726.5,16.989
2024-12-15 03:32:00,101726.5,101746.0,101724.8,101724.8,51.309
2024-12-15 03:33:00,101724.8,101724.8,101680.0,101686.9,47.331
2024-12-15 03:34:00,101686.9,101699.0,101686.9,101698.7,84.706
2024-12-15 03:35:00,101698.7,101700.6,101692.0,101692.0,21.934
2024-12-15 03:36:00,101692.0,101700.6,101692.0,101700.3,18.277
2024-12-15 03:37:00,101700.3,101748.7,101700.3,101746.0,35.854
2024-12-15 03:38:00,101746.0,101746.0,101745.9,101746.0,26.832
2024-12-15 03:39:00,101746.0,101746.0,101729.9,101730.2,13.23
2024-12-15 03:40:00,101730.2,101746.2,101730.2,101746.2,7.763
2024-12-15 03:41:00,101746.2,101753.4,101722.6,101724.4,5.066
2024-12-15 03:42:00,101724.4,101746.1,101724.4,101741.7,10.81
2024-12-15 03:43:00,101741.7,101742.0,101727.8,101727.8,9.67
2024-12-15 03:44:00,101727.8,101746.1,101727.8,101746.1,4.511
2024-12-15 03:45:00,101746.1,101801.0,101746.0,101786.9,19.88
2024-12-15 03:46:00,101786.9,101786.9,101720.1,101720.1,50.055
2024-12-15 03:47:00,101720.1,101720.1,101713.4,101719.9,17.136
2024-12-15 03:48:00,101719.9,101723.7,101719.9,101723.7,5.055
2024-12-15 03:49:00,101723.7,101728.6,101700.0,101728.5,7.764
2024-12-15 03:50:00,101728.5,101766.7,101710.2,101766.7,17.216
2024-12-15 03:51:00,101766.7,101766.7,101749.0,101762.5,18.765
2024-12-15 03:52:00,101762.5,101762.5,101751.2,101751.2,15.836
2024-12-15 03:53:00,101751.2,101751.2,101711.7,101711.7,3.084
2024-12-15 03:54:00,101711.7,101730.2,101711.7,101718.3,6.84
2024-12-15 03:55:00,101718.3,101718.3,101708.6,101715.0,20.245
2024-12-15 03:56:00,101715.0,101745.7,101715.0,101745.5,48.792
2024-12-15 03:57:00,101745.5,101748.6,101742.9,101742.9,15.267
2024-12-15 03:58:00,101742.9,101751.1,101716.9,101717.1,6.06
2024-12-15 03:59:00,101717.1,101717.2,101700.0,101700.3,9.141
2024-12-15 04:00:00,101700.3,101700.7,101700.0,101700.6,6.655
2024-12-15 04:01:00,101700.6,101700.7,101700.6,101700.7,8.286
2024-12-15 04:02:00,101700.7,101746.6,101700.7,101740.8,18.062
2024-12-15 04:03:00,101740.8,101741.1,101740.4,101741.1,16.574
2024-12-15 04:04:00,101741.1,101755.0,101741.0,101755.0,7.838
2024-12-15 04:05:00,101755.0,101800.0,101754.9,101777.0,6.874
2024-12-15 04:06:00,101777.0,101813.4,101777.0,101813.4,24.698
2024-12-15 04:07:00,101813.4,101846.6,101813.3,101838.6,44.584
2024-12-15 04:08:00,101838.6,101838.7,101825.3,101825.3,26.902
2024-12-15 04:09:00,101825.3,101825.3,101813.5,101823.8,30.587
2024-12-15 04:10:00,101823.8,101823.8,101813.5,101823.4,12.887
2024-12-15 04:11:00,101823.4,101900.0,101802.6,101899.9,21.034
2024-12-15 04:12:00,101899.9,101927.4,101899.9,101926.8,58.573
2024-12-15 04:13:00,101926.8,102018.0,101925.9,101995.0,90.618
2024-12-15 04:14:00,101995.0,102141.0,101994.7,102141.0,148.398
2024-12-15 04:15:00,102141.0,102297.1,102140.9,102282.8,313.933
2024-12-15 04:16:00,102282.8,102297.2,102256.6,102256.6,548.096
2024-12-15 04:17:00,102256.6,102430.0,102256.0,102366.5,301.218
2024-12-15 04:18:00,102366.5,102407.6,102350.0,102407.5,411.415
2024-12-15 04:19:00,102407.5,102477.8,102407.5,102443.5,131.954
2024-12-15 04:20:00,102443.5,102443.5,102338.7,102406.4,208.234
2024-12-15 04:21:00,102406.4,102846.2,102352.1,102628.8,1328.862
2024-12-15 04:22:00,102628.8,102773.7,102578.4,102672.5,593.155
2024-12-15 04:23:00,102672.5,102694.6,102615.7,102649.9,393.911
2024-12-15 04:24:00,102649.9,102813.7,102640.7,102802.1,312.216
2024-12-15 04:25:00,102802.1,102809.7,102720.2,102759.9,375.014
2024-12-15 04:26:00,102759.9,102821.9,102753.9,102753.9,324.784
2024-12-15 04:27:00,102753.9,102772.0,102690.4,102746.6,204.614
2024-12-15 04:28:00,102746.6,102746.6,102610.0,102622.1,229.87
2024-12-15 04:29:00,102622.1,102624.2,102563.2,102600.0,125.519
2024-12-15 04:30:00,102600.0,102666.1,102599.9,102615.7,138.9
2024-12-15 04:31:00,102615.7,102634.9,102600.0,102600.2,131.598
2024-12-15 04:32:00,102600.2,102605.4,102492.1,102515.0,119.06
2024-12-15 04:33:00,102515.0,102535.7,102314.6,102367.4,598.282
2024-12-15 04:34:00,102367.4,102420.0,102358.1,102412.0,541.127
2024-12-15 04:35:00,102412.0,102472.0,102411.9,102458.9,143.656
2024-12-15 04:36:00,102458.9,102471.0,102438.3,102438.3,102.717
2024-12-15 04:37:00,102438.3,102438.5,102323.2,102359.8,98.494
2024-12-15 04:38:00,102359.8,102410.4,102359.8,102410.4,96.311
2024-12-15 04:39:00,102410.4,102493.7,102410.4,102482.7,54.95
2024-12-15 04:40:00,102482.7,102533.5,102432.8,102444.3,119.665
2024-12-15 04:41:00,102444.3,102473.2,102403.0,102403.0,143.002
2024-12-15 04:42:00,102403.0,102403.4,102268.0,102280.0,74.148
2024-12-15 04:43:00,102280.0,102280.1,102155.6,102200.0,349.326
2024-12-15 04:44:00,102200.0,102271.6,102186.0,102186.4,520.022
2024-12-15 04:45:00,102186.4,102270.9,102186.1,102265.4,81.038
2024-12-15 04:46:00,102265.4,102265.4,102185.3,102192.9,104.962
2024-12-15 04:47:00,102192.9,102200.1,102154.2,102154.2,133.476
2024-12-15 04:48:00,102154.2,102200.1,102154.2,102180.2,52.95
2024-12-15 04:49:00,102180.2,102181.7,102129.3,102129.9,56.142
2024-12-15 04:50:00,102129.9,102199.0,102129.3,102199.0,44.943
2024-12-15 04:51:00,102199.0,102242.6,102179.0,102179.0,67.509
2024-12-15 04:52:00,102179.0,102184.5,102150.0,102154.9,47.731
2024-12-15 04:53:00,102154.9,102222.2,102148.2,102202.2,25.942
2024-12-15 04:54:00,102202.2,102202.2,102187.4,102202.2,38.43
2024-12-15 04:55:00,102202.2,102202.2,102180.0,102195.2,22.348
2024-12-15 04:56:00,102195.2,102242.2,102195.0,102233.1,20.688
2024-12-15 04:57:00,102233.1,102270.7,102215.0,102215.3,25.229
2024-12-15 04:58:00,102215.3,102349.3,102215.0,102289.4,760.363
2024-12-15 04:59:00,102289.4,102334.1,102288.7,102327.3,485.347
2024-12-15 05:00:00,102327.3,102381.1,102310.0,102359.2,87.782
2024-12-15 05:01:00,102359.2,102363.6,102289.8,102363.5,186.133
2024-12-15 05:02:00,102363.5,102410.2,102363.2,102410.2,87.53
2024-12-15 05:03:00,102410.2,102421.9,102400.0,102421.8,52.119
2024-12-15 05:04:00,102421.8,102422.2,102410.0,102420.6,40.861
2024-12-15 05:05:00,102420.6,102428.2,102410.0,102426.2,24.53
2024-12-15 05:06:00,102426.2,102426.2,102328.7,102362.0,76.493
2024-12-15 05:07:00,102362.0,102362.0,102275.0,102280.7,202.732
2024-12-15 05:08:00,102280.7,102281.0,102221.5,102221.7,49.351
2024-12-15 05:09:00,102221.7,102300.2,102209.7,102283.6,31.521
2024-12-15 05:10:00,102283.6,102283.6,102210.1,102210.2,38.891
2024-12-15 05:11:00,102210.2,102277.6,102210.2,102277.4,24.666
2024-12-15 05:12:00,102277.4,102277.6,102252.2,102252.2,14.326
2024-12-15 05:13:00,102252.2,102252.2,102204.1,102209.5,15.939
2024-12-15 05:14:00,102209.5,102226.9,102200.0,102226.8,28.649
2024-12-15 05:15:00,102226.8,102252.5,102226.8,102252.5,25.231
2024-12-15 05:16:00,102252.5,102296.0,102252.5,102289.4,24.13
2024-12-15 05:17:00,102289.4,102370.0,102284.1,102363.1,384.495
2024-12-15 05:18:00,102363.1,102400.7,102358.9,102381.6,517.491
2024-12-15 05:19:00,102381.6,102381.6,102300.0,102336.7,43.521
2024-12-15 05:20:00,102336.7,102381.7,102332.0,102360.5,67.882
2024-12-15 05:21:00,102360.5,102395.5,102360.4,102395.2,69.302
2024-12-15 05:22:00,102395.2,102395.2,102344.7,102373.4,87.086
2024-12-15 05:23:00,102373.4,102418.8,102373.4,102418.5,172.705
2024-12-15 05:24:00,102418.5,102425.2,102415.3,102419.3,35.113
2024-12-15 05:25:00,102419.3,102419.3,102412.1,102412.4,17.564
2024-12-15 05:26:00,102412.4,102465.9,102412.3,102438.3,24.098
2024-12-15 05:27:00,102438.3,102438.3,102377.5,102397.3,56.327
2024-12-15 05:28:00,102397.3,102413.5,102388.0,102399.9,53.077
2024-12-15 05:29:00,102399.9,102400.0,102399.9,102400.0,29.51
2024-12-15 05:30:00,102400.0,102402.0,102390.6,102400.3,14.071
2024-12-15 05:31:00,102400.3,102414.3,102394.4,102411.8,25.151
2024-12-15 05:32:00,102411.8,102450.0,102411.5,102450.0,15.225
2024-12-15 05:33:00,102450.0,102465.1,102426.1,102426.1,19.631
2024-12-15 05:34:00,102426.1,102426.4,102360.0,102360.0,25.764
2024-12-15 05:35:00,102360.0,102361.2,102360.0,102361.0,40.159
2024-12-15 05:36:00,102361.0,102400.0,102360.0,102364.1,15.399
2024-12-15 05:37:00,102364.1,102364.4,102301.7,102302.0,29.377
2024-12-15 05:38:00,102302.0,102302.0,102277.3,102286.4,40.959
2024-12-15 05:39:00,102286.4,102300.0,102286.4,102299.9,18.95
2024-12-15 05:40:00,102299.9,102313.5,102289.7,102289.7,14.042
2024-12-15 05:41:00,102289.7,102307.8,102289.7,102303.8,18.286
2024-12-15 05:42:00,102303.8,102304.4,102303.7,102303.8,11.749
2024-12-15 05:43:00,102303.8,102303.8,102303.7,102303.8,20.566
2024-12-15 05:44:00,102303.8,102306.1,102303.7,102306.1,8.254
2024-12-15 05:45:00,102306.1,102306.1,102303.7,102303.7,26.938
2024-12-15 05:46:00,102303.7,102303.7,102239.5,102239.8,37.88
2024-12-15 05:47:00,102239.8,102252.7,102239.7,102250.0,68.453
2024-12-15 05:48:00,102250.0,102271.3,102244.3,102249.4,139.347
2024-12-15 05:49:00,102249.4,102249.7,102232.4,102232.4,113.554
2024-12-15 05:50:00,102232.4,102232.4,102224.9,102224.9,12.352
2024-12-15 05:51:00,102224.9,102225.0,102136.0,102141.9,24.787
2024-12-15 05:52:00,102141.9,102160.9,102080.0,102080.0,100.208
2024-12-15 05:53:00,102080.0,102109.2,102069.0,102096.1,121.78
2024-12-15 05:54:00,102096.1,102129.6,102072.2,102072.4,100.601
2024-12-15 05:55:00,102072.4,102079.6,102072.4,102078.5,210.47
2024-12-15 05:56:00,102078.5,102120.3,102078.5,102111.3,60.735
2024-12-15 05:57:00,102111.3,102139.4,102109.2,102139.1,50.443
2024-12-15 05:58:00,102139.1,102139.2,102100.0,102100.0,41.204
2024-12-15 05:59:00,102100.0,102123.0,102100.0,102117.7,29.523
2024-12-15 06:00:00,102117.7,102129.4,102100.0,102100.0,17.206
2024-12-15 06:01:00,102100.0,102100.2,102100.0,102100.0,21.362
2024-12-15 06:02:00,102100.0,102120.0,102100.0,102100.0,25.04
2024-12-15 06:03:00,102100.0,102120.0,102100.0,102120.0,14.982
2024-12-15 06:04:00,102120.0,102120.1,102105.0,102106.1,15.232
2024-12-15 06:05:00,102106.1,102106.1,102056.0,102056.0,49.356
2024-12-15 06:06:00,102056.0,102064.8,102052.0,102060.9,128.761
2024-12-15 06:07:00,102060.9,102061.2,102056.0,102056.0,15.949
2024-12-15 06:08:00,102056.0,102056.8,102005.1,102056.7,35.427
2024-12-15 06:09:00,102056.7,102124.4,102056.7,102120.2,70.391
2024-12-15 06:10:00,102120.2,102120.2,102065.5,102074.0,33.686
2024-12-15 06:11:00,102074.0,102075.7,102050.0,102050.1,27.135
2024-12-15 06:12:00,102050.1,102050.1,102017.3,102037.3,17.204
2024-12-15 06:13:00,102037.3,102047.2,101979.5,101989.6,73.694
2024-12-15 06:14:00,101989.6,102000.2,101986.9,101987.2,120.489
2024-12-15 06:15:00,101987.2,102010.2,101986.8,102010.2,27.106
2024-12-15 06:16:00,102010.2,102041.4,102009.9,102041.4,50.739
2024-12-15 06:17:00,102041.4,102050.2,102039.9,102039.9,28.958
2024-12-15 06:18:00,102039.9,102040.2,102025.0,102025.3,16.447
2024-12-15 06:19:00,102025.3,102025.3,101996.0,102016.5,19.363
2024-12-15 06:20:00,102016.5,102016.5,102000.0,102000.2,20.411
2024-12-15 06:21:00,102000.2,102000.2,102000.1,102000.1,25.565
2024-12-15 06:22:00,102000.1,102000.2,101977.5,101990.2,24.758
2024-12-15 06:23:00,101990.2,101990.2,101981.5,101981.8,42.344
2024-12-15 06:24:00,101981.8,101985.0,101981.7,101985.0,29.663
2024-12-15 06:25:00,101985.0,101986.0,101981.5,101981.5,28.365
2024-12-15 06:26:00,101981.5,101981.8,101981.5,101981.8,45.293
2024-12-15 06:27:00,101981.8,101988.3,101981.5,101987.9,19.145
2024-12-15 06:28:00,101987.9,101988.2,101981.0,101981.0,13.783
2024-12-15 06:29:00,101981.0,101990.2,101981.0,101990.2,7.327
2024-12-15 06:30:00,101990.2,102000.2,101989.9,101999.9,15.182
2024-12-15 06:31:00,101999.9,102000.2,101994.9,102000.1,36.604
2024-12-15 06:32:00,102000.1,102000.2,102000.0,102000.2,19.599
2024-12-15 06:33:00,102000.2,102040.2,102000.1,102040.2,16.851
2024-12-15 06:34:00,102040.2,102060.2,102039.9,102060.2,19.419
2024-12-15 06:35:00,102060.2,102060.2,102007.2,102007.2,36.753
2024-12-15 06:36:00,102007.2,102007.5,101945.0,101945.1,47.622
2024-12-15 06:37:00,101945.1,101945.1,101880.9,101887.0,91.662
2024-12-15 06:38:00,101887.0,101950.2,101886.7,101949.9,99.375
2024-12-15 06:39:00,101949.9,101950.2,101900.0,101900.0,57.708
2024-12-15 06:40:00,101900.0,101900.0,101873.1,101895.7,54.624
2024-12-15 06:41:00,101895.7,101895.7,101880.0,101882.1,58.611
2024-12-15 06:42:00,101882.1,101887.5,101882.1,101887.5,17.171
2024-12-15 06:43:00,101887.5,101888.0,101876.0,101876.0,13.592
2024-12-15 06:44:00,101876.0,101876.0,101860.3,101862.2,14.652
2024-12-15 06:45:00,101862.2,101890.2,101862.2,101883.7,34.474
2024-12-15 06:46:00,101883.7,101900.2,101870.9,101900.2,41.592
2024-12-15 06:47:00,101900.2,101900.2,101899.9,101900.2,35.992
2024-12-15 06:48:00,101900.2,101900.2,101861.0,101868.7,66.063
2024-12-15 06:49:00,101868.7,101870.0,101821.4,101821.4,262.426
2024-12-15 06:50:00,101821.4,101821.4,101771.0,101775.4,352.918
2024-12-15 06:51:00,101775.4,101800.4,101771.0,101771.0,262.821
2024-12-15 06:52:00,101771.0,101771.0,101759.8,101770.7,67.513
2024-12-15 06:53:00,101770.7,101775.2,101764.9,101765.3,72.937
2024-12-15 06:54:00,101765.3,101765.3,101718.4,101718.4,151.003
2024-12-15 06:55:00,101718.4,101725.6,101718.4,101722.7,124.532
2024-12-15 06:56:00,101722.7,101725.0,101718.7,101724.0,33.928
2024-12-15 06:57:00,101724.0,101725.5,101720.0,101725.2,29.195
2024-12-15 06:58:00,101725.2,101730.2,101725.2,101725.3,23.718
2024-12-15 06:59:00,101725.3,101725.5,101712.6,101712.7,32.807
2024-12-15 07:00:00,101712.7,101770.3,101711.6,101770.3,58.24
2024-12-15 07:01:00,101770.3,101800.0,101770.3,101775.1,90.858
2024-12-15 07:02:00,101775.1,101790.5,101774.2,101774.5,68.536
2024-12-15 07:03:00,101774.5,101783.5,101755.3,101772.0,25.691
2024-12-15 07:04:00,101772.0,101800.0,101771.8,101799.9,15.466
2024-12-15 07:05:00,101799.9,101800.2,101786.5,101786.8,19.767
2024-12-15 07:06:00,101786.8,101786.8,101770.2,101774.7,14.514
2024-12-15 07:07:00,101774.7,101787.0,101770.2,101770.3,12.704
2024-12-15 07:08:00,101770.3,101789.4,101770.3,101789.3,19.67
2024-12-15 07:09:00,101789.3,101790.0,101714.1,101714.2,19.198
2024-12-15 07:10:00,101714.2,101749.5,101694.2,101721.3,62.462
2024-12-15 07:11:00,101721.3,101721.3,101662.1,101662.1,132.292
2024-12-15 07:12:00,101662.1,101680.2,101661.6,101680.2,149.485
2024-12-15 07:13:00,101680.2,101700.2,101680.2,101699.9,76.712
2024-12-15 07:14:00,101699.9,101730.2,101699.9,101730.2,42.541
2024-12-15 07:15:00,101730.2,101816.7,101710.1,101816.7,40.678
2024-12-15 07:16:00,101816.7,101840.2,101816.7,101839.9,61.058
2024-12-15 07:17:00,101839.9,101840.2,101829.9,101830.1,67.722
2024-12-15 07:18:00,101830.1,101840.2,101826.7,101840.2,47.508
2024-12-15 07:19:00,101840.2,101860.2,101834.5,101834.7,28.672
2024-12-15 07:20:00,101834.7,101838.7,101824.0,101825.7,34.376
2024-12-15 07:21:00,101825.7,101826.0,101816.5,101816.5,13.809
2024-12-15 07:22:00,101816.5,101844.3,101803.6,101803.7,67.094
2024-12-15 07:23:00,101803.7,101826.5,101800.0,101826.5,183.392
2024-12-15 07:24:00,101826.5,101860.0,101826.3,101836.7,41.99
2024-12-15 07:25:00,101836.7,101845.6,101816.0,101816.3,38.866
2024-12-15 07:26:00,101816.3,101843.0,101806.7,101816.3,15.984
2024-12-15 07:27:00,101816.3,101836.6,101800.0,101800.1,18.55
2024-12-15 07:28:00,101800.1,101800.2,101778.3,101786.5,37.143
2024-12-15 07:29:00,101786.5,101800.0,101786.5,101799.9,22.32
2024-12-15 07:30:00,101799.9,101888.2,101799.9,101888.2,25.458
2024-12-15 07:31:00,101888.2,101888.2,101803.1,101803.3,40.26
2024-12-15 07:32:00,101803.3,101803.3,101737.0,101737.0,37.638
2024-12-15 07:33:00,101737.0,101741.6,101680.0,101683.5,50.75
2024-12-15 07:34:00,101683.5,101692.6,101650.2,101650.4,140.798
2024-12-15 07:35:00,101650.4,101670.0,101620.0,101650.4,112.122
2024-12-15 07:36:00,101650.4,101650.5,101624.4,101624.4,85.208
2024-12-15 07:37:00,101624.4,101710.2,101624.4,101670.5,39.08
2024-12-15 07:38:00,101670.5,101670.5,101630.0,101630.1,47.204
2024-12-15 07:39:00,101630.1,101630.1,101515.5,101534.0,148.046
2024-12-15 07:40:00,101534.0,101592.2,101534.0,101564.4,394.268
2024-12-15 07:41:00,101564.4,101564.4,101520.0,101540.0,77.299
2024-12-15 07:42:00,101540.0,101645.3,101520.0,101643.0,130.848
2024-12-15 07:43:00,101643.0,101643.0,101570.0,101570.0,153.555
2024-12-15 07:44:00,101570.0,101570.0,101470.7,101488.0,76.923
2024-12-15 07:45:00,101488.0,101550.2,101486.5,101550.2,179.948
2024-12-15 07:46:00,101550.2,101550.2,101537.4,101537.4,43.826
2024-12-15 07:47:00,101537.4,101550.2,101520.0,101546.3,28.986
2024-12-15 07:48:00,101546.3,101549.9,101510.5,101549.9,40.047
2024-12-15 07:49:00,101549.9,101579.9,101549.9,101579.9,48.249
2024-12-15 07:50:00,101579.9,101600.2,101579.9,101599.9,52.48
2024-12-15 07:51:00,101599.9,101628.7,101599.8,101628.3,33.527
2024-12-15 07:52:00,101628.3,101660.2,101628.3,101660.2,24.017
2024-12-15 07:53:00,101660.2,101671.1,101648.0,101668.2,37.137
2024-12-15 07:54:00,101668.2,101672.7,101630.8,101631.0,59.409
2024-12-15 07:55:00,101631.0,101648.4,101630.8,101645.0,14.491
2024-12-15 07:56:00,101645.0,101680.2,101645.0,101680.1,13.206
2024-12-15 07:57:00,101680.1,101700.2,101679.9,101679.9,18.159
2024-12-15 07:58:00,101679.9,101689.2,101662.4,101689.0,15.824
2024-12-15 07:59:00,101689.0,101689.0,101671.8,101671.8,24.054
2024-12-15 08:00:00,101671.8,101699.0,101669.5,101699.0,20.971
2024-12-15 08:01:00,101699.0,101700.8,101699.0,101700.8,29.726
2024-12-15 08:02:00,101700.8,101710.2,101579.8,101599.3,46.74
2024-12-15 08:03:00,101599.3,101610.2,101552.1,101564.4,67.889
2024-12-15 08:04:00,101564.4,101600.2,101525.2,101600.2,59.374
2024-12-15 08:05:00,101600.2,101655.2,101599.9,101629.1,56.654
2024-12-15 08:06:00,101629.1,101680.2,101604.0,101667.0,55.843
2024-12-15 08:07:00,101667.0,101682.9,101667.0,101676.1,36.394
2024-12-15 08:08:00,101676.1,101680.3,101675.9,101676.3,20.66
2024-12-15 08:09:00,101676.3,101700.0,101676.3,101700.0,16.841
2024-12-15 08:10:00,101700.0,101720.2,101694.6,101716.9,20.781
2024-12-15 08:11:00,101716.9,101720.2,101696.9,101720.2,46.712
2024-12-15 08:12:00,101720.2,101740.2,101719.9,101740.2,29.43
2024-12-15 08:13:00,101740.2,101740.2,101738.6,101738.8,36.459
2024-12-15 08:14:00,101738.8,101740.2,101738.6,101738.6,41.163
2024-12-15 08:15:00,101738.6,101741.0,101738.3,101741.0,22.878
2024-12-15 08:16:00,101741.0,101750.8,101740.0,101740.0,16.757
2024-12-15 08:17:00,101740.0,101760.2,101740.0,101750.4,27.976
2024-12-15 08:18:00,101750.4,101760.2,101708.3,101708.5,17.391
2024-12-15 08:19:00,101708.5,101751.1,101704.5,101747.0,37.769
2024-12-15 08:20:00,101747.0,101747.0,101740.0,101747.0,74.161
2024-12-15 08:21:00,101747.0,101747.0,101746.9,101747.0,48.273
2024-12-15 08:22:00,101747.0,101747.0,101741.3,101741.4,9.941
2024-12-15 08:23:00,101741.4,101746.9,101730.0,101742.2,23.61
2024-12-15 08:24:00,101742.2,101747.0,101742.2,101747.0,53.492
2024-12-15 08:25:00,101747.0,101760.3,101746.9,101759.9,18.618
2024-12-15 08:26:00,101759.9,101768.6,101759.9,101768.5,16.118
2024-12-15 08:27:00,101768.5,101768.5,101730.0,101730.1,20.179
2024-12-15 08:28:00,101730.1,101730.1,101699.1,101719.9,23.866
2024-12-15 08:29:00,101719.9,101720.2,101703.7,101703.7,39.603
2024-12-15 08:30:00,101703.7,101726.4,101703.7,101720.2,20.893
2024-12-15 08:31:00,101720.2,101760.4,101720.2,101747.9,51.853
2024-12-15 08:32:00,101747.9,101747.9,101723.5,101732.7,119.986
2024-12-15 08:33:00,101732.7,101767.3,101723.3,101766.9,16.86
2024-12-15 08:34:00,101766.9,101775.3,101766.9,101775.3,28.25
2024-12-15 08:35:00,101775.3,101778.0,101763.0,101777.9,38.646
2024-12-15 08:36:00,101777.9,101791.9,101777.6,101791.5,49.993
2024-12-15 08:37:00,101791.5,101800.2,101785.1,101800.2,30.491
2024-12-15 08:38:00,101800.2,101800.2,101790.7,101790.7,49.548
2024-12-15 08:39:00,101790.7,101863.9,101790.7,101845.8,38.293
2024-12-15 08:40:00,101845.8,101874.7,101845.8,101864.8,94.521
2024-12-15 08:41:00,101864.8,101872.2,101864.5,101871.9,34.578
2024-12-15 08:42:00,101871.9,101872.0,101869.3,101872.0,26.449
2024-12-15 08:43:00,101872.0,101921.4,101870.6,101884.5,49.991
2024-12-15 08:44:00,101884.5,101886.6,101858.4,101858.4,73.269
2024-12-15 08:45:00,101858.4,101910.6,101852.2,101910.0,28.233
2024-12-15 08:46:00,101910.0,101930.0,101901.2,101901.2,35.591
2024-12-15 08:47:00,101901.2,101915.2,101900.2,101914.9,46.5
2024-12-15 08:48:00,101914.9,101930.2,101914.9,101929.9,41.996
2024-12-15 08:49:00,101929.9,101944.0,101910.0,101919.9,97.424
2024-12-15 08:50:00,101919.9,101920.0,101916.1,101916.1,139.159
2024-12-15 08:51:00,101916.1,101916.1,101881.0,101903.7,23.453
2024-12-15 08:52:00,101903.7,101903.7,101888.5,101888.8,26.665
2024-12-15 08:53:00,101888.8,101889.1,101888.5,101889.1,10.15
2024-12-15 08:54:00,101889.1,101910.0,101889.0,101910.0,20.782
2024-12-15 08:55:00,101910.0,101941.9,101909.9,101940.2,58.939
2024-12-15 08:56:00,101940.2,101940.2,101940.1,101940.1,88.892
2024-12-15 08:57:00,101940.1,101940.2,101940.1,101940.2,24.116
2024-12-15 08:58:00,101940.2,101942.7,101940.1,101942.7,20.458
2024-12-15 08:59:00,101942.7,101960.4,101942.6,101960.4,27.682
2024-12-15 09:00:00,101960.4,101960.4,101940.3,101940.5,32.604
2024-12-15 09:01:00,101940.5,101940.5,101880.3,101882.9,32.494
2024-12-15 09:02:00,101882.9,101912.9,101865.5,101912.9,69.283
2024-12-15 09:03:00,101912.9,101940.0,101912.9,101922.0,43.149
2024-12-15 09:04:00,101922.0,101922.9,101922.0,101922.0,22.876
2024-12-15 09:05:00,101922.0,101945.1,101918.9,101942.3,30.017
2024-12-15 09:06:00,101942.3,102035.0,101942.3,102034.9,165.136
2024-12-15 09:07:00,102034.9,102051.5,102034.6,102043.6,336.74
2024-12-15 09:08:00,102043.6,102089.0,102043.6,102087.9,97.863
2024-12-15 09:09:00,102087.9,102100.2,102087.9,102100.1,130.55
2024-12-15 09:10:00,102100.1,102100.2,102088.5,102090.1,174.342
2024-12-15 09:11:00,102090.1,102091.6,102077.8,102078.1,121.279
2024-12-15 09:12:00,102078.1,102078.4,102073.7,102074.0,61.533
2024-12-15 09:13:00,102074.0,102074.0,102026.8,102032.6,55.196
2024-12-15 09:14:00,102032.6,102045.3,101977.6,101977.6,142.941
2024-12-15 09:15:00,101977.6,101997.0,101977.6,101997.0,56.132
2024-12-15 09:16:00,101997.0,101997.0,101977.8,101977.9,14.736
2024-12-15 09:17:00,101977.9,101977.9,101948.0,101948.0,24.344
2024-12-15 09:18:00,101948.0,101948.1,101940.5,101942.9,75.144
2024-12-15 09:19:00,101942.9,101942.9,101940.1,101942.9,89.153
2024-12-15 09:20:00,101942.9,101969.8,101942.6,101969.0,43.656
2024-12-15 09:21:00,101969.0,101969.1,101951.6,101960.9,32.426
2024-12-15 09:22:00,101960.9,102035.7,101960.9,102035.7,13.098
2024-12-15 09:23:00,102035.7,102057.8,102023.2,102023.2,23.381
2024-12-15 09:24:00,102023.2,102023.2,102015.3,102015.3,34.56
2024-12-15 09:25:00,102015.3,102050.0,102015.3,102050.0,22.96
2024-12-15 09:26:00,102050.0,102059.6,102050.0,102050.2,26.367
2024-12-15 09:27:00,102050.2,102050.5,101987.2,101987.2,43.237
2024-12-15 09:28:00,101987.2,102007.1,101987.2,102006.7,54.734
2024-12-15 09:29:00,102006.7,102013.6,101980.0,101980.0,60.015
2024-12-15 09:30:00,101980.0,101990.1,101980.0,101984.0,33.947
2024-12-15 09:31:00,101984.0,102000.2,101984.0,101999.9,21.579
2024-12-15 09:32:00,101999.9,102002.1,101993.3,102001.9,29.194
2024-12-15 09:33:00,102001.9,102001.9,101987.0,101987.0,11.036
2024-12-15 09:34:00,101987.0,101987.2,101974.7,101974.8,9.006
2024-12-15 09:35:00,101974.8,101980.2,101974.8,101980.0,22.705
2024-12-15 09:36:00,101980.0,101981.6,101973.9,101981.6,10.17
2024-12-15 09:37:00,101981.6,102035.0,101981.6,102035.0,11.305
2024-12-15 09:38:00,102035.0,102039.6,102021.6,102021.6,21.747
2024-12-15 09:39:00,102021.6,102021.9,102011.9,102012.2,11.096
2024-12-15 09:40:00,102012.2,102040.0,102011.9,102040.0,14.033
2024-12-15 09:41:00,102040.0,102048.0,102039.6,102047.7,29.258
2024-12-15 09:42:00,102047.7,102091.1,102047.7,102089.3,32.783
2024-12-15 09:43:00,102089.3,102092.0,102089.3,102092.0,32.174
2024-12-15 09:44:00,102092.0,102116.6,102092.0,102113.2,41.562
2024-12-15 09:45:00,102113.2,102228.1,102112.9,102157.2,133.698
2024-12-15 09:46:00,102157.2,102211.4,102157.2,102201.2,217.229
2024-12-15 09:47:00,102201.2,102215.1,102199.0,102199.0,102.265
2024-12-15 09:48:00,102199.0,102199.3,102113.0,102118.0,74.088
2024-12-15 09:49:00,102118.0,102178.4,102117.9,102163.5,89.205
2024-12-15 09:50:00,102163.5,102200.5,102163.4,102200.2,54.701
2024-12-15 09:51:00,102200.2,102210.2,102159.8,102170.1,55.069
2024-12-15 09:52:00,102170.1,102170.5,102116.3,102120.0,90.555
2024-12-15 09:53:00,102120.0,102138.2,102110.4,102110.4,78.54
2024-12-15 09:54:00,102110.4,102135.6,102106.3,102135.6,27.152
2024-12-15 09:55:00,102135.6,102192.5,102135.3,102191.1,40.423
2024-12-15 09:56:00,102191.1,102196.3,102185.9,102194.1,35.414
2024-12-15 09:57:00,102194.1,102194.4,102190.3,102190.3,24.117
2024-12-15 09:58:00,102190.3,102190.6,102176.4,102179.9,31.69
2024-12-15 09:59:00,102179.9,102223.4,102179.9,102207.8,32.458
2024-12-15 10:00:00,102207.8,102241.6,102190.7,102225.4,100.937
2024-12-15 10:01:00,102225.4,102240.3,102219.0,102237.8,149.464
2024-12-15 10:02:00,102237.8,102266.0,102231.9,102265.6,26.293
2024-12-15 10:03:00,102265.6,102276.0,102262.9,102275.9,64.688
2024-12-15 10:04:00,102275.9,102300.0,102268.7,102277.0,128.371
2024-12-15 10:05:00,102277.0,102300.0,102277.0,102290.4,288.667
2024-12-15 10:06:00,102290.4,102299.3,102243.2,102299.3,64.723
2024-12-15 10:07:00,102299.3,102314.5,102299.2,102311.3,94.28
2024-12-15 10:08:00,102311.3,102324.0,102311.0,102323.6,85.437
2024-12-15 10:09:00,102323.6,102323.6,102312.6,102323.6,62.085
2024-12-15 10:10:00,102323.6,102410.1,102323.4,102400.0,191.69
2024-12-15 10:11:00,102400.0,102400.1,102350.0,102350.0,483.259
2024-12-15 10:12:00,102350.0,102350.1,102281.4,102294.8,69.441
2024-12-15 10:13:00,102294.8,102294.8,102280.4,102281.5,80.72
2024-12-15 10:14:00,102281.5,102287.9,102278.5,102287.9,98.307
2024-12-15 10:15:00,102287.9,102326.7,102287.2,102313.6,109.282
2024-12-15 10:16:00,102313.6,102313.6,102301.5,102313.4,33.903
2024-12-15 10:17:00,102313.4,102345.0,102303.7,102345.0,22.728
2024-12-15 10:18:00,102345.0,102387.6,102344.9,102380.5,31.285
2024-12-15 10:19:00,102380.5,102381.0,102355.7,102367.5,37.712
2024-12-15 10:20:00,102367.5,102367.8,102327.1,102327.1,51.386
2024-12-15 10:21:00,102327.1,102327.3,102266.8,102266.8,60.908
2024-12-15 10:22:00,102266.8,102267.2,102219.1,102219.4,90.386
2024-12-15 10:23:00,102219.4,102238.5,102209.0,102216.1,87.092
2024-12-15 10:24:00,102216.1,102222.6,102216.1,102217.9,66.227
2024-12-15 10:25:00,102217.9,102217.9,102208.8,102217.7,47.613
2024-12-15 10:26:00,102217.7,102218.3,102205.4,102212.8,81.586
2024-12-15 10:27:00,102212.8,102218.2,102212.8,102217.7,55.459
2024-12-15 10:28:00,102217.7,102217.8,102165.6,102165.6,49.287
2024-12-15 10:29:00,102165.6,102165.9,102118.3,102128.0,155.889
2024-12-15 10:30:00,102128.0,102200.0,102128.0,102196.1,90.043
2024-12-15 10:31:00,102196.1,102212.7,102196.1,102212.7,41.632
2024-12-15 10:32:00,102212.7,102220.0,102200.3,102200.3,31.094
2024-12-15 10:33:00,102200.3,102203.1,102171.0,102172.6,26.673
2024-12-15 10:34:00,102172.6,102172.6,102151.0,102160.3,17.96
2024-12-15 10:35:00,102160.3,102170.0,102147.7,102169.2,6.529
2024-12-15 10:36:00,102169.2,102171.5,102096.0,102096.4,19.08
2024-12-15 10:37:00,102096.4,102153.1,102096.4,102121.4,72.818
2024-12-15 10:38:00,102121.4,102121.7,102121.4,102121.6,3.595
2024-12-15 10:39:00,102121.6,102141.7,102121.6,102132.9,7.517
2024-12-15 10:40:00,102132.9,102139.7,102132.9,102139.4,4.922
2024-12-15 10:41:00,102139.4,102139.7,102126.7,102133.0,3.029
2024-12-15 10:42:00,102133.0,102197.1,102132.7,102197.1,21.535
2024-12-15 10:43:00,102197.1,102216.4,102179.9,102214.7,55.621
2024-12-15 10:44:00,102214.7,102215.0,102198.9,102198.9,59.287
2024-12-15 10:45:00,102198.9,102210.0,102180.5,102180.5,22.196
2024-12-15 10:46:00,102180.5,102219.0,102177.4,102203.9,29.619
2024-12-15 10:47:00,102203.9,102219.0,102189.7,102205.4,22.842
2024-12-15 10:48:00,102205.4,102205.6,102204.9,102205.6,15.519
2024-12-15 10:49:00,102205.6,102205.6,102182.9,102189.7,12.09
2024-12-15 10:50:00,102189.7,102195.1,102185.6,102185.6,17.489
2024-12-15 10:51:00,102185.6,102258.3,102185.5,102258.2,89.747
2024-12-15 10:52:00,102258.2,102276.0,102256.9,102275.9,274.49
2024-12-15 10:53:00,102275.9,102283.0,102275.8,102282.6,121.017
2024-12-15 10:54:00,102282.6,102289.2,102282.6,102288.8,56.196
2024-12-15 10:55:00,102288.8,102311.5,102279.4,102281.1,97.092
2024-12-15 10:56:00,102281.1,102281.4,102238.1,102270.0,206.561
2024-12-15 10:57:00,102270.0,102270.2,102264.3,102264.5,77.783
2024-12-15 10:58:00,102264.5,102264.8,102258.5,102258.8,29.808
2024-12-15 10:59:00,102258.8,102259.0,102230.7,102230.7,35.629
2024-12-15 11:00:00,102230.7,102231.0,102186.8,102200.0,60.063
2024-12-15 11:01:00,102200.0,102200.0,102199.9,102199.9,45.188
2024-12-15 11:02:00,102199.9,102200.0,102190.2,102190.5,15.688
2024-12-15 11:03:00,102190.5,102192.8,102190.4,102190.6,12.015
2024-12-15 11:04:00,102190.6,102190.7,102181.0,102181.0,10.367
2024-12-15 11:05:00,102181.0,102181.3,102181.0,102181.3,11.645
2024-12-15 11:06:00,102181.3,102190.3,102181.2,102190.1,23.559
2024-12-15 11:07:00,102190.1,102246.8,102190.0,102231.4,11.013
2024-12-15 11:08:00,102231.4,102231.4,102222.2,102222.5,25.794
2024-12-15 11:09:00,102222.5,102230.8,102222.2,102230.5,29.71
2024-12-15 11:10:00,102230.5,102230.8,102230.5,102230.6,8.414
2024-12-15 11:11:00,102230.6,102239.7,102230.6,102239.7,8.185
2024-12-15 11:12:00,102239.7,102260.1,102239.4,102259.1,15.415
2024-12-15 11:13:00,102259.1,102363.7,102259.0,102357.2,48.775
2024-12-15 11:14:00,102357.2,102357.2,102332.7,102336.0,117.098
2024-12-15 11:15:00,102336.0,102443.7,102335.9,102436.1,83.969
2024-12-15 11:16:00,102436.1,102436.2,102403.2,102425.0,198.308
2024-12-15 11:17:00,102425.0,102428.2,102400.0,102400.0,70.022
2024-12-15 11:18:00,102400.0,102402.2,102367.7,102371.9,66.874
2024-12-15 11:19:00,102371.9,102371.9,102331.3,102336.0,44.541
2024-12-15 11:20:00,102336.0,102336.0,102312.8,102313.1,61.051
2024-12-15 11:21:00,102313.1,102380.9,102295.8,102366.5,62.744
2024-12-15 11:22:00,102366.5,102366.5,102329.4,102329.4,51.717
2024-12-15 11:23:00,102329.4,102390.8,102329.4,102381.0,26.106
2024-12-15 11:24:00,102381.0,102408.2,102381.0,102408.2,54.75
2024-12-15 11:25:00,102408.2,102412.2,102384.7,102410.2,43.155
2024-12-15 11:26:00,102410.2,102457.9,102409.6,102457.1,65.044
2024-12-15 11:27:00,102457.1,102532.2,102440.0,102440.3,218.857
2024-12-15 11:28:00,102440.3,102451.9,102410.7,102433.2,273.45
2024-12-15 11:29:00,102433.2,102433.2,102400.2,102411.4,66.017
2024-12-15 11:30:00,102411.4,102411.4,102341.3,102341.3,73.679
2024-12-15 11:31:00,102341.3,102341.6,102295.2,102298.1,80.163
2024-12-15 11:32:00,102298.1,102318.4,102298.1,102317.9,52.568
2024-12-15 11:33:00,102317.9,102322.2,102300.0,102310.1,34.147
2024-12-15 11:34:00,102310.1,102330.3,102300.0,102330.0,35.959
2024-12-15 11:35:00,102330.0,102337.7,102318.4,102318.4,40.617
2024-12-15 11:36:00,102318.4,102328.9,102309.8,102322.5,28.292
2024-12-15 11:37:00,102322.5,102357.6,102322.5,102350.9,20.622
2024-12-15 11:38:00,102350.9,102350.9,102314.5,102322.0,33.011
2024-12-15 11:39:00,102322.0,102338.1,102312.2,102326.1,23.924
2024-12-15 11:40:00,102326.1,102365.2,102320.6,102365.2,23.268
2024-12-15 11:41:00,102365.2,102442.8,102364.9,102431.8,39.627
2024-12-15 11:42:00,102431.8,102475.1,102431.7,102474.9,76.104
2024-12-15 11:43:00,102474.9,102540.5,102440.3,102529.1,106.447
2024-12-15 11:44:00,102529.1,102535.2,102504.8,102510.1,153.873
2024-12-15 11:45:00,102510.1,102512.5,102474.5,102496.4,113.527
2024-12-15 11:46:00,102496.4,102510.2,102487.5,102509.0,92.494
2024-12-15 11:47:00,102509.0,102588.5,102499.0,102558.0,68.533
2024-12-15 11:48:00,102558.0,102565.4,102538.7,102544.4,148.483
2024-12-15 11:49:00,102544.4,102544.4,102488.7,102514.7,65.771
2024-12-15 11:50:00,102514.7,102514.7,102474.1,102500.0,83.176
2024-12-15 11:51:00,102500.0,102500.1,102459.7,102499.8,65.53
2024-12-15 11:52:00,102499.8,102500.2,102496.8,102499.9,32.698
2024-12-15 11:53:00,102499.9,102501.4,102498.0,102498.3,20.12
2024-12-15 11:54:00,102498.3,102545.4,102498.0,102521.5,37.201
2024-12-15 11:55:00,102521.5,102600.0,102521.5,102599.9,76.975
2024-12-15 11:56:00,102599.9,102655.9,102599.9,102610.4,195.95
2024-12-15 11:57:00,102610.4,102630.8,102586.8,102630.7,272.204
2024-12-15 11:58:00,102630.7,102650.5,102614.6,102614.9,170.383
2024-12-15 11:59:00,102614.9,102631.7,102614.8,102623.0,74.399
2024-12-15 12:00:00,102623.0,102720.0,102623.0,102700.1,65.446
2024-12-15 12:01:00,102700.1,102720.0,102676.5,102677.3,164.742
2024-12-15 12:02:00,102677.3,102750.0,102658.4,102728.5,136.841
2024-12-15 12:03:00,102728.5,102875.2,102718.7,102817.7,352.593
2024-12-15 12:04:00,102817.7,102819.5,102694.2,102771.9,543.959
2024-12-15 12:05:00,102771.9,102805.6,102763.2,102805.4,180.538
2024-12-15 12:06:00,102805.4,102851.8,102801.0,102815.8,148.887
2024-12-15 12:07:00,102815.8,102950.2,102788.8,102921.6,290.428
2024-12-15 12:08:00,102921.6,102969.3,102872.9,102880.8,484.603
2024-12-15 12:09:00,102880.8,102956.6,102880.6,102955.0,487.936
2024-12-15 12:10:00,102955.0,102955.1,102919.9,102937.8,303.17
2024-12-15 12:11:00,102937.8,102947.5,102900.0,102900.0,223.83
2024-12-15 12:12:00,102900.0,102900.3,102703.0,102703.1,198.181
2024-12-15 12:13:00,102703.1,102703.1,102563.6,102563.7,368.458
2024-12-15 12:14:00,102563.7,102677.3,102563.1,102632.4,416.832
2024-12-15 12:15:00,102632.4,102632.7,102491.8,102547.6,408.459
2024-12-15 12:16:00,102547.6,102700.2,102546.4,102677.9,432.233
2024-12-15 12:17:00,102677.9,102829.4,102677.9,102787.6,236.818
2024-12-15 12:18:00,102787.6,102882.0,102754.2,102870.5,245.619
2024-12-15 12:19:00,102870.5,102885.4,102759.7,102759.7,195.871
2024-12-15 12:20:00,102759.7,102840.0,102755.3,102839.9,156.86
2024-12-15 12:21:00,102839.9,102855.8,102783.0,102831.3,136.366
2024-12-15 12:22:00,102831.3,102831.6,102792.4,102831.1,113.155
2024-12-15 12:23:00,102831.1,102845.9,102822.4,102843.5,70.116
2024-12-15 12:24:00,102843.5,102881.9,102816.5,102823.3,62.92
2024-12-15 12:25:00,102823.3,102877.8,102816.6,102831.4,70.89
2024-12-15 12:26:00,102831.4,102889.9,102826.1,102878.8,75.625
2024-12-15 12:27:00,102878.8,102881.7,102843.7,102844.0,60.362
2024-12-15 12:28:00,102844.0,102844.0,102708.0,102708.8,67.586
2024-12-15 12:29:00,102708.8,102757.2,102662.6,102707.3,93.835
2024-12-15 12:30:00,102707.3,102791.3,102670.3,102791.2,124.544
2024-12-15 12:31:00,102791.2,102809.2,102777.4,102808.9,87.71
2024-12-15 12:32:00,102808.9,102816.8,102788.8,102811.0,54.204
2024-12-15 12:33:00,102811.0,102850.0,102811.0,102823.4,73.028
2024-12-15 12:34:00,102823.4,102848.0,102823.3,102825.6,63.72
2024-12-15 12:35:00,102825.6,102867.5,102825.6,102867.2,70.059
2024-12-15 12:36:00,102867.2,102918.8,102867.2,102917.9,75.378
2024-12-15 12:37:00,102917.9,102954.3,102917.9,102954.3,158.891
2024-12-15 12:38:00,102954.3,103008.8,102953.2,102995.9,313.742
2024-12-15 12:39:00,102995.9,103137.7,102995.9,103104.4,660.388
2024-12-15 12:40:00,103104.4,103272.3,103094.7,103149.8,762.633
2024-12-15 12:41:00,103149.8,103219.5,103055.9,103083.8,568.708
2024-12-15 12:42:00,103083.8,103096.5,103000.0,103031.0,298.92
2024-12-15 12:43:00,103031.0,103178.2,103013.5,103178.2,196.917
2024-12-15 12:44:00,103178.2,103265.6,103166.3,103232.4,206.638
2024-12-15 12:45:00,103232.4,103341.7,103076.4,103090.0,532.424
2024-12-15 12:46:00,103090.0,103218.2,103072.2,103149.6,532.56
2024-12-15 12:47:00,103149.6,103189.9,102998.2,103011.8,228.207
2024-12-15 12:48:00,103011.8,103100.0,102969.3,103050.0,258.039
2024-12-15 12:49:00,103050.0,103077.1,102900.0,102900.0,243.334
2024-12-15 12:50:00,102900.0,102993.3,102864.4,102882.9,304.618
2024-12-15 12:51:00,102882.9,102950.0,102880.3,102936.0,186.634
2024-12-15 12:52:00,102936.0,102994.6,102936.0,102983.5,152.3
2024-12-15 12:53:00,102983.5,103000.0,102922.2,102938.4,98.702
2024-12-15 12:54:00,102938.4,102962.3,102935.9,102954.6,96.358
2024-12-15 12:55:00,102954.6,102978.5,102950.0,102964.9,38.207
2024-12-15 12:56:00,102964.9,102974.7,102955.1,102969.6,46.27
2024-12-15 12:57:00,102969.6,103012.1,102961.3,102996.3,84.984
2024-12-15 12:58:00,102996.3,103000.2,102955.1,102955.1,75.871
2024-12-15 12:59:00,102955.1,102955.1,102826.9,102933.7,117.909
2024-12-15 13:00:00,102933.7,102970.2,102849.3,102870.6,223.677
2024-12-15 13:01:00,102870.6,102870.6,102774.2,102780.7,114.469
2024-12-15 13:02:00,102780.7,102850.2,102780.7,102790.0,202.329
2024-12-15 13:03:00,102790.0,102790.0,102738.8,102740.0,139.494
2024-12-15 13:04:00,102740.0,102740.6,102676.0,102739.0,213.297
2024-12-15 13:05:00,102739.0,102800.2,102710.4,102782.1,241.221
2024-12-15 13:06:00,102782.1,102782.1,102718.2,102733.0,114.528
2024-12-15 13:07:00,102733.0,102742.3,102628.1,102661.7,103.544
2024-12-15 13:08:00,102661.7,102726.0,102661.6,102686.4,180.253
2024-12-15 13:09:00,102686.4,102744.9,102685.4,102720.2,64.147
2024-12-15 13:10:00,102720.2,102764.8,102719.9,102754.9,72.076
2024-12-15 13:11:00,102754.9,102787.3,102750.8,102787.3,49.813
2024-12-15 13:12:00,102787.3,102813.5,102781.5,102781.5,73.135
2024-12-15 13:13:00,102781.5,102800.6,102764.5,102783.0,76.118
2024-12-15 13:14:00,102783.0,102783.8,102769.3,102776.3,45.568
2024-12-15 13:15:00,102776.3,102776.3,102673.8,102677.9,69.202
2024-12-15 13:16:00,102677.9,102684.7,102629.0,102629.2,124.809
2024-12-15 13:17:00,102629.2,102631.1,102557.1,102592.0,150.932
2024-12-15 13:18:00,102592.0,102638.4,102587.9,102629.1,234.055
2024-12-15 13:19:00,102629.1,102629.4,102557.0,102557.2,88.649
2024-12-15 13:20:00,102557.2,102621.5,102557.1,102581.6,123.723
2024-12-15 13:21:00,102581.6,102661.0,102560.0,102616.6,105.366
2024-12-15 13:22:00,102616.6,102664.7,102600.5,102642.5,101.409
2024-12-15 13:23:00,102642.5,102686.5,102576.3,102577.9,92.69
2024-12-15 13:24:00,102577.9,102619.9,102577.8,102619.6,130.902
2024-12-15 13:25:00,102619.6,102684.1,102612.5,102672.3,366.153
2024-12-15 13:26:00,102672.3,102716.1,102650.0,102711.0,374.448
2024-12-15 13:27:00,102711.0,102716.1,102674.0,102696.6,139.389
2024-12-15 13:28:00,102696.6,102706.7,102682.3,102706.6,77.17
2024-12-15 13:29:00,102706.6,102729.1,102657.1,102659.7,36.342
2024-12-15 13:30:00,102659.7,102660.0,102546.4,102546.4,84.943
2024-12-15 13:31:00,102546.4,102546.4,102503.3,102529.3,216.588
2024-12-15 13:32:00,102529.3,102595.5,102529.0,102595.4,171.759
2024-12-15 13:33:00,102595.4,102595.4,102510.0,102514.1,140.119
2024-12-15 13:34:00,102514.1,102537.6,102469.2,102483.9,202.754
2024-12-15 13:35:00,102483.9,102490.3,102472.7,102483.3,151.149
2024-12-15 13:36:00,102483.3,102595.2,102481.3,102539.8,93.761
2024-12-15 13:37:00,102539.8,102540.1,102459.9,102468.7,114.112
2024-12-15 13:38:00,102468.7,102484.0,102466.0,102466.8,75.572
2024-12-15 13:39:00,102466.8,102496.5,102438.0,102462.4,76.978
2024-12-15 13:40:00,102462.4,102545.4,102462.4,102530.2,138.463
2024-12-15 13:41:00,102530.2,102551.0,102511.7,102523.1,86.57
2024-12-15 13:42:00,102523.1,102589.0,102522.7,102588.7,134.309
2024-12-15 13:43:00,102588.7,102598.2,102581.0,102581.8,124.154
2024-12-15 13:44:00,102581.8,102665.6,102581.8,102665.5,120.671
2024-12-15 13:45:00,102665.5,102668.8,102595.0,102638.3,156.641
2024-12-15 13:46:00,102638.3,102775.5,102629.6,102760.0,122.565
2024-12-15 13:47:00,102760.0,102781.3,102732.5,102776.3,301.762
2024-12-15 13:48:00,102776.3,102779.6,102736.6,102745.6,180.247
2024-12-15 13:49:00,102745.6,102783.2,102745.1,102783.1,127.684
2024-12-15 13:50:00,102783.1,102940.3,102783.1,102937.2,210.79
2024-12-15 13:51:00,102937.2,102943.9,102837.9,102838.4,509.643
2024-12-15 13:52:00,102838.4,102867.5,102775.0,102838.3,259.572
2024-12-15 13:53:00,102838.3,102920.2,102838.0,102860.6,400.601
2024-12-15 13:54:00,102860.6,102883.6,102825.0,102867.6,95.096
2024-12-15 13:55:00,102867.6,102871.0,102775.1,102792.8,103.244
2024-12-15 13:56:00,102792.8,102814.9,102792.8,102810.2,100.099
2024-12-15 13:57:00,102810.2,102845.0,102794.8,102794.8,30.36
2024-12-15 13:58:00,102794.8,102821.0,102793.0,102815.4,59.97
2024-12-15 13:59:00,102815.4,102815.6,102742.8,102751.9,89.683
2024-12-15 14:00:00,102751.9,102789.1,102728.5,102789.1,93.225
2024-12-15 14:01:00,102789.1,102799.9,102750.0,102757.3,64.622
2024-12-15 14:02:00,102757.3,102757.5,102720.2,102731.1,35.872
2024-12-15 14:03:00,102731.1,102774.7,102659.5,102699.9,47.543
2024-12-15 14:04:00,102699.9,102726.7,102657.8,102658.2,63.607
2024-12-15 14:05:00,102658.2,102726.6,102658.2,102726.6,39.908
2024-12-15 14:06:00,102726.6,102800.2,102706.4,102800.0,37.186
2024-12-15 14:07:00,102800.0,102869.0,102795.4,102862.1,56.227
2024-12-15 14:08:00,102862.1,102916.8,102857.3,102915.9,115.201
2024-12-15 14:09:00,102915.9,102920.0,102871.6,102897.1,123.633
2024-12-15 14:10:00,102897.1,102908.2,102880.7,102890.3,114.983
2024-12-15 14:11:00,102890.3,102902.1,102890.0,102901.9,83.529
2024-12-15 14:12:00,102901.9,102947.7,102901.9,102920.9,40.674
2024-12-15 14:13:00,102920.9,102923.4,102840.5,102858.1,77.484
2024-12-15 14:14:00,102858.1,102868.2,102857.9,102860.2,56.706
2024-12-15 14:15:00,102860.2,102872.9,102846.1,102859.3,25.861
2024-12-15 14:16:00,102859.3,102903.1,102859.3,102900.1,24.952
2024-12-15 14:17:00,102900.1,102902.8,102873.6,102873.7,31.987
2024-12-15 14:18:00,102873.7,102940.2,102873.6,102940.2,33.3
2024-12-15 14:19:00,102940.2,103032.2,102940.2,102959.6,123.293
2024-12-15 14:20:00,102959.6,102959.6,102900.0,102929.3,240.433
2024-12-15 14:21:00,102929.3,102995.9,102900.0,102995.9,94.415
2024-12-15 14:22:00,102995.9,103028.1,102970.0,102999.9,57.517
2024-12-15 14:23:00,102999.9,103011.3,102985.7,103004.9,118.354
2024-12-15 14:24:00,103004.9,103035.0,103004.0,103009.9,64.217
2024-12-15 14:25:00,103009.9,103017.6,102976.0,102976.0,88.575
2024-12-15 14:26:00,102976.0,102976.0,102891.5,102910.3,111.873
2024-12-15 14:27:00,102910.3,102924.0,102890.5,102892.5,112.103
2024-12-15 14:28:00,102892.5,102893.2,102810.0,102810.4,57.704
2024-12-15 14:29:00,102810.4,102864.6,102771.8,102864.6,121.172
2024-12-15 14:30:00,102864.6,102869.2,102826.1,102833.3,124.142
2024-12-15 14:31:00,102833.3,102833.3,102733.0,102773.7,54.467
2024-12-15 14:32:00,102773.7,102775.1,102684.2,102717.8,163.353
2024-12-15 14:33:00,102717.8,102778.0,102715.0,102715.3,190.499
2024-12-15 14:34:00,102715.3,102740.0,102700.0,102721.9,57.405
2024-12-15 14:35:00,102721.9,102730.2,102670.0,102677.5,54.988
2024-12-15 14:36:00,102677.5,102705.9,102669.8,102669.8,46.967
2024-12-15 14:37:00,102669.8,102698.3,102669.8,102686.1,31.847
2024-12-15 14:38:00,102686.1,102697.4,102618.6,102618.9,58.581
2024-12-15 14:39:00,102618.9,102696.7,102618.6,102696.7,60.866
2024-12-15 14:40:00,102696.7,102703.2,102651.1,102651.4,43.715
2024-12-15 14:41:00,102651.4,102691.0,102640.0,102690.7,26.265
2024-12-15 14:42:00,102690.7,102775.3,102690.7,102774.8,28.314
2024-12-15 14:43:00,102774.8,102810.9,102764.0,102780.6,57.285
2024-12-15 14:44:00,102780.6,102804.3,102780.3,102804.2,53.753
2024-12-15 14:45:00,102804.2,102804.2,102745.5,102760.5,33.234
2024-12-15 14:46:00,102760.5,102760.5,102708.0,102708.0,44.288
2024-12-15 14:47:00,102708.0,102742.0,102689.9,102741.9,21.28
2024-12-15 14:48:00,102741.9,102755.4,102730.2,102739.6,31.387
2024-12-15 14:49:00,102739.6,102766.7,102737.9,102758.4,37.156
2024-12-15 14:50:00,102758.4,102844.6,102750.6,102844.2,25.12
2024-12-15 14:51:00,102844.2,102856.7,102788.4,102796.5,59.951
2024-12-15 14:52:00,102796.5,102867.9,102785.0,102867.6,44.276
2024-12-15 14:53:00,102867.6,102917.3,102867.6,102900.0,42.085
2024-12-15 14:54:00,102900.0,102900.3,102877.5,102882.7,79.311
2024-12-15 14:55:00,102882.7,102900.0,102865.2,102899.7,37.89
2024-12-15 14:56:00,102899.7,102905.4,102887.8,102905.3,37.725
2024-12-15 14:57:00,102905.3,102955.0,102905.3,102946.3,37.238
2024-12-15 14:58:00,102946.3,102987.1,102939.7,102969.8,75.751
2024-12-15 14:59:00,102969.8,102991.1,102962.3,102966.0,42.535
2024-12-15 15:00:00,102966.0,103008.9,102886.0,103008.6,337.297
2024-12-15 15:01:00,103008.6,103011.7,102939.3,102965.5,528.162
2024-12-15 15:02:00,102965.5,102965.5,102875.2,102900.2,173.787
2024-12-15 15:03:00,102900.2,102904.7,102820.3,102841.3,125.061
2024-12-15 15:04:00,102841.3,102846.7,102809.3,102819.8,204.027
2024-12-15 15:05:00,102819.8,102860.0,102819.5,102860.0,58.33
2024-12-15 15:06:00,102860.0,102872.1,102804.0,102804.0,22.763
2024-12-15 15:07:00,102804.0,102805.0,102799.0,102804.2,26.635
2024-12-15 15:08:00,102804.2,102841.7,102804.2,102805.5,27.413
2024-12-15 15:09:00,102805.5,102816.7,102775.1,102786.8,37.871
2024-12-15 15:10:00,102786.8,102817.2,102786.5,102788.3,44.8
2024-12-15 15:11:00,102788.3,102788.3,102775.1,102775.1,24.273
2024-12-15 15:12:00,102775.1,102780.6,102739.9,102767.0,31.397
2024-12-15 15:13:00,102767.0,102767.0,102738.7,102744.5,61.61
2024-12-15 15:14:00,102744.5,102761.3,102744.5,102761.3,15.736
2024-12-15 15:15:00,102761.3,102780.9,102730.0,102730.0,24.682
2024-12-15 15:16:00,102730.0,102861.3,102725.0,102837.5,36.552
2024-12-15 15:17:00,102837.5,102888.0,102825.2,102841.4,63.358
2024-12-15 15:18:00,102841.4,102890.3,102841.4,102890.0,77.645
2024-12-15 15:19:00,102890.0,102931.2,102890.0,102901.7,33.502
2024-12-15 15:20:00,102901.7,102964.0,102901.4,102963.7,26.06
2024-12-15 15:21:00,102963.7,102964.0,102897.4,102907.5,33.286
2024-12-15 15:22:00,102907.5,102929.2,102890.0,102928.5,65.965
2024-12-15 15:23:00,102928.5,102955.5,102923.8,102955.3,84.997
2024-12-15 15:24:00,102955.3,102955.3,102867.7,102885.0,21.885
2024-12-15 15:25:00,102885.0,102885.3,102823.3,102856.7,28.949
2024-12-15 15:26:00,102856.7,102890.2,102856.7,102886.8,26.218
2024-12-15 15:27:00,102886.8,102922.6,102886.8,102922.1,34.281
2024-12-15 15:28:00,102922.1,102923.2,102877.6,102877.8,33.485
2024-12-15 15:29:00,102877.8,102890.2,102877.8,102890.2,6.08
2024-12-15 15:30:00,102890.2,102890.2,102868.8,102869.1,10.348
2024-12-15 15:31:00,102869.1,102926.6,102861.3,102926.6,33.029
2024-12-15 15:32:00,102926.6,102949.2,102926.6,102939.5,38.117
2024-12-15 15:33:00,102939.5,102950.0,102939.4,102944.2,31.312
2024-12-15 15:34:00,102944.2,102944.2,102898.0,102930.2,22.374
2024-12-15 15:35:00,102930.2,102934.7,102925.0,102925.3,31.522
2024-12-15 15:36:00,102925.3,102934.0,102891.8,102891.8,11.491
2024-12-15 15:37:00,102891.8,102892.1,102850.0,102852.0,14.509
2024-12-15 15:38:00,102852.0,102858.7,102804.7,102841.0,27.414
2024-12-15 15:39:00,102841.0,102867.4,102833.7,102851.0,18.672
2024-12-15 15:40:00,102851.0,102874.3,102851.0,102853.7,9.146
2024-12-15 15:41:00,102853.7,102869.2,102850.0,102850.3,13.901
2024-12-15 15:42:00,102850.3,102850.3,102812.0,102820.3,23.54
2024-12-15 15:43:00,102820.3,102820.3,102812.0,102820.0,17.242
2024-12-15 15:44:00,102820.0,102820.3,102820.0,102820.0,10.646
2024-12-15 15:45:00,102820.0,102833.0,102818.7,102833.0,20.746
2024-12-15 15:46:00,102833.0,102867.4,102833.0,102851.1,21.208
2024-12-15 15:47:00,102851.1,102890.0,102848.7,102890.0,13.985
2024-12-15 15:48:00,102890.0,102916.0,102827.5,102836.7,21.498
2024-12-15 15:49:00,102836.7,102836.7,102763.4,102790.3,22.271
2024-12-15 15:50:00,102790.3,102790.3,102751.4,102751.7,44.882
2024-12-15 15:51:00,102751.7,102836.6,102751.7,102836.3,40.142
2024-12-15 15:52:00,102836.3,102836.3,102780.5,102798.0,41.774
2024-12-15 15:53:00,102798.0,102805.9,102790.2,102800.8,22.383
2024-12-15 15:54:00,102800.8,102812.4,102778.5,102786.8,43.247
2024-12-15 15:55:00,102786.8,102799.4,102779.6,102790.0,13.645
2024-12-15 15:56:00,102790.0,102794.3,102780.0,102786.0,11.995
2024-12-15 15:57:00,102786.0,102832.5,102785.7,102819.9,31.131
2024-12-15 15:58:00,102819.9,102820.2,102710.0,102717.9,85.228
2024-12-15 15:59:00,102717.9,102750.2,102666.6,102668.5,134.298
2024-12-15 16:00:00,102668.5,102760.4,102666.8,102755.0,95.433
2024-12-15 16:01:00,102755.0,102755.3,102586.5,102590.8,56.547
2024-12-15 16:02:00,102590.8,102621.6,102556.3,102600.8,104.324
2024-12-15 16:03:00,102600.8,102716.0,102590.9,102716.0,60.436
2024-12-15 16:04:00,102716.0,102773.6,102716.0,102758.5,55.948
2024-12-15 16:05:00,102758.5,102822.4,102753.9,102785.1,56.781
2024-12-15 16:06:00,102785.1,102785.1,102736.0,102745.7,74.045
2024-12-15 16:07:00,102745.7,102750.0,102700.0,102700.0,107.777
2024-12-15 16:08:00,102700.0,102759.2,102700.0,102759.1,153.608
2024-12-15 16:09:00,102759.1,102833.2,102759.1,102785.2,45.636
2024-12-15 16:10:00,102785.2,102844.7,102785.2,102835.5,84.327
2024-12-15 16:11:00,102835.5,102867.8,102834.1,102849.4,63.208
2024-12-15 16:12:00,102849.4,102866.6,102838.3,102859.4,41.845
2024-12-15 16:13:00,102859.4,102903.7,102859.4,102890.7,32.798
2024-12-15 16:14:00,102890.7,102920.3,102890.7,102920.3,44.539
2024-12-15 16:15:00,102920.3,102946.9,102920.0,102924.2,63.557
2024-12-15 16:16:00,102924.2,102985.0,102924.2,102984.8,81.389
2024-12-15 16:17:00,102984.8,102994.4,102946.9,102975.3,97.75
2024-12-15 16:18:00,102975.3,102975.3,102956.0,102956.0,64.941
2024-12-15 16:19:00,102956.0,103094.8,102956.0,103074.1,137.458
2024-12-15 16:20:00,103074.1,103193.1,103071.9,103187.9,405.392
2024-12-15 16:21:00,103187.9,103200.0,103090.7,103090.7,319.44
2024-12-15 16:22:00,103090.7,103133.4,103065.0,103122.8,270.976
2024-12-15 16:23:00,103122.8,103147.4,103112.7,103123.2,114.887
2024-12-15 16:24:00,103123.2,103130.0,103111.6,103129.9,62.135
2024-12-15 16:25:00,103129.9,103133.0,103086.4,103122.6,74.317
2024-12-15 16:26:00,103122.6,103180.6,103106.6,103180.0,73.381
2024-12-15 16:27:00,103180.0,103195.1,103137.7,103187.2,87.723
2024-12-15 16:28:00,103187.2,103200.9,103130.4,103148.0,159.858
2024-12-15 16:29:00,103148.0,103150.2,103107.7,103111.7,100.825
2024-12-15 16:30:00,103111.7,103130.0,103081.3,103084.2,52.395
2024-12-15 16:31:00,103084.2,103084.2,102955.4,102980.2,82.892
2024-12-15 16:32:00,102980.2,103138.6,102980.2,103138.6,157.662
2024-12-15 16:33:00,103138.6,103147.9,103127.2,103142.0,76.206
2024-12-15 16:34:00,103142.0,103200.0,103142.0,103200.0,57.609
2024-12-15 16:35:00,103200.0,103247.2,103190.6,103234.2,164.301
2024-12-15 16:36:00,103234.2,103485.0,103220.3,103352.0,717.381
2024-12-15 16:37:00,103352.0,103384.3,103227.6,103298.0,858.972
2024-12-15 16:38:00,103298.0,103400.0,103272.4,103400.0,597.936
2024-12-15 16:39:00,103400.0,103427.6,103350.1,103369.9,649.224
2024-12-15 16:40:00,103369.9,103400.0,103268.1,103393.2,513.061
2024-12-15 16:41:00,103393.2,103399.9,103338.3,103343.0,182.591
2024-12-15 16:42:00,103343.0,103363.5,103274.2,103274.2,308.706
2024-12-15 16:43:00,103274.2,103274.2,103120.1,103156.2,245.661
2024-12-15 16:44:00,103156.2,103163.0,103114.2,103114.5,189.808
2024-12-15 16:45:00,103114.5,103114.6,102970.0,103009.6,168.12
2024-12-15 16:46:00,103009.6,103142.2,102991.9,103127.1,337.316
2024-12-15 16:47:00,103127.1,103146.4,103069.8,103076.7,105.511
2024-12-15 16:48:00,103076.7,103076.7,102981.7,102981.7,112.69
2024-12-15 16:49:00,102981.7,103027.0,102981.7,103016.5,66.013
2024-12-15 16:50:00,103016.5,103033.2,102990.0,102999.1,59.057
2024-12-15 16:51:00,102999.1,103007.2,102979.9,102980.3,57.439
2024-12-15 16:52:00,102980.3,103009.0,102980.3,102987.0,33.152
2024-12-15 16:53:00,102987.0,103052.9,102987.0,103042.1,46.002
2024-12-15 16:54:00,103042.1,103070.9,103016.8,103019.9,68.289
2024-12-15 16:55:00,103019.9,103066.6,103019.9,103025.4,123.011
2024-12-15 16:56:00,103025.4,103025.7,103024.8,103025.5,64.371
2024-12-15 16:57:00,103025.5,103028.0,102993.4,103006.6,26.245
2024-12-15 16:58:00,103006.6,103057.9,102985.3,103057.6,18.059
2024-12-15 16:59:00,103057.6,103110.7,103040.3,103099.3,26.345
2024-12-15 17:00:00,103099.3,103145.3,103099.0,103105.7,47.327
2024-12-15 17:01:00,103105.7,103105.7,103011.8,103011.8,60.084
2024-12-15 17:02:00,103011.8,103048.4,103000.0,103000.0,42.855
2024-12-15 17:03:00,103000.0,103005.2,102950.0,102967.4,52.9
2024-12-15 17:04:00,102967.4,102998.8,102959.9,102987.5,125.639
2024-12-15 17:05:00,102987.5,103016.8,102977.0,103016.4,47.368
2024-12-15 17:06:00,103016.4,103066.5,102990.5,102990.8,43.705
2024-12-15 17:07:00,102990.8,103011.6,102960.0,102964.9,42.494
2024-12-15 17:08:00,102964.9,103035.7,102964.9,103016.5,47.49
2024-12-15 17:09:00,103016.5,103050.0,103008.5,103050.0,93.817
2024-12-15 17:10:00,103050.0,103085.3,103050.0,103085.0,24.484
2024-12-15 17:11:00,103085.0,103149.9,103083.7,103149.6,51.82
2024-12-15 17:12:00,103149.6,103172.4,103111.5,103122.0,102.819
2024-12-15 17:13:00,103122.0,103140.4,103106.5,103140.1,72.095
2024-12-15 17:14:00,103140.1,103140.2,103119.8,103124.7,11.555
2024-12-15 17:15:00,103124.7,103130.9,103096.9,103099.2,18.854
2024-12-15 17:16:00,103099.2,103099.2,103081.6,103085.1,31.635
2024-12-15 17:17:00,103085.1,103092.1,103067.5,103067.5,25.348
2024-12-15 17:18:00,103067.5,103092.9,103060.2,103060.3,9.915
2024-12-15 17:19:00,103060.3,103060.4,103050.0,103053.1,16.576
2024-12-15 17:20:00,103053.1,103054.2,103000.0,103000.0,31.637
2024-12-15 17:21:00,103000.0,103025.0,102990.5,103025.0,35.106
2024-12-15 17:22:00,103025.0,103025.0,102984.3,103016.5,20.747
2024-12-15 17:23:00,103016.5,103030.9,103016.5,103018.5,20.484
2024-12-15 17:24:00,103018.5,103018.5,103000.3,103011.5,8.893
2024-12-15 17:25:00,103011.5,103022.6,103000.0,103000.0,14.997
2024-12-15 17:26:00,103000.0,103031.5,103000.0,103008.3,26.052
2024-12-15 17:27:00,103008.3,103008.6,102988.3,102990.1,9.975
2024-12-15 17:28:00,102990.1,102997.8,102982.4,102997.6,22.229
2024-12-15 17:29:00,102997.6,102997.6,102986.0,102987.9,23.122
2024-12-15 17:30:00,102987.9,102988.0,102967.4,102978.5,32.414
2024-12-15 17:31:00,102978.5,103011.7,102970.1,103003.9,77.035
2024-12-15 17:32:00,103003.9,103003.9,103003.6,103003.9,25.101
2024-12-15 17:33:00,103003.9,103019.6,103003.6,103019.5,19.852
2024-12-15 17:34:00,103019.5,103054.6,103019.2,103053.5,56.05
2024-12-15 17:35:00,103053.5,103126.6,103053.5,103110.6,30.386
2024-12-15 17:36:00,103110.6,103110.9,103053.5,103053.5,48.498
2024-12-15 17:37:00,103053.5,103053.6,102985.9,102985.9,36.236
2024-12-15 17:38:00,102985.9,103116.2,102985.9,103102.5,778.25
2024-12-15 17:39:00,103102.5,103197.6,103102.5,103182.1,532.004
2024-12-15 17:40:00,103182.1,103199.2,103151.8,103199.2,176.066
2024-12-15 17:41:00,103199.2,103199.2,103171.0,103182.9,46.173
2024-12-15 17:42:00,103182.9,103188.6,103179.9,103186.6,50.87
2024-12-15 17:43:00,103186.6,103340.1,103186.6,103323.5,116.342
2024-12-15 17:44:00,103323.5,103323.5,103251.9,103261.9,228.046
2024-12-15 17:45:00,103261.9,103319.8,103261.9,103283.1,110.094
2024-12-15 17:46:00,103283.1,103300.2,103264.6,103279.1,44.162
2024-12-15 17:47:00,103279.1,103279.1,103201.1,103201.1,86.106
2024-12-15 17:48:00,103201.1,103243.8,103200.0,103216.1,194.295
2024-12-15 17:49:00,103216.1,103248.6,103198.8,103198.8,50.106
2024-12-15 17:50:00,103198.8,103240.6,103157.9,103234.3,34.487
2024-12-15 17:51:00,103234.3,103260.2,103180.0,103180.0,38.726
2024-12-15 17:52:00,103180.0,103180.0,103068.9,103068.9,54.111
2024-12-15 17:53:00,103068.9,103068.9,103018.6,103056.6,121.946
2024-12-15 17:54:00,103056.6,103125.6,103056.6,103125.4,85.841
2024-12-15 17:55:00,103125.4,103135.1,103100.1,103107.2,59.035
2024-12-15 17:56:00,103107.2,103110.0,103100.0,103100.0,23.745
2024-12-15 17:57:00,103100.0,103100.1,103046.9,103100.0,20.686
2024-12-15 17:58:00,103100.0,103168.2,103100.0,103168.2,14.002
2024-12-15 17:59:00,103168.2,103168.2,103130.1,103130.1,10.594
2024-12-15 18:00:00,103130.1,103141.7,103076.9,103076.9,11.663
2024-12-15 18:01:00,103076.9,103142.2,103050.2,103142.0,20.693
2024-12-15 18:02:00,103142.0,103207.4,103100.2,103201.4,30.525
2024-12-15 18:03:00,103201.4,103207.5,103190.3,103207.1,56.359
2024-12-15 18:04:00,103207.1,103207.1,103197.4,103197.7,42.856
2024-12-15 18:05:00,103197.7,103248.7,103197.7,103233.1,23.494
2024-12-15 18:06:00,103233.1,103233.3,103217.4,103217.6,25.193
2024-12-15 18:07:00,103217.6,103217.7,103142.0,103142.0,25.515
2024-12-15 18:08:00,103142.0,103142.0,103069.6,103078.6,37.713
2024-12-15 18:09:00,103078.6,103087.7,103071.2,103075.0,50.573
2024-12-15 18:10:00,103075.0,103075.3,103022.6,103023.8,24.367
2024-12-15 18:11:00,103023.8,103028.8,102998.5,102998.6,39.667
2024-12-15 18:12:00,102998.6,103031.3,102987.9,102990.8,21.939
2024-12-15 18:13:00,102990.8,103019.9,102990.5,103006.0,23.818
2024-12-15 18:14:00,103006.0,103060.2,103006.0,103049.3,16.2
2024-12-15 18:15:00,103049.3,103049.4,103011.5,103011.8,13.692
2024-12-15 18:16:00,103011.8,103017.3,102966.5,102995.6,20.232
2024-12-15 18:17:00,102995.6,103024.3,102982.7,103024.0,33.586
2024-12-15 18:18:00,103024.0,103040.7,103024.0,103040.4,19.387
2024-12-15 18:19:00,103040.4,103040.7,102960.0,102960.0,20.033
2024-12-15 18:20:00,102960.0,103050.0,102960.0,103049.8,39.756
2024-12-15 18:21:00,103049.8,103104.2,103045.5,103104.2,30.754
2024-12-15 18:22:00,103104.2,103104.2,103060.1,103083.4,19.937
2024-12-15 18:23:00,103083.4,103093.9,103068.5,103083.6,12.075
2024-12-15 18:24:00,103083.6,103142.2,103065.1,103142.2,7.032
2024-12-15 18:25:00,103142.2,103182.9,103142.0,103142.0,16.828
2024-12-15 18:26:00,103142.0,103167.6,103115.0,103120.0,24.107
2024-12-15 18:27:00,103120.0,103139.0,103120.0,103136.1,11.434
2024-12-15 18:28:00,103136.1,103143.5,103136.1,103136.8,10.61
2024-12-15 18:29:00,103136.8,103187.1,103136.7,103184.2,13.68
2024-12-15 18:30:00,103184.2,103184.5,103157.5,103157.5,33.242
2024-12-15 18:31:00,103157.5,103157.8,103123.2,103123.5,27.145
2024-12-15 18:32:00,103123.5,103149.9,103123.2,103136.6,19.138
2024-12-15 18:33:00,103136.6,103149.0,103136.6,103148.8,8.08
2024-12-15 18:34:00,103148.8,103273.0,103141.1,103263.9,108.553
2024-12-15 18:35:00,103263.9,103264.0,103230.7,103249.9,322.196
2024-12-15 18:36:00,103249.9,103265.0,103240.7,103264.9,90.503
2024-12-15 18:37:00,103264.9,103266.9,103250.9,103266.6,59.295
2024-12-15 18:38:00,103266.6,103276.6,103253.6,103265.5,111.02
2024-12-15 18:39:00,103265.5,103300.2,103265.5,103293.2,23.439
2024-12-15 18:40:00,103293.2,103327.5,103293.2,103314.6,51.102
2024-12-15 18:41:00,103314.6,103314.6,103251.0,103251.0,42.316
2024-12-15 18:42:00,103251.0,103259.6,103210.0,103210.0,34.161
2024-12-15 18:43:00,103210.0,103239.7,103188.4,103232.9,55.579
2024-12-15 18:44:00,103232.9,103246.4,103232.9,103246.1,51.334
2024-12-15 18:45:00,103246.1,103272.3,103246.1,103272.3,11.292
2024-12-15 18:46:00,103272.3,103272.3,103221.9,103252.5,8.4
2024-12-15 18:47:00,103252.5,103252.8,103215.9,103215.9,14.544
2024-12-15 18:48:00,103215.9,103220.1,103212.3,103215.9,10.794
2024-12-15 18:49:00,103215.9,103218.5,103188.7,103189.0,7.026
2024-12-15 18:50:00,103189.0,103189.0,103148.0,103171.0,14.338
2024-12-15 18:51:00,103171.0,103173.4,103148.0,103164.7,14.294
2024-12-15 18:52:00,103164.7,103192.5,103164.7,103192.5,11.501
2024-12-15 18:53:00,103192.5,103192.5,103150.4,103150.4,7.866
2024-12-15 18:54:00,103150.4,103150.7,103150.3,103150.3,3.165
2024-12-15 18:55:00,103150.3,103150.3,103136.5,103137.0,16.069
2024-12-15 18:56:00,103137.0,103152.9,103137.0,103152.9,32.733
2024-12-15 18:57:00,103152.9,103179.0,103152.6,103176.4,4.98
2024-12-15 18:58:00,103176.4,103184.5,103160.7,103177.3,6.689
2024-12-15 18:59:00,103177.3,103197.7,103177.3,103183.2,13.013
2024-12-15 19:00:00,103183.2,103269.9,103183.2,103269.9,20.498
2024-12-15 19:01:00,103269.9,103352.8,103269.9,103352.8,59.194
2024-12-15 19:02:00,103352.8,103385.0,103307.6,103318.3,136.028
2024-12-15 19:03:00,103318.3,103318.6,103294.9,103294.9,77.608
2024-12-15 19:04:00,103294.9,103310.9,103254.4,103254.4,27.546
2024-12-15 19:05:00,103254.4,103337.4,103254.4,103312.1,23.305
2024-12-15 19:06:00,103312.1,103323.2,103290.7,103302.1,21.211
2024-12-15 19:07:00,103302.1,103375.0,103302.1,103369.3,35.263
2024-12-15 19:08:00,103369.3,103396.3,103366.0,103366.1,75.256
2024-12-15 19:09:00,103366.1,103366.3,103343.1,103356.9,79.472
2024-12-15 19:10:00,103356.9,103357.1,103224.1,103224.1,91.116
2024-12-15 19:11:00,103224.1,103231.9,103195.2,103198.9,96.38
2024-12-15 19:12:00,103198.9,103199.0,103167.9,103184.2,133.07
2024-12-15 19:13:00,103184.2,103243.9,103183.8,103243.9,39.246
2024-12-15 19:14:00,103243.9,103296.1,103243.9,103280.0,27.41
2024-12-15 19:15:00,103280.0,103361.8,103280.0,103361.7,26.886
2024-12-15 19:16:00,103361.7,103400.2,103361.7,103385.4,61.824
2024-12-15 19:17:00,103385.4,103385.7,103356.6,103369.4,54.102
2024-12-15 19:18:00,103369.4,103369.4,103331.1,103366.4,38.212
2024-12-15 19:19:00,103366.4,103368.4,103366.4,103368.4,42.03
2024-12-15 19:20:00,103368.4,103439.2,103368.0,103412.6,33.229
2024-12-15 19:21:00,103412.6,103412.6,103386.4,103398.2,63.556
2024-12-15 19:22:00,103398.2,103412.1,103387.9,103401.6,62.281
2024-12-15 19:23:00,103401.6,103412.1,103336.8,103336.8,60.854
2024-12-15 19:24:00,103336.8,103397.5,103336.8,103387.8,23.776
2024-12-15 19:25:00,103387.8,103388.3,103380.0,103381.2,29.007
2024-12-15 19:26:00,103381.2,103412.7,103380.9,103410.9,19.614
2024-12-15 19:27:00,103410.9,103411.0,103410.9,103410.9,8.808
2024-12-15 19:28:00,103410.9,103411.0,103370.0,103370.0,15.984
2024-12-15 19:29:00,103370.0,103371.8,103346.3,103346.3,27.425
2024-12-15 19:30:00,103346.3,103346.6,103281.4,103295.7,34.804
2024-12-15 19:31:00,103295.7,103354.2,103295.7,103345.0,23.135
2024-12-15 19:32:00,103345.0,103345.3,103290.8,103291.0,29.516
2024-12-15 19:33:00,103291.0,103291.1,103272.1,103272.4,47.904
2024-12-15 19:34:00,103272.4,103272.4,103218.9,103244.8,105.334
2024-12-15 19:35:00,103244.8,103280.9,103225.2,103225.2,71.089
2024-12-15 19:36:00,103225.2,103225.2,103201.2,103208.0,53.54
2024-12-15 19:37:00,103208.0,103209.9,103165.5,103165.6,18.952
2024-12-15 19:38:00,103165.6,103242.4,103164.3,103242.4,15.773
2024-12-15 19:39:00,103242.4,103252.5,103209.6,103209.6,15.235
2024-12-15 19:40:00,103209.6,103221.6,103183.6,103183.6,15.73
2024-12-15 19:41:00,103183.6,103234.0,103180.0,103233.8,19.81
2024-12-15 19:42:00,103233.8,103233.8,103222.9,103223.2,10.647
2024-12-15 19:43:00,103223.2,103223.2,103194.3,103194.6,16.578
2024-12-15 19:44:00,103194.6,103210.3,103177.0,103177.2,20.649
2024-12-15 19:45:00,103177.2,103177.3,103160.0,103166.3,17.79
2024-12-15 19:46:00,103166.3,103201.3,103165.5,103190.5,31.684
2024-12-15 19:47:00,103190.5,103200.0,103190.2,103198.8,53.845
2024-12-15 19:48:00,103198.8,103198.8,103159.0,103159.3,8.892
2024-12-15 19:49:00,103159.3,103201.2,103155.0,103201.2,19.206
2024-12-15 19:50:00,103201.2,103223.9,103201.2,103223.8,40.751
2024-12-15 19:51:00,103223.8,103230.2,103223.8,103230.0,10.514
2024-12-15 19:52:00,103230.0,103230.1,103181.4,103212.6,9.76
2024-12-15 19:53:00,103212.6,103250.2,103212.3,103232.9,16.06
2024-12-15 19:54:00,103232.9,103304.5,103232.8,103296.3,43.396
2024-12-15 19:55:00,103296.3,103296.3,103275.6,103275.6,80.119
2024-12-15 19:56:00,103275.6,103275.9,103240.8,103241.1,9.155
2024-12-15 19:57:00,103241.1,103241.1,103233.0,103233.3,7.273
2024-12-15 19:58:00,103233.3,103240.0,103233.2,103233.2,10.786
2024-12-15 19:59:00,103233.2,103233.5,103222.5,103228.0,5.35
2024-12-15 20:00:00,103228.0,103234.4,103210.5,103233.6,14.894
2024-12-15 20:01:00,103233.6,103233.6,103220.8,103221.0,31.518
2024-12-15 20:02:00,103221.0,103279.5,103212.3,103279.5,8.302
2024-12-15 20:03:00,103279.5,103284.8,103217.5,103217.8,13.128
2024-12-15 20:04:00,103217.8,103217.8,103155.0,103159.0,30.986
2024-12-15 20:05:00,103159.0,103175.2,103155.0,103155.0,71.869
2024-12-15 20:06:00,103155.0,103174.6,103122.0,103174.6,58.788
2024-12-15 20:07:00,103174.6,103174.7,103153.8,103154.1,96.338
2024-12-15 20:08:00,103154.1,103154.1,103125.0,103125.0,12.673
2024-12-15 20:09:00,103125.0,103131.1,103120.9,103120.9,9.556
2024-12-15 20:10:00,103120.9,103178.7,103120.9,103136.0,12.933
2024-12-15 20:11:00,103136.0,103164.7,103112.1,103164.4,15.649
2024-12-15 20:12:00,103164.4,103180.2,103135.1,103180.2,13.347
2024-12-15 20:13:00,103180.2,103180.2,103158.1,103179.9,20.08
2024-12-15 20:14:00,103179.9,103180.2,103161.8,103163.7,15.351
2024-12-15 20:15:00,103163.7,103223.4,103160.0,103223.4,33.871
2024-12-15 20:16:00,103223.4,103279.4,103217.4,103263.6,78.395
2024-12-15 20:17:00,103263.6,103263.6,103207.1,103217.6,57.363
2024-12-15 20:18:00,103217.6,103265.7,103217.6,103263.5,43.29
2024-12-15 20:19:00,103263.5,103324.3,103263.4,103323.1,26.576
2024-12-15 20:20:00,103323.1,103382.9,103322.8,103370.3,68.228
2024-12-15 20:21:00,103370.3,103370.3,103339.5,103365.7,86.735
2024-12-15 20:22:00,103365.7,103371.5,103348.0,103370.0,65.123
2024-12-15 20:23:00,103370.0,103370.1,103326.5,103358.6,65.88
2024-12-15 20:24:00,103358.6,103358.6,103316.6,103316.9,15.866
2024-12-15 20:25:00,103316.9,103316.9,103271.0,103274.4,23.559
2024-12-15 20:26:00,103274.4,103274.5,103261.7,103261.7,24.845
2024-12-15 20:27:00,103261.7,103261.7,103234.7,103244.6,11.754
2024-12-15 20:28:00,103244.6,103244.6,103212.2,103212.2,28.02
2024-12-15 20:29:00,103212.2,103212.2,103200.0,103200.1,10.202
2024-12-15 20:30:00,103200.1,103224.0,103200.0,103222.0,13.009
2024-12-15 20:31:00,103222.0,103238.9,103212.7,103212.7,37.755
2024-12-15 20:32:00,103212.7,103212.7,103180.0,103200.2,46.553
2024-12-15 20:33:00,103200.2,103205.2,103181.2,103181.5,35.993
2024-12-15 20:34:00,103181.5,103181.5,103163.7,103163.7,20.319
2024-12-15 20:35:00,103163.7,103203.7,103163.0,103181.4,33.279
2024-12-15 20:36:00,103181.4,103181.6,103164.5,103166.2,70.109
2024-12-15 20:37:00,103166.2,103170.0,103138.3,103150.4,16.892
2024-12-15 20:38:00,103150.4,103160.7,103140.0,103158.9,33.653
2024-12-15 20:39:00,103158.9,103165.5,103158.9,103164.6,12.129
2024-12-15 20:40:00,103164.6,103200.2,103164.1,103185.3,18.405
2024-12-15 20:41:00,103185.3,103187.6,103164.0,103164.3,15.641
2024-12-15 20:42:00,103164.3,103175.2,103150.0,103150.0,8.92
2024-12-15 20:43:00,103150.0,103150.3,103148.4,103148.4,8.2
2024-12-15 20:44:00,103148.4,103148.4,103120.0,103135.8,27.397
2024-12-15 20:45:00,103135.8,103145.0,103104.2,103120.3,50.641
2024-12-15 20:46:00,103120.3,103127.9,103114.4,103125.7,21.979
2024-12-15 20:47:00,103125.7,103166.6,103125.7,103143.3,17.435
2024-12-15 20:48:00,103143.3,103144.7,103137.8,103142.6,13.005
2024-12-15 20:49:00,103142.6,103142.6,103105.0,103108.7,32.476
2024-12-15 20:50:00,103108.7,103161.0,103108.7,103161.0,82.479
2024-12-15 20:51:00,103161.0,103161.0,103130.1,103130.1,32.404
2024-12-15 20:52:00,103130.1,103157.9,103108.9,103157.9,20.468
2024-12-15 20:53:00,103157.9,103177.1,103116.4,103116.4,26.378
2024-12-15 20:54:00,103116.4,103116.7,103100.0,103100.1,48.636
2024-12-15 20:55:00,103100.1,103129.4,103083.6,103115.5,17.965
2024-12-15 20:56:00,103115.5,103115.5,103040.0,103072.9,37.017
2024-12-15 20:57:00,103072.9,103119.2,103072.9,103114.9,63.012
2024-12-15 20:58:00,103114.9,103136.9,103114.9,103136.8,12.043
2024-12-15 20:59:00,103136.8,103142.3,103114.7,103121.7,8.745
2024-12-15 21:00:00,103121.7,103176.5,103104.0,103176.5,19.963
2024-12-15 21:01:00,103176.5,103176.5,103153.5,103164.0,31.934
2024-12-15 21:02:00,103164.0,103164.0,103131.8,103132.9,29.766
2024-12-15 21:03:00,103132.9,103133.2,103015.0,103015.0,72.936
2024-12-15 21:04:00,103015.0,103017.4,103015.0,103015.1,65.724
2024-12-15 21:05:00,103015.1,103034.5,103000.0,103016.0,50.855
2024-12-15 21:06:00,103016.0,103016.3,103016.0,103016.1,82.596
2024-12-15 21:07:00,103016.1,103147.0,103016.0,103122.3,30.605
2024-12-15 21:08:00,103122.3,103146.2,103055.5,103064.8,84.939
2024-12-15 21:09:00,103064.8,103069.9,103021.3,103069.9,88.93
2024-12-15 21:10:00,103069.9,103103.5,103069.9,103097.0,70.66
2024-12-15 21:11:00,103097.0,103142.2,103060.0,103060.1,42.365
2024-12-15 21:12:00,103060.1,103072.4,103053.8,103061.7,49.626
2024-12-15 21:13:00,103061.7,103061.7,103011.1,103011.1,37.757
2024-12-15 21:14:00,103011.1,103011.4,103000.0,103000.1,27.242
2024-12-15 21:15:00,103000.1,103045.1,102970.0,102979.7,36.023
2024-12-15 21:16:00,102979.7,102988.1,102914.3,102914.3,100.171
2024-12-15 21:17:00,102914.3,102914.6,102865.4,102876.3,300.735
2024-12-15 21:18:00,102876.3,102880.1,102844.0,102849.9,265.311
2024-12-15 21:19:00,102849.9,102875.3,102841.0,102847.3,74.451
2024-12-15 21:20:00,102847.3,102847.3,102810.0,102816.0,60.977
2024-12-15 21:21:00,102816.0,102820.2,102782.8,102783.0,83.972
2024-12-15 21:22:00,102783.0,102787.9,102702.0,102728.0,140.154
2024-12-15 21:23:00,102728.0,102840.0,102724.5,102840.0,208.01
2024-12-15 21:24:00,102840.0,102867.8,102755.8,102760.0,122.678
2024-12-15 21:25:00,102760.0,102770.4,102636.0,102636.0,127.632
2024-12-15 21:26:00,102636.0,102771.3,102636.0,102712.9,250.047
2024-12-15 21:27:00,102712.9,102712.9,102620.5,102628.9,159.293
2024-12-15 21:28:00,102628.9,102795.3,102628.9,102791.8,94.909
2024-12-15 21:29:00,102791.8,102793.4,102687.8,102688.2,55.161
2024-12-15 21:30:00,102688.2,102722.4,102633.3,102722.4,46.172
2024-12-15 21:31:00,102722.4,102775.4,102666.7,102775.4,55.52
2024-12-15 21:32:00,102775.4,102860.2,102749.6,102841.7,85.749
2024-12-15 21:33:00,102841.7,102847.8,102799.9,102811.8,115.507
2024-12-15 21:34:00,102811.8,102811.8,102777.0,102782.2,29.451
2024-12-15 21:35:00,102782.2,102782.2,102722.1,102722.4,47.778
2024-12-15 21:36:00,102722.4,102735.5,102707.5,102718.4,80.502
2024-12-15 21:37:00,102718.4,102718.4,102668.6,102694.1,18.576
2024-12-15 21:38:00,102694.1,102881.8,102694.1,102881.4,67.89
2024-12-15 21:39:00,102881.4,103043.8,102873.7,103041.3,180.558
2024-12-15 21:40:00,103041.3,103067.5,102963.4,102971.1,217.537
2024-12-15 21:41:00,102971.1,102982.6,102939.5,102962.0,155.475
2024-12-15 21:42:00,102962.0,103093.9,102962.0,103069.9,146.247
2024-12-15 21:43:00,103069.9,103094.8,103068.0,103094.5,317.426
2024-12-15 21:44:00,103094.5,103101.0,103076.9,103077.7,53.711
2024-12-15 21:45:00,103077.7,103104.7,102975.0,102975.0,65.184
2024-12-15 21:46:00,102975.0,102985.1,102918.2,102920.1,139.169
2024-12-15 21:47:00,102920.1,102975.1,102881.9,102881.9,148.271
2024-12-15 21:48:00,102881.9,102969.8,102873.2,102957.9,43.205
2024-12-15 21:49:00,102957.9,102957.9,102903.1,102917.3,27.934
2024-12-15 21:50:00,102917.3,102925.8,102830.6,102838.9,37.151
2024-12-15 21:51:00,102838.9,102846.4,102821.2,102825.2,61.712
2024-12-15 21:52:00,102825.2,102859.2,102799.3,102852.0,83.945
2024-12-15 21:53:00,102852.0,102900.0,102830.8,102844.2,43.1
2024-12-15 21:54:00,102844.2,102886.2,102837.1,102853.7,16.569
2024-12-15 21:55:00,102853.7,102853.7,102751.4,102751.4,38.585
2024-12-15 21:56:00,102751.4,102803.7,102751.1,102795.1,63.318
2024-12-15 21:57:00,102795.1,102836.4,102795.1,102808.2,23.259
2024-12-15 21:58:00,102808.2,102896.6,102808.2,102821.1,12.441
2024-12-15 21:59:00,102821.1,102836.4,102820.8,102832.5,16.805
2024-12-15 22:00:00,102832.5,102832.5,102713.0,102734.8,45.082
2024-12-15 22:01:00,102734.8,102757.8,102668.6,102695.4,129.395
2024-12-15 22:02:00,102695.4,102712.0,102635.0,102668.8,57.68
2024-12-15 22:03:00,102668.8,102693.2,102646.9,102681.4,47.681
2024-12-15 22:04:00,102681.4,102681.4,102592.4,102592.7,65.314
2024-12-15 22:05:00,102592.7,102724.0,102592.4,102724.0,102.932
2024-12-15 22:06:00,102724.0,102785.6,102624.0,102624.0,68.822
2024-12-15 22:07:00,102624.0,102700.1,102621.3,102672.0,44.341
2024-12-15 22:08:00,102672.0,102672.3,102616.0,102664.4,26.142
2024-12-15 22:09:00,102664.4,102766.8,102646.0,102766.4,31.185
2024-12-15 22:10:00,102766.4,102827.6,102720.1,102802.6,47.058
2024-12-15 22:11:00,102802.6,102802.6,102731.0,102734.4,46.555
2024-12-15 22:12:00,102734.4,102844.4,102734.4,102839.1,27.098
2024-12-15 22:13:00,102839.1,102844.5,102770.2,102799.4,37.204
2024-12-15 22:14:00,102799.4,102921.0,102799.4,102921.0,24.484
2024-12-15 22:15:00,102921.0,102979.8,102921.0,102968.2,63.39
2024-12-15 22:16:00,102968.2,103033.3,102942.9,102992.2,167.122
2024-12-15 22:17:00,102992.2,102992.5,102970.8,102989.6,145.283
2024-12-15 22:18:00,102989.6,103173.9,102989.6,103156.4,834.206
2024-12-15 22:19:00,103156.4,103156.6,103104.1,103120.2,523.649
2024-12-15 22:20:00,103120.2,103136.2,103105.1,103135.3,102.237
2024-12-15 22:21:00,103135.3,103219.4,103119.8,103217.5,59.264
2024-12-15 22:22:00,103217.5,103265.0,103213.4,103260.9,149.845
2024-12-15 22:23:00,103260.9,103300.0,103240.3,103300.0,163.517
2024-12-15 22:24:00,103300.0,103372.4,103299.0,103323.0,150.095
2024-12-15 22:25:00,103323.0,103378.5,103323.0,103365.7,221.88
2024-12-15 22:26:00,103365.7,103372.7,103222.5,103235.7,155.8
2024-12-15 22:27:00,103235.7,103235.8,103174.4,103176.1,324.531
2024-12-15 22:28:00,103176.1,103235.7,103172.2,103191.9,111.213
2024-12-15 22:29:00,103191.9,103227.1,103146.5,103146.6,137.443
2024-12-15 22:30:00,103146.6,103146.6,103062.0,103062.0,49.418
2024-12-15 22:31:00,103062.0,103185.6,103033.0,103161.7,75.534
2024-12-15 22:32:00,103161.7,103181.4,103113.7,103157.6,77.458
2024-12-15 22:33:00,103157.6,103303.4,103140.5,103300.0,37.366
2024-12-15 22:34:00,103300.0,103300.1,103261.2,103288.1,68.342
2024-12-15 22:35:00,103288.1,103290.2,103200.0,103200.0,34.2
2024-12-15 22:36:00,103200.0,103249.9,103167.0,103190.0,52.807
2024-12-15 22:37:00,103190.0,103190.1,103151.1,103169.9,39.037
2024-12-15 22:38:00,103169.9,103222.4,103169.9,103222.2,17.533
2024-12-15 22:39:00,103222.2,103293.1,103222.1,103292.6,25.735
2024-12-15 22:40:00,103292.6,103292.6,103183.1,103183.5,33.336
2024-12-15 22:41:00,103183.5,103183.5,103160.2,103168.1,19.696
2024-12-15 22:42:00,103168.1,103171.1,103167.9,103170.0,22.769
2024-12-15 22:43:00,103170.0,103171.2,103170.0,103170.9,11.78
2024-12-15 22:44:00,103170.9,103171.2,103170.9,103171.1,15.147
2024-12-15 22:45:00,103171.1,103218.3,103170.9,103218.3,13.176
2024-12-15 22:46:00,103218.3,103246.5,103199.0,103199.0,12.771
2024-12-15 22:47:00,103199.0,103199.0,103182.8,103183.0,9.135
2024-12-15 22:48:00,103183.0,103183.1,103179.0,103179.1,5.236
2024-12-15 22:49:00,103179.1,103179.1,103142.0,103142.0,16.081
2024-12-15 22:50:00,103142.0,103142.0,103104.3,103104.3,36.26
2024-12-15 22:51:00,103104.3,103164.1,103104.3,103163.9,14.227
2024-12-15 22:52:00,103163.9,103187.6,103163.8,103186.4,11.147
2024-12-15 22:53:00,103186.4,103190.2,103185.4,103190.0,8.64
2024-12-15 22:54:00,103190.0,103250.7,103189.9,103250.6,20.973
2024-12-15 22:55:00,103250.6,103272.4,103250.6,103272.3,48.473
2024-12-15 22:56:00,103272.3,103296.0,103272.3,103287.6,12.576
2024-12-15 22:57:00,103287.6,103287.6,103245.5,103245.7,15.871
2024-12-15 22:58:00,103245.7,103245.8,103234.8,103245.0,37.712
2024-12-15 22:59:00,103245.0,103253.0,103235.6,103235.6,51.187
2024-12-15 23:00:00,103235.6,103265.2,103200.0,103264.9,15.837
2024-12-15 23:01:00,103264.9,103341.9,103264.9,103330.4,25.318
2024-12-15 23:02:00,103330.4,103350.0,103300.0,103350.0,42.695
2024-12-15 23:03:00,103350.0,103500.2,103330.4,103460.4,257.596
2024-12-15 23:04:00,103460.4,103473.4,103406.6,103435.2,516.103
2024-12-15 23:05:00,103435.2,103800.0,103435.1,103672.3,837.22
2024-12-15 23:06:00,103672.3,103758.7,103580.9,103619.9,579.464
2024-12-15 23:07:00,103619.9,103700.2,103619.9,103700.0,309.788
2024-12-15 23:08:00,103700.0,103978.4,103699.9,103833.3,716.517
2024-12-15 23:09:00,103833.3,103838.3,103550.0,103550.0,922.893
2024-12-15 23:10:00,103550.0,103568.2,103479.9,103479.9,559.616
2024-12-15 23:11:00,103479.9,103659.5,103479.0,103659.3,230.265
2024-12-15 23:12:00,103659.3,103742.4,103658.5,103718.7,152.799
2024-12-15 23:13:00,103718.7,103718.7,103568.7,103612.0,166.051
2024-12-15 23:14:00,103612.0,103713.8,103610.3,103625.5,125.348
2024-12-15 23:15:00,103625.5,103812.7,103624.9,103812.6,95.791
2024-12-15 23:16:00,103812.6,103945.0,103812.6,103895.5,165.073
2024-12-15 23:17:00,103895.5,103895.6,103821.1,103854.5,294.113
2024-12-15 23:18:00,103854.5,103923.2,103849.2,103900.7,193.163
2024-12-15 23:19:00,103900.7,104013.7,103869.6,103967.7,205.161
2024-12-15 23:20:00,103967.7,104535.0,103936.5,104422.2,2088.888
2024-12-15 23:21:00,104422.2,104531.5,104329.6,104346.8,639.321
2024-12-15 23:22:00,104346.8,104426.1,104190.6,104365.9,543.889
2024-12-15 23:23:00,104365.9,104911.8,104350.0,104735.6,1500.702
2024-12-15 23:24:00,104735.6,104825.7,104558.0,104625.7,640.241
2024-12-15 23:25:00,104625.7,104776.0,104552.3,104741.2,514.372
2024-12-15 23:26:00,104741.2,104949.6,104729.9,104925.6,332.951
2024-12-15 23:27:00,104925.6,105348.1,104916.1,105066.9,2318.428
2024-12-15 23:28:00,105066.9,105160.2,104739.0,104789.3,754.872
2024-12-15 23:29:00,104789.3,104880.2,104638.5,104788.2,598.81
2024-12-15 23:30:00,104788.2,104949.0,104535.5,104587.2,447.474
2024-12-15 23:31:00,104587.2,104890.0,104525.4,104785.0,492.627
2024-12-15 23:32:00,104785.0,104785.0,104655.0,104704.8,212.118
2024-12-15 23:33:00,104704.8,104741.6,104580.1,104607.0,133.202
2024-12-15 23:34:00,104607.0,104692.9,104473.0,104692.4,268.64
2024-12-15 23:35:00,104692.4,104800.2,104628.5,104744.7,342.317
2024-12-15 23:36:00,104744.7,104760.2,104623.1,104677.5,187.471
2024-12-15 23:37:00,104677.5,104866.0,104650.0,104856.7,108.421
2024-12-15 23:38:00,104856.7,104947.2,104851.9,104912.0,193.38
2024-12-15 23:39:00,104912.0,104945.4,104879.2,104940.5,221.478
2024-12-15 23:40:00,104940.5,104955.2,104798.8,104800.1,215.741
2024-12-15 23:41:00,104800.1,104822.8,104666.8,104705.9,303.06
2024-12-15 23:42:00,104705.9,104724.9,104633.4,104721.4,220.625
2024-12-15 23:43:00,104721.4,104787.5,104656.1,104656.3,232.663
2024-12-15 23:44:00,104656.3,104736.0,104655.6,104719.7,305.784
2024-12-15 23:45:00,104719.7,104719.7,104603.5,104603.5,114.448
2024-12-15 23:46:00,104603.5,104655.8,104560.9,104652.1,144.256
2024-12-15 23:47:00,104652.1,104782.0,104636.5,104776.0,248.749
2024-12-15 23:48:00,104776.0,104900.2,104776.0,104882.8,165.631
2024-12-15 23:49:00,104882.8,104882.9,104769.1,104785.5,160.996
2024-12-15 23:50:00,104785.5,104833.4,104777.2,104832.7,84.642
2024-12-15 23:51:00,104832.7,104899.6,104824.6,104890.0,64.558
2024-12-15 23:52:00,104890.0,104892.3,104769.2,104799.9,269.389
2024-12-15 23:53:00,104799.9,104805.0,104769.2,104804.7,480.069
2024-12-15 23:54:00,104804.7,104810.2,104560.3,104567.0,55.71
2024-12-15 23:55:00,104567.0,104650.4,104544.9,104582.4,128.226
2024-12-15 23:56:00,104582.4,104630.2,104525.4,104538.0,227.621
2024-12-15 23:57:00,104538.0,104542.6,104240.5,104296.4,861.745
2024-12-15 23:58:00,104296.4,104372.9,104222.1,104372.6,537.735
2024-12-15 23:59:00,104372.6,104460.7,104363.5,104460.4,213.657
2024-12-16 00:00:00,104460.4,104705.1,104460.4,104500.0,1239.669
2024-12-16 00:01:00,104500.0,104521.0,104379.8,104394.7,544.764
2024-12-16 00:02:00,104394.7,104394.7,104323.8,104345.3,228.651
2024-12-16 00:03:00,104345.3,104542.4,104321.5,104530.4,405.019
2024-12-16 00:04:00,104530.4,104660.5,104485.4,104596.0,564.086
2024-12-16 00:05:00,104596.0,104653.0,104571.8,104630.5,279.625
2024-12-16 00:06:00,104630.5,104678.5,104579.8,104593.5,84.126
2024-12-16 00:07:00,104593.5,104697.5,104582.5,104697.5,74.859
2024-12-16 00:08:00,104697.5,104743.9,104669.1,104717.8,106.955
2024-12-16 00:09:00,104717.8,104718.1,104650.3,104665.3,221.769
2024-12-16 00:10:00,104665.3,104706.5,104628.9,104649.3,291.354
2024-12-16 00:11:00,104649.3,104680.6,104604.1,104631.1,52.812
2024-12-16 00:12:00,104631.1,104631.1,104505.1,104522.2,94.317
2024-12-16 00:13:00,104522.2,104539.2,104448.8,104476.0,133.532
2024-12-16 00:14:00,104476.0,104512.4,104476.0,104499.4,72.981
2024-12-16 00:15:00,104499.4,104515.3,104468.0,104468.3,74.039
2024-12-16 00:16:00,104468.3,104670.8,104426.1,104670.8,85.615
2024-12-16 00:17:00,104670.8,104700.0,104644.0,104681.4,141.549
2024-12-16 00:18:00,104681.4,104681.4,104552.1,104639.3,135.295
2024-12-16 00:19:00,104639.3,104749.8,104639.3,104745.9,39.847
2024-12-16 00:20:00,104745.9,105109.6,104745.9,104964.2,927.324
2024-12-16 00:21:00,104964.2,104981.8,104823.8,104913.6,655.702
2024-12-16 00:22:00,104913.6,104977.4,104907.8,104958.4,509.523
2024-12-16 00:23:00,104958.4,104960.2,104900.8,104952.5,126.528
2024-12-16 00:24:00,104952.5,105145.0,104952.4,105144.7,219.325
2024-12-16 00:25:00,105144.7,105144.9,105000.1,105036.6,440.488
2024-12-16 00:26:00,105036.6,105150.2,104984.6,105134.1,282.007
2024-12-16 00:27:00,105134.1,105197.5,105131.9,105182.7,207.352
2024-12-16 00:28:00,105182.7,105300.0,105107.7,105107.7,465.675
2024-12-16 00:29:00,105107.7,105248.7,105066.8,105248.7,547.108
2024-12-16 00:30:00,105248.7,105756.0,105231.0,105727.6,1018.321
2024-12-16 00:31:00,105727.6,105816.6,105516.9,105593.0,814.024
2024-12-16 00:32:00,105593.0,105665.1,105519.0,105654.9,551.713
2024-12-16 00:33:00,105654.9,106015.8,105651.5,106015.8,642.744
2024-12-16 00:34:00,106015.8,106544.3,106000.2,106245.3,2279.361
2024-12-16 00:35:00,106245.3,106393.8,106027.8,106366.0,624.077
2024-12-16 00:36:00,106366.0,106528.5,106301.6,106457.7,581.092
2024-12-16 00:37:00,106457.7,106497.0,106316.1,106341.8,500.14
2024-12-16 00:38:00,106341.8,106341.8,106169.6,106261.7,508.591
2024-12-16 00:39:00,106261.7,106652.9,106259.9,106555.3,455.88
2024-12-16 00:40:00,106555.3,106642.2,106437.8,106475.2,606.604
2024-12-16 00:41:00,106475.2,106595.0,106187.9,106202.6,546.042
2024-12-16 00:42:00,106202.6,106275.6,106114.4,106116.2,562.754
2024-12-16 00:43:00,106116.2,106150.1,106025.0,106105.2,447.17
2024-12-16 00:44:00,106105.2,106110.5,105893.3,105900.9,303.104
2024-12-16 00:45:00,105900.9,105968.9,105777.0,105783.8,335.452
2024-12-16 00:46:00,105783.8,105930.1,105736.1,105911.3,311.534
2024-12-16 00:47:00,105911.3,105924.0,105844.5,105844.5,242.882
2024-12-16 00:48:00,105844.5,105849.8,105729.4,105758.7,110.252
2024-12-16 00:49:00,105758.7,105850.2,105751.7,105821.0,171.916
2024-12-16 00:50:00,105821.0,105857.0,105742.2,105750.2,176.332
2024-12-16 00:51:00,105750.2,105750.4,105663.5,105670.0,106.449
2024-12-16 00:52:00,105670.0,105674.9,105611.6,105611.6,119.743
2024-12-16 00:53:00,105611.6,105692.6,105557.2,105692.5,151.497
2024-12-16 00:54:00,105692.5,105972.2,105692.2,105864.5,604.152
2024-12-16 00:55:00,105864.5,105879.9,105300.0,105523.2,890.954
2024-12-16 00:56:00,105523.2,105523.2,105392.1,105414.2,565.919
2024-12-16 00:57:00,105414.2,105500.3,105378.6,105441.2,288.586
2024-12-16 00:58:00,105441.2,105461.4,105305.7,105383.4,113.024
2024-12-16 00:59:00,105383.4,105449.2,105343.5,105435.4,194.378
2024-12-16 01:00:00,105435.4,105524.2,105402.0,105524.2,284.517
2024-12-16 01:01:00,105524.2,105527.7,105438.1,105480.1,99.445
2024-12-16 01:02:00,105480.1,105506.1,105460.0,105506.1,78.977
2024-12-16 01:03:00,105506.1,105527.7,105399.7,105399.7,116.513
2024-12-16 01:04:00,105399.7,105399.8,105273.9,105277.7,158.768
2024-12-16 01:05:00,105277.7,105461.7,105276.6,105413.5,112.887
2024-12-16 01:06:00,105413.5,105444.6,105332.3,105425.6,73.758
2024-12-16 01:07:00,105425.6,105447.8,105328.2,105328.5,70.431
2024-12-16 01:08:00,105328.5,105328.5,105273.0,105300.0,81.353
2024-12-16 01:09:00,105300.0,105309.2,105188.4,105188.4,112.349
2024-12-16 01:10:00,105188.4,105295.7,105102.3,105225.2,163.803
2024-12-16 01:11:00,105225.2,105225.2,105035.4,105057.3,231.426
2024-12-16 01:12:00,105057.3,105100.2,105035.6,105100.2,192.464
2024-12-16 01:13:00,105100.2,105177.7,105091.5,105133.8,109.728
2024-12-16 01:14:00,105133.8,105265.0,105133.8,105244.5,127.993
2024-12-16 01:15:00,105244.5,105394.2,105200.2,105344.6,153.758
2024-12-16 01:16:00,105344.6,105435.3,105296.9,105391.9,153.637
2024-12-16 01:17:00,105391.9,105409.8,105370.8,105402.5,127.074
2024-12-16 01:18:00,105402.5,105455.7,105391.2,105432.1,59.839
2024-12-16 01:19:00,105432.1,105475.2,105432.1,105466.3,88.615
2024-12-16 01:20:00,105466.3,105534.3,105466.3,105500.2,338.627
2024-12-16 01:21:00,105500.2,105511.1,105404.9,105444.7,516.585
2024-12-16 01:22:00,105444.7,105444.7,105300.0,105400.0,84.299
2024-12-16 01:23:00,105400.0,105413.9,105241.6,105247.5,79.746
2024-12-16 01:24:00,105247.5,105286.4,105100.0,105100.3,97.613
2024-12-16 01:25:00,105100.3,105109.4,105019.3,105057.8,140.992
2024-12-16 01:26:00,105057.8,105080.5,104986.7,104996.8,135.647
2024-12-16 01:27:00,104996.8,105096.2,104971.3,105035.3,184.264
2024-12-16 01:28:00,105035.3,105156.1,105015.3,105110.3,222.314
2024-12-16 01:29:00,105110.3,105137.4,105066.3,105096.1,73.169
2024-12-16 01:30:00,105096.1,105180.3,105080.9,105081.2,69.411
2024-12-16 01:31:00,105081.2,105219.1,105079.8,105219.1,86.948
2024-12-16 01:32:00,105219.1,105279.8,105209.1,105264.8,134.641
2024-12-16 01:33:00,105264.8,105297.4,105254.0,105287.1,62.662
2024-12-16 01:34:00,105287.1,105332.6,105265.3,105309.3,47.876
2024-12-16 01:35:00,105309.3,105378.9,105305.6,105356.7,39.96
2024-12-16 01:36:00,105356.7,105360.2,105309.7,105330.0,42.27
2024-12-16 01:37:00,105330.0,105330.2,105178.6,105251.0,34.998
2024-12-16 01:38:00,105251.0,105371.9,105207.2,105362.9,61.36
2024-12-16 01:39:00,105362.9,105371.9,105317.9,105317.9,63.406
2024-12-16 01:40:00,105317.9,105378.9,105317.9,105378.9,22.956
2024-12-16 01:41:00,105378.9,105412.3,105304.3,105332.4,32.639
2024-12-16 01:42:00,105332.4,105344.7,105248.5,105248.7,41.826
2024-12-16 01:43:00,105248.7,105248.7,105208.6,105228.5,30.267
2024-12-16 01:44:00,105228.5,105228.8,105177.5,105177.8,43.279
2024-12-16 01:45:00,105177.8,105200.2,105159.7,105185.3,35.042
2024-12-16 01:46:00,105185.3,105289.2,105184.9,105223.1,36.015
2024-12-16 01:47:00,105223.1,105229.1,105175.7,105176.0,66.597
2024-12-16 01:48:00,105176.0,105307.9,105168.7,105280.6,110.561
2024-12-16 01:49:00,105280.6,105382.1,105270.4,105382.0,63.195
2024-12-16 01:50:00,105382.0,105392.7,105362.0,105392.7,68.12
2024-12-16 01:51:00,105392.7,105440.2,105380.0,105429.9,54.534
2024-12-16 01:52:00,105429.9,105461.5,105429.6,105441.0,55.533
2024-12-16 01:53:00,105441.0,105449.2,105395.5,105444.7,44.794
2024-12-16 01:54:00,105444.7,105449.2,105435.7,105443.8,41.832
2024-12-16 01:55:00,105443.8,105443.8,105429.0,105436.5,33.658
2024-12-16 01:56:00,105436.5,105449.2,105431.6,105449.2,45.127
2024-12-16 01:57:00,105449.2,105524.3,105449.2,105517.0,62.443
2024-12-16 01:58:00,105517.0,105518.1,105507.2,105517.3,121.979
2024-12-16 01:59:00,105517.3,105517.8,105480.5,105512.8,43.049
2024-12-16 02:00:00,105512.8,105585.9,105487.5,105500.1,70.181
2024-12-16 02:01:00,105500.1,105500.1,105400.0,105414.7,138.041
2024-12-16 02:02:00,105414.7,105464.8,105414.7,105457.3,48.397
2024-12-16 02:03:00,105457.3,105624.8,105400.0,105464.9,488.097
2024-12-16 02:04:00,105464.9,105553.8,105464.9,105520.6,484.882
2024-12-16 02:05:00,105520.6,105618.1,105399.9,105418.2,157.821
2024-12-16 02:06:00,105418.2,105426.9,105266.0,105294.0,407.506
2024-12-16 02:07:00,105294.0,105303.8,105220.0,105224.6,288.152
2024-12-16 02:08:00,105224.6,105246.1,105174.7,105184.9,170.227
2024-12-16 02:09:00,105184.9,105235.6,105129.8,105235.3,92.308
2024-12-16 02:10:00,105235.3,105260.2,105215.0,105221.8,72.912
2024-12-16 02:11:00,105221.8,105257.3,105035.8,105080.6,135.046
2024-12-16 02:12:00,105080.6,105106.7,105054.0,105094.3,274.796
2024-12-16 02:13:00,105094.3,105147.5,105094.3,105108.2,61.779
2024-12-16 02:14:00,105108.2,105114.8,105083.4,105083.4,57.134
2024-12-16 02:15:00,105083.4,105092.9,105071.3,105085.0,39.351
2024-12-16 02:16:00,105085.0,105085.0,105028.8,105029.1,45.585
2024-12-16 02:17:00,105029.1,105029.1,104900.0,104900.3,207.373
2024-12-16 02:18:00,104900.3,104943.7,104897.6,104897.6,471.547
2024-12-16 02:19:00,104897.6,104897.7,104873.1,104875.0,110.267
2024-12-16 02:20:00,104875.0,105000.7,104874.9,104982.1,113.459
2024-12-16 02:21:00,104982.1,105057.9,104982.1,105007.7,124.519
2024-12-16 02:22:00,105007.7,105028.2,104950.0,104950.3,135.205
2024-12-16 02:23:00,104950.3,104950.3,104600.0,104640.7,343.914
2024-12-16 02:24:00,104640.7,104641.0,104539.8,104582.2,541.15
2024-12-16 02:25:00,104582.2,104734.1,104574.1,104729.1,274.035
2024-12-16 02:26:00,104729.1,104729.1,104625.3,104625.4,223.226
2024-12-16 02:27:00,104625.4,104698.2,104625.3,104695.2,125.843
2024-12-16 02:28:00,104695.2,104695.2,104523.4,104539.2,118.947
2024-12-16 02:29:00,104539.2,104590.6,104503.5,104590.6,79.827
2024-12-16 02:30:00,104590.6,104593.9,104505.9,104541.6,95.659
2024-12-16 02:31:00,104541.6,104734.1,104534.8,104709.0,130.003
2024-12-16 02:32:00,104709.0,104779.2,104707.0,104766.4,163.855
2024-12-16 02:33:00,104766.4,104766.4,104654.4,104687.1,72.883
2024-12-16 02:34:00,104687.1,104773.4,104686.8,104768.2,32.848
2024-12-16 02:35:00,104768.2,104818.6,104760.0,104798.1,39.339
2024-12-16 02:36:00,104798.1,104798.1,104730.0,104790.9,55.984
2024-12-16 02:37:00,104790.9,104791.3,104745.0,104745.0,48.973
2024-12-16 02:38:00,104745.0,104761.2,104711.2,104711.2,46.515
2024-12-16 02:39:00,104711.2,104736.2,104647.8,104652.6,18.345
2024-12-16 02:40:00,104652.6,104741.6,104652.6,104716.2,33.875
2024-12-16 02:41:00,104716.2,104716.2,104669.7,104685.4,36.442
2024-12-16 02:42:00,104685.4,104717.1,104677.7,104693.5,32.945
2024-12-16 02:43:00,104693.5,104695.9,104661.4,104661.4,24.639
2024-12-16 02:44:00,104661.4,104661.7,104499.0,104548.2,494.172
2024-12-16 02:45:00,104548.2,104651.1,104508.0,104651.1,525.705
2024-12-16 02:46:00,104651.1,104680.6,104632.4,104674.7,133.781
2024-12-16 02:47:00,104674.7,104680.6,104591.8,104597.9,60.246
2024-12-16 02:48:00,104597.9,104597.9,104457.2,104535.3,58.788
2024-12-16 02:49:00,104535.3,104567.8,104467.4,104474.1,152.17
2024-12-16 02:50:00,104474.1,104498.6,104457.2,104480.1,90.311
2024-12-16 02:51:00,104480.1,104513.1,104448.2,104512.6,76.375
2024-12-16 02:52:00,104512.6,104593.8,104512.6,104593.6,88.348
2024-12-16 02:53:00,104593.6,104607.3,104560.0,104560.0,129.37
2024-12-16 02:54:00,104560.0,104630.0,104560.0,104630.0,244.978
2024-12-16 02:55:00,104630.0,104690.0,104606.9,104609.0,67.142
2024-12-16 02:56:00,104609.0,104609.0,104538.4,104547.9,71.079
2024-12-16 02:57:00,104547.9,104574.3,104515.0,104573.8,55.526
2024-12-16 02:58:00,104573.8,104599.9,104556.0,104556.3,22.142
2024-12-16 02:59:00,104556.3,104595.1,104556.3,104564.7,34.197
2024-12-16 03:00:00,104564.7,104654.0,104538.8,104538.9,33.13
2024-12-16 03:01:00,104538.9,104620.0,104493.4,104619.7,37.761
2024-12-16 03:02:00,104619.7,104655.2,104592.1,104647.9,43.343
2024-12-16 03:03:00,104647.9,104734.1,104647.9,104717.6,34.87
2024-12-16 03:04:00,104717.6,104762.9,104717.0,104762.6,68.83
2024-12-16 03:05:00,104762.6,104762.9,104680.4,104707.4,71.668
2024-12-16 03:06:00,104707.4,104812.5,104707.4,104739.6,105.449
2024-12-16 03:07:00,104739.6,104762.0,104726.9,104750.0,38.578
2024-12-16 03:08:00,104750.0,104763.0,104683.8,104701.0,24.251
2024-12-16 03:09:00,104701.0,104707.9,104680.4,104680.5,27.971
2024-12-16 03:10:00,104680.5,104688.2,104605.4,104607.9,34.968
2024-12-16 03:11:00,104607.9,104708.8,104526.5,104690.2,155.502
2024-12-16 03:12:00,104690.2,104690.2,104600.0,104600.0,339.454
2024-12-16 03:13:00,104600.0,104792.6,104600.0,104792.6,31.9
2024-12-16 03:14:00,104792.6,104961.9,104782.3,104899.6,154.349
2024-12-16 03:15:00,104899.6,104962.9,104899.6,104949.9,353.637
2024-12-16 03:16:00,104949.9,104954.6,104892.2,104892.2,104.616
2024-12-16 03:17:00,104892.2,104892.5,104810.1,104857.8,81.969
2024-12-16 03:18:00,104857.8,104869.0,104835.8,104846.0,63.028
2024-12-16 03:19:00,104846.0,104893.6,104822.4,104834.6,24.274
2024-12-16 03:20:00,104834.6,104834.6,104747.2,104793.3,28.849
2024-12-16 03:21:00,104793.3,104793.4,104627.2,104627.5,90.502
2024-12-16 03:22:00,104627.5,104744.4,104627.2,104698.6,156.104
2024-12-16 03:23:00,104698.6,104717.4,104677.5,104701.5,35.115
2024-12-16 03:24:00,104701.5,104719.4,104685.5,104698.2,22.142
2024-12-16 03:25:00,104698.2,104808.5,104698.2,104793.5,26.932
2024-12-16 03:26:00,104793.5,104848.7,104765.0,104848.4,39.756
2024-12-16 03:27:00,104848.4,104871.4,104820.2,104835.6,25.998
2024-12-16 03:28:00,104835.6,104854.0,104824.9,104853.6,37.952
2024-12-16 03:29:00,104853.6,104904.9,104853.6,104902.8,50.555
2024-12-16 03:30:00,104902.8,104971.1,104902.5,104971.1,63.91
2024-12-16 03:31:00,104971.1,104971.1,104889.1,104889.1,45.658
2024-12-16 03:32:00,104889.1,104917.8,104850.0,104907.0,48.878
2024-12-16 03:33:00,104907.0,104924.1,104890.7,104924.1,40.21
2024-12-16 03:34:00,104924.1,104924.1,104864.1,104873.8,23.743
2024-12-16 03:35:00,104873.8,104881.9,104835.4,104841.9,28.498
2024-12-16 03:36:00,104841.9,104870.2,104828.4,104869.9,21.597
2024-12-16 03:37:00,104869.9,104870.0,104815.8,104816.1,22.264
2024-12-16 03:38:00,104816.1,104843.3,104800.0,104800.0,24.134
2024-12-16 03:39:00,104800.0,104800.0,104740.9,104740.9,82.409
2024-12-16 03:40:00,104740.9,104740.9,104631.7,104640.3,147.001
2024-12-16 03:41:00,104640.3,104730.3,104640.2,104723.2,73.642
2024-12-16 03:42:00,104723.2,104723.5,104670.6,104704.7,43.26
2024-12-16 03:43:00,104704.7,104723.5,104684.2,104688.6,18.818
2024-12-16 03:44:00,104688.6,104688.6,104652.0,104674.2,16.616
2024-12-16 03:45:00,104674.2,104722.4,104660.0,104660.0,22.412
2024-12-16 03:46:00,104660.0,104660.0,104528.4,104528.9,42.737
2024-12-16 03:47:00,104528.9,104558.0,104502.0,104555.6,86.729
2024-12-16 03:48:00,104555.6,104555.6,104336.1,104449.9,182.22
2024-12-16 03:49:00,104449.9,104538.3,104449.9,104458.6,303.524
2024-12-16 03:50:00,104458.6,104478.5,104343.9,104344.3,80.859
2024-12-16 03:51:00,104344.3,104357.1,104245.5,104280.6,137.397
2024-12-16 03:52:00,104280.6,104365.0,104250.0,104328.1,220.679
2024-12-16 03:53:00,104328.1,104424.2,104328.1,104362.0,98.702
2024-12-16 03:54:00,104362.0,104459.7,104361.7,104411.2,91.092
2024-12-16 03:55:00,104411.2,104411.2,104362.0,104363.2,52.431
2024-12-16 03:56:00,104363.2,104500.2,104362.0,104476.5,65.46
2024-12-16 03:57:00,104476.5,104527.6,104440.3,104523.5,75.141
2024-12-16 03:58:00,104523.5,104623.4,104523.5,104574.3,65.438
2024-12-16 03:59:00,104574.3,104579.1,104523.2,104560.2,84.601
2024-12-16 04:00:00,104560.2,104579.6,104526.8,104546.8,65.136
2024-12-16 04:01:00,104546.8,104546.8,104484.9,104502.1,43.149
2024-12-16 04:02:00,104502.1,104502.1,104439.3,104453.4,59.5
2024-12-16 04:03:00,104453.4,104535.4,104453.4,104535.4,78.727
2024-12-16 04:04:00,104535.4,104557.8,104531.4,104546.3,40.038
2024-12-16 04:05:00,104546.3,104562.7,104510.1,104510.1,32.445
2024-12-16 04:06:00,104510.1,104558.6,104509.9,104545.0,41.002
2024-12-16 04:07:00,104545.0,104618.7,104545.0,104607.9,52.498
2024-12-16 04:08:00,104607.9,104661.8,104599.3,104613.7,54.708
2024-12-16 04:09:00,104613.7,104643.2,104613.7,104631.0,63.278
2024-12-16 04:10:00,104631.0,104642.0,104629.0,104635.0,11.885
2024-12-16 04:11:00,104635.0,104643.1,104624.9,104631.5,14.026
2024-12-16 04:12:00,104631.5,104656.8,104631.2,104656.7,15.155
2024-12-16 04:13:00,104656.7,104665.0,104628.9,104655.1,30.525
2024-12-16 04:14:00,104655.1,104655.1,104635.8,104646.1,38.44
2024-12-16 04:15:00,104646.1,104654.0,104629.0,104635.2,22.497
2024-12-16 04:16:00,104635.2,104654.1,104623.4,104643.4,25.673
2024-12-16 04:17:00,104643.4,104725.8,104643.4,104671.4,54.312
2024-12-16 04:18:00,104671.4,104714.4,104658.1,104714.3,103.199
2024-12-16 04:19:00,104714.3,104714.4,104651.9,104657.0,30.169
2024-12-16 04:20:00,104657.0,104657.0,104562.1,104562.1,28.137
2024-12-16 04:21:00,104562.1,104587.8,104546.3,104587.8,22.554
2024-12-16 04:22:00,104587.8,104613.8,104557.5,104601.5,30.44
2024-12-16 04:23:00,104601.5,104693.0,104601.2,104680.3,49.659
2024-12-16 04:24:00,104680.3,104705.5,104680.3,104705.2,37.324
2024-12-16 04:25:00,104705.2,104719.5,104653.9,104654.2,18.349
2024-12-16 04:26:00,104654.2,104654.2,104629.8,104632.3,18.061
2024-12-16 04:27:00,104632.3,104632.3,104554.2,104554.5,20.488
2024-12-16 04:28:00,104554.5,104571.0,104554.2,104570.9,30.162
2024-12-16 04:29:00,104570.9,104606.2,104570.9,104606.2,16.336
2024-12-16 04:30:00,104606.2,104713.5,104591.6,104713.5,16.648
2024-12-16 04:31:00,104713.5,104784.8,104713.2,104740.1,66.874
2024-12-16 04:32:00,104740.1,104744.1,104700.0,104715.8,110.011
2024-12-16 04:33:00,104715.8,104724.6,104692.2,104718.9,53.547
2024-12-16 04:34:00,104718.9,104747.8,104710.1,104738.1,22.206
2024-12-16 04:35:00,104738.1,104760.3,104720.0,104728.2,27.521
2024-12-16 04:36:00,104728.2,104728.2,104657.2,104674.4,35.524
2024-12-16 04:37:00,104674.4,104674.4,104627.2,104640.2,21.688
2024-12-16 04:38:00,104640.2,104700.0,104639.9,104700.0,13.931
2024-12-16 04:39:00,104700.0,104711.0,104678.8,104679.1,14.404
2024-12-16 04:40:00,104679.1,104679.1,104635.7,104635.7,14.301
2024-12-16 04:41:00,104635.7,104635.8,104579.8,104612.0,14.572
2024-12-16 04:42:00,104612.0,104612.1,104515.6,104527.7,41.767
2024-12-16 04:43:00,104527.7,104528.1,104500.0,104500.0,53.614
2024-12-16 04:44:00,104500.0,104565.4,104500.0,104555.5,28.193
2024-12-16 04:45:00,104555.5,104559.1,104518.3,104559.1,22.911
2024-12-16 04:46:00,104559.1,104576.7,104549.1,104562.8,12.422
2024-12-16 04:47:00,104562.8,104562.9,104511.8,104533.5,9.55
2024-12-16 04:48:00,104533.5,104540.3,104523.9,104535.9,7.557
2024-12-16 04:49:00,104535.9,104589.8,104535.9,104584.7,24.679
2024-12-16 04:50:00,104584.7,104584.7,104450.0,104469.2,66.305
2024-12-16 04:51:00,104469.2,104630.0,104468.9,104614.8,52.793
2024-12-16 04:52:00,104614.8,104624.3,104571.8,104624.2,32.928
2024-12-16 04:53:00,104624.2,104669.7,104600.9,104650.1,22.057
2024-12-16 04:54:00,104650.1,104674.8,104637.6,104637.6,31.999
2024-12-16 04:55:00,104637.6,104668.4,104624.6,104668.2,61.378
2024-12-16 04:56:00,104668.2,104709.2,104668.1,104678.1,57.269
2024-12-16 04:57:00,104678.1,104678.1,104622.1,104622.1,38.015
2024-12-16 04:58:00,104622.1,104649.5,104615.5,104615.5,19.009
2024-12-16 04:59:00,104615.5,104657.5,104609.4,104652.0,12.964
2024-12-16 05:00:00,104652.0,104664.9,104626.8,104661.9,19.059
2024-12-16 05:01:00,104661.9,104678.4,104593.4,104593.4,24.222
2024-12-16 05:02:00,104593.4,104597.3,104570.0,104570.0,23.608
2024-12-16 05:03:00,104570.0,104570.1,104538.4,104546.5,11.202
2024-12-16 05:04:00,104546.5,104583.1,104546.5,104560.0,4.65
2024-12-16 05:05:00,104560.0,104560.0,104459.4,104485.0,21.4
2024-12-16 05:06:00,104485.0,104593.1,104485.0,104592.9,53.002
2024-12-16 05:07:00,104592.9,104593.1,104555.5,104567.7,25.885
2024-12-16 05:08:00,104567.7,104575.2,104556.0,104575.2,10.792
2024-12-16 05:09:00,104575.2,104711.0,104574.1,104711.0,22.629
2024-12-16 05:10:00,104711.0,104750.5,104700.0,104700.1,41.074
2024-12-16 05:11:00,104700.1,104700.1,104609.4,104609.4,32.856
2024-12-16 05:12:00,104609.4,104666.4,104609.4,104658.6,10.545
2024-12-16 05:13:00,104658.6,104658.8,104610.8,104611.1,11.884
2024-12-16 05:14:00,104611.1,104658.7,104610.8,104658.6,21.025
2024-12-16 05:15:00,104658.6,104658.7,104644.2,104658.4,8.115
2024-12-16 05:16:00,104658.4,104686.2,104658.3,104663.0,8.607
2024-12-16 05:17:00,104663.0,104754.3,104663.0,104754.0,24.275
2024-12-16 05:18:00,104754.0,104754.0,104704.4,104716.0,34.791
2024-12-16 05:19:00,104716.0,104800.4,104715.1,104720.7,141.982
2024-12-16 05:20:00,104720.7,104800.4,104720.5,104790.3,319.492
2024-12-16 05:21:00,104790.3,104814.1,104763.6,104783.8,40.174
2024-12-16 05:22:00,104783.8,104797.1,104779.7,104780.3,63.376
2024-12-16 05:23:00,104780.3,104790.2,104773.4,104773.4,72.268
2024-12-16 05:24:00,104773.4,104796.3,104764.4,104795.2,14.327
2024-12-16 05:25:00,104795.2,104796.9,104756.4,104756.7,21.434
2024-12-16 05:26:00,104756.7,104764.8,104740.0,104756.5,20.891
2024-12-16 05:27:00,104756.5,104763.8,104749.9,104749.9,15.843
2024-12-16 05:28:00,104749.9,104750.2,104731.0,104731.1,8.309
2024-12-16 05:29:00,104731.1,104786.7,104731.1,104770.2,21.595
2024-12-16 05:30:00,104770.2,104790.4,104770.1,104787.2,28.036
2024-12-16 05:31:00,104787.2,104800.0,104784.2,104785.5,28.45
2024-12-16 05:32:00,104785.5,104799.1,104741.1,104787.5,26.953
2024-12-16 05:33:00,104787.5,104800.0,104779.7,104799.9,13.985
2024-12-16 05:34:00,104799.9,104860.0,104799.9,104860.0,34.591
2024-12-16 05:35:00,104860.0,104860.0,104801.0,104835.5,74.829
2024-12-16 05:36:00,104835.5,104954.8,104834.8,104939.2,158.516
2024-12-16 05:37:00,104939.2,104939.5,104900.0,104900.7,371.127
2024-12-16 05:38:00,104900.7,104905.0,104880.4,104886.4,74.21
2024-12-16 05:39:00,104886.4,104934.0,104878.0,104933.7,60.132
2024-12-16 05:40:00,104933.7,104959.6,104913.1,104913.1,52.459
2024-12-16 05:41:00,104913.1,104932.4,104907.5,104930.4,68.167
2024-12-16 05:42:00,104930.4,105024.5,104921.2,104979.4,63.075
2024-12-16 05:43:00,104979.4,105016.9,104979.4,105000.4,100.332
2024-12-16 05:44:00,105000.4,105002.0,104964.3,104964.3,64.045
2024-12-16 05:45:00,104964.3,104964.3,104935.1,104940.9,55.426
2024-12-16 05:46:00,104940.9,104986.7,104939.3,104967.8,39.339
2024-12-16 05:47:00,104967.8,104983.7,104932.5,104983.7,38.585
2024-12-16 05:48:00,104983.7,104990.0,104975.6,104989.9,34.12
2024-12-16 05:49:00,104989.9,105000.0,104989.9,104999.6,21.412
2024-12-16 05:50:00,104999.6,105028.2,104999.3,105027.0,23.639
2024-12-16 05:51:00,105027.0,105041.5,105001.2,105040.1,51.206
2024-12-16 05:52:00,105040.1,105040.7,105023.0,105025.5,54.908
2024-12-16 05:53:00,105025.5,105025.5,105002.7,105002.7,28.304
2024-12-16 05:54:00,105002.7,105007.5,104996.4,104996.7,22.064
2024-12-16 05:55:00,104996.7,104996.7,104917.3,104950.4,27.586
2024-12-16 05:56:00,104950.4,104964.6,104934.1,104940.6,32.83
2024-12-16 05:57:00,104940.6,104940.9,104930.6,104940.6,25.796
2024-12-16 05:58:00,104940.6,104975.3,104940.6,104975.3,23.227
2024-12-16 05:59:00,104975.3,105000.3,104975.0,105000.1,16.557
2024-12-16 06:00:00,105000.1,105019.2,104924.4,104976.0,21.913
2024-12-16 06:01:00,104976.0,105020.2,104976.0,105019.9,38.916
2024-12-16 06:02:00,105019.9,105035.9,105019.9,105035.7,22.511
2024-12-16 06:03:00,105035.7,105059.4,105035.4,105059.4,37.088
2024-12-16 06:04:00,105059.4,105061.0,105002.3,105039.9,24.588
2024-12-16 06:05:00,105039.9,105052.7,104964.4,104983.8,37.574
2024-12-16 06:06:00,104983.8,105050.0,104981.6,105049.9,25.663
2024-12-16 06:07:00,105049.9,105061.0,105042.7,105055.0,11.991
2024-12-16 06:08:00,105055.0,105064.5,105050.3,105050.3,19.061
2024-12-16 06:09:00,105050.3,105117.1,105042.7,105115.6,55.027
2024-12-16 06:10:00,105115.6,105180.7,105115.5,105141.7,397.184
2024-12-16 06:11:00,105141.7,105156.4,105124.9,105151.7,476.419
2024-12-16 06:12:00,105151.7,105152.0,105089.6,105089.6,58.255
2024-12-16 06:13:00,105089.6,105101.9,105065.0,105090.9,57.514
2024-12-16 06:14:00,105090.9,105168.7,105089.0,105168.6,101.455
2024-12-16 06:15:00,105168.6,105195.4,105144.3,105152.7,49.015
2024-12-16 06:16:00,105152.7,105198.2,105152.7,105162.1,73.211
2024-12-16 06:17:00,105162.1,105162.1,105100.2,105107.0,69.157
2024-12-16 06:18:00,105107.0,105130.6,105098.1,105130.5,68.925
2024-12-16 06:19:00,105130.5,105170.5,105130.5,105170.4,30.809
2024-12-16 06:20:00,105170.4,105190.9,105146.6,105146.6,20.289
2024-12-16 06:21:00,105146.6,105191.8,105146.6,105178.3,31.349
2024-12-16 06:22:00,105178.3,105188.2,105153.3,105184.7,27.388
2024-12-16 06:23:00,105184.7,105198.2,105166.7,105198.2,27.47
2024-12-16 06:24:00,105198.2,105198.2,105135.0,105135.0,40.394
2024-12-16 06:25:00,105135.0,105150.0,105088.0,105088.0,27.504
2024-12-16 06:26:00,105088.0,105149.1,105088.0,105148.7,25.11
2024-12-16 06:27:00,105148.7,105170.5,105148.7,105170.2,27.382
2024-12-16 06:28:00,105170.2,105170.2,105088.2,105091.4,37.704
2024-12-16 06:29:00,105091.4,105091.5,105061.1,105068.3,42.216
2024-12-16 06:30:00,105068.3,105098.7,105068.3,105071.4,49.785
2024-12-16 06:31:00,105071.4,105187.9,105068.3,105181.0,55.414
2024-12-16 06:32:00,105181.0,105181.0,105166.1,105175.2,55.832
2024-12-16 06:33:00,105175.2,105200.0,105175.2,105197.1,36.655
2024-12-16 06:34:00,105197.1,105249.1,105197.0,105214.4,50.932
2024-12-16 06:35:00,105214.4,105230.2,105200.0,105226.4,82.546
2024-12-16 06:36:00,105226.4,105344.7,105226.2,105271.7,63.176
2024-12-16 06:37:00,105271.7,105320.2,105271.7,105286.2,133.489
2024-12-16 06:38:00,105286.2,105286.6,105171.4,105171.4,41.164
2024-12-16 06:39:00,105171.4,105174.8,105127.2,105150.6,48.734
2024-12-16 06:40:00,105150.6,105175.7,105150.6,105151.2,55.717
2024-12-16 06:41:00,105151.2,105200.0,105151.2,105199.9,35.615
2024-12-16 06:42:00,105199.9,105231.5,105199.9,105223.2,30.225
2024-12-16 06:43:00,105223.2,105227.2,105187.6,105187.6,17.171
2024-12-16 06:44:00,105187.6,105198.0,105172.2,105172.2,26.446
2024-12-16 06:45:00,105172.2,105186.3,105156.0,105159.9,29.523
2024-12-16 06:46:00,105159.9,105178.6,105049.0,105096.7,70.072
2024-12-16 06:47:00,105096.7,105097.0,105054.6,105054.6,151.654
2024-12-16 06:48:00,105054.6,105055.5,105000.0,105001.1,80.264
2024-12-16 06:49:00,105001.1,105001.4,104976.0,104991.4,111.344
2024-12-16 06:50:00,104991.4,105084.9,104991.4,105084.9,185.277
2024-12-16 06:51:00,105084.9,105084.9,104993.6,104993.6,59.16
2024-12-16 06:52:00,104993.6,104993.7,104922.0,104975.3,58.334
2024-12-16 06:53:00,104975.3,105025.4,104975.3,105011.5,63.149
2024-12-16 06:54:00,105011.5,105070.5,105011.5,105070.5,40.857
2024-12-16 06:55:00,105070.5,105077.2,105015.1,105045.7,63.294
2024-12-16 06:56:00,105045.7,105051.3,105035.9,105036.0,41.115
2024-12-16 06:57:00,105036.0,105036.2,105011.3,105035.3,30.492
2024-12-16 06:58:00,105035.3,105099.8,105035.3,105099.0,40.237
2024-12-16 06:59:00,105099.0,105129.0,105099.0,105129.0,34.149
2024-12-16 07:00:00,105129.0,105129.0,105094.5,105109.9,17.347
2024-12-16 07:01:00,105109.9,105170.6,105108.5,105108.5,25.638
2024-12-16 07:02:00,105108.5,105108.6,105053.6,105083.7,43.239
2024-12-16 07:03:00,105083.7,105120.2,105076.5,105120.2,50.386
2024-12-16 07:04:00,105120.2,105120.2,105112.9,105120.1,26.58
2024-12-16 07:05:00,105120.1,105120.1,105045.8,105045.8,17.76
2024-12-16 07:06:00,105045.8,105075.9,105038.1,105060.3,17.999
2024-12-16 07:07:00,105060.3,105060.4,105052.1,105060.0,30.568
2024-12-16 07:08:00,105060.0,105080.5,105060.0,105076.8,37.034
2024-12-16 07:09:00,105076.8,105079.2,105065.3,105071.0,16.492
2024-12-16 07:10:00,105071.0,105071.3,105041.0,105051.1,15.731
2024-12-16 07:11:00,105051.1,105076.8,105040.0,105076.7,23.013
2024-12-16 07:12:00,105076.7,105180.4,105065.1,105180.4,15.361
2024-12-16 07:13:00,105180.4,105266.4,105165.6,105231.5,24.277
2024-12-16 07:14:00,105231.5,105238.6,105231.2,105236.7,51.189
2024-12-16 07:15:00,105236.7,105365.4,105236.7,105365.1,111.192
2024-12-16 07:16:00,105365.1,105365.4,105313.8,105313.8,250.943
2024-12-16 07:17:00,105313.8,105360.8,105309.6,105309.6,119.366
2024-12-16 07:18:00,105309.6,105340.7,105301.0,105340.5,76.362
2024-12-16 07:19:00,105340.5,105340.5,105339.5,105340.4,31.719
2024-12-16 07:20:00,105340.4,105344.6,105331.6,105344.6,31.775
2024-12-16 07:21:00,105344.6,105390.3,105325.2,105325.2,74.664
2024-12-16 07:22:00,105325.2,105339.7,105300.0,105300.0,134.723
2024-12-16 07:23:00,105300.0,105312.7,105293.2,105303.9,56.182
2024-12-16 07:24:00,105303.9,105303.9,105239.7,105240.0,32.327
2024-12-16 07:25:00,105240.0,105286.3,105220.5,105283.9,46.222
2024-12-16 07:26:00,105283.9,105284.3,105273.4,105273.6,27.941
2024-12-16 07:27:00,105273.6,105273.6,105264.0,105271.9,24.374
2024-12-16 07:28:00,105271.9,105271.9,105197.1,105203.5,30.943
2024-12-16 07:29:00,105203.5,105203.8,105195.2,105195.2,36.269
2024-12-16 07:30:00,105195.2,105195.5,105190.7,105190.8,34.182
2024-12-16 07:31:00,105190.8,105190.8,105161.5,105161.5,36.752
2024-12-16 07:32:00,105161.5,105161.8,105161.5,105161.8,29.833
2024-12-16 07:33:00,105161.8,105184.6,105161.7,105184.2,25.479
2024-12-16 07:34:00,105184.2,105190.5,105184.2,105184.9,41.86
2024-12-16 07:35:00,105184.9,105184.9,105168.5,105168.5,22.002
2024-12-16 07:36:00,105168.5,105168.8,105129.2,105129.6,23.682
2024-12-16 07:37:00,105129.6,105129.7,105119.2,105119.2,34.693
2024-12-16 07:38:00,105119.2,105120.2,105099.1,105120.0,19.265
2024-12-16 07:39:00,105120.0,105120.2,105090.6,105090.6,33.286
2024-12-16 07:40:00,105090.6,105090.9,105067.1,105068.8,61.14
2024-12-16 07:41:00,105068.8,105119.2,105059.0,105119.2,155.463
2024-12-16 07:42:00,105119.2,105134.4,105072.9,105078.0,139.293
2024-12-16 07:43:00,105078.0,105080.3,105076.1,105079.7,77.752
2024-12-16 07:44:00,105079.7,105124.6,105079.6,105101.0,38.909
2024-12-16 07:45:00,105101.0,105101.0,105069.1,105101.0,18.239
2024-12-16 07:46:00,105101.0,105150.0,105100.0,105149.9,23.246
2024-12-16 07:47:00,105149.9,105149.9,105129.3,105148.5,23.612
2024-12-16 07:48:00,105148.5,105148.5,105116.9,105117.2,11.324
2024-12-16 07:49:00,105117.2,105125.0,105116.9,105123.7,8.605
2024-12-16 07:50:00,105123.7,105123.7,105118.0,105118.3,10.973
2024-12-16 07:51:00,105118.3,105118.3,105057.6,105065.2,11.555
2024-12-16 07:52:00,105065.2,105068.1,105047.9,105047.9,16.471
2024-12-16 07:53:00,105047.9,105056.6,105044.3,105056.5,17.765
2024-12-16 07:54:00,105056.5,105056.5,104970.9,104976.0,41.491
2024-12-16 07:55:00,104976.0,105000.3,104971.0,104974.8,49.932
2024-12-16 07:56:00,104974.8,104974.8,104922.9,104930.2,43.05
2024-12-16 07:57:00,104930.2,104931.7,104854.1,104925.3,102.592
2024-12-16 07:58:00,104925.3,104977.2,104925.3,104976.9,130.563
2024-12-16 07:59:00,104976.9,104991.6,104949.9,104949.9,35.832
2024-12-16 08:00:00,104949.9,104991.9,104949.9,104950.8,35.651
2024-12-16 08:01:00,104950.8,104951.1,104893.4,104924.8,41.313
2024-12-16 08:02:00,104924.8,104950.0,104924.5,104940.4,57.975
2024-12-16 08:03:00,104940.4,104940.5,104881.7,104914.9,23.379
2024-12-16 08:04:00,104914.9,104915.7,104870.1,104870.2,54.507
2024-12-16 08:05:00,104870.2,104875.5,104814.1,104817.9,97.388
2024-12-16 08:06:00,104817.9,104883.3,104779.5,104785.1,162.943
2024-12-16 08:07:00,104785.1,104800.8,104772.2,104800.6,105.349
2024-12-16 08:08:00,104800.6,104800.8,104708.8,104735.4,57.382
2024-12-16 08:09:00,104735.4,104800.1,104735.3,104800.0,97.679
2024-12-16 08:10:00,104800.0,104800.2,104781.5,104781.6,79.274
2024-12-16 08:11:00,104781.6,104781.6,104700.0,104700.0,42.733
2024-12-16 08:12:00,104700.0,104780.6,104676.2,104780.4,91.994
2024-12-16 08:13:00,104780.4,104837.9,104760.4,104837.9,87.46
2024-12-16 08:14:00,104837.9,104852.1,104755.5,104755.8,60.888
2024-12-16 08:15:00,104755.8,104780.6,104666.0,104666.3,52.405
2024-12-16 08:16:00,104666.3,104717.6,104666.0,104682.5,53.257
2024-12-16 08:17:00,104682.5,104686.1,104633.5,104633.5,48.688
2024-12-16 08:18:00,104633.5,104776.4,104619.5,104776.4,70.57
2024-12-16 08:19:00,104776.4,104776.4,104703.9,104704.2,88.629
2024-12-16 08:20:00,104704.2,104799.0,104704.2,104799.0,29.679
2024-12-16 08:21:00,104799.0,104855.6,104799.0,104850.1,49.759
2024-12-16 08:22:00,104850.1,104893.6,104835.3,104860.4,70.905
2024-12-16 08:23:00,104860.4,104893.6,104840.0,104893.6,51.765
2024-12-16 08:24:00,104893.6,104958.0,104886.0,104957.9,63.824
2024-12-16 08:25:00,104957.9,104964.6,104920.0,104964.4,72.402
2024-12-16 08:26:00,104964.4,104964.4,104865.1,104865.1,46.023
2024-12-16 08:27:00,104865.1,104865.4,104770.5,104772.1,54.364
2024-12-16 08:28:00,104772.1,104773.6,104751.4,104761.3,55.385
2024-12-16 08:29:00,104761.3,104761.3,104740.0,104740.2,34.596
2024-12-16 08:30:00,104740.2,104799.2,104739.9,104799.2,29.311
2024-12-16 08:31:00,104799.2,104822.5,104775.1,104818.8,24.14
2024-12-16 08:32:00,104818.8,104818.8,104778.4,104793.0,26.4
2024-12-16 08:33:00,104793.0,104800.2,104778.0,104798.5,19.1
2024-12-16 08:34:00,104798.5,104802.1,104773.0,104773.0,32.005
2024-12-16 08:35:00,104773.0,104792.2,104729.4,104792.2,42.582
2024-12-16 08:36:00,104792.2,104829.3,104792.2,104829.3,37.393
2024-12-16 08:37:00,104829.3,104829.3,104775.4,104812.1,22.841
2024-12-16 08:38:00,104812.1,104812.1,104784.5,104784.6,15.957
2024-12-16 08:39:00,104784.6,104786.0,104762.6,104762.6,22.631
2024-12-16 08:40:00,104762.6,104777.3,104758.4,104777.3,29.442
2024-12-16 08:41:00,104777.3,104777.3,104744.0,104744.1,62.876
2024-12-16 08:42:00,104744.1,104744.2,104700.0,104700.0,16.248
2024-12-16 08:43:00,104700.0,104720.0,104669.3,104674.9,34.613
2024-12-16 08:44:00,104674.9,104717.1,104674.9,104694.8,42.318
2024-12-16 08:45:00,104694.8,104694.8,104673.6,104680.2,67.56
2024-12-16 08:46:00,104680.2,104711.5,104642.8,104642.8,22.024
2024-12-16 08:47:00,104642.8,104681.7,104630.4,104681.4,46.884
2024-12-16 08:48:00,104681.4,104707.2,104681.4,104693.6,80.053
2024-12-16 08:49:00,104693.6,104693.6,104631.5,104632.7,42.251
2024-12-16 08:50:00,104632.7,104632.7,104564.5,104570.1,58.896
2024-12-16 08:51:00,104570.1,104600.0,104566.2,104588.1,100.838
2024-12-16 08:52:00,104588.1,104588.1,104555.0,104555.0,48.021
2024-12-16 08:53:00,104555.0,104564.3,104549.9,104560.7,52.395
2024-12-16 08:54:00,104560.7,104561.4,104535.0,104535.5,66.062
2024-12-16 08:55:00,104535.5,104535.5,104490.0,104493.5,54.081
2024-12-16 08:56:00,104493.5,104525.7,104490.8,104525.4,85.549
2024-12-16 08:57:00,104525.4,104549.5,104518.6,104543.7,71.931
2024-12-16 08:58:00,104543.7,104562.7,104543.7,104562.2,100.562
2024-12-16 08:59:00,104562.2,104562.2,104500.2,104506.4,53.153
2024-12-16 09:00:00,104506.4,104598.7,104506.4,104579.7,33.799
2024-12-16 09:01:00,104579.7,104579.7,104520.0,104546.6,57.373
2024-12-16 09:02:00,104546.6,104570.2,104546.5,104559.8,38.851
2024-12-16 09:03:00,104559.8,104613.9,104511.0,104511.7,40.3
2024-12-16 09:04:00,104511.7,104535.2,104490.0,104490.0,44.955
2024-12-16 09:05:00,104490.0,104550.2,104470.0,104520.3,59.997
2024-12-16 09:06:00,104520.3,104551.4,104471.9,104500.3,58.164
2024-12-16 09:07:00,104500.3,104672.0,104489.1,104670.8,57.266
2024-12-16 09:08:00,104670.8,104737.8,104670.8,104711.0,99.041
2024-12-16 09:09:00,104711.0,104711.1,104658.5,104659.4,84.369
2024-12-16 09:10:00,104659.4,104659.4,104529.4,104540.0,56.265
2024-12-16 09:11:00,104540.0,104591.9,104540.0,104581.3,77.807
2024-12-16 09:12:00,104581.3,104581.6,104505.4,104505.4,131.529
2024-12-16 09:13:00,104505.4,104541.5,104500.0,104529.9,47.025
2024-12-16 09:14:00,104529.9,104540.0,104498.9,104512.5,68.556
2024-12-16 09:15:00,104512.5,104519.3,104488.0,104519.3,24.969
2024-12-16 09:16:00,104519.3,104540.0,104500.0,104500.0,34.053
2024-12-16 09:17:00,104500.0,104538.3,104500.0,104530.9,28.869
2024-12-16 09:18:00,104530.9,104655.0,104530.9,104654.9,37.263
2024-12-16 09:19:00,104654.9,104654.9,104600.0,104614.0,52.615
2024-12-16 09:20:00,104614.0,104614.0,104549.0,104570.2,40.125
2024-12-16 09:21:00,104570.2,104652.4,104570.2,104648.3,36.516
2024-12-16 09:22:00,104648.3,104706.3,104648.1,104697.1,52.397
2024-12-16 09:23:00,104697.1,104719.4,104680.0,104709.5,43.161
2024-12-16 09:24:00,104709.5,104713.4,104701.0,104713.1,36.19
2024-12-16 09:25:00,104713.1,104723.2,104694.5,104715.4,44.803
2024-12-16 09:26:00,104715.4,104737.4,104665.0,104665.0,60.938
2024-12-16 09:27:00,104665.0,104665.5,104642.1,104642.3,83.301
2024-12-16 09:28:00,104642.3,104724.5,104642.3,104721.5,67.484
2024-12-16 09:29:00,104721.5,104726.1,104683.9,104714.3,74.039
2024-12-16 09:30:00,104714.3,104748.3,104714.3,104748.1,61.483
2024-12-16 09:31:00,104748.1,104804.8,104736.4,104804.8,86.298
2024-12-16 09:32:00,104804.8,104863.0,104800.0,104847.1,197.121
2024-12-16 09:33:00,104847.1,104870.2,104831.0,104864.4,108.527
2024-12-16 09:34:00,104864.4,104923.3,104864.4,104867.8,60.26
2024-12-16 09:35:00,104867.8,104868.0,104774.0,104784.0,106.304
2024-12-16 09:36:00,104784.0,104802.0,104781.0,104800.2,115.249
2024-12-16 09:37:00,104800.2,104810.1,104794.5,104794.6,21.839
2024-12-16 09:38:00,104794.6,104808.3,104767.7,104783.0,24.769
2024-12-16 09:39:00,104783.0,104823.0,104783.0,104823.0,30.668
2024-12-16 09:40:00,104823.0,104823.0,104800.0,104801.5,15.787
2024-12-16 09:41:00,104801.5,104817.4,104790.1,104790.1,15.196
2024-12-16 09:42:00,104790.1,104790.4,104760.2,104766.1,14.164
2024-12-16 09:43:00,104766.1,104844.0,104766.1,104835.6,17.858
2024-12-16 09:44:00,104835.6,104855.2,104835.6,104848.9,25.326
2024-12-16 09:45:00,104848.9,104849.0,104760.2,104771.2,25.684
2024-12-16 09:46:00,104771.2,104808.8,104771.2,104788.4,30.614
2024-12-16 09:47:00,104788.4,104820.0,104769.2,104819.9,14.779
2024-12-16 09:48:00,104819.9,104830.1,104780.3,104780.3,216.352
2024-12-16 09:49:00,104780.3,104819.5,104780.3,104819.2,481.065
2024-12-16 09:50:00,104819.2,104819.2,104791.3,104791.6,8.666
2024-12-16 09:51:00,104791.6,104844.2,104791.6,104835.0,15.647
2024-12-16 09:52:00,104835.0,104835.0,104754.0,104754.0,29.814
2024-12-16 09:53:00,104754.0,104768.8,104750.0,104768.5,12.457
2024-12-16 09:54:00,104768.5,104772.9,104750.0,104755.8,13.227
2024-12-16 09:55:00,104755.8,104796.5,104755.8,104796.5,11.862
2024-12-16 09:56:00,104796.5,104796.5,104724.1,104732.0,15.867
2024-12-16 09:57:00,104732.0,104732.1,104687.7,104687.9,23.179
2024-12-16 09:58:00,104687.9,104688.8,104642.1,104642.1,57.353
2024-12-16 09:59:00,104642.1,104653.6,104642.1,104650.6,42.175
2024-12-16 10:00:00,104650.6,104665.9,104577.7,104578.1,52.817
2024-12-16 10:01:00,104578.1,104600.0,104566.7,104566.8,50.165
2024-12-16 10:02:00,104566.8,104629.4,104565.9,104629.4,50.324
2024-12-16 10:03:00,104629.4,104688.7,104595.0,104595.2,25.767
2024-12-16 10:04:00,104595.2,104618.4,104593.5,104617.6,34.703
2024-12-16 10:05:00,104617.6,104617.6,104536.0,104538.5,32.328
2024-12-16 10:06:00,104538.5,104609.6,104520.8,104609.3,47.211
2024-12-16 10:07:00,104609.3,104617.7,104550.0,104550.3,52.98
2024-12-16 10:08:00,104550.3,104562.3,104520.8,104521.1,25.309
2024-12-16 10:09:00,104521.1,104523.9,104512.6,104512.8,43.178
2024-12-16 10:10:00,104512.8,104533.8,104508.1,104524.3,39.312
2024-12-16 10:11:00,104524.3,104524.3,104500.0,104500.0,41.648
2024-12-16 10:12:00,104500.0,104500.1,104471.4,104471.6,49.598
2024-12-16 10:13:00,104471.6,104477.2,104462.2,104472.3,96.936
2024-12-16 10:14:00,104472.3,104472.3,104421.0,104421.0,89.785
2024-12-16 10:15:00,104421.0,104446.1,104421.0,104445.4,94.873
2024-12-16 10:16:00,104445.4,104479.1,104430.0,104430.2,56.836
2024-12-16 10:17:00,104430.2,104479.7,104430.2,104479.4,35.198
2024-12-16 10:18:00,104479.4,104479.7,104421.0,104421.0,37.405
2024-12-16 10:19:00,104421.0,104480.4,104415.5,104480.4,30.23
2024-12-16 10:20:00,104480.4,104508.5,104464.5,104508.5,39.568
2024-12-16 10:21:00,104508.5,104537.1,104497.8,104512.5,42.331
2024-12-16 10:22:00,104512.5,104512.8,104421.2,104421.2,52.259
2024-12-16 10:23:00,104421.2,104425.2,104401.8,104417.5,43.436
2024-12-16 10:24:00,104417.5,104417.8,104351.1,104354.2,71.939
2024-12-16 10:25:00,104354.2,104363.2,104300.0,104339.1,121.162
2024-12-16 10:26:00,104339.1,104425.6,104339.1,104420.7,125.709
2024-12-16 10:27:00,104420.7,104465.2,104420.7,104457.3,67.854
2024-12-16 10:28:00,104457.3,104461.3,104432.8,104440.1,36.288
2024-12-16 10:29:00,104440.1,104450.0,104405.0,104405.0,36.31
2024-12-16 10:30:00,104405.0,104454.1,104386.3,104454.1,29.421
2024-12-16 10:31:00,104454.1,104560.4,104443.9,104532.8,67.118
2024-12-16 10:32:00,104532.8,104577.9,104524.7,104556.8,118.729
2024-12-16 10:33:00,104556.8,104593.7,104556.8,104593.6,56.409
2024-12-16 10:34:00,104593.6,104623.8,104558.8,104558.8,74.478
2024-12-16 10:35:00,104558.8,104619.5,104558.8,104589.1,98.181
2024-12-16 10:36:00,104589.1,104615.7,104572.5,104572.5,45.457
2024-12-16 10:37:00,104572.5,104594.1,104563.3,104594.1,19.058
2024-12-16 10:38:00,104594.1,104594.1,104568.3,104568.7,19.825
2024-12-16 10:39:00,104568.7,104568.7,104553.0,104553.0,33.859
2024-12-16 10:40:00,104553.0,104588.4,104553.0,104573.9,27.023
2024-12-16 10:41:00,104573.9,104598.6,104573.9,104579.0,29.416
2024-12-16 10:42:00,104579.0,104655.0,104578.8,104645.8,24.776
2024-12-16 10:43:00,104645.8,104646.0,104526.4,104526.4,61.228
2024-12-16 10:44:00,104526.4,104609.6,104518.6,104598.1,32.544
2024-12-16 10:45:00,104598.1,104604.1,104546.3,104546.3,44.391
2024-12-16 10:46:00,104546.3,104587.9,104546.3,104582.3,43.44
2024-12-16 10:47:00,104582.3,104582.3,104567.2,104572.9,12.583
2024-12-16 10:48:00,104572.9,104573.3,104571.4,104571.5,10.22
2024-12-16 10:49:00,104571.5,104610.7,104571.4,104610.6,7.581
2024-12-16 10:50:00,104610.6,104674.2,104610.6,104671.4,23.305
2024-12-16 10:51:00,104671.4,104674.2,104641.1,104671.4,74.3
2024-12-16 10:52:00,104671.4,104680.6,104650.3,104650.3,101.373
2024-12-16 10:53:00,104650.3,104650.3,104615.8,104633.5,53.038
2024-12-16 10:54:00,104633.5,104635.2,104596.4,104596.7,40.501
2024-12-16 10:55:00,104596.7,104609.0,104596.4,104609.0,21.211
2024-12-16 10:56:00,104609.0,104629.9,104609.0,104619.1,12.741
2024-12-16 10:57:00,104619.1,104660.6,104619.1,104660.3,28.734
2024-12-16 10:58:00,104660.3,104680.6,104660.3,104680.1,24.922
2024-12-16 10:59:00,104680.1,104680.1,104664.7,104665.8,22.661
2024-12-16 11:00:00,104665.8,104666.0,104621.4,104621.7,18.046
2024-12-16 11:01:00,104621.7,104636.4,104600.0,104636.4,32.019
2024-12-16 11:02:00,104636.4,104677.4,104636.3,104653.9,36.257
2024-12-16 11:03:00,104653.9,104728.7,104653.9,104728.6,51.548
2024-12-16 11:04:00,104728.6,104739.8,104713.5,104728.4,55.773
2024-12-16 11:05:00,104728.4,104728.4,104667.4,104667.5,37.149
2024-12-16 11:06:00,104667.5,104760.1,104652.8,104749.8,26.682
2024-12-16 11:07:00,104749.8,104750.1,104724.4,104731.7,42.111
2024-12-16 11:08:00,104731.7,104769.8,104731.4,104763.9,29.949
2024-12-16 11:09:00,104763.9,104763.9,104735.2,104742.4,44.065
2024-12-16 11:10:00,104742.4,104791.0,104742.4,104789.4,25.003
2024-12-16 11:11:00,104789.4,104810.0,104789.4,104806.5,54.673
2024-12-16 11:12:00,104806.5,104806.5,104682.0,104682.0,58.657
2024-12-16 11:13:00,104682.0,104711.5,104674.5,104674.7,44.584
2024-12-16 11:14:00,104674.7,104711.5,104674.7,104679.2,29.603
2024-12-16 11:15:00,104679.2,104696.0,104657.7,104657.7,30.866
2024-12-16 11:16:00,104657.7,104657.8,104630.1,104630.1,34.46
2024-12-16 11:17:00,104630.1,104630.1,104586.9,104586.9,60.089
2024-12-16 11:18:00,104586.9,104618.7,104586.9,104611.5,40.944
2024-12-16 11:19:00,104611.5,104621.9,104605.7,104621.6,15.777
2024-12-16 11:20:00,104621.6,104621.9,104606.8,104606.8,18.616
2024-12-16 11:21:00,104606.8,104606.8,104565.0,104599.9,30.875
2024-12-16 11:22:00,104599.9,104621.9,104581.9,104618.7,22.25
2024-12-16 11:23:00,104618.7,104618.7,104596.0,104615.1,11.656
2024-12-16 11:24:00,104615.1,104615.2,104595.2,104596.3,11.254
2024-12-16 11:25:00,104596.3,104596.3,104554.1,104560.9,13.592
2024-12-16 11:26:00,104560.9,104561.2,104540.0,104547.9,23.432
2024-12-16 11:27:00,104547.9,104547.9,104486.5,104495.6,45.092
2024-12-16 11:28:00,104495.6,104530.9,104495.5,104499.9,69.561
2024-12-16 11:29:00,104499.9,104499.9,104440.0,104447.3,64.731
2024-12-16 11:30:00,104447.3,104465.1,104439.0,104460.2,78.188
2024-12-16 11:31:00,104460.2,104460.2,104427.7,104457.0,30.843
2024-12-16 11:32:00,104457.0,104498.6,104440.2,104493.4,35.293
2024-12-16 11:33:00,104493.4,104493.4,104418.4,104418.4,36.262
2024-12-16 11:34:00,104418.4,104418.6,104362.8,104363.0,52.4
2024-12-16 11:35:00,104363.0,104375.8,104270.3,104270.4,137.473
2024-12-16 11:36:00,104270.4,104270.4,104177.6,104233.9,301.418
2024-12-16 11:37:00,104233.9,104285.7,104233.9,104249.8,419.205
2024-12-16 11:38:00,104249.8,104288.4,104223.1,104288.2,127.301
2024-12-16 11:39:00,104288.2,104352.9,104230.1,104230.1,119.646
2024-12-16 11:40:00,104230.1,104230.4,104150.1,104169.4,273.091
2024-12-16 11:41:00,104169.4,104237.7,104160.3,104219.9,289.42
2024-12-16 11:42:00,104219.9,104219.9,104160.0,104161.3,99.875
2024-12-16 11:43:00,104161.3,104161.3,104035.4,104056.0,154.35
2024-12-16 11:44:00,104056.0,104086.1,104045.8,104071.9,284.971
2024-12-16 11:45:00,104071.9,104130.1,104051.1,104107.8,101.737
2024-12-16 11:46:00,104107.8,104107.8,104035.2,104035.2,117.144
2024-12-16 11:47:00,104035.2,104045.0,104007.9,104025.6,91.824
2024-12-16 11:48:00,104025.6,104139.7,103978.4,104139.4,212.609
2024-12-16 11:49:00,104139.4,104140.2,104057.9,104058.2,291.367
2024-12-16 11:50:00,104058.2,104068.3,103902.7,104062.3,120.044
2024-12-16 11:51:00,104062.3,104062.7,103921.4,103997.0,214.014
2024-12-16 11:52:00,103997.0,104073.6,103957.8,103958.1,81.623
2024-12-16 11:53:00,103958.1,103962.8,103743.6,103743.6,196.569
2024-12-16 11:54:00,103743.6,103884.1,103705.9,103823.1,489.478
2024-12-16 11:55:00,103823.1,103823.4,103613.1,103632.4,442.753
2024-12-16 11:56:00,103632.4,103648.1,103599.2,103630.9,462.089
2024-12-16 11:57:00,103630.9,103683.4,103599.2,103614.2,309.695
2024-12-16 11:58:00,103614.2,103754.6,103606.2,103754.3,294.573
2024-12-16 11:59:00,103754.3,103810.0,103710.8,103717.8,250.523
2024-12-16 12:00:00,103717.8,103734.2,103555.5,103672.6,209.837
2024-12-16 12:01:00,103672.6,103782.0,103672.6,103716.7,317.587
2024-12-16 12:02:00,103716.7,103757.8,103660.8,103715.3,250.792
2024-12-16 12:03:00,103715.3,103750.0,103686.3,103737.0,111.289
2024-12-16 12:04:00,103737.0,103844.4,103727.6,103840.8,88.243
2024-12-16 12:05:00,103840.8,103957.6,103824.1,103947.3,198.135
2024-12-16 12:06:00,103947.3,103947.3,103816.9,103844.7,288.336
2024-12-16 12:07:00,103844.7,104039.3,103844.7,103922.8,300.86
2024-12-16 12:08:00,103922.8,103968.0,103922.7,103950.0,502.484
2024-12-16 12:09:00,103950.0,104023.1,103912.4,104020.9,80.892
2024-12-16 12:10:00,104020.9,104056.6,103979.8,103991.4,157.092
2024-12-16 12:11:00,103991.4,103991.7,103952.0,103952.1,210.205
2024-12-16 12:12:00,103952.1,104000.0,103925.0,104000.0,81.566
2024-12-16 12:13:00,104000.0,104037.6,103953.0,103953.4,55.409
2024-12-16 12:14:00,103953.4,104019.2,103933.7,104019.2,54.413
2024-12-16 12:15:00,104019.2,104058.0,103993.1,104030.8,47.412
2024-12-16 12:16:00,104030.8,104100.0,104030.8,104088.1,116.9
2024-12-16 12:17:00,104088.1,104088.1,103917.1,103919.4,154.285
2024-12-16 12:18:00,103919.4,104004.3,103919.4,103994.7,118.223
2024-12-16 12:19:00,103994.7,104010.3,103899.9,103900.3,70.813
2024-12-16 12:20:00,103900.3,104047.1,103900.0,104047.1,82.94
2024-12-16 12:21:00,104047.1,104083.0,104046.8,104083.0,79.759
2024-12-16 12:22:00,104083.0,104100.2,104063.2,104099.9,40.952
2024-12-16 12:23:00,104099.9,104100.2,104067.2,104077.0,37.628
2024-12-16 12:24:00,104077.0,104116.5,104067.2,104077.2,38.423
2024-12-16 12:25:00,104077.2,104077.2,103899.5,103900.2,55.487
2024-12-16 12:26:00,103900.2,103910.2,103712.3,103780.9,266.501
2024-12-16 12:27:00,103780.9,103884.0,103780.9,103802.7,499.214
2024-12-16 12:28:00,103802.7,103845.0,103775.5,103800.2,64.351
2024-12-16 12:29:00,103800.2,103841.8,103763.0,103841.8,69.904
2024-12-16 12:30:00,103841.8,103841.8,103711.7,103799.9,76.134
2024-12-16 12:31:00,103799.9,103878.0,103775.5,103869.1,49.387
2024-12-16 12:32:00,103869.1,103894.2,103800.0,103834.3,52.383
2024-12-16 12:33:00,103834.3,103920.3,103834.3,103850.0,43.164
2024-12-16 12:34:00,103850.0,103850.0,103733.9,103763.6,48.64
2024-12-16 12:35:00,103763.6,103841.4,103763.3,103831.1,53.432
2024-12-16 12:36:00,103831.1,103831.1,103771.6,103772.9,40.481
2024-12-16 12:37:00,103772.9,103772.9,103698.4,103709.0,109.937
2024-12-16 12:38:00,103709.0,103709.0,103609.0,103659.7,226.609
2024-12-16 12:39:00,103659.7,103750.0,103657.9,103694.9,160.01
2024-12-16 12:40:00,103694.9,103716.4,103639.4,103688.2,66.022
2024-12-16 12:41:00,103688.2,103729.6,103655.0,103655.4,45.978
2024-12-16 12:42:00,103655.4,103667.7,103605.0,103623.4,53.392
2024-12-16 12:43:00,103623.4,103623.7,103600.0,103600.0,77.675
2024-12-16 12:44:00,103600.0,103600.2,103535.0,103567.7,133.223
2024-12-16 12:45:00,103567.7,103608.9,103521.3,103522.0,212.089
2024-12-16 12:46:00,103522.0,103556.6,103510.0,103519.6,157.424
2024-12-16 12:47:00,103519.6,103546.8,103485.1,103526.8,182.984
2024-12-16 12:48:00,103526.8,103539.6,103399.9,103519.5,300.474
2024-12-16 12:49:00,103519.5,103535.7,103370.2,103381.5,353.3
2024-12-16 12:50:00,103381.5,103465.4,103276.0,103465.4,279.408
2024-12-16 12:51:00,103465.4,103548.6,103465.4,103547.5,389.173
2024-12-16 12:52:00,103547.5,103550.0,103465.7,103548.5,209.696
2024-12-16 12:53:00,103548.5,103656.7,103548.5,103552.8,160.433
2024-12-16 12:54:00,103552.8,103589.0,103510.0,103582.7,190.047
2024-12-16 12:55:00,103582.7,103646.1,103582.4,103623.1,39.265
2024-12-16 12:56:00,103623.1,103625.5,103550.0,103620.8,61.004
2024-12-16 12:57:00,103620.8,103622.5,103572.0,103598.6,52.357
2024-12-16 12:58:00,103598.6,103638.2,103568.0,103620.4,55.345
2024-12-16 12:59:00,103620.4,103636.2,103620.4,103621.6,60.02
2024-12-16 13:00:00,103621.6,103666.7,103600.0,103606.8,70.35
2024-12-16 13:01:00,103606.8,103694.5,103590.0,103668.0,78.439
2024-12-16 13:02:00,103668.0,103668.0,103491.4,103532.3,132.441
2024-12-16 13:03:00,103532.3,103599.5,103520.1,103530.0,159.725
2024-12-16 13:04:00,103530.0,103555.7,103506.1,103534.7,42.24
2024-12-16 13:05:00,103534.7,103542.4,103446.4,103521.4,48.356
2024-12-16 13:06:00,103521.4,103554.2,103490.0,103494.2,102.993
2024-12-16 13:07:00,103494.2,103756.4,103494.2,103756.4,114.483
2024-12-16 13:08:00,103756.4,103933.2,103756.4,103890.8,866.527
2024-12-16 13:09:00,103890.8,103906.2,103840.2,103877.2,505.095
2024-12-16 13:10:00,103877.2,103928.1,103832.5,103928.1,106.348
2024-12-16 13:11:00,103928.1,103959.4,103877.4,103956.9,133.565
2024-12-16 13:12:00,103956.9,103982.5,103916.2,103963.5,205.731
2024-12-16 13:13:00,103963.5,104014.9,103937.8,103995.2,232.221
2024-12-16 13:14:00,103995.2,104000.0,103941.1,103990.0,119.361
2024-12-16 13:15:00,103990.0,103998.9,103970.4,103972.6,127.087
2024-12-16 13:16:00,103972.6,103982.2,103949.5,103950.2,72.298
2024-12-16 13:17:00,103950.2,103958.6,103899.4,103943.2,96.437
2024-12-16 13:18:00,103943.2,103943.4,103899.4,103906.4,106.229
2024-12-16 13:19:00,103906.4,103936.7,103903.8,103934.6,41.877
2024-12-16 13:20:00,103934.6,103950.0,103870.8,103950.0,36.413
2024-12-16 13:21:00,103950.0,104049.8,103950.0,104030.1,55.798
2024-12-16 13:22:00,104030.1,104085.6,104022.8,104056.4,130.658
2024-12-16 13:23:00,104056.4,104092.3,104037.0,104090.5,191.136
2024-12-16 13:24:00,104090.5,104092.0,104057.5,104085.3,367.973
2024-12-16 13:25:00,104085.3,104091.6,104050.0,104070.9,207.768
2024-12-16 13:26:00,104070.9,104070.9,104037.3,104037.3,137.757
2024-12-16 13:27:00,104037.3,104058.8,104021.7,104021.7,57.754
2024-12-16 13:28:00,104021.7,104021.7,103934.6,103964.5,53.367
2024-12-16 13:29:00,103964.5,103999.8,103938.8,103999.8,90.232
2024-12-16 13:30:00,103999.8,104049.2,103988.8,104048.9,32.108
2024-12-16 13:31:00,104048.9,104049.2,103976.0,103988.7,35.355
2024-12-16 13:32:00,103988.7,104038.5,103988.4,103995.9,49.357
2024-12-16 13:33:00,103995.9,104002.4,103948.4,103948.4,54.847
2024-12-16 13:34:00,103948.4,103953.0,103915.7,103943.2,82.025
2024-12-16 13:35:00,103943.2,103943.2,103893.8,103893.8,34.57
2024-12-16 13:36:00,103893.8,103917.8,103869.9,103902.0,29.178
2024-12-16 13:37:00,103902.0,103941.8,103870.7,103870.8,29.391
2024-12-16 13:38:00,103870.8,103871.1,103682.9,103726.5,537.422
2024-12-16 13:39:00,103726.5,103774.7,103726.5,103774.2,498.661
2024-12-16 13:40:00,103774.2,103829.0,103774.2,103828.6,72.74
2024-12-16 13:41:00,103828.6,104004.5,103828.6,104004.4,87.348
2024-12-16 13:42:00,104004.4,104015.2,103938.0,103948.6,94.668
2024-12-16 13:43:00,103948.6,103983.6,103948.3,103979.0,33.997
2024-12-16 13:44:00,103979.0,103979.3,103905.8,103905.8,17.747
2024-12-16 13:45:00,103905.8,103924.1,103843.0,103869.8,28.057
2024-12-16 13:46:00,103869.8,103963.8,103869.8,103963.8,36.436
2024-12-16 13:47:00,103963.8,103988.0,103891.7,103957.3,34.025
2024-12-16 13:48:00,103957.3,103963.8,103843.0,103843.3,56.675
2024-12-16 13:49:00,103843.3,103869.1,103800.0,103812.3,20.712
2024-12-16 13:50:00,103812.3,103816.0,103756.4,103788.0,39.699
2024-12-16 13:51:00,103788.0,103795.8,103766.0,103766.0,70.459
2024-12-16 13:52:00,103766.0,103778.4,103730.0,103754.7,41.628
2024-12-16 13:53:00,103754.7,103850.2,103754.3,103803.8,44.139
2024-12-16 13:54:00,103803.8,103804.1,103780.0,103780.0,21.66
2024-12-16 13:55:00,103780.0,103813.2,103759.7,103813.1,21.533
2024-12-16 13:56:00,103813.1,103893.6,103813.1,103884.8,29.221
2024-12-16 13:57:00,103884.8,103889.9,103846.7,103880.0,33.754
2024-12-16 13:58:00,103880.0,103880.3,103863.0,103872.2,18.75
2024-12-16 13:59:00,103872.2,103910.7,103872.1,103872.4,15.494
2024-12-16 14:00:00,103872.4,103899.5,103854.3,103856.2,25.133
2024-12-16 14:01:00,103856.2,103870.7,103832.8,103870.7,28.769
2024-12-16 14:02:00,103870.7,104004.5,103870.4,104004.1,39.92
2024-12-16 14:03:00,104004.1,104041.6,103974.0,104012.2,79.997
2024-12-16 14:04:00,104012.2,104026.9,104012.1,104019.5,52.73
2024-12-16 14:05:00,104019.5,104079.1,103999.5,104073.9,29.919
2024-12-16 14:06:00,104073.9,104087.5,104051.7,104069.1,69.114
2024-12-16 14:07:00,104069.1,104074.2,104045.7,104068.8,48.974
2024-12-16 14:08:00,104068.8,104147.7,104045.2,104125.3,52.455
2024-12-16 14:09:00,104125.3,104179.3,104111.4,104130.1,127.318
2024-12-16 14:10:00,104130.1,104218.6,104100.0,104200.0,169.424
2024-12-16 14:11:00,104200.0,104200.4,104124.7,104160.0,148.233
2024-12-16 14:12:00,104160.0,104179.0,104150.5,104150.7,76.069
2024-12-16 14:13:00,104150.7,104170.2,104125.9,104130.0,40.37
2024-12-16 14:14:00,104130.0,104166.2,104124.7,104156.1,67.194
2024-12-16 14:15:00,104156.1,104156.1,104104.0,104105.0,35.405
2024-12-16 14:16:00,104105.0,104180.0,104100.0,104180.0,38.161
2024-12-16 14:17:00,104180.0,104232.8,104170.0,104229.8,63.995
2024-12-16 14:18:00,104229.8,104263.7,104175.8,104207.2,103.525
2024-12-16 14:19:00,104207.2,104207.2,104166.2,104199.9,112.752
2024-12-16 14:20:00,104199.9,104200.0,104127.5,104137.9,31.322
2024-12-16 14:21:00,104137.9,104217.0,104128.0,104201.8,36.75
2024-12-16 14:22:00,104201.8,104207.0,104129.9,104206.7,25.6
2024-12-16 14:23:00,104206.7,104230.2,104206.7,104218.6,24.509
2024-12-16 14:24:00,104218.6,104218.6,104140.3,104149.7,27.968
2024-12-16 14:25:00,104149.7,104231.9,104135.1,104215.4,22.185
2024-12-16 14:26:00,104215.4,104280.0,104215.4,104265.4,58.433
2024-12-16 14:27:00,104265.4,104320.0,104255.3,104279.6,142.781
2024-12-16 14:28:00,104279.6,104304.6,104272.8,104272.8,115.88
2024-12-16 14:29:00,104272.8,104339.5,104255.5,104339.3,82.503
2024-12-16 14:30:00,104339.3,104350.2,104293.8,104300.1,121.415
2024-12-16 14:31:00,104300.1,104448.3,104300.0,104408.1,150.582
2024-12-16 14:32:00,104408.1,104549.0,104352.6,104506.5,285.769
2024-12-16 14:33:00,104506.5,104576.2,104431.3,104431.3,373.93
2024-12-16 14:34:00,104431.3,104537.2,104387.2,104459.6,314.673
2024-12-16 14:35:00,104459.6,104710.1,104450.0,104671.5,282.412
2024-12-16 14:36:00,104671.5,105055.1,104658.2,104981.2,1046.765
2024-12-16 14:37:00,104981.2,105100.2,104847.9,104999.9,595.304
2024-12-16 14:38:00,104999.9,105000.2,104857.7,104978.3,404.477
2024-12-16 14:39:00,104978.3,105200.0,104978.3,105189.8,398.838
2024-12-16 14:40:00,105189.8,105200.2,105085.4,105196.3,537.99
2024-12-16 14:41:00,105196.3,105200.2,105055.0,105124.1,458.006
2024-12-16 14:42:00,105124.1,105265.2,105123.8,105223.0,310.986
2024-12-16 14:43:00,105223.0,105290.2,105159.7,105175.2,315.81
2024-12-16 14:44:00,105175.2,105336.2,105164.5,105336.0,275.541
2024-12-16 14:45:00,105336.0,105419.9,105236.8,105411.5,298.675
2024-12-16 14:46:00,105411.5,105597.9,105411.4,105591.6,521.916
2024-12-16 14:47:00,105591.6,105835.2,105554.2,105820.5,763.742
2024-12-16 14:48:00,105820.5,105866.8,105745.9,105748.4,692.454
2024-12-16 14:49:00,105748.4,105794.1,105600.0,105784.2,605.178
2024-12-16 14:50:00,105784.2,105798.3,105688.0,105726.8,490.207
2024-12-16 14:51:00,105726.8,105787.2,105629.0,105629.0,364.244
2024-12-16 14:52:00,105629.0,105680.0,105503.0,105662.6,376.887
2024-12-16 14:53:00,105662.6,105980.0,105619.9,105967.2,510.215
2024-12-16 14:54:00,105967.2,105972.5,105607.2,105739.3,579.005
2024-12-16 14:55:00,105739.3,105840.0,105559.5,105561.8,479.783
2024-12-16 14:56:00,105561.8,105593.9,105475.9,105475.9,506.938
2024-12-16 14:57:00,105475.9,105476.0,105094.8,105131.4,502.04
2024-12-16 14:58:00,105131.4,105387.0,105065.0,105301.6,611.484
2024-12-16 14:59:00,105301.6,105453.7,105248.5,105453.7,453.264
2024-12-16 15:00:00,105453.7,105533.2,105396.2,105525.4,231.632
2024-12-16 15:01:00,105525.4,105550.2,105317.6,105331.3,268.909
2024-12-16 15:02:00,105331.3,105421.0,105215.0,105421.0,294.238
2024-12-16 15:03:00,105421.0,105658.2,105420.9,105657.9,471.865
2024-12-16 15:04:00,105657.9,105829.7,105657.9,105782.9,378.948
2024-12-16 15:05:00,105782.9,105782.9,105532.5,105551.4,389.836
2024-12-16 15:06:00,105551.4,105826.9,105551.4,105767.5,305.507
2024-12-16 15:07:00,105767.5,105879.1,105715.3,105879.1,211.847
2024-12-16 15:08:00,105879.1,105995.3,105747.9,105765.6,211.668
2024-12-16 15:09:00,105765.6,105871.6,105633.9,105835.1,331.388
2024-12-16 15:10:00,105835.1,105922.1,105736.1,105745.8,202.574
2024-12-16 15:11:00,105745.8,105914.1,105741.9,105900.0,187.324
2024-12-16 15:12:00,105900.0,106130.0,105900.0,106036.0,268.123
2024-12-16 15:13:00,106036.0,106126.1,105995.5,106069.8,752.374
2024-12-16 15:14:00,106069.8,106085.8,105905.3,105977.0,676.042
2024-12-16 15:15:00,105977.0,106024.3,105695.6,105775.9,559.497
2024-12-16 15:16:00,105775.9,105986.4,105750.3,105940.9,350.594
2024-12-16 15:17:00,105940.9,106115.8,105940.9,106115.5,275.015
2024-12-16 15:18:00,106115.5,106171.4,106100.8,106101.4,317.792
2024-12-16 15:19:00,106101.4,106240.1,106101.4,106240.0,433.949
2024-12-16 15:20:00,106240.0,106286.0,106217.0,106255.2,444.009
2024-12-16 15:21:00,106255.2,106419.1,106164.1,106350.0,1178.234
2024-12-16 15:22:00,106350.0,106464.0,106321.7,106419.1,597.45
2024-12-16 15:23:00,106419.1,106450.0,106357.0,106390.4,408.736
2024-12-16 15:24:00,106390.4,106390.4,106185.3,106301.7,441.846
2024-12-16 15:25:00,106301.7,106397.9,106282.6,106360.5,494.495
2024-12-16 15:26:00,106360.5,106448.7,106355.0,106436.7,193.422
2024-12-16 15:27:00,106436.7,106437.0,106375.6,106375.6,182.745
2024-12-16 15:28:00,106375.6,106375.6,106171.6,106208.8,173.436
2024-12-16 15:29:00,106208.8,106277.2,106123.7,106259.2,281.209
2024-12-16 15:30:00,106259.2,106295.2,105850.0,105921.4,580.421
2024-12-16 15:31:00,105921.4,106021.4,105830.9,105885.5,617.322
2024-12-16 15:32:00,105885.5,105929.2,105750.6,105898.2,452.792
2024-12-16 15:33:00,105898.2,106052.6,105887.7,106037.0,278.592
2024-12-16 15:34:00,106037.0,106042.6,105910.0,105961.5,189.009
2024-12-16 15:35:00,105961.5,106077.2,105866.3,105898.4,247.788
2024-12-16 15:36:00,105898.4,106100.0,105829.9,106099.9,384.786
2024-12-16 15:37:00,106099.9,106199.2,106099.9,106122.5,494.067
2024-12-16 15:38:00,106122.5,106221.5,106106.5,106206.7,282.688
2024-12-16 15:39:00,106206.7,106222.0,106172.5,106206.1,83.317
2024-12-16 15:40:00,106206.1,106230.1,106171.1,106184.4,119.547
2024-12-16 15:41:00,106184.4,106393.2,106184.4,106309.9,181.489
2024-12-16 15:42:00,106309.9,106371.2,106293.4,106369.9,324.568
2024-12-16 15:43:00,106369.9,106450.0,106367.7,106439.8,179.157
2024-12-16 15:44:00,106439.8,106440.0,106355.5,106366.3,164.559
2024-12-16 15:45:00,106366.3,106418.7,106302.1,106399.8,208.757
2024-12-16 15:46:00,106399.8,106419.8,106300.0,106325.5,137.794
2024-12-16 15:47:00,106325.5,106334.2,106116.2,106195.9,198.941
2024-12-16 15:48:00,106195.9,106220.2,105935.1,106010.8,639.719
2024-12-16 15:49:00,106010.8,106081.3,105975.0,106041.9,525.171
2024-12-16 15:50:00,106041.9,106120.0,105985.6,105988.4,148.923
2024-12-16 15:51:00,105988.4,106159.8,105988.4,106153.0,142.802
2024-12-16 15:52:00,106153.0,106173.9,106075.1,106112.4,161.399
2024-12-16 15:53:00,106112.4,106122.5,106000.0,106022.0,118.716
2024-12-16 15:54:00,106022.0,106118.6,106018.8,106074.3,82.541
2024-12-16 15:55:00,106074.3,106189.5,106022.5,106152.6,96.748
2024-12-16 15:56:00,106152.6,106184.2,106077.3,106129.8,98.053
2024-12-16 15:57:00,106129.8,106225.0,106108.0,106200.2,67.847
2024-12-16 15:58:00,106200.2,106294.3,106190.6,106294.3,104.649
2024-12-16 15:59:00,106294.3,106350.2,106272.7,106281.1,161.35
2024-12-16 16:00:00,106281.1,106348.5,106239.5,106345.5,168.868
2024-12-16 16:01:00,106345.5,106352.2,106199.2,106263.2,131.333
2024-12-16 16:02:00,106263.2,106301.4,106209.0,106232.4,154.773
2024-12-16 16:03:00,106232.4,106270.0,106091.3,106099.6,113.76
2024-12-16 16:04:00,106099.6,106199.5,106099.6,106143.3,85.283
2024-12-16 16:05:00,106143.3,106300.0,106137.2,106212.2,61.167
2024-12-16 16:06:00,106212.2,106242.3,106148.4,106156.3,74.92
2024-12-16 16:07:00,106156.3,106242.9,106120.0,106238.3,83.46
2024-12-16 16:08:00,106238.3,106324.1,106191.8,106320.9,37.999
2024-12-16 16:09:00,106320.9,106445.9,106320.9,106439.6,164.028
2024-12-16 16:10:00,106439.6,106550.0,106439.5,106549.9,623.584
2024-12-16 16:11:00,106549.9,106778.2,106549.9,106583.0,771.651
2024-12-16 16:12:00,106583.0,106593.5,106300.2,106360.3,707.792
2024-12-16 16:13:00,106360.3,106536.3,106291.8,106518.4,600.288
2024-12-16 16:14:00,106518.4,106575.0,106438.2,106550.7,374.111
2024-12-16 16:15:00,106550.7,106706.2,106470.9,106652.0,207.975
2024-12-16 16:16:00,106652.0,106845.0,106566.6,106781.0,367.268
2024-12-16 16:17:00,106781.0,106800.0,106672.0,106680.1,436.925
2024-12-16 16:18:00,106680.1,106680.1,106511.2,106615.4,342.179
2024-12-16 16:19:00,106615.4,106706.3,106547.8,106697.2,290.304
2024-12-16 16:20:00,106697.2,106727.5,106643.9,106647.0,190.07
2024-12-16 16:21:00,106647.0,106668.5,106540.6,106654.9,100.889
2024-12-16 16:22:00,106654.9,106689.5,106550.1,106552.7,144.512
2024-12-16 16:23:00,106552.7,106628.8,106511.0,106606.9,157.444
2024-12-16 16:24:00,106606.9,106700.0,106580.0,106616.2,83.863
2024-12-16 16:25:00,106616.2,106690.0,106571.6,106690.0,68.847
2024-12-16 16:26:00,106690.0,106716.6,106576.1,106716.6,69.063
2024-12-16 16:27:00,106716.6,106748.3,106550.0,106568.4,105.722
2024-12-16 16:28:00,106568.4,106646.0,106537.0,106646.0,77.11
2024-12-16 16:29:00,106646.0,106717.1,106634.4,106699.9,116.431
2024-12-16 16:30:00,106699.9,106710.4,106675.1,106695.5,156.395
2024-12-16 16:31:00,106695.5,106768.5,106694.0,106716.1,178.674
2024-12-16 16:32:00,106716.1,106825.1,106707.9,106756.3,157.882
2024-12-16 16:33:00,106756.3,106919.9,106707.0,106893.4,179.368
2024-12-16 16:34:00,106893.4,106912.7,106612.3,106612.8,349.707
2024-12-16 16:35:00,106612.8,106690.9,106598.4,106601.4,269.569
2024-12-16 16:36:00,106601.4,106831.3,106549.9,106831.3,345.932
2024-12-16 16:37:00,106831.3,107142.0,106754.0,106995.7,852.967
2024-12-16 16:38:00,106995.7,107100.0,106928.3,107100.0,558.509
2024-12-16 16:39:00,107100.0,107102.6,106851.5,106875.7,300.701
2024-12-16 16:40:00,106875.7,107074.8,106875.7,107047.9,267.232
2024-12-16 16:41:00,107047.9,107077.4,107013.0,107043.0,208.659
2024-12-16 16:42:00,107043.0,107049.2,106866.6,106876.3,170.903
2024-12-16 16:43:00,106876.3,106970.6,106750.7,106767.8,216.313
2024-12-16 16:44:00,106767.8,106778.7,106600.0,106658.1,313.822
2024-12-16 16:45:00,106658.1,106668.9,106511.1,106522.5,403.811
2024-12-16 16:46:00,106522.5,106652.1,106418.0,106626.4,360.974
2024-12-16 16:47:00,106626.4,106626.4,106500.0,106500.1,466.77
2024-12-16 16:48:00,106500.1,106580.2,106450.0,106464.1,151.636
2024-12-16 16:49:00,106464.1,106464.1,106323.5,106421.7,244.735
2024-12-16 16:50:00,106421.7,106535.5,106370.6,106420.5,419.143
2024-12-16 16:51:00,106420.5,106540.7,106420.5,106528.2,367.528
2024-12-16 16:52:00,106528.2,106665.5,106527.9,106662.9,126.784
2024-12-16 16:53:00,106662.9,106796.5,106662.6,106780.2,209.576
2024-12-16 16:54:00,106780.2,106935.3,106780.2,106928.2,226.21
2024-12-16 16:55:00,106928.2,106944.7,106810.9,106833.8,258.677
2024-12-16 16:56:00,106833.8,106948.5,106812.6,106815.9,263.244
2024-12-16 16:57:00,106815.9,106839.9,106722.6,106744.7,223.69
2024-12-16 16:58:00,106744.7,106899.2,106744.7,106874.8,119.379
2024-12-16 16:59:00,106874.8,106884.9,106750.0,106778.2,64.084
2024-12-16 17:00:00,106778.2,106834.2,106721.4,106721.4,40.322
2024-12-16 17:01:00,106721.4,106887.8,106718.1,106882.3,51.459
2024-12-16 17:02:00,106882.3,106940.1,106812.2,106900.0,59.171
2024-12-16 17:03:00,106900.0,106923.3,106880.0,106903.3,68.425
2024-12-16 17:04:00,106903.3,106931.3,106866.8,106895.7,51.573
2024-12-16 17:05:00,106895.7,106896.0,106733.0,106835.0,55.482
2024-12-16 17:06:00,106835.0,106864.1,106720.0,106743.4,85.462
2024-12-16 17:07:00,106743.4,106786.1,106720.0,106780.8,32.754
2024-12-16 17:08:00,106780.8,106866.8,106780.8,106866.8,26.71
2024-12-16 17:09:00,106866.8,106900.6,106792.1,106818.4,48.031
2024-12-16 17:10:00,106818.4,106892.4,106804.6,106883.7,60.41
2024-12-16 17:11:00,106883.7,106914.6,106883.7,106899.9,64.524
2024-12-16 17:12:00,106899.9,106972.7,106884.2,106888.7,116.74
2024-12-16 17:13:00,106888.7,106910.0,106757.3,106757.3,179.354
2024-12-16 17:14:00,106757.3,106764.6,106645.7,106676.0,124.676
2024-12-16 17:15:00,106676.0,106802.1,106664.8,106715.4,240.997
2024-12-16 17:16:00,106715.4,106815.0,106697.5,106815.0,64.388
2024-12-16 17:17:00,106815.0,106873.2,106815.0,106861.0,41.295
2024-12-16 17:18:00,106861.0,106881.7,106827.5,106846.6,49.104
2024-12-16 17:19:00,106846.6,106880.2,106840.0,106843.4,85.808
2024-12-16 17:20:00,106843.4,106873.9,106766.8,106868.4,85.739
2024-12-16 17:21:00,106868.4,106900.2,106817.9,106879.9,180.994
2024-12-16 17:22:00,106879.9,106918.5,106860.6,106914.4,99.733
2024-12-16 17:23:00,106914.4,106962.5,106900.0,106900.0,105.621
2024-12-16 17:24:00,106900.0,106951.5,106888.1,106950.7,68.22
2024-12-16 17:25:00,106950.7,106950.7,106920.0,106932.5,56.096
2024-12-16 17:26:00,106932.5,107037.9,106930.1,107020.0,225.765
2024-12-16 17:27:00,107020.0,107083.5,106970.5,107011.9,516.368
2024-12-16 17:28:00,107011.9,107043.0,106985.8,107027.0,182.482
2024-12-16 17:29:00,107027.0,107060.1,107019.8,107057.9,86.0
2024-12-16 17:30:00,107057.9,107058.1,106920.0,107023.5,119.456
2024-12-16 17:31:00,107023.5,107023.8,106966.0,106995.6,77.385
2024-12-16 17:32:00,106995.6,107152.9,106967.2,107024.7,143.382
2024-12-16 17:33:00,107024.7,107080.2,106963.6,106963.6,284.834
2024-12-16 17:34:00,106963.6,106991.1,106921.7,106950.0,81.23
2024-12-16 17:35:00,106950.0,106991.6,106924.8,106983.9,52.923
2024-12-16 17:36:00,106983.9,106983.9,106841.1,106862.9,43.566
2024-12-16 17:37:00,106862.9,106929.2,106862.4,106910.7,67.16
2024-12-16 17:38:00,106910.7,106946.4,106902.9,106941.9,55.497
2024-12-16 17:39:00,106941.9,106941.9,106800.0,106822.1,85.132
2024-12-16 17:40:00,106822.1,106942.9,106822.1,106931.6,65.568
2024-12-16 17:41:00,106931.6,107024.5,106931.6,107017.5,51.24
2024-12-16 17:42:00,107017.5,107033.0,106990.0,107019.7,63.869
2024-12-16 17:43:00,107019.7,107108.2,107014.1,107041.7,32.155
2024-12-16 17:44:00,107041.7,107089.0,107025.0,107063.9,52.864
2024-12-16 17:45:00,107063.9,107086.0,107027.0,107032.8,86.743
2024-12-16 17:46:00,107032.8,107082.7,107000.9,107043.6,169.033
2024-12-16 17:47:00,107043.6,107043.6,106952.8,106953.1,54.698
2024-12-16 17:48:00,106953.1,107046.7,106952.8,106967.9,72.808
2024-12-16 17:49:00,106967.9,107008.1,106920.2,106920.5,51.909
2024-12-16 17:50:00,106920.5,106935.8,106818.0,106834.8,43.992
2024-12-16 17:51:00,106834.8,106855.5,106671.1,106741.4,114.963
2024-12-16 17:52:00,106741.4,106830.3,106712.9,106783.6,187.304
2024-12-16 17:53:00,106783.6,106783.6,106676.9,106709.5,84.442
2024-12-16 17:54:00,106709.5,106766.7,106709.5,106750.0,117.468
2024-12-16 17:55:00,106750.0,106763.5,106707.2,106730.6,86.243
2024-12-16 17:56:00,106730.6,106871.9,106730.6,106871.3,122.415
2024-12-16 17:57:00,106871.3,106973.2,106871.3,106967.3,89.33
2024-12-16 17:58:00,106967.3,107000.0,106953.9,107000.0,94.317
2024-12-16 17:59:00,107000.0,107033.4,106996.4,107027.2,52.102
2024-12-16 18:00:00,107027.2,107027.2,106924.1,106950.3,72.812
2024-12-16 18:01:00,106950.3,106956.8,106908.6,106919.2,84.254
2024-12-16 18:02:00,106919.2,106950.0,106852.9,106895.9,46.951
2024-12-16 18:03:00,106895.9,106950.0,106889.0,106894.6,25.363
2024-12-16 18:04:00,106894.6,106914.3,106838.5,106842.5,64.273
2024-12-16 18:05:00,106842.5,106976.0,106841.7,106976.0,128.468
2024-12-16 18:06:00,106976.0,107050.0,106975.9,107050.0,66.053
2024-12-16 18:07:00,107050.0,107050.0,107006.0,107022.7,78.836
2024-12-16 18:08:00,107022.7,107050.0,107007.0,107026.8,141.838
2024-12-16 18:09:00,107026.8,107036.1,106995.3,107006.4,103.029
2024-12-16 18:10:00,107006.4,107018.4,106938.1,106994.7,81.702
2024-12-16 18:11:00,106994.7,107014.2,106960.3,106982.8,50.106
2024-12-16 18:12:00,106982.8,107027.1,106982.8,107021.1,23.598
2024-12-16 18:13:00,107021.1,107045.8,107002.3,107041.9,37.063
2024-12-16 18:14:00,107041.9,107100.0,107041.9,107100.0,59.962
2024-12-16 18:15:00,107100.0,107264.7,107099.9,107249.7,250.17
2024-12-16 18:16:00,107249.7,107250.2,107180.3,107192.9,511.58
2024-12-16 18:17:00,107192.9,107400.0,107189.4,107321.6,332.928
2024-12-16 18:18:00,107321.6,107400.0,107310.0,107399.9,541.567
2024-12-16 18:19:00,107399.9,107421.1,107330.8,107339.7,210.034
2024-12-16 18:20:00,107339.7,107347.0,107219.0,107314.2,179.658
2024-12-16 18:21:00,107314.2,107370.2,107290.0,107344.0,118.682
2024-12-16 18:22:00,107344.0,107352.7,107261.9,107302.8,63.101
2024-12-16 18:23:00,107302.8,107736.2,107302.8,107599.1,1181.764
2024-12-16 18:24:00,107599.1,107624.4,107471.7,107518.3,557.362
2024-12-16 18:25:00,107518.3,107546.3,107390.0,107523.1,296.294
2024-12-16 18:26:00,107523.1,107600.0,107481.5,107600.0,196.056
2024-12-16 18:27:00,107600.0,107610.8,107579.0,107598.4,135.814
2024-12-16 18:28:00,107598.4,107773.4,107598.3,107773.4,173.79
2024-12-16 18:29:00,107773.4,107773.4,107624.3,107709.7,290.409
2024-12-16 18:30:00,107709.7,107754.8,107666.6,107693.0,384.876
2024-12-16 18:31:00,107693.0,107697.2,107597.4,107629.9,139.649
2024-12-16 18:32:00,107629.9,107650.0,107562.0,107619.0,155.485
2024-12-16 18:33:00,107619.0,107619.0,107477.8,107502.8,149.425
2024-12-16 18:34:00,107502.8,107573.9,107476.4,107505.2,131.263
2024-12-16 18:35:00,107505.2,107533.9,107450.1,107479.8,72.121
2024-12-16 18:36:00,107479.8,107653.6,107479.8,107653.6,62.386
2024-12-16 18:37:00,107653.6,107676.0,107588.9,107592.1,75.355
2024-12-16 18:38:00,107592.1,107592.1,107414.0,107414.0,79.113
2024-12-16 18:39:00,107414.0,107466.3,107410.3,107435.9,70.527
2024-12-16 18:40:00,107435.9,107533.6,107435.7,107495.4,56.98
2024-12-16 18:41:00,107495.4,107545.9,107473.7,107535.8,37.143
2024-12-16 18:42:00,107535.8,107554.1,107487.8,107490.2,31.819
2024-12-16 18:43:00,107490.2,107530.2,107422.6,107484.3,38.284
2024-12-16 18:44:00,107484.3,107498.2,107449.6,107478.7,59.52
2024-12-16 18:45:00,107478.7,107504.5,107435.2,107504.5,59.668
2024-12-16 18:46:00,107504.5,107509.3,107400.7,107502.8,40.863
2024-12-16 18:47:00,107502.8,107508.8,107420.5,107436.4,47.404
2024-12-16 18:48:00,107436.4,107474.4,107400.0,107423.6,65.23
2024-12-16 18:49:00,107423.6,107423.6,107273.8,107300.5,101.675
2024-12-16 18:50:00,107300.5,107300.5,107177.0,107179.3,225.617
2024-12-16 18:51:00,107179.3,107250.3,107150.0,107250.3,212.263
2024-12-16 18:52:00,107250.3,107275.0,107196.9,107235.4,142.247
2024-12-16 18:53:00,107235.4,107255.4,107114.0,107133.3,80.697
2024-12-16 18:54:00,107133.3,107200.0,107120.4,107171.3,83.158
2024-12-16 18:55:00,107171.3,107258.4,107123.8,107124.1,56.971
2024-12-16 18:56:00,107124.1,107155.9,107057.2,107073.0,127.3
2024-12-16 18:57:00,107073.0,107100.0,107000.1,107040.7,257.463
2024-12-16 18:58:00,107040.7,107040.7,106900.0,106939.8,174.797
2024-12-16 18:59:00,106939.8,107071.9,106913.4,107052.8,234.19
2024-12-16 19:00:00,107052.8,107052.8,106866.4,106866.4,172.728
2024-12-16 19:01:00,106866.4,106900.0,106801.1,106826.7,255.442
2024-12-16 19:02:00,106826.7,106841.1,106757.3,106810.1,147.217
2024-12-16 19:03:00,106810.1,106810.1,106550.0,106632.2,504.717
2024-12-16 19:04:00,106632.2,106663.3,106329.8,106369.1,591.993
2024-12-16 19:05:00,106369.1,106573.5,106329.8,106511.3,443.033
2024-12-16 19:06:00,106511.3,106591.2,106469.0,106544.7,274.235
2024-12-16 19:07:00,106544.7,106650.7,106544.7,106592.5,146.991
2024-12-16 19:08:00,106592.5,106592.8,106437.8,106538.5,116.76
2024-12-16 19:09:00,106538.5,106629.0,106509.5,106549.9,111.853
2024-12-16 19:10:00,106549.9,106560.5,106390.2,106445.6,134.038
2024-12-16 19:11:00,106445.6,106454.9,106363.9,106394.7,194.608
2024-12-16 19:12:00,106394.7,106437.9,106329.8,106345.9,103.28
2024-12-16 19:13:00,106345.9,106346.1,106179.4,106199.8,212.358
2024-12-16 19:14:00,106199.8,106220.5,106015.0,106158.2,691.275
2024-12-16 19:15:00,106158.2,106278.1,106149.5,106155.8,536.132
2024-12-16 19:16:00,106155.8,106156.0,105962.9,106127.6,289.555
2024-12-16 19:17:00,106127.6,106127.6,105888.0,105888.0,377.901
2024-12-16 19:18:00,105888.0,106082.9,105851.9,105993.4,206.988
2024-12-16 19:19:00,105993.4,106138.5,105918.5,106138.5,247.852
2024-12-16 19:20:00,106138.5,106143.5,106050.0,106050.3,264.41
2024-12-16 19:21:00,106050.3,106050.3,105948.9,105960.6,135.123
2024-12-16 19:22:00,105960.6,105976.8,105831.7,105831.7,176.214
2024-12-16 19:23:00,105831.7,105922.7,105767.7,105886.0,179.131
2024-12-16 19:24:00,105886.0,106076.2,105873.3,106051.6,268.557
2024-12-16 19:25:00,106051.6,106141.2,106051.6,106126.1,154.648
2024-12-16 19:26:00,106126.1,106161.9,105919.4,105929.4,121.448
2024-12-16 19:27:00,105929.4,106028.3,105867.3,106004.9,145.526
2024-12-16 19:28:00,106004.9,106046.1,105954.1,105954.2,104.774
2024-12-16 19:29:00,105954.2,106090.8,105954.1,106089.3,60.957
2024-12-16 19:30:00,106089.3,106089.3,105895.0,105909.9,122.573
2024-12-16 19:31:00,105909.9,106218.8,105909.9,106181.5,187.809
2024-12-16 19:32:00,106181.5,106227.8,106161.2,106199.7,185.92
2024-12-16 19:33:00,106199.7,106257.1,106081.2,106136.8,120.641
2024-12-16 19:34:00,106136.8,106161.4,106029.5,106109.2,119.94
2024-12-16 19:35:00,106109.2,106315.5,106109.1,106253.6,95.039
2024-12-16 19:36:00,106253.6,106325.3,106232.9,106240.8,174.139
2024-12-16 19:37:00,106240.8,106358.9,106240.8,106329.2,83.106
2024-12-16 19:38:00,106329.2,106335.6,106253.0,106324.9,74.001
2024-12-16 19:39:00,106324.9,106450.8,106306.5,106450.8,84.047
2024-12-16 19:40:00,106450.8,106459.5,106362.4,106415.9,104.743
2024-12-16 19:41:00,106415.9,106487.9,106396.6,106483.2,117.59
2024-12-16 19:42:00,106483.2,106483.2,106250.2,106279.9,97.416
2024-12-16 19:43:00,106279.9,106364.9,106250.0,106364.9,131.482
2024-12-16 19:44:00,106364.9,106428.8,106364.6,106378.8,34.735
2024-12-16 19:45:00,106378.8,106481.4,106378.8,106440.6,52.002
2024-12-16 19:46:00,106440.6,106440.6,106270.0,106364.8,75.865
2024-12-16 19:47:00,106364.8,106364.8,106171.5,106244.8,102.997
2024-12-16 19:48:00,106244.8,106288.9,106189.4,106231.4,126.09
2024-12-16 19:49:00,106231.4,106262.3,106162.0,106238.2,38.779
2024-12-16 19:50:00,106238.2,106289.2,106182.2,106253.5,42.651
2024-12-16 19:51:00,106253.5,106350.3,106253.5,106349.9,40.616
2024-12-16 19:52:00,106349.9,106511.0,106349.8,106477.1,92.827
2024-12-16 19:53:00,106477.1,106569.4,106476.8,106526.3,127.018
2024-12-16 19:54:00,106526.3,106547.9,106487.3,106535.0,129.543
2024-12-16 19:55:00,106535.0,106586.2,106500.0,106567.9,120.666
2024-12-16 19:56:00,106567.9,106587.1,106527.1,106577.5,40.834
2024-12-16 19:57:00,106577.5,106586.1,106515.1,106525.5,70.597
2024-12-16 19:58:00,106525.5,106566.0,106515.0,106566.0,79.525
2024-12-16 19:59:00,106566.0,106614.4,106546.0,106546.0,27.271
2024-12-16 20:00:00,106546.0,106564.4,106465.0,106470.1,39.075
2024-12-16 20:01:00,106470.1,106597.7,106470.1,106597.7,60.413
2024-12-16 20:02:00,106597.7,106600.0,106359.0,106359.0,88.815
2024-12-16 20:03:00,106359.0,106360.3,106207.8,106316.3,116.448
2024-12-16 20:04:00,106316.3,106319.3,106217.7,106221.2,82.526
2024-12-16 20:05:00,106221.2,106287.8,106207.7,106208.0,59.298
2024-12-16 20:06:00,106208.0,106323.2,106206.1,106311.6,51.527
2024-12-16 20:07:00,106311.6,106311.6,106173.8,106173.8,73.312
2024-12-16 20:08:00,106173.8,106274.5,106168.0,106274.5,58.299
2024-12-16 20:09:00,106274.5,106339.8,106216.5,106336.6,67.223
2024-12-16 20:10:00,106336.6,106412.2,106306.2,106315.2,48.531
2024-12-16 20:11:00,106315.2,106322.8,106249.8,106279.3,89.777
2024-12-16 20:12:00,106279.3,106387.5,106242.6,106330.1,779.401
2024-12-16 20:13:00,106330.1,106363.4,106305.1,106332.5,484.998
2024-12-16 20:14:00,106332.5,106384.8,106301.9,106309.0,71.98
2024-12-16 20:15:00,106309.0,106396.1,106303.7,106350.0,84.628
2024-12-16 20:16:00,106350.0,106359.3,106288.0,106288.0,223.462
2024-12-16 20:17:00,106288.0,106451.1,106288.0,106436.0,328.347
2024-12-16 20:18:00,106436.0,106445.7,106401.1,106409.5,30.9
2024-12-16 20:19:00,106409.5,106443.2,106327.5,106336.0,37.991
2024-12-16 20:20:00,106336.0,106379.5,106317.1,106317.1,15.193
2024-12-16 20:21:00,106317.1,106438.0,106316.6,106395.2,23.979
2024-12-16 20:22:00,106395.2,106395.2,106309.7,106352.2,35.378
2024-12-16 20:23:00,106352.2,106398.1,106219.8,106266.0,31.257
2024-12-16 20:24:00,106266.0,106266.3,106114.9,106119.5,79.919
2024-12-16 20:25:00,106119.5,106119.5,106030.1,106076.0,175.605
2024-12-16 20:26:00,106076.0,106239.8,106062.3,106239.8,76.066
2024-12-16 20:27:00,106239.8,106307.4,106203.4,106307.1,48.828
2024-12-16 20:28:00,106307.1,106365.0,106224.8,106235.4,55.311
2024-12-16 20:29:00,106235.4,106235.7,106177.4,106203.3,23.476
2024-12-16 20:30:00,106203.3,106228.9,106177.3,106209.9,21.181
2024-12-16 20:31:00,106209.9,106209.9,106104.4,106148.6,24.5
2024-12-16 20:32:00,106148.6,106210.2,106132.0,106210.2,33.429
2024-12-16 20:33:00,106210.2,106210.2,106118.9,106130.5,13.467
2024-12-16 20:34:00,106130.5,106267.2,106130.5,106198.1,19.15
2024-12-16 20:35:00,106198.1,106198.1,106068.3,106083.4,30.92
2024-12-16 20:36:00,106083.4,106182.8,106068.7,106141.7,57.505
2024-12-16 20:37:00,106141.7,106141.7,106060.5,106060.7,61.378
2024-12-16 20:38:00,106060.7,106100.6,106050.6,106071.8,28.188
2024-12-16 20:39:00,106071.8,106120.2,106050.0,106069.1,41.295
2024-12-16 20:40:00,106069.1,106119.0,106046.1,106090.7,20.363
2024-12-16 20:41:00,106090.7,106190.1,106089.9,106175.7,17.761
2024-12-16 20:42:00,106175.7,106198.3,106123.0,106193.6,30.36
2024-12-16 20:43:00,106193.6,106193.9,106132.3,106148.6,15.163
2024-12-16 20:44:00,106148.6,106250.8,106148.6,106233.5,26.607
2024-12-16 20:45:00,106233.5,106235.6,106123.0,106123.1,43.674
2024-12-16 20:46:00,106123.1,106123.1,105971.9,105990.0,56.474
2024-12-16 20:47:00,105990.0,106003.5,105883.8,105886.6,125.854
2024-12-16 20:48:00,105886.6,105908.6,105849.9,105894.5,80.814
2024-12-16 20:49:00,105894.5,105918.6,105870.9,105870.9,98.663
2024-12-16 20:50:00,105870.9,105959.0,105804.8,105958.7,62.66
2024-12-16 20:51:00,105958.7,105958.7,105862.5,105901.3,86.22
2024-12-16 20:52:00,105901.3,105977.0,105871.2,105976.5,54.061
2024-12-16 20:53:00,105976.5,105985.7,105892.4,105980.0,35.327
2024-12-16 20:54:00,105980.0,106054.4,105972.0,106030.4,38.4
2024-12-16 20:55:00,106030.4,106030.4,105951.4,105978.1,33.882
2024-12-16 20:56:00,105978.1,105982.5,105887.5,105892.7,19.288
2024-12-16 20:57:00,105892.7,105944.7,105844.6,105944.7,19.64
2024-12-16 20:58:00,105944.7,105975.8,105896.6,105975.5,20.955
2024-12-16 20:59:00,105975.5,106000.2,105728.2,105758.2,79.605
2024-12-16 21:00:00,105758.2,105893.6,105758.2,105859.9,164.367
2024-12-16 21:01:00,105859.9,105920.2,105840.4,105850.0,47.135
2024-12-16 21:02:00,105850.0,105924.1,105850.0,105922.4,31.352
2024-12-16 21:03:00,105922.4,105945.0,105885.9,105919.2,18.944
2024-12-16 21:04:00,105919.2,105919.2,105810.0,105813.2,29.077
2024-12-16 21:05:00,105813.2,105813.2,105689.4,105759.1,64.198
2024-12-16 21:06:00,105759.1,105765.8,105666.0,105714.4,90.727
2024-12-16 21:07:00,105714.4,105778.9,105664.0,105664.0,50.155
2024-12-16 21:08:00,105664.0,105728.6,105664.0,105681.8,43.493
2024-12-16 21:09:00,105681.8,105702.2,105630.5,105630.5,49.492
2024-12-16 21:10:00,105630.5,105750.0,105630.5,105750.0,59.24
2024-12-16 21:11:00,105750.0,105834.6,105748.8,105829.1,82.673
2024-12-16 21:12:00,105829.1,105875.9,105802.4,105802.4,75.024
2024-12-16 21:13:00,105802.4,105860.9,105784.4,105800.3,78.837
2024-12-16 21:14:00,105800.3,105872.5,105800.0,105850.3,31.988
2024-12-16 21:15:00,105850.3,105968.4,105839.5,105968.4,37.828
2024-12-16 21:16:00,105968.4,105976.5,105924.4,105957.4,60.373
2024-12-16 21:17:00,105957.4,105960.2,105900.0,105927.5,18.923
2024-12-16 21:18:00,105927.5,105990.1,105927.5,105975.4,25.128
2024-12-16 21:19:00,105975.4,105985.8,105865.8,105865.9,38.842
2024-12-16 21:20:00,105865.9,105899.5,105858.6,105872.5,23.896
2024-12-16 21:21:00,105872.5,105880.2,105831.3,105833.9,11.214
2024-12-16 21:22:00,105833.9,105909.2,105833.6,105904.1,11.914
2024-12-16 21:23:00,105904.1,105916.0,105855.3,105916.0,19.005
2024-12-16 21:24:00,105916.0,105936.2,105904.1,105904.1,8.417
2024-12-16 21:25:00,105904.1,105928.2,105896.5,105928.2,12.471
2024-12-16 21:26:00,105928.2,105934.8,105896.3,105926.1,19.821
2024-12-16 21:27:00,105926.1,105926.1,105899.3,105925.9,22.758
2024-12-16 21:28:00,105925.9,105926.0,105878.1,105878.1,18.434
2024-12-16 21:29:00,105878.1,105883.1,105856.2,105873.1,11.82
2024-12-16 21:30:00,105873.1,105922.0,105873.1,105908.2,26.08
2024-12-16 21:31:00,105908.2,105908.2,105845.0,105845.0,25.825
2024-12-16 21:32:00,105845.0,105845.2,105732.5,105765.0,38.63
2024-12-16 21:33:00,105765.0,105814.2,105765.0,105805.7,106.672
2024-12-16 21:34:00,105805.7,105805.7,105770.0,105770.1,44.691
2024-12-16 21:35:00,105770.1,105816.7,105765.4,105816.4,33.347
2024-12-16 21:36:00,105816.4,105887.7,105816.4,105880.6,25.56
2024-12-16 21:37:00,105880.6,105941.0,105880.6,105919.9,29.468
2024-12-16 21:38:00,105919.9,105969.1,105919.6,105937.7,33.49
2024-12-16 21:39:00,105937.7,105937.7,105842.3,105875.6,52.953
2024-12-16 21:40:00,105875.6,105911.1,105869.8,105911.0,29.238
2024-12-16 21:41:00,105911.0,105911.0,105853.7,105853.8,11.262
2024-12-16 21:42:00,105853.8,105897.3,105853.6,105897.3,15.892
2024-12-16 21:43:00,105897.3,105930.2,105897.0,105930.2,33.343
2024-12-16 21:44:00,105930.2,105942.3,105930.2,105934.7,23.769
2024-12-16 21:45:00,105934.7,105971.0,105912.7,105964.5,30.614
2024-12-16 21:46:00,105964.5,106038.4,105964.2,105998.8,61.527
2024-12-16 21:47:00,105998.8,106082.0,105998.8,106082.0,42.073
2024-12-16 21:48:00,106082.0,106135.5,106081.9,106134.1,63.284
2024-12-16 21:49:00,106134.1,106225.0,106129.4,106225.0,102.866
2024-12-16 21:50:00,106225.0,106236.9,106153.0,106153.0,133.193
2024-12-16 21:51:00,106153.0,106153.1,106093.7,106123.3,55.556
2024-12-16 21:52:00,106123.3,106145.2,106123.3,106134.7,39.836
2024-12-16 21:53:00,106134.7,106135.8,106103.6,106103.9,58.056
2024-12-16 21:54:00,106103.9,106115.2,106090.8,106095.3,39.473
2024-12-16 21:55:00,106095.3,106126.3,106095.0,106126.3,26.594
2024-12-16 21:56:00,106126.3,106126.3,106099.8,106099.9,18.902
2024-12-16 21:57:00,106099.9,106099.9,106032.2,106071.1,16.739
2024-12-16 21:58:00,106071.1,106089.2,106042.2,106069.6,18.557
2024-12-16 21:59:00,106069.6,106069.6,106011.8,106011.8,20.417
2024-12-16 22:00:00,106011.8,106083.5,106011.8,106083.5,15.022
2024-12-16 22:01:00,106083.5,106083.6,106050.3,106068.8,16.651
2024-12-16 22:02:00,106068.8,106096.5,106068.8,106090.2,12.486
2024-12-16 22:03:00,106090.2,106090.2,106027.7,106027.7,10.358
2024-12-16 22:04:00,106027.7,106091.7,106006.0,106063.1,16.669
2024-12-16 22:05:00,106063.1,106063.1,105998.0,105998.1,15.315
2024-12-16 22:06:00,105998.1,105998.3,105924.7,105924.9,15.17
2024-12-16 22:07:00,105924.9,106050.0,105924.7,106049.8,24.41
2024-12-16 22:08:00,106049.8,106085.8,106015.0,106021.2,19.185
2024-12-16 22:09:00,106021.2,106051.8,106021.2,106051.3,17.718
2024-12-16 22:10:00,106051.3,106118.5,106051.3,106118.5,15.995
2024-12-16 22:11:00,106118.5,106171.6,106114.2,106157.2,32.749
2024-12-16 22:12:00,106157.2,106157.3,106126.8,106157.0,33.436
2024-12-16 22:13:00,106157.0,106243.8,106156.9,106242.8,35.177
2024-12-16 22:14:00,106242.8,106260.5,106221.1,106230.5,55.869
2024-12-16 22:15:00,106230.5,106237.3,106171.5,106180.7,35.979
2024-12-16 22:16:00,106180.7,106197.2,106140.5,106140.5,26.131
2024-12-16 22:17:00,106140.5,106140.8,106051.4,106051.4,22.273
2024-12-16 22:18:00,106051.4,106060.2,105977.3,106007.6,30.477
2024-12-16 22:19:00,106007.6,106007.9,105974.8,106007.9,35.806
2024-12-16 22:20:00,106007.9,106044.8,106007.5,106044.8,47.065
2024-12-16 22:21:00,106044.8,106058.1,105994.8,105994.8,25.077
2024-12-16 22:22:00,105994.8,106032.4,105981.1,105982.2,42.181
2024-12-16 22:23:00,105982.2,105982.2,105972.8,105973.0,64.547
2024-12-16 22:24:00,105973.0,105984.1,105939.2,105984.1,24.796
2024-12-16 22:25:00,105984.1,106006.3,105973.9,105974.1,16.585
2024-12-16 22:26:00,105974.1,105974.5,105960.6,105960.9,11.204
2024-12-16 22:27:00,105960.9,105974.5,105960.6,105974.4,8.295
2024-12-16 22:28:00,105974.4,106023.8,105974.4,106021.0,16.919
2024-12-16 22:29:00,106021.0,106021.3,106012.3,106018.9,21.171
2024-12-16 22:30:00,106018.9,106019.1,106018.6,106018.9,10.289
2024-12-16 22:31:00,106018.9,106040.2,105970.2,105970.2,13.264
2024-12-16 22:32:00,105970.2,105970.3,105955.3,105955.5,19.378
2024-12-16 22:33:00,105955.5,105955.6,105948.2,105948.5,26.045
2024-12-16 22:34:00,105948.5,105964.4,105948.0,105948.0,13.056
2024-12-16 22:35:00,105948.0,105948.0,105939.2,105944.0,17.994
2024-12-16 22:36:00,105944.0,105944.2,105888.0,105888.0,27.289
2024-12-16 22:37:00,105888.0,105890.0,105880.5,105880.5,64.299
2024-12-16 22:38:00,105880.5,105880.5,105864.9,105865.2,23.579
2024-12-16 22:39:00,105865.2,106000.2,105865.1,106000.2,26.186
2024-12-16 22:40:00,106000.2,106058.3,105999.9,106058.3,44.187
2024-12-16 22:41:00,106058.3,106058.5,106010.0,106027.7,31.742
2024-12-16 22:42:00,106027.7,106027.7,105950.4,105950.7,19.582
2024-12-16 22:43:00,105950.7,105969.0,105945.3,105968.9,22.591
2024-12-16 22:44:00,105968.9,106009.4,105968.9,106009.1,9.143
2024-12-16 22:45:00,106009.1,106040.4,106009.1,106027.5,6.823
2024-12-16 22:46:00,106027.5,106027.6,106015.3,106027.4,9.949
2024-12-16 22:47:00,106027.4,106027.4,105924.6,105924.9,13.797
2024-12-16 22:48:00,105924.9,105924.9,105907.7,105924.8,23.003
2024-12-16 22:49:00,105924.8,105990.5,105924.0,105987.5,13.391
2024-12-16 22:50:00,105987.5,105987.5,105897.0,105897.3,9.947
2024-12-16 22:51:00,105897.3,105897.3,105890.0,105890.0,15.156
2024-12-16 22:52:00,105890.0,105890.1,105798.8,105807.5,33.994
2024-12-16 22:53:00,105807.5,105807.6,105791.9,105800.3,84.494
2024-12-16 22:54:00,105800.3,105800.3,105755.0,105755.0,27.218
2024-12-16 22:55:00,105755.0,105755.1,105701.9,105702.2,35.892
2024-12-16 22:56:00,105702.2,105702.2,105669.0,105669.0,44.039
2024-12-16 22:57:00,105669.0,105781.4,105669.0,105758.9,54.341
2024-12-16 22:58:00,105758.9,105759.7,105710.0,105712.3,59.149
2024-12-16 22:59:00,105712.3,105776.4,105712.3,105762.4,21.63
2024-12-16 23:00:00,105762.4,105799.3,105722.6,105799.3,33.396
2024-12-16 23:01:00,105799.3,105897.5,105799.3,105876.8,65.759
2024-12-16 23:02:00,105876.8,105914.4,105851.0,105851.7,39.993
2024-12-16 23:03:00,105851.7,105900.0,105828.0,105900.0,46.633
2024-12-16 23:04:00,105900.0,105900.0,105798.8,105799.1,86.953
2024-12-16 23:05:00,105799.1,105799.1,105692.3,105692.6,40.812
2024-12-16 23:06:00,105692.6,105700.3,105664.0,105664.2,66.913
2024-12-16 23:07:00,105664.2,105696.5,105662.9,105682.6,60.283
2024-12-16 23:08:00,105682.6,105682.6,105635.8,105636.0,50.979
2024-12-16 23:09:00,105636.0,105785.8,105636.0,105710.9,47.338
2024-12-16 23:10:00,105710.9,105784.5,105708.9,105784.5,54.309
2024-12-16 23:11:00,105784.5,105788.8,105740.0,105752.7,13.892
2024-12-16 23:12:00,105752.7,105786.8,105752.7,105769.3,14.167
2024-12-16 23:13:00,105769.3,105837.1,105769.3,105836.2,9.018
2024-12-16 23:14:00,105836.2,105860.8,105820.0,105820.2,24.183
2024-12-16 23:15:00,105820.2,105927.6,105812.6,105905.5,44.279
2024-12-16 23:16:00,105905.5,105960.2,105892.3,105940.3,46.504
2024-12-16 23:17:00,105940.3,106003.8,105940.2,105981.1,85.266
2024-12-16 23:18:00,105981.1,105981.1,105880.0,105880.1,170.322
2024-12-16 23:19:00,105880.1,105887.8,105785.3,105790.1,42.952
2024-12-16 23:20:00,105790.1,105796.8,105700.0,105796.8,39.529
2024-12-16 23:21:00,105796.8,105796.8,105731.1,105739.4,62.74
2024-12-16 23:22:00,105739.4,105784.2,105738.8,105746.4,17.381
2024-12-16 23:23:00,105746.4,105774.7,105744.1,105751.8,19.124
2024-12-16 23:24:00,105751.8,105771.4,105750.2,105750.2,10.338
2024-12-16 23:25:00,105750.2,105750.5,105662.8,105700.2,29.553
2024-12-16 23:26:00,105700.2,105700.2,105561.2,105569.8,125.313
2024-12-16 23:27:00,105569.8,105587.2,105528.6,105559.2,197.853
2024-12-16 23:28:00,105559.2,105619.5,105550.1,105610.1,109.513
2024-12-16 23:29:00,105610.1,105610.1,105494.7,105516.3,116.119
2024-12-16 23:30:00,105516.3,105554.9,105494.0,105542.3,145.587
2024-12-16 23:31:00,105542.3,105542.4,105500.0,105500.1,79.373
2024-12-16 23:32:00,105500.1,105538.5,105500.0,105500.1,43.285
2024-12-16 23:33:00,105500.1,105515.9,105480.0,105480.6,98.947
2024-12-16 23:34:00,105480.6,105494.0,105424.0,105424.2,125.983
2024-12-16 23:35:00,105424.2,105494.0,105424.0,105435.1,77.001
2024-12-16 23:36:00,105435.1,105500.3,105435.1,105475.8,65.21
2024-12-16 23:37:00,105475.8,105574.5,105469.9,105574.0,52.565
2024-12-16 23:38:00,105574.0,105611.0,105573.7,105590.8,59.213
2024-12-16 23:39:00,105590.8,105590.8,105543.5,105543.5,49.56
2024-12-16 23:40:00,105543.5,105592.0,105536.5,105592.0,22.358
2024-12-16 23:41:00,105592.0,105688.2,105591.6,105680.2,36.562
2024-12-16 23:42:00,105680.2,105726.9,105680.1,105722.8,90.688
2024-12-16 23:43:00,105722.8,105722.8,105691.7,105691.8,117.624
2024-12-16 23:44:00,105691.8,105691.9,105659.6,105680.9,20.296
2024-12-16 23:45:00,105680.9,105723.1,105680.6,105716.1,34.434
2024-12-16 23:46:00,105716.1,105716.4,105681.8,105696.2,35.649
2024-12-16 23:47:00,105696.2,105700.2,105664.2,105692.2,18.407
2024-12-16 23:48:00,105692.2,105830.5,105691.9,105824.6,45.63
2024-12-16 23:49:00,105824.6,105950.0,105824.5,105949.9,70.49
2024-12-16 23:50:00,105949.9,105970.1,105910.1,105958.3,88.984
2024-12-16 23:51:00,105958.3,106009.1,105958.0,105962.9,88.45
2024-12-16 23:52:00,105962.9,105963.0,105896.8,105956.6,74.607
2024-12-16 23:53:00,105956.6,106000.2,105952.2,105995.2,45.363
2024-12-16 23:54:00,105995.2,105995.2,105959.3,105971.3,51.955
2024-12-16 23:55:00,105971.3,105971.4,105922.1,105922.1,22.628
2024-12-16 23:56:00,105922.1,105947.3,105902.9,105947.2,31.902
2024-12-16 23:57:00,105947.2,106001.8,105941.9,105970.0,34.792
2024-12-16 23:58:00,105970.0,106001.9,105942.0,106001.6,47.549
2024-12-16 23:59:00,106001.6,106027.6,105981.5,106023.5,66.195
2024-12-17 00:00:00,106023.5,106083.3,106023.2,106043.3,64.611
2024-12-17 00:01:00,106043.3,106043.3,106000.0,106012.1,96.232
2024-12-17 00:02:00,106012.1,106012.1,105930.0,105986.5,39.674
2024-12-17 00:03:00,105986.5,105986.5,105915.0,105940.0,52.225
2024-12-17 00:04:00,105940.0,105985.3,105940.0,105984.1,65.302
2024-12-17 00:05:00,105984.1,106000.0,105925.0,105930.0,38.009
2024-12-17 00:06:00,105930.0,105971.1,105919.9,105957.4,34.856
2024-12-17 00:07:00,105957.4,105964.2,105944.9,105964.1,34.333
2024-12-17 00:08:00,105964.1,105964.2,105941.6,105964.2,31.648
2024-12-17 00:09:00,105964.2,105964.2,105941.9,105941.9,29.529
2024-12-17 00:10:00,105941.9,105942.0,105733.3,105739.1,69.553
2024-12-17 00:11:00,105739.1,105754.9,105674.5,105696.5,71.416
2024-12-17 00:12:00,105696.5,105697.5,105644.2,105682.9,55.979
2024-12-17 00:13:00,105682.9,105886.2,105627.4,105882.0,68.435
2024-12-17 00:14:00,105882.0,105965.9,105854.0,105940.2,84.975
2024-12-17 00:15:00,105940.2,105993.8,105878.5,105974.6,46.7
2024-12-17 00:16:00,105974.6,106014.2,105950.6,106005.6,52.956
2024-12-17 00:17:00,106005.6,106022.4,105957.8,106013.7,43.841
2024-12-17 00:18:00,106013.7,106115.0,106013.6,106115.0,78.327
2024-12-17 00:19:00,106115.0,106135.8,106068.2,106130.7,146.151
2024-12-17 00:20:00,106130.7,106142.4,106063.3,106072.6,74.302
2024-12-17 00:21:00,106072.6,106147.8,106065.1,106130.5,54.112
2024-12-17 00:22:00,106130.5,106154.8,106112.7,106112.7,66.698
2024-12-17 00:23:00,106112.7,106112.7,105999.6,106062.2,109.485
2024-12-17 00:24:00,106062.2,106088.9,106007.9,106007.9,51.388
2024-12-17 00:25:00,106007.9,106008.2,105839.9,105882.0,51.817
2024-12-17 00:26:00,105882.0,105882.2,105800.0,105804.3,118.123
2024-12-17 00:27:00,105804.3,105820.2,105777.0,105804.3,47.781
2024-12-17 00:28:00,105804.3,106068.4,105800.3,106020.8,74.124
2024-12-17 00:29:00,106020.8,106100.0,106005.7,106100.0,94.115
2024-12-17 00:30:00,106100.0,106200.2,106083.4,106185.0,73.279
2024-12-17 00:31:00,106185.0,106185.3,106077.7,106088.6,119.105
2024-12-17 00:32:00,106088.6,106114.3,106029.5,106114.3,49.1
2024-12-17 00:33:00,106114.3,106186.6,106109.6,106144.5,48.694
2024-12-17 00:34:00,106144.5,106144.5,106095.2,106095.2,43.886
2024-12-17 00:35:00,106095.2,106095.2,106031.5,106071.1,38.453
2024-12-17 00:36:00,106071.1,106076.0,106033.3,106055.1,24.257
2024-12-17 00:37:00,106055.1,106100.0,106048.4,106091.2,25.879
2024-12-17 00:38:00,106091.2,106091.5,105977.0,106000.7,52.052
2024-12-17 00:39:00,106000.7,106058.6,105996.7,106017.2,38.012
2024-12-17 00:40:00,106017.2,106080.8,105958.5,106080.8,37.987
2024-12-17 00:41:00,106080.8,106171.7,106080.8,106141.3,52.936
2024-12-17 00:42:00,106141.3,106141.5,106109.9,106131.1,61.908
2024-12-17 00:43:00,106131.1,106131.1,106056.4,106058.2,18.449
2024-12-17 00:44:00,106058.2,106072.1,106016.7,106017.0,19.015
2024-12-17 00:45:00,106017.0,106017.0,105950.0,105963.6,35.199
2024-12-17 00:46:00,105963.6,105987.7,105885.2,105885.2,50.263
2024-12-17 00:47:00,105885.2,105915.2,105880.0,105880.1,32.783
2024-12-17 00:48:00,105880.1,105885.2,105808.3,105826.2,29.999
2024-12-17 00:49:00,105826.2,105879.6,105785.1,105879.6,57.816
2024-12-17 00:50:00,105879.6,106037.3,105872.2,105986.1,89.119
2024-12-17 00:51:00,105986.1,105986.4,105916.2,105986.3,93.617
2024-12-17 00:52:00,105986.3,106029.7,105940.8,105960.2,18.258
2024-12-17 00:53:00,105960.2,106020.2,105941.9,106020.2,27.179
2024-12-17 00:54:00,106020.2,106085.7,105983.9,106085.4,29.441
2024-12-17 00:55:00,106085.4,106099.3,105966.2,105973.2,48.107
2024-12-17 00:56:00,105973.2,105987.2,105900.9,105915.5,29.778
2024-12-17 00:57:00,105915.5,105979.0,105901.1,105979.0,15.124
2024-12-17 00:58:00,105979.0,106019.3,105973.3,105973.3,17.06
2024-12-17 00:59:00,105973.3,105973.3,105807.4,105818.1,12.667
2024-12-17 01:00:00,105818.1,105832.7,105800.0,105800.2,32.51
2024-12-17 01:01:00,105800.2,105849.0,105714.3,105723.1,34.776
2024-12-17 01:02:00,105723.1,105816.7,105714.3,105784.7,46.086
2024-12-17 01:03:00,105784.7,105784.7,105718.9,105747.3,49.209
2024-12-17 01:04:00,105747.3,105860.7,105720.1,105860.7,41.803
2024-12-17 01:05:00,105860.7,105948.4,105860.7,105948.1,53.971
2024-12-17 01:06:00,105948.1,105991.8,105901.9,105950.1,51.437
2024-12-17 01:07:00,105950.1,105950.1,105900.0,105918.9,33.916
2024-12-17 01:08:00,105918.9,106001.9,105918.9,105998.9,26.511
2024-12-17 01:09:00,105998.9,106012.0,105917.7,105940.4,40.101
2024-12-17 01:10:00,105940.4,105947.8,105898.8,105947.5,20.15
2024-12-17 01:11:00,105947.5,105980.0,105930.2,105980.0,7.304
2024-12-17 01:12:00,105980.0,105998.9,105915.5,105915.5,5.773
2024-12-17 01:13:00,105915.5,105950.2,105900.5,105936.2,6.905
2024-12-17 01:14:00,105936.2,105949.9,105934.0,105945.1,10.627
2024-12-17 01:15:00,105945.1,105968.6,105920.1,105930.4,11.223
2024-12-17 01:16:00,105930.4,105930.7,105822.7,105822.7,18.716
2024-12-17 01:17:00,105822.7,105845.2,105789.8,105802.7,33.552
2024-12-17 01:18:00,105802.7,105866.0,105802.7,105862.2,23.378
2024-12-17 01:19:00,105862.2,105956.2,105847.0,105956.2,16.657
2024-12-17 01:20:00,105956.2,105963.7,105924.3,105934.0,10.116
2024-12-17 01:21:00,105934.0,106028.8,105934.0,106011.4,31.893
2024-12-17 01:22:00,106011.4,106018.5,105970.0,105976.8,48.233
2024-12-17 01:23:00,105976.8,106008.0,105970.0,106008.0,31.007
2024-12-17 01:24:00,106008.0,106100.0,106007.9,106045.6,43.293
2024-12-17 01:25:00,106045.6,106101.2,106030.4,106058.5,39.879
2024-12-17 01:26:00,106058.5,106132.0,106058.5,106128.0,57.042
2024-12-17 01:27:00,106128.0,106154.0,106121.8,106153.8,28.486
2024-12-17 01:28:00,106153.8,106156.9,106131.4,106134.0,46.256
2024-12-17 01:29:00,106134.0,106155.2,106133.7,106141.2,23.988
2024-12-17 01:30:00,106141.2,106155.0,106128.3,106155.0,19.087
2024-12-17 01:31:00,106155.0,106173.7,106128.3,106139.4,23.053
2024-12-17 01:32:00,106139.4,106150.3,106070.5,106149.9,65.498
2024-12-17 01:33:00,106149.9,106158.9,106131.3,106135.5,101.856
2024-12-17 01:34:00,106135.5,106169.2,106135.2,106162.5,25.196
2024-12-17 01:35:00,106162.5,106322.2,106162.5,106320.4,61.133
2024-12-17 01:36:00,106320.4,106320.4,106247.7,106247.7,146.176
2024-12-17 01:37:00,106247.7,106308.7,106205.1,106306.5,53.602
2024-12-17 01:38:00,106306.5,106306.5,106264.1,106276.6,22.667
2024-12-17 01:39:00,106276.6,106377.3,106264.7,106348.8,33.923
2024-12-17 01:40:00,106348.8,106355.0,106314.4,106318.2,69.744
2024-12-17 01:41:00,106318.2,106332.3,106300.0,106303.2,43.154
2024-12-17 01:42:00,106303.2,106393.5,106288.2,106290.0,40.425
2024-12-17 01:43:00,106290.0,106299.7,106258.7,106293.6,50.296
2024-12-17 01:44:00,106293.6,106293.6,106245.4,106287.2,33.194
2024-12-17 01:45:00,106287.2,106366.8,106250.0,106366.0,27.693
2024-12-17 01:46:00,106366.0,106380.0,106345.7,106380.0,30.424
2024-12-17 01:47:00,106380.0,106421.3,106366.6,106366.9,40.122
2024-12-17 01:48:00,106366.9,106392.0,106307.6,106307.6,89.148
2024-12-17 01:49:00,106307.6,106307.9,106265.8,106279.8,74.061
2024-12-17 01:50:00,106279.8,106279.8,106215.5,106236.8,47.454
2024-12-17 01:51:00,106236.8,106291.1,106200.0,106291.1,45.705
2024-12-17 01:52:00,106291.1,106367.0,106291.1,106360.1,43.455
2024-12-17 01:53:00,106360.1,106360.4,106345.7,106360.4,32.653
2024-12-17 01:54:00,106360.4,106360.4,106323.9,106324.2,17.758
2024-12-17 01:55:00,106324.2,106347.8,106308.4,106347.7,18.924
2024-12-17 01:56:00,106347.7,106372.8,106336.1,106336.1,15.125
2024-12-17 01:57:00,106336.1,106336.4,106316.3,106325.9,26.22
2024-12-17 01:58:00,106325.9,106325.9,106318.4,106320.0,10.094
2024-12-17 01:59:00,106320.0,106323.4,106320.0,106323.1,18.963
2024-12-17 02:00:00,106323.1,106333.8,106323.1,106331.1,23.709
2024-12-17 02:01:00,106331.1,106373.4,106331.1,106373.4,25.255
2024-12-17 02:02:00,106373.4,106411.2,106323.2,106323.5,17.91
2024-12-17 02:03:00,106323.5,106350.1,106323.1,106350.1,36.316
2024-12-17 02:04:00,106350.1,106387.7,106328.2,106377.3,14.913
2024-12-17 02:05:00,106377.3,106377.4,106367.4,106367.4,14.175
2024-12-17 02:06:00,106367.4,106390.1,106367.4,106384.1,17.538
2024-12-17 02:07:00,106384.1,106444.2,106379.7,106388.4,39.307
2024-12-17 02:08:00,106388.4,106423.4,106388.4,106407.5,58.9
2024-12-17 02:09:00,106407.5,106420.9,106381.0,106420.6,31.125
2024-12-17 02:10:00,106420.6,106421.0,106380.0,106421.0,32.979
2024-12-17 02:11:00,106421.0,106450.3,106399.1,106433.1,52.396
2024-12-17 02:12:00,106433.1,106495.9,106433.1,106480.7,88.036
2024-12-17 02:13:00,106480.7,106481.0,106456.7,106475.8,47.074
2024-12-17 02:14:00,106475.8,106483.0,106450.0,106450.2,48.294
2024-12-17 02:15:00,106450.2,106550.2,106445.7,106544.0,54.293
2024-12-17 02:16:00,106544.0,106544.0,106535.3,106535.7,149.654
2024-12-17 02:17:00,106535.7,106535.7,106460.2,106494.5,163.308
2024-12-17 02:18:00,106494.5,106494.5,106445.8,106473.3,122.711
2024-12-17 02:19:00,106473.3,106473.7,106472.7,106473.6,177.749
2024-12-17 02:20:00,106473.6,106487.9,106423.4,106423.7,57.826
2024-12-17 02:21:00,106423.7,106449.6,106400.0,106400.0,33.705
2024-12-17 02:22:00,106400.0,106400.1,106320.0,106350.0,52.587
2024-12-17 02:23:00,106350.0,106359.5,106294.8,106306.5,92.105
2024-12-17 02:24:00,106306.5,106306.7,106284.0,106299.9,140.681
2024-12-17 02:25:00,106299.9,106387.1,106294.9,106359.8,54.906
2024-12-17 02:26:00,106359.8,106431.8,106347.0,106428.2,36.214
2024-12-17 02:27:00,106428.2,106428.3,106381.1,106424.0,31.953
2024-12-17 02:28:00,106424.0,106506.3,106424.0,106506.0,31.505
2024-12-17 02:29:00,106506.0,106518.2,106488.3,106517.7,53.685
2024-12-17 02:30:00,106517.7,106539.7,106501.8,106502.6,40.725
2024-12-17 02:31:00,106502.6,106539.5,106501.8,106520.5,55.222
2024-12-17 02:32:00,106520.5,106520.5,106440.0,106498.5,35.877
2024-12-17 02:33:00,106498.5,106500.0,106472.0,106480.1,33.603
2024-12-17 02:34:00,106480.1,106480.1,106427.9,106427.9,9.751
2024-12-17 02:35:00,106427.9,106449.8,106381.1,106449.8,22.491
2024-12-17 02:36:00,106449.8,106450.0,106409.1,106449.9,37.996
2024-12-17 02:37:00,106449.9,106455.8,106424.7,106430.2,23.56
2024-12-17 02:38:00,106430.2,106430.2,106365.0,106365.3,25.486
2024-12-17 02:39:00,106365.3,106365.3,106288.2,106288.5,16.888
2024-12-17 02:40:00,106288.5,106312.8,106236.5,106236.5,26.684
2024-12-17 02:41:00,106236.5,106314.8,106235.5,106304.6,68.773
2024-12-17 02:42:00,106304.6,106326.9,106304.3,106326.6,123.913
2024-12-17 02:43:00,106326.6,106328.8,106314.1,106328.5,10.174
2024-12-17 02:44:00,106328.5,106397.5,106308.5,106376.4,21.331
2024-12-17 02:45:00,106376.4,106379.4,106339.9,106340.0,51.812
2024-12-17 02:46:00,106340.0,106340.0,106317.5,106317.5,29.341
2024-12-17 02:47:00,106317.5,106317.6,106291.7,106307.2,29.195
2024-12-17 02:48:00,106307.2,106385.2,106307.2,106376.5,19.111
2024-12-17 02:49:00,106376.5,106376.5,106323.0,106363.5,33.529
2024-12-17 02:50:00,106363.5,106377.4,106343.6,106343.6,20.281
2024-12-17 02:51:00,106343.6,106359.3,106323.6,106347.4,22.92
2024-12-17 02:52:00,106347.4,106368.0,106285.0,106293.1,8.21
2024-12-17 02:53:00,106293.1,106293.4,106257.7,106257.7,11.964
2024-12-17 02:54:00,106257.7,106257.7,106228.9,106234.0,22.72
2024-12-17 02:55:00,106234.0,106234.0,106189.5,106216.1,49.972
2024-12-17 02:56:00,106216.1,106235.3,106214.1,106217.9,66.285
2024-12-17 02:57:00,106217.9,106217.9,106156.2,106156.7,66.723
2024-12-17 02:58:00,106156.7,106200.7,106145.1,106191.2,97.736
2024-12-17 02:59:00,106191.2,106227.7,106190.9,106217.9,48.67
2024-12-17 03:00:00,106217.9,106260.5,106185.6,106260.5,27.813
2024-12-17 03:01:00,106260.5,106333.7,106260.5,106332.9,51.872
2024-12-17 03:02:00,106332.9,106444.0,106332.9,106433.9,123.079
2024-12-17 03:03:00,106433.9,106465.6,106384.6,106384.6,117.136
2024-12-17 03:04:00,106384.6,106384.6,106316.1,106329.5,38.325
2024-12-17 03:05:00,106329.5,106363.4,106313.6,106363.4,44.936
2024-12-17 03:06:00,106363.4,106492.8,106363.4,106492.8,42.362
2024-12-17 03:07:00,106492.8,106492.8,106465.2,106465.3,20.336
2024-12-17 03:08:00,106465.3,106465.3,106423.0,106423.0,23.306
2024-12-17 03:09:00,106423.0,106423.0,106400.6,106400.9,19.643
2024-12-17 03:10:00,106400.9,106417.8,106369.8,106369.8,15.061
2024-12-17 03:11:00,106369.8,106370.1,106350.7,106351.0,18.246
2024-12-17 03:12:00,106351.0,106351.0,106326.6,106326.8,14.052
2024-12-17 03:13:00,106326.8,106346.8,106326.6,106346.7,11.034
2024-12-17 03:14:00,106346.7,106346.7,106331.0,106337.9,13.482
2024-12-17 03:15:00,106337.9,106341.6,106337.6,106341.3,6.679
2024-12-17 03:16:00,106341.3,106395.7,106341.1,106374.0,10.813
2024-12-17 03:17:00,106374.0,106436.6,106374.0,106435.5,17.592
2024-12-17 03:18:00,106435.5,106498.0,106433.2,106497.7,23.094
2024-12-17 03:19:00,106497.7,106535.0,106487.4,106517.8,23.228
2024-12-17 03:20:00,106517.8,106580.2,106512.5,106579.9,66.848
2024-12-17 03:21:00,106579.9,106598.2,106539.5,106539.8,115.762
2024-12-17 03:22:00,106539.8,106591.7,106539.2,106589.1,106.67
2024-12-17 03:23:00,106589.1,106589.1,106533.0,106540.3,156.092
2024-12-17 03:24:00,106540.3,106556.8,106479.5,106480.0,20.513
2024-12-17 03:25:00,106480.0,106543.9,106464.1,106538.4,35.83
2024-12-17 03:26:00,106538.4,106556.7,106500.0,106556.5,36.53
2024-12-17 03:27:00,106556.5,106696.2,106556.5,106695.9,58.7
2024-12-17 03:28:00,106695.9,106728.7,106647.4,106675.8,205.331
2024-12-17 03:29:00,106675.8,106700.0,106675.8,106679.0,162.522
2024-12-17 03:30:00,106679.0,106696.2,106620.0,106620.0,66.569
2024-12-17 03:31:00,106620.0,106677.7,106605.3,106631.8,48.252
2024-12-17 03:32:00,106631.8,106719.2,106631.5,106700.2,64.218
2024-12-17 03:33:00,106700.2,106703.9,106644.6,106691.9,60.587
2024-12-17 03:34:00,106691.9,106692.2,106630.0,106645.1,112.187
2024-12-17 03:35:00,106645.1,106685.4,106610.0,106610.0,34.498
2024-12-17 03:36:00,106610.0,106633.6,106601.0,106633.3,21.793
2024-12-17 03:37:00,106633.3,106677.0,106626.1,106676.5,23.627
2024-12-17 03:38:00,106676.5,106676.9,106620.1,106620.1,14.685
2024-12-17 03:39:00,106620.1,106632.3,106577.7,106621.2,42.486
2024-12-17 03:40:00,106621.2,106700.0,106620.2,106679.8,103.725
2024-12-17 03:41:00,106679.8,106680.1,106654.5,106674.5,30.226
2024-12-17 03:42:00,106674.5,106696.0,106659.0,106691.0,15.562
2024-12-17 03:43:00,106691.0,106967.3,106690.7,106827.5,896.293
2024-12-17 03:44:00,106827.5,106916.6,106827.2,106874.8,488.902
2024-12-17 03:45:00,106874.8,106939.5,106852.0,106852.1,100.644
2024-12-17 03:46:00,106852.1,106921.0,106791.8,106791.8,181.456
2024-12-17 03:47:00,106791.8,106880.2,106777.9,106879.9,220.798
2024-12-17 03:48:00,106879.9,106927.2,106879.9,106898.5,35.634
2024-12-17 03:49:00,106898.5,106898.7,106855.4,106855.4,48.173
2024-12-17 03:50:00,106855.4,106865.3,106844.4,106860.1,44.957
2024-12-17 03:51:00,106860.1,106860.1,106775.8,106811.2,49.587
2024-12-17 03:52:00,106811.2,106811.4,106745.1,106774.9,77.565
2024-12-17 03:53:00,106774.9,106796.8,106774.6,106778.3,30.004
2024-12-17 03:54:00,106778.3,106785.3,106750.0,106750.3,24.859
2024-12-17 03:55:00,106750.3,106787.3,106739.6,106780.0,21.597
2024-12-17 03:56:00,106780.0,106800.0,106758.7,106760.2,23.492
2024-12-17 03:57:00,106760.2,106785.2,106720.0,106785.2,40.062
2024-12-17 03:58:00,106785.2,106817.9,106784.9,106817.8,48.432
2024-12-17 03:59:00,106817.8,106837.7,106815.4,106815.4,48.953
2024-12-17 04:00:00,106815.4,106824.7,106796.2,106801.4,23.016
2024-12-17 04:01:00,106801.4,106810.8,106747.4,106747.7,32.449
2024-12-17 04:02:00,106747.7,106768.7,106747.7,106767.5,43.798
2024-12-17 04:03:00,106767.5,106768.0,106745.0,106767.7,43.951
2024-12-17 04:04:00,106767.7,106775.0,106767.7,106774.9,26.733
2024-12-17 04:05:00,106774.9,106792.2,106752.7,106792.2,20.098
2024-12-17 04:06:00,106792.2,106795.5,106792.0,106795.2,14.606
2024-12-17 04:07:00,106795.2,106795.3,106783.7,106783.8,9.402
2024-12-17 04:08:00,106783.8,106783.8,106770.8,106770.9,20.0
2024-12-17 04:09:00,106770.9,106784.0,106715.9,106722.3,22.783
2024-12-17 04:10:00,106722.3,106778.3,106722.3,106778.3,25.125
2024-12-17 04:11:00,106778.3,106791.1,106584.0,106631.5,456.985
2024-12-17 04:12:00,106631.5,106631.5,106537.9,106541.2,516.879
2024-12-17 04:13:00,106541.2,106558.8,106526.7,106558.3,140.612
2024-12-17 04:14:00,106558.3,106596.7,106558.3,106596.5,55.487
2024-12-17 04:15:00,106596.5,106596.5,106541.0,106546.4,44.124
2024-12-17 04:16:00,106546.4,106574.6,106540.9,106558.5,36.257
2024-12-17 04:17:00,106558.5,106558.6,106500.0,106500.1,35.344
2024-12-17 04:18:00,106500.1,106500.2,106449.7,106454.5,99.231
2024-12-17 04:19:00,106454.5,106472.8,106444.0,106444.0,73.211
2024-12-17 04:20:00,106444.0,106513.6,106444.0,106490.0,49.019
2024-12-17 04:21:00,106490.0,106490.3,106464.3,106485.6,40.472
2024-12-17 04:22:00,106485.6,106526.8,106458.3,106458.3,29.841
2024-12-17 04:23:00,106458.3,106496.2,106452.2,106496.0,20.407
2024-12-17 04:24:00,106496.0,106518.3,106496.0,106518.0,15.401
2024-12-17 04:25:00,106518.0,106537.6,106513.9,106513.9,20.666
2024-12-17 04:26:00,106513.9,106530.0,106513.9,106525.4,12.729
2024-12-17 04:27:00,106525.4,106527.7,106477.0,106477.0,11.253
2024-12-17 04:28:00,106477.0,106485.2,106477.0,106485.2,19.019
2024-12-17 04:29:00,106485.2,106493.4,106476.3,106476.4,10.041
2024-12-17 04:30:00,106476.4,106495.8,106455.6,106456.8,23.688
2024-12-17 04:31:00,106456.8,106479.0,106440.0,106470.7,37.476
2024-12-17 04:32:00,106470.7,106488.0,106451.2,106451.2,39.97
2024-12-17 04:33:00,106451.2,106493.7,106443.0,106484.9,22.713
2024-12-17 04:34:00,106484.9,106484.9,106449.9,106449.9,21.837
2024-12-17 04:35:00,106449.9,106463.6,106444.2,106444.5,14.597
2024-12-17 04:36:00,106444.5,106444.5,106419.0,106422.0,39.468
2024-12-17 04:37:00,106422.0,106432.8,106404.6,106404.6,88.305
2024-12-17 04:38:00,106404.6,106410.0,106371.1,106403.9,48.099
2024-12-17 04:39:00,106403.9,106419.2,106399.3,106399.5,42.151
2024-12-17 04:40:00,106399.5,106413.7,106372.2,106412.1,10.291
2024-12-17 04:41:00,106412.1,106419.2,106410.9,106418.9,13.673
2024-12-17 04:42:00,106418.9,106419.2,106400.0,106410.5,25.318
2024-12-17 04:43:00,106410.5,106420.9,106410.5,106420.2,30.051
2024-12-17 04:44:00,106420.2,106420.2,106420.0,106420.1,30.605
2024-12-17 04:45:00,106420.1,106467.7,106420.0,106467.7,25.224
2024-12-17 04:46:00,106467.7,106520.6,106467.6,106467.6,58.117
2024-12-17 04:47:00,106467.6,106467.7,106419.5,106426.8,53.287
2024-12-17 04:48:00,106426.8,106470.0,106426.5,106451.7,20.948
2024-12-17 04:49:00,106451.7,106491.9,106450.4,106491.9,25.275
2024-12-17 04:50:00,106491.9,106500.2,106419.0,106429.7,8.531
2024-12-17 04:51:00,106429.7,106472.9,106429.6,106472.7,9.576
2024-12-17 04:52:00,106472.7,106498.5,106472.6,106490.4,9.627
2024-12-17 04:53:00,106490.4,106491.5,106440.4,106457.9,14.162
2024-12-17 04:54:00,106457.9,106527.4,106457.6,106500.1,23.162
2024-12-17 04:55:00,106500.1,106506.6,106477.6,106506.6,33.346
2024-12-17 04:56:00,106506.6,106506.6,106495.9,106500.1,8.691
2024-12-17 04:57:00,106500.1,106500.2,106500.0,106500.0,8.216
2024-12-17 04:58:00,106500.0,106500.1,106473.0,106473.3,3.45
2024-12-17 04:59:00,106473.3,106476.9,106473.0,106473.0,4.649
2024-12-17 05:00:00,106473.0,106473.0,106465.0,106471.8,8.665
2024-12-17 05:01:00,106471.8,106509.2,106471.7,106508.9,15.576
2024-12-17 05:02:00,106508.9,106550.7,106508.8,106550.7,24.898
2024-12-17 05:03:00,106550.7,106585.3,106550.7,106575.5,50.241
2024-12-17 05:04:00,106575.5,106662.3,106575.5,106648.6,107.647
2024-12-17 05:05:00,106648.6,106648.7,106573.9,106579.9,116.413
2024-12-17 05:06:00,106579.9,106628.3,106579.9,106585.5,38.643
2024-12-17 05:07:00,106585.5,106592.1,106520.7,106543.0,35.668
2024-12-17 05:08:00,106543.0,106574.1,106543.0,106574.0,12.473
2024-12-17 05:09:00,106574.0,106594.1,106547.6,106547.6,10.448
2024-12-17 05:10:00,106547.6,106566.9,106545.0,106559.7,7.977
2024-12-17 05:11:00,106559.7,106588.2,106548.3,106588.2,7.967
2024-12-17 05:12:00,106588.2,106588.2,106549.3,106549.3,8.725
2024-12-17 05:13:00,106549.3,106549.4,106534.7,106534.9,9.167
2024-12-17 05:14:00,106534.9,106535.0,106465.0,106465.0,11.765
2024-12-17 05:15:00,106465.0,106470.6,106430.2,106466.4,30.605
2024-12-17 05:16:00,106466.4,106483.4,106445.9,106453.0,33.467
2024-12-17 05:17:00,106453.0,106453.0,106403.5,106403.6,31.237
2024-12-17 05:18:00,106403.6,106433.8,106403.5,106433.5,35.803
2024-12-17 05:19:00,106433.5,106485.5,106433.5,106465.1,19.777
2024-12-17 05:20:00,106465.1,106465.1,106419.2,106419.2,18.986
2024-12-17 05:21:00,106419.2,106487.0,106416.4,106487.0,16.705
2024-12-17 05:22:00,106487.0,106556.7,106486.9,106551.1,16.082
2024-12-17 05:23:00,106551.1,106589.3,106546.7,106550.3,29.636
2024-12-17 05:24:00,106550.3,106550.3,106548.0,106548.3,26.823
2024-12-17 05:25:00,106548.3,106596.0,106548.0,106566.4,25.757
2024-12-17 05:26:00,106566.4,106589.0,106566.4,106580.9,17.213
2024-12-17 05:27:00,106580.9,106581.0,106544.6,106544.6,11.65
2024-12-17 05:28:00,106544.6,106553.0,106526.6,106547.8,9.815
2024-12-17 05:29:00,106547.8,106570.7,106534.9,106570.4,5.589
2024-12-17 05:30:00,106570.4,106628.0,106570.4,106628.0,12.567
2024-12-17 05:31:00,106628.0,106697.0,106628.0,106684.7,40.345
2024-12-17 05:32:00,106684.7,106685.1,106600.6,106600.7,70.985
2024-12-17 05:33:00,106600.7,106657.7,106579.1,106641.0,48.717
2024-12-17 05:34:00,106641.0,106641.1,106583.3,106601.6,10.567
2024-12-17 05:35:00,106601.6,106601.7,106590.0,106590.0,10.004
2024-12-17 05:36:00,106590.0,106592.4,106550.8,106550.8,6.193
2024-12-17 05:37:00,106550.8,106550.8,106501.3,106501.3,9.154
2024-12-17 05:38:00,106501.3,106533.5,106501.1,106533.2,12.204
2024-12-17 05:39:00,106533.2,106541.9,106531.1,106531.2,13.622
2024-12-17 05:40:00,106531.2,106531.2,106518.0,106518.3,7.645
2024-12-17 05:41:00,106518.3,106550.8,106518.3,106540.0,8.414
2024-12-17 05:42:00,106540.0,106592.4,106540.0,106592.3,11.366
2024-12-17 05:43:00,106592.3,106592.4,106592.3,106592.3,10.577
2024-12-17 05:44:00,106592.3,106592.4,106592.3,106592.4,6.103
2024-12-17 05:45:00,106592.4,106636.0,106586.9,106599.7,17.825
2024-12-17 05:46:00,106599.7,106599.7,106598.9,106599.0,36.661
2024-12-17 05:47:00,106599.0,106599.1,106599.0,106599.1,7.97
2024-12-17 05:48:00,106599.1,106618.9,106599.0,106618.9,6.234
2024-12-17 05:49:00,106618.9,106729.4,106618.8,106729.3,26.278
2024-12-17 05:50:00,106729.3,106739.9,106680.0,106680.0,71.042
2024-12-17 05:51:00,106680.0,106701.7,106674.7,106674.7,44.472
2024-12-17 05:52:00,106674.7,106689.5,106674.7,106679.9,10.75
2024-12-17 05:53:00,106679.9,106679.9,106673.9,106679.9,11.081
2024-12-17 05:54:00,106679.9,106718.6,106678.4,106718.3,7.514
2024-12-17 05:55:00,106718.3,106723.7,106701.2,106702.6,55.206
2024-12-17 05:56:00,106702.6,106734.0,106702.5,106731.3,121.364
2024-12-17 05:57:00,106731.3,106778.7,106731.2,106778.1,37.784
2024-12-17 05:58:00,106778.1,106795.0,106778.0,106790.3,76.535
2024-12-17 05:59:00,106790.3,106790.6,106781.3,106781.3,96.769
2024-12-17 06:00:00,106781.3,106784.3,106744.8,106747.4,29.041
2024-12-17 06:01:00,106747.4,106753.5,106747.4,106753.4,34.439
2024-12-17 06:02:00,106753.4,106780.2,106753.4,106766.7,12.874
2024-12-17 06:03:00,106766.7,106806.7,106714.9,106772.3,26.289
2024-12-17 06:04:00,106772.3,106797.9,106766.6,106766.7,44.197
2024-12-17 06:05:00,106766.7,106778.6,106733.4,106752.4,39.268
2024-12-17 06:06:00,106752.4,106800.0,106752.4,106800.0,44.662
2024-12-17 06:07:00,106800.0,106816.5,106799.9,106800.0,57.3
2024-12-17 06:08:00,106800.0,106800.1,106724.3,106724.3,32.508
2024-12-17 06:09:00,106724.3,106769.5,106724.3,106756.5,33.864
2024-12-17 06:10:00,106756.5,106756.5,106698.7,106724.2,21.206
2024-12-17 06:11:00,106724.2,106750.0,106718.4,106720.3,34.995
2024-12-17 06:12:00,106720.3,106741.5,106702.9,106703.0,18.783
2024-12-17 06:13:00,106703.0,106703.0,106661.2,106661.2,20.338
2024-12-17 06:14:00,106661.2,106694.6,106661.2,106682.5,45.607
2024-12-17 06:15:00,106682.5,106699.2,106675.0,106690.1,14.853
2024-12-17 06:16:00,106690.1,106690.4,106646.6,106646.9,10.553
2024-12-17 06:17:00,106646.9,106688.0,106646.8,106674.8,16.864
2024-12-17 06:18:00,106674.8,106674.8,106603.5,106649.3,31.208
2024-12-17 06:19:00,106649.3,106649.3,106621.8,106635.8,36.264
2024-12-17 06:20:00,106635.8,106641.0,106601.9,106639.9,12.473
2024-12-17 06:21:00,106639.9,106700.2,106639.9,106680.7,20.482
2024-12-17 06:22:00,106680.7,106680.7,106649.2,106649.5,43.403
2024-12-17 06:23:00,106649.5,106649.6,106601.9,106601.9,102.065
2024-12-17 06:24:00,106601.9,106608.5,106581.1,106581.1,56.462
2024-12-17 06:25:00,106581.1,106581.2,106525.7,106525.7,44.622
2024-12-17 06:26:00,106525.7,106526.0,106465.5,106465.5,59.851
2024-12-17 06:27:00,106465.5,106508.4,106465.5,106480.3,66.62
2024-12-17 06:28:00,106480.3,106499.9,106480.0,106484.7,70.415
2024-12-17 06:29:00,106484.7,106491.8,106427.0,106433.8,28.443
2024-12-17 06:30:00,106433.8,106433.8,106339.1,106399.9,78.038
2024-12-17 06:31:00,106399.9,106414.0,106369.2,106406.6,144.648
2024-12-17 06:32:00,106406.6,106406.6,106333.2,106372.8,48.198
2024-12-17 06:33:00,106372.8,106389.1,106343.0,106349.0,60.854
2024-12-17 06:34:00,106349.0,106390.0,106333.2,106390.0,52.038
2024-12-17 06:35:00,106390.0,106497.6,106389.9,106441.6,64.29
2024-12-17 06:36:00,106441.6,106449.4,106407.3,106410.0,62.442
2024-12-17 06:37:00,106410.0,106411.9,106381.3,106395.4,25.896
2024-12-17 06:38:00,106395.4,106403.5,106360.6,106367.9,47.139
2024-12-17 06:39:00,106367.9,106367.9,106347.1,106347.6,47.84
2024-12-17 06:40:00,106347.6,106367.0,106331.6,106346.3,38.661
2024-12-17 06:41:00,106346.3,106350.2,106340.5,106350.1,27.329
2024-12-17 06:42:00,106350.1,106418.6,106350.1,106382.7,32.398
2024-12-17 06:43:00,106382.7,106469.7,106382.7,106468.0,54.715
2024-12-17 06:44:00,106468.0,106468.0,106437.9,106438.0,26.613
2024-12-17 06:45:00,106438.0,106481.4,106437.9,106448.1,49.626
2024-12-17 06:46:00,106448.1,106478.5,106414.6,106414.6,66.964
2024-12-17 06:47:00,106414.6,106414.7,106401.5,106402.0,16.643
2024-12-17 06:48:00,106402.0,106466.2,106402.0,106460.3,11.217
2024-12-17 06:49:00,106460.3,106470.9,106438.6,106438.6,23.218
2024-12-17 06:50:00,106438.6,106438.6,106428.0,106433.5,28.878
2024-12-17 06:51:00,106433.5,106471.3,106421.7,106465.6,8.749
2024-12-17 06:52:00,106465.6,106489.5,106449.7,106489.2,13.325
2024-12-17 06:53:00,106489.2,106497.7,106438.9,106474.3,29.879
2024-12-17 06:54:00,106474.3,106502.0,106474.3,106501.9,37.486
2024-12-17 06:55:00,106501.9,106546.6,106501.9,106539.4,34.955
2024-12-17 06:56:00,106539.4,106560.4,106539.4,106560.3,46.783
2024-12-17 06:57:00,106560.3,106600.2,106534.8,106534.9,34.216
2024-12-17 06:58:00,106534.9,106534.9,106501.0,106501.0,49.665
2024-12-17 06:59:00,106501.0,106511.4,106493.8,106505.7,19.888
2024-12-17 07:00:00,106505.7,106519.2,106493.8,106493.8,17.057
2024-12-17 07:01:00,106493.8,106493.8,106428.6,106428.8,21.758
2024-12-17 07:02:00,106428.8,106429.2,106420.7,106429.1,20.107
2024-12-17 07:03:00,106429.1,106463.0,106420.7,106463.0,21.099
2024-12-17 07:04:00,106463.0,106560.0,106462.9,106560.0,32.412
2024-12-17 07:05:00,106560.0,106678.5,106560.0,106665.1,30.959
2024-12-17 07:06:00,106665.1,106736.6,106617.5,106728.1,86.252
2024-12-17 07:07:00,106728.1,106922.6,106728.1,106879.6,163.374
2024-12-17 07:08:00,106879.6,106879.9,106802.7,106802.7,352.729
2024-12-17 07:09:00,106802.7,106917.8,106800.0,106875.8,124.916
2024-12-17 07:10:00,106875.8,106994.3,106870.8,106924.5,157.765
2024-12-17 07:11:00,106924.5,106950.3,106859.2,106916.3,233.428
2024-12-17 07:12:00,106916.3,106922.9,106890.0,106890.0,88.379
2024-12-17 07:13:00,106890.0,106926.7,106890.0,106909.9,72.218
2024-12-17 07:14:00,106909.9,106922.2,106875.2,106896.6,165.426
2024-12-17 07:15:00,106896.6,106896.6,106842.3,106842.4,136.209
2024-12-17 07:16:00,106842.4,106842.9,106814.0,106814.0,87.529
2024-12-17 07:17:00,106814.0,106874.4,106814.0,106871.9,34.205
2024-12-17 07:18:00,106871.9,106871.9,106832.5,106857.0,37.039
2024-12-17 07:19:00,106857.0,106947.6,106857.0,106914.5,62.229
2024-12-17 07:20:00,106914.5,106951.0,106908.4,106940.2,116.038
2024-12-17 07:21:00,106940.2,107026.3,106940.2,106954.7,115.554
2024-12-17 07:22:00,106954.7,106975.9,106900.1,106900.1,217.345
2024-12-17 07:23:00,106900.1,106933.2,106880.0,106919.8,80.033
2024-12-17 07:24:00,106919.8,106953.5,106919.5,106953.4,45.947
2024-12-17 07:25:00,106953.4,106999.2,106953.1,106967.3,43.273
2024-12-17 07:26:00,106967.3,107056.1,106959.7,107053.4,108.006
2024-12-17 07:27:00,107053.4,107072.0,107017.5,107063.7,167.617
2024-12-17 07:28:00,107063.7,107064.0,107036.6,107047.6,165.617
2024-12-17 07:29:00,107047.6,107112.8,107047.3,107105.6,113.384
2024-12-17 07:30:00,107105.6,107105.6,106940.3,106955.4,164.856
2024-12-17 07:31:00,106955.4,107016.2,106952.3,106995.0,116.633
2024-12-17 07:32:00,106995.0,106999.8,106950.0,106968.4,96.579
2024-12-17 07:33:00,106968.4,106976.8,106920.1,106950.0,60.219
2024-12-17 07:34:00,106950.0,106964.7,106918.9,106927.6,75.02
2024-12-17 07:35:00,106927.6,106927.7,106877.0,106908.2,64.849
2024-12-17 07:36:00,106908.2,106960.0,106907.9,106954.9,45.29
2024-12-17 07:37:00,106954.9,106954.9,106931.8,106954.0,35.878
2024-12-17 07:38:00,106954.0,106954.0,106914.0,106921.3,36.064
2024-12-17 07:39:00,106921.3,106923.9,106909.8,106923.8,61.243
2024-12-17 07:40:00,106923.8,106996.3,106923.5,106940.4,57.478
2024-12-17 07:41:00,106940.4,106956.2,106937.9,106943.0,58.536
2024-12-17 07:42:00,106943.0,106943.0,106888.0,106888.0,31.647
2024-12-17 07:43:00,106888.0,106888.1,106835.0,106835.0,64.46
2024-12-17 07:44:00,106835.0,106867.9,106828.0,106835.9,82.602
2024-12-17 07:45:00,106835.9,106835.9,106810.1,106814.4,45.656
2024-12-17 07:46:00,106814.4,106822.8,106790.7,106799.0,60.164
2024-12-17 07:47:00,106799.0,106799.3,106773.4,106797.6,52.517
2024-12-17 07:48:00,106797.6,106797.6,106766.7,106766.7,41.19
2024-12-17 07:49:00,106766.7,106783.3,106755.0,106774.8,24.932
2024-12-17 07:50:00,106774.8,106774.9,106755.5,106764.0,30.947
2024-12-17 07:51:00,106764.0,106791.3,106736.7,106736.9,47.003
2024-12-17 07:52:00,106736.9,106737.4,106685.6,106686.6,118.73
2024-12-17 07:53:00,106686.6,106717.9,106680.0,106695.0,68.639
2024-12-17 07:54:00,106695.0,106768.7,106694.7,106767.8,62.963
2024-12-17 07:55:00,106767.8,106767.8,106730.5,106730.5,41.137
2024-12-17 07:56:00,106730.5,106792.5,106730.5,106792.2,22.929
2024-12-17 07:57:00,106792.2,106805.5,106750.0,106769.5,51.206
2024-12-17 07:58:00,106769.5,106790.0,106758.1,106789.9,80.323
2024-12-17 07:59:00,106789.9,106827.3,106784.0,106784.0,13.649
2024-12-17 08:00:00,106784.0,106793.6,106730.9,106744.9,58.431
2024-12-17 08:01:00,106744.9,106797.8,106727.5,106771.3,126.943
2024-12-17 08:02:00,106771.3,106850.2,106771.3,106850.2,49.06
2024-12-17 08:03:00,106850.2,106924.2,106850.2,106870.7,96.445
2024-12-17 08:04:00,106870.7,106876.4,106829.9,106870.9,127.478
2024-12-17 08:05:00,106870.9,106870.9,106815.7,106821.6,34.97
2024-12-17 08:06:00,106821.6,106869.7,106821.6,106869.7,26.698
2024-12-17 08:07:00,106869.7,106885.0,106820.2,106860.0,30.091
2024-12-17 08:08:00,106860.0,106965.0,106859.9,106910.0,32.263
2024-12-17 08:09:00,106910.0,106925.2,106877.2,106913.5,39.314
2024-12-17 08:10:00,106913.5,106923.3,106861.7,106862.0,26.488
2024-12-17 08:11:00,106862.0,106923.4,106861.7,106923.4,45.452
2024-12-17 08:12:00,106923.4,106927.0,106893.6,106926.7,39.25
2024-12-17 08:13:00,106926.7,106976.5,106924.0,106970.8,70.162
2024-12-17 08:14:00,106970.8,107021.5,106956.3,107021.5,77.167
2024-12-17 08:15:00,107021.5,107021.5,106985.8,107021.4,66.743
2024-12-17 08:16:00,107021.4,107021.5,106962.4,106975.0,64.925
2024-12-17 08:17:00,106975.0,107045.0,106975.0,107044.4,72.902
2024-12-17 08:18:00,107044.4,107057.1,107030.8,107055.2,60.151
2024-12-17 08:19:00,107055.2,107079.3,107055.2,107070.3,73.68
2024-12-17 08:20:00,107070.3,107070.6,107030.0,107050.1,70.495
2024-12-17 08:21:00,107050.1,107055.0,107036.6,107036.6,49.3
2024-12-17 08:22:00,107036.6,107036.9,107031.0,107034.7,29.971
2024-12-17 08:23:00,107034.7,107050.2,107000.0,107021.0,55.105
2024-12-17 08:24:00,107021.0,107030.6,107010.0,107029.9,112.756
2024-12-17 08:25:00,107029.9,107037.1,107020.0,107037.1,44.555
2024-12-17 08:26:00,107037.1,107037.1,107008.1,107011.2,29.399
2024-12-17 08:27:00,107011.2,107074.2,107001.7,107073.7,53.319
2024-12-17 08:28:00,107073.7,107175.3,107073.4,107163.3,207.725
2024-12-17 08:29:00,107163.3,107320.0,107148.5,107270.4,636.812
2024-12-17 08:30:00,107270.4,107333.0,107236.5,107250.0,525.243
2024-12-17 08:31:00,107250.0,107293.0,107188.2,107203.9,219.349
2024-12-17 08:32:00,107203.9,107240.6,107172.9,107197.6,162.558
2024-12-17 08:33:00,107197.6,107197.6,107127.7,107128.1,142.997
2024-12-17 08:34:00,107128.1,107239.5,107100.0,107239.2,202.941
2024-12-17 08:35:00,107239.2,107363.3,107237.0,107352.6,203.82
2024-12-17 08:36:00,107352.6,107371.2,107308.6,107335.8,210.595
2024-12-17 08:37:00,107335.8,107400.6,107335.5,107374.4,194.001
2024-12-17 08:38:00,107374.4,107474.7,107374.1,107450.3,238.059
2024-12-17 08:39:00,107450.3,107455.2,107393.9,107400.2,241.373
2024-12-17 08:40:00,107400.2,107470.2,107387.5,107449.8,181.309
2024-12-17 08:41:00,107449.8,107471.2,107408.1,107444.1,128.256
2024-12-17 08:42:00,107444.1,107444.1,107430.1,107434.6,82.672
2024-12-17 08:43:00,107434.6,107472.4,107352.3,107375.9,69.467
2024-12-17 08:44:00,107375.9,107423.8,107352.8,107352.8,116.595
2024-12-17 08:45:00,107352.8,107355.4,107295.7,107307.8,115.805
2024-12-17 08:46:00,107307.8,107355.5,107295.1,107355.5,231.038
2024-12-17 08:47:00,107355.5,107414.5,107330.7,107330.7,135.977
2024-12-17 08:48:00,107330.7,107350.2,107305.5,107305.5,53.972
2024-12-17 08:49:00,107305.5,107305.8,107292.0,107295.2,19.741
2024-12-17 08:50:00,107295.2,107313.7,107289.5,107313.7,33.454
2024-12-17 08:51:00,107313.7,107369.2,107291.9,107354.7,52.153
2024-12-17 08:52:00,107354.7,107449.5,107354.7,107438.6,69.566
2024-12-17 08:53:00,107438.6,107494.1,107438.3,107476.3,125.319
2024-12-17 08:54:00,107476.3,107476.6,107441.9,107444.5,110.691
2024-12-17 08:55:00,107444.5,107455.5,107443.0,107443.0,63.713
2024-12-17 08:56:00,107443.0,107453.3,107428.1,107428.1,101.341
2024-12-17 08:57:00,107428.1,107475.2,107428.1,107464.3,36.021
2024-12-17 08:58:00,107464.3,107464.4,107394.4,107407.5,35.005
2024-12-17 08:59:00,107407.5,107407.5,107354.7,107360.5,71.167
2024-12-17 09:00:00,107360.5,107361.7,107306.1,107339.8,69.246
2024-12-17 09:01:00,107339.8,107339.8,107300.3,107301.2,55.85
2024-12-17 09:02:00,107301.2,107306.0,107249.4,107260.4,85.55
2024-12-17 09:03:00,107260.4,107260.4,107208.1,107237.3,157.11
2024-12-17 09:04:00,107237.3,107313.4,107237.0,107313.4,200.623
2024-12-17 09:05:00,107313.4,107380.0,107288.4,107288.4,60.422
2024-12-17 09:06:00,107288.4,107409.3,107288.4,107405.1,91.438
2024-12-17 09:07:00,107405.1,107437.9,107348.5,107400.0,49.248
2024-12-17 09:08:00,107400.0,107435.1,107373.6,107373.6,36.071
2024-12-17 09:09:00,107373.6,107373.9,107303.2,107303.5,49.772
2024-12-17 09:10:00,107303.5,107308.8,107272.0,107296.0,63.048
2024-12-17 09:11:00,107296.0,107296.0,107241.4,107250.0,33.943
2024-12-17 09:12:00,107250.0,107298.0,107250.0,107282.9,32.279
2024-12-17 09:13:00,107282.9,107283.2,107269.2,107269.2,18.012
2024-12-17 09:14:00,107269.2,107269.3,107224.0,107224.0,31.796
2024-12-17 09:15:00,107224.0,107257.5,107223.0,107238.1,49.666
2024-12-17 09:16:00,107238.1,107257.4,107220.0,107257.2,24.675
2024-12-17 09:17:00,107257.2,107283.2,107257.1,107283.2,26.416
2024-12-17 09:18:00,107283.2,107293.9,107235.9,107271.3,16.391
2024-12-17 09:19:00,107271.3,107299.0,107130.0,107175.2,44.454
2024-12-17 09:20:00,107175.2,107181.0,107074.2,107151.1,164.944
2024-12-17 09:21:00,107151.1,107191.9,107116.8,107148.2,242.145
2024-12-17 09:22:00,107148.2,107192.3,107125.1,107160.0,109.654
2024-12-17 09:23:00,107160.0,107160.0,107122.2,107141.3,25.454
2024-12-17 09:24:00,107141.3,107186.7,107141.3,107186.7,37.201
2024-12-17 09:25:00,107186.7,107245.6,107186.4,107245.3,35.029
2024-12-17 09:26:00,107245.3,107245.6,107188.0,107188.0,63.454
2024-12-17 09:27:00,107188.0,107234.5,107186.7,107192.0,29.791
2024-12-17 09:28:00,107192.0,107260.9,107192.0,107238.0,20.233
2024-12-17 09:29:00,107238.0,107244.8,107228.3,107232.7,30.468
2024-12-17 09:30:00,107232.7,107249.9,107202.6,107204.3,27.666
2024-12-17 09:31:00,107204.3,107217.2,107196.4,107197.5,35.914
2024-12-17 09:32:00,107197.5,107206.1,107196.4,107196.4,18.346
2024-12-17 09:33:00,107196.4,107201.3,107191.1,107197.1,20.045
2024-12-17 09:34:00,107197.1,107197.2,107180.6,107184.5,31.305
2024-12-17 09:35:00,107184.5,107184.5,107170.0,107184.5,21.134
2024-12-17 09:36:00,107184.5,107185.0,107132.8,107139.9,26.064
2024-12-17 09:37:00,107139.9,107140.2,107132.8,107132.9,45.986
2024-12-17 09:38:00,107132.9,107163.9,107132.8,107141.8,15.406
2024-12-17 09:39:00,107141.8,107160.0,107141.1,107159.9,24.049
2024-12-17 09:40:00,107159.9,107295.6,107159.9,107295.3,38.973
2024-12-17 09:41:00,107295.3,107382.2,107295.3,107382.1,79.747
2024-12-17 09:42:00,107382.1,107410.5,107344.4,107344.4,91.569
2024-12-17 09:43:00,107344.4,107344.4,107288.5,107336.6,50.226
2024-12-17 09:44:00,107336.6,107360.9,107336.6,107347.7,32.815
2024-12-17 09:45:00,107347.7,107363.2,107345.5,107350.1,27.194
2024-12-17 09:46:00,107350.1,107366.0,107313.3,107313.6,24.324
2024-12-17 09:47:00,107313.6,107353.0,107313.3,107342.1,19.049
2024-12-17 09:48:00,107342.1,107400.0,107338.5,107388.1,19.29
2024-12-17 09:49:00,107388.1,107390.4,107323.7,107338.8,22.261
2024-12-17 09:50:00,107338.8,107343.9,107323.7,107323.7,28.689
2024-12-17 09:51:00,107323.7,107323.7,107274.1,107283.0,34.932
2024-12-17 09:52:00,107283.0,107283.2,107259.5,107267.1,21.974
2024-12-17 09:53:00,107267.1,107270.2,107243.3,107243.4,15.732
2024-12-17 09:54:00,107243.4,107243.4,107229.3,107238.3,12.254
2024-12-17 09:55:00,107238.3,107240.0,107213.3,107213.3,29.334
2024-12-17 09:56:00,107213.3,107230.2,107192.2,107198.5,46.97
2024-12-17 09:57:00,107198.5,107230.2,107198.5,107229.2,28.904
2024-12-17 09:58:00,107229.2,107240.2,107228.9,107229.2,16.318
2024-12-17 09:59:00,107229.2,107270.2,107229.2,107267.6,25.935
2024-12-17 10:00:00,107267.6,107270.3,107215.0,107215.0,23.298
2024-12-17 10:01:00,107215.0,107243.4,107210.0,107237.9,30.747
2024-12-17 10:02:00,107237.9,107270.2,107212.8,107240.5,40.378
2024-12-17 10:03:00,107240.5,107240.5,107239.2,107239.9,28.221
2024-12-17 10:04:00,107239.9,107300.2,107239.9,107242.2,11.784
2024-12-17 10:05:00,107242.2,107242.3,107180.0,107199.8,50.236
2024-12-17 10:06:00,107199.8,107217.3,107146.4,107150.5,117.638
2024-12-17 10:07:00,107150.5,107159.4,107119.4,107157.8,47.522
2024-12-17 10:08:00,107157.8,107167.9,107138.3,107165.0,48.892
2024-12-17 10:09:00,107165.0,107165.0,107153.1,107154.1,35.971
2024-12-17 10:10:00,107154.1,107154.1,107100.5,107127.7,23.188
2024-12-17 10:11:00,107127.7,107127.7,107100.0,107107.9,26.179
2024-12-17 10:12:00,107107.9,107131.6,107107.9,107126.7,32.392
2024-12-17 10:13:00,107126.7,107134.9,107102.5,107110.0,28.989
2024-12-17 10:14:00,107110.0,107110.0,107087.0,107087.2,26.946
2024-12-17 10:15:00,107087.2,107087.2,107039.0,107059.3,53.735
2024-12-17 10:16:00,107059.3,107078.6,107042.6,107060.0,106.507
2024-12-17 10:17:00,107060.0,107130.4,107054.2,107054.3,51.2
2024-12-17 10:18:00,107054.3,107074.5,107044.1,107057.2,90.05
2024-12-17 10:19:00,107057.2,107099.2,106950.1,106967.8,78.297
2024-12-17 10:20:00,106967.8,106991.8,106936.1,106980.0,190.708
2024-12-17 10:21:00,106980.0,107030.2,106979.4,107017.7,66.781
2024-12-17 10:22:00,107017.7,107041.4,106999.5,107041.4,42.09
2024-12-17 10:23:00,107041.4,107075.0,107041.4,107043.4,39.21
2024-12-17 10:24:00,107043.4,107043.4,106999.9,107020.0,32.435
2024-12-17 10:25:00,107020.0,107073.4,106996.8,106996.8,32.171
2024-12-17 10:26:00,106996.8,107023.3,106974.2,106988.0,32.367
2024-12-17 10:27:00,106988.0,106988.3,106955.0,106955.1,40.074
2024-12-17 10:28:00,106955.1,106956.2,106898.5,106951.7,88.346
2024-12-17 10:29:00,106951.7,107027.9,106951.4,107014.7,140.85
2024-12-17 10:30:00,107014.7,107014.7,106964.6,106965.0,65.303
2024-12-17 10:31:00,106965.0,106965.0,106945.5,106952.8,62.819
2024-12-17 10:32:00,106952.8,106986.1,106952.8,106970.3,21.403
2024-12-17 10:33:00,106970.3,106987.7,106970.3,106976.6,39.322
2024-12-17 10:34:00,106976.6,107019.0,106976.2,107018.8,53.01
2024-12-17 10:35:00,107018.8,107031.4,106992.2,106992.2,112.184
2024-12-17 10:36:00,106992.2,107061.2,106988.9,107000.0,171.837
2024-12-17 10:37:00,107000.0,107031.8,107000.0,107031.8,36.491
2024-12-17 10:38:00,107031.8,107065.2,107031.5,107060.3,29.776
2024-12-17 10:39:00,107060.3,107111.0,107060.0,107111.0,37.195
2024-12-17 10:40:00,107111.0,107111.0,107052.2,107067.6,56.068
2024-12-17 10:41:00,107067.6,107067.7,107021.1,107051.6,56.87
2024-12-17 10:42:00,107051.6,107051.9,107024.1,107047.4,15.265
2024-12-17 10:43:00,107047.4,107047.4,107033.0,107039.5,8.324
2024-12-17 10:44:00,107039.5,107039.8,106972.8,106972.8,22.783
2024-12-17 10:45:00,106972.8,107015.3,106972.3,107004.4,31.22
2024-12-17 10:46:00,107004.4,107022.6,106988.8,106988.8,18.159
2024-12-17 10:47:00,106988.8,106989.1,106949.9,106978.0,19.28
2024-12-17 10:48:00,106978.0,107004.6,106978.0,106983.2,21.692
2024-12-17 10:49:00,106983.2,107002.0,106983.1,107001.9,20.89
2024-12-17 10:50:00,107001.9,107035.9,107001.9,107035.5,13.443
2024-12-17 10:51:00,107035.5,107058.8,107035.5,107058.7,28.456
2024-12-17 10:52:00,107058.7,107059.5,107035.5,107035.5,40.906
2024-12-17 10:53:00,107035.5,107059.8,107035.5,107058.3,20.635
2024-12-17 10:54:00,107058.3,107101.6,107058.3,107060.3,42.838
2024-12-17 10:55:00,107060.3,107105.2,107060.3,107090.3,48.491
2024-12-17 10:56:00,107090.3,107131.4,107079.1,107131.2,27.475
2024-12-17 10:57:00,107131.2,107163.2,107130.9,107159.0,48.169
2024-12-17 10:58:00,107159.0,107164.0,107148.9,107164.0,69.073
2024-12-17 10:59:00,107164.0,107182.3,107163.9,107182.2,32.887
2024-12-17 11:00:00,107182.2,107183.8,107170.0,107170.0,59.849
2024-12-17 11:01:00,107170.0,107170.0,107159.5,107160.0,40.27
2024-12-17 11:02:00,107160.0,107160.1,107100.0,107125.5,32.135
2024-12-17 11:03:00,107125.5,107125.8,107080.1,107080.2,31.395
2024-12-17 11:04:00,107080.2,107111.5,107080.2,107097.6,33.963
2024-12-17 11:05:00,107097.6,107110.2,107086.9,107110.1,39.894
2024-12-17 11:06:00,107110.1,107199.0,107110.1,107199.0,22.031
2024-12-17 11:07:00,107199.0,107200.0,107132.9,107133.1,25.807
2024-12-17 11:08:00,107133.1,107133.3,107101.1,107101.1,22.61
2024-12-17 11:09:00,107101.1,107186.2,107101.1,107178.0,34.025
2024-12-17 11:10:00,107178.0,107222.0,107164.4,107220.0,60.174
2024-12-17 11:11:00,107220.0,107220.0,107184.2,107184.4,45.359
2024-12-17 11:12:00,107184.4,107230.0,107184.1,107229.7,35.836
2024-12-17 11:13:00,107229.7,107260.2,107229.7,107254.0,62.347
2024-12-17 11:14:00,107254.0,107260.2,107253.7,107258.8,107.036
2024-12-17 11:15:00,107258.8,107277.0,107258.8,107276.0,24.569
2024-12-17 11:16:00,107276.0,107293.9,107270.0,107288.4,24.323
2024-12-17 11:17:00,107288.4,107308.8,107237.0,107241.1,56.23
2024-12-17 11:18:00,107241.1,107252.6,107214.4,107214.4,104.778
2024-12-17 11:19:00,107214.4,107214.4,107188.0,107188.0,22.979
2024-12-17 11:20:00,107188.0,107188.1,107134.0,107134.1,29.174
2024-12-17 11:21:00,107134.1,107148.9,107119.6,107120.0,44.876
2024-12-17 11:22:00,107120.0,107141.2,107100.0,107141.2,56.767
2024-12-17 11:23:00,107141.2,107205.8,107140.9,107200.3,42.43
2024-12-17 11:24:00,107200.3,107209.3,107167.3,107167.6,59.13
2024-12-17 11:25:00,107167.6,107167.6,107115.6,107160.0,104.949
2024-12-17 11:26:00,107160.0,107186.0,107128.1,107128.1,27.92
2024-12-17 11:27:00,107128.1,107170.6,107120.0,107147.7,18.338
2024-12-17 11:28:00,107147.7,107148.0,107122.0,107122.0,7.905
2024-12-17 11:29:00,107122.0,107138.7,107121.6,107138.7,8.166
2024-12-17 11:30:00,107138.7,107138.7,107093.8,107093.8,52.207
2024-12-17 11:31:00,107093.8,107094.1,107070.6,107071.3,122.819
2024-12-17 11:32:00,107071.3,107122.2,107071.2,107122.2,30.4
2024-12-17 11:33:00,107122.2,107132.2,107103.7,107125.3,10.19
2024-12-17 11:34:00,107125.3,107125.6,107093.0,107097.7,15.321
2024-12-17 11:35:00,107097.7,107097.7,107046.6,107046.6,23.536
2024-12-17 11:36:00,107046.6,107046.9,106985.4,106985.7,33.779
2024-12-17 11:37:00,106985.7,107026.0,106985.0,107026.0,79.375
2024-12-17 11:38:00,107026.0,107033.2,107007.0,107009.7,97.303
2024-12-17 11:39:00,107009.7,107026.0,107002.4,107026.0,25.534
2024-12-17 11:40:00,107026.0,107050.2,107026.0,107036.1,40.45
2024-12-17 11:41:00,107036.1,107036.1,106967.2,106973.2,32.53
2024-12-17 11:42:00,106973.2,106973.5,106962.7,106972.1,33.052
2024-12-17 11:43:00,106972.1,106972.1,106931.1,106935.2,78.099
2024-12-17 11:44:00,106935.2,106954.7,106900.0,106954.7,178.436
2024-12-17 11:45:00,106954.7,106954.8,106905.9,106930.8,85.604
2024-12-17 11:46:00,106930.8,106931.6,106900.1,106900.1,32.536
2024-12-17 11:47:00,106900.1,106900.3,106830.3,106844.8,97.115
2024-12-17 11:48:00,106844.8,106844.8,106771.5,106771.6,269.863
2024-12-17 11:49:00,106771.6,106779.9,106737.0,106779.9,179.98
2024-12-17 11:50:00,106779.9,106783.6,106732.0,106735.8,145.231
2024-12-17 11:51:00,106735.8,106751.6,106688.0,106745.0,124.03
2024-12-17 11:52:00,106745.0,106754.4,106675.0,106751.6,127.913
2024-12-17 11:53:00,106751.6,106881.8,106751.6,106833.5,143.501
2024-12-17 11:54:00,106833.5,106870.6,106833.4,106867.8,192.411
2024-12-17 11:55:00,106867.8,106868.1,106817.9,106855.0,90.58
2024-12-17 11:56:00,106855.0,106908.3,106855.0,106893.3,65.427
2024-12-17 11:57:00,106893.3,106903.0,106850.0,106850.0,65.253
2024-12-17 11:58:00,106850.0,106850.0,106800.0,106817.6,41.948
2024-12-17 11:59:00,106817.6,106822.2,106754.3,106777.1,44.156
2024-12-17 12:00:00,106777.1,106777.1,106736.4,106768.1,52.696
2024-12-17 12:01:00,106768.1,106770.2,106727.0,106727.3,47.452
2024-12-17 12:02:00,106727.3,106769.3,106698.6,106738.0,55.631
2024-12-17 12:03:00,106738.0,106781.7,106722.0,106759.4,78.243
2024-12-17 12:04:00,106759.4,106779.8,106758.3,106774.8,50.948
2024-12-17 12:05:00,106774.8,106822.6,106721.3,106721.3,57.222
2024-12-17 12:06:00,106721.3,106827.0,106721.3,106757.5,60.211
2024-12-17 12:07:00,106757.5,106777.7,106708.8,106721.4,44.704
2024-12-17 12:08:00,106721.4,106773.2,106721.1,106748.0,59.945
2024-12-17 12:09:00,106748.0,106748.1,106640.4,106648.7,105.78
2024-12-17 12:10:00,106648.7,106658.4,106600.1,106658.4,184.807
2024-12-17 12:11:00,106658.4,106658.4,106575.3,106598.5,209.548
2024-12-17 12:12:00,106598.5,106630.8,106555.0,106555.2,227.369
2024-12-17 12:13:00,106555.2,106600.8,106550.0,106550.8,143.332
2024-12-17 12:14:00,106550.8,106593.2,106525.6,106552.1,122.379
2024-12-17 12:15:00,106552.1,106568.7,106504.0,106568.7,92.955
2024-12-17 12:16:00,106568.7,106730.1,106568.4,106709.1,186.9
2024-12-17 12:17:00,106709.1,106709.4,106610.4,106674.5,168.823
2024-12-17 12:18:00,106674.5,106687.1,106640.0,106640.0,71.308
2024-12-17 12:19:00,106640.0,106676.5,106640.0,106650.0,33.942
2024-12-17 12:20:00,106650.0,106669.4,106619.9,106649.7,33.531
2024-12-17 12:21:00,106649.7,106649.7,106526.3,106526.3,48.363
2024-12-17 12:22:00,106526.3,106632.5,106515.1,106632.5,62.94
2024-12-17 12:23:00,106632.5,106632.8,106574.5,106582.8,84.508
2024-12-17 12:24:00,106582.8,106632.5,106572.5,106632.5,36.912
2024-12-17 12:25:00,106632.5,106719.5,106632.4,106701.6,62.85
2024-12-17 12:26:00,106701.6,106733.9,106681.6,106700.2,46.704
2024-12-17 12:27:00,106700.2,106743.0,106699.9,106705.2,34.913
2024-12-17 12:28:00,106705.2,106710.6,106700.0,106705.5,58.034
2024-12-17 12:29:00,106705.5,106825.5,106705.5,106820.0,76.855
2024-12-17 12:30:00,106820.0,106883.3,106819.7,106853.2,115.097
2024-12-17 12:31:00,106853.2,106862.1,106838.6,106853.5,144.691
2024-12-17 12:32:00,106853.5,106858.4,106850.0,106858.4,69.991
2024-12-17 12:33:00,106858.4,106940.5,106858.3,106936.9,84.888
2024-12-17 12:34:00,106936.9,106946.9,106900.0,106900.0,101.575
2024-12-17 12:35:00,106900.0,106920.2,106868.3,106920.2,76.273
2024-12-17 12:36:00,106920.2,106920.2,106890.0,106908.1,37.738
2024-12-17 12:37:00,106908.1,106969.6,106908.1,106955.7,75.14
2024-12-17 12:38:00,106955.7,106960.3,106924.3,106930.1,114.317
2024-12-17 12:39:00,106930.1,106939.3,106913.3,106925.9,40.281
2024-12-17 12:40:00,106925.9,106955.0,106918.1,106954.9,23.511
2024-12-17 12:41:00,106954.9,106957.4,106928.3,106936.1,33.618
2024-12-17 12:42:00,106936.1,106936.7,106923.8,106923.8,20.175
2024-12-17 12:43:00,106923.8,106962.7,106923.8,106962.7,18.767
2024-12-17 12:44:00,106962.7,106962.7,106930.0,106930.3,28.422
2024-12-17 12:45:00,106930.3,106930.3,106874.0,106889.7,28.737
2024-12-17 12:46:00,106889.7,106964.6,106889.7,106964.6,45.538
2024-12-17 12:47:00,106964.6,106983.2,106950.9,106973.3,28.011
2024-12-17 12:48:00,106973.3,106973.4,106956.2,106960.0,30.575
2024-12-17 12:49:00,106960.0,107015.4,106959.2,107015.3,29.812
2024-12-17 12:50:00,107015.3,107015.3,106963.6,106994.3,63.526
2024-12-17 12:51:00,106994.3,107053.5,106994.2,107053.4,51.759
2024-12-17 12:52:00,107053.4,107100.0,107053.1,107099.9,77.915
2024-12-17 12:53:00,107099.9,107149.3,107099.6,107138.2,160.947
2024-12-17 12:54:00,107138.2,107153.7,107081.7,107081.9,280.348
2024-12-17 12:55:00,107081.9,107102.3,107048.2,107049.9,177.035
2024-12-17 12:56:00,107049.9,107100.0,107049.9,107082.5,133.899
2024-12-17 12:57:00,107082.5,107135.0,107082.5,107135.0,36.275
2024-12-17 12:58:00,107135.0,107135.2,107121.7,107121.7,84.803
2024-12-17 12:59:00,107121.7,107123.7,107082.6,107087.5,176.646
2024-12-17 13:00:00,107087.5,107087.5,107053.5,107070.0,59.216
2024-12-17 13:01:00,107070.0,107084.2,107001.5,107005.6,57.589
2024-12-17 13:02:00,107005.6,107005.6,106912.2,106966.1,222.648
2024-12-17 13:03:00,106966.1,106966.1,106948.6,106960.8,484.464
2024-12-17 13:04:00,106960.8,106961.1,106940.3,106950.2,124.512
2024-12-17 13:05:00,106950.2,107021.6,106937.3,106990.6,209.567
2024-12-17 13:06:00,106990.6,106993.5,106950.9,106959.2,135.001
2024-12-17 13:07:00,106959.2,106990.0,106953.8,106967.7,69.274
2024-12-17 13:08:00,106967.7,107020.2,106967.7,107019.9,26.743
2024-12-17 13:09:00,107019.9,107022.5,106950.0,106954.0,41.917
2024-12-17 13:10:00,106954.0,106989.5,106954.0,106989.5,15.445
2024-12-17 13:11:00,106989.5,106999.3,106970.7,106993.4,10.553
2024-12-17 13:12:00,106993.4,107010.8,106993.4,107010.8,13.648
2024-12-17 13:13:00,107010.8,107010.9,106961.9,106961.9,23.147
2024-12-17 13:14:00,106961.9,106988.5,106961.6,106973.8,44.359
2024-12-17 13:15:00,106973.8,106973.8,106938.3,106947.8,30.331
2024-12-17 13:16:00,106947.8,106951.2,106937.3,106937.3,23.453
2024-12-17 13:17:00,106937.3,106988.0,106937.3,106987.6,33.839
2024-12-17 13:18:00,106987.6,107033.8,106987.6,107011.4,50.966
2024-12-17 13:19:00,107011.4,107024.9,106993.8,107024.5,111.488
2024-12-17 13:20:00,107024.5,107097.0,107024.5,107073.6,85.093
2024-12-17 13:21:00,107073.6,107140.2,107073.3,107124.2,252.287
2024-12-17 13:22:00,107124.2,107124.2,107091.0,107124.1,174.662
2024-12-17 13:23:00,107124.1,107228.6,107124.1,107223.5,73.415
2024-12-17 13:24:00,107223.5,107266.8,107223.5,107256.7,167.848
2024-12-17 13:25:00,107256.7,107277.0,107256.7,107269.9,95.971
2024-12-17 13:26:00,107269.9,107369.3,107269.9,107342.5,136.942
2024-12-17 13:27:00,107342.5,107450.7,107338.6,107429.9,329.921
2024-12-17 13:28:00,107429.9,107433.0,107413.8,107413.8,228.552
2024-12-17 13:29:00,107413.8,107420.1,107360.8,107417.8,137.77
2024-12-17 13:30:00,107417.8,107473.5,107417.8,107468.2,203.85
2024-12-17 13:31:00,107468.2,107468.7,107460.0,107468.6,146.283
2024-12-17 13:32:00,107468.6,107601.1,107468.6,107556.8,169.022
2024-12-17 13:33:00,107556.8,107557.1,107470.1,107470.1,416.615
2024-12-17 13:34:00,107470.1,107470.4,107391.8,107391.8,213.696
2024-12-17 13:35:00,107391.8,107450.0,107308.7,107450.0,271.866
2024-12-17 13:36:00,107450.0,107450.2,107359.0,107359.0,237.649
2024-12-17 13:37:00,107359.0,107370.2,107312.5,107354.9,74.475
2024-12-17 13:38:00,107354.9,107464.8,107354.9,107428.3,94.029
2024-12-17 13:39:00,107428.3,107571.8,107428.0,107545.5,119.916
2024-12-17 13:40:00,107545.5,107580.2,107518.1,107542.1,164.816
2024-12-17 13:41:00,107542.1,107542.1,107461.8,107470.8,170.372
2024-12-17 13:42:00,107470.8,107476.2,107450.9,107452.9,139.46
2024-12-17 13:43:00,107452.9,107485.4,107450.0,107450.0,43.939
2024-12-17 13:44:00,107450.0,107470.7,107390.5,107390.5,48.904
2024-12-17 13:45:00,107390.5,107390.5,107261.2,107281.7,135.927
2024-12-17 13:46:00,107281.7,107390.7,107260.6,107390.1,298.371
2024-12-17 13:47:00,107390.1,107390.1,107311.5,107311.8,147.754
2024-12-17 13:48:00,107311.8,107331.9,107299.0,107320.9,60.087
2024-12-17 13:49:00,107320.9,107330.7,107270.9,107311.6,41.882
2024-12-17 13:50:00,107311.6,107316.0,107285.0,107300.3,55.062
2024-12-17 13:51:00,107300.3,107300.3,107261.0,107261.0,36.707
2024-12-17 13:52:00,107261.0,107330.0,107261.0,107312.7,38.975
2024-12-17 13:53:00,107312.7,107312.7,107270.5,107286.2,53.288
2024-12-17 13:54:00,107286.2,107286.2,107183.7,107221.8,50.428
2024-12-17 13:55:00,107221.8,107246.6,107214.4,107214.5,115.287
2024-12-17 13:56:00,107214.5,107239.5,107214.5,107239.5,63.636
2024-12-17 13:57:00,107239.5,107248.2,107170.8,107179.7,63.755
2024-12-17 13:58:00,107179.7,107230.8,107179.7,107222.7,117.545
2024-12-17 13:59:00,107222.7,107312.7,107222.7,107284.0,54.249
2024-12-17 14:00:00,107284.0,107284.0,107202.1,107202.1,90.602
2024-12-17 14:01:00,107202.1,107230.9,107159.7,107190.3,58.915
2024-12-17 14:02:00,107190.3,107257.1,107186.4,107257.1,93.708
2024-12-17 14:03:00,107257.1,107430.4,107257.1,107379.5,93.526
2024-12-17 14:04:00,107379.5,107390.8,107345.3,107390.4,185.325
2024-12-17 14:05:00,107390.4,107502.8,107390.4,107444.5,104.097
2024-12-17 14:06:00,107444.5,107468.4,107412.1,107412.1,214.245
2024-12-17 14:07:00,107412.1,107499.8,107412.1,107490.5,127.13
2024-12-17 14:08:00,107490.5,107501.4,107450.0,107450.0,137.283
2024-12-17 14:09:00,107450.0,107454.9,107411.7,107430.3,80.49
2024-12-17 14:10:00,107430.3,107444.2,107361.1,107361.1,122.622
2024-12-17 14:11:00,107361.1,107398.9,107361.1,107398.9,95.567
2024-12-17 14:12:00,107398.9,107475.0,107398.9,107475.0,38.367
2024-12-17 14:13:00,107475.0,107500.2,107473.7,107490.9,51.474
2024-12-17 14:14:00,107490.9,107490.9,107444.4,107474.8,55.211
2024-12-17 14:15:00,107474.8,107550.0,107470.0,107550.0,40.289
2024-12-17 14:16:00,107550.0,107563.2,107481.4,107481.4,78.113
2024-12-17 14:17:00,107481.4,107481.5,107422.4,107438.4,93.783
2024-12-17 14:18:00,107438.4,107477.5,107432.4,107477.5,95.449
2024-12-17 14:19:00,107477.5,107576.6,107449.5,107524.8,44.291
2024-12-17 14:20:00,107524.8,107570.1,107524.8,107568.4,60.927
2024-12-17 14:21:00,107568.4,107644.1,107568.1,107618.2,160.022
2024-12-17 14:22:00,107618.2,107638.3,107608.2,107627.0,359.455
2024-12-17 14:23:00,107627.0,107714.0,107627.0,107638.1,149.216
2024-12-17 14:24:00,107638.1,107718.2,107637.8,107699.9,224.469
2024-12-17 14:25:00,107699.9,107717.4,107610.3,107637.4,221.452
2024-12-17 14:26:00,107637.4,107678.0,107515.2,107550.7,184.628
2024-12-17 14:27:00,107550.7,107600.3,107500.0,107600.2,171.26
2024-12-17 14:28:00,107600.2,107700.3,107600.2,107700.0,128.585
2024-12-17 14:29:00,107700.0,107700.3,107648.4,107689.2,151.41
2024-12-17 14:30:00,107689.2,107727.8,107686.8,107721.3,82.631
2024-12-17 14:31:00,107721.3,107770.5,107550.6,107550.6,193.786
2024-12-17 14:32:00,107550.6,107750.0,107479.2,107661.8,356.186
2024-12-17 14:33:00,107661.8,107661.8,107400.2,107497.8,393.193
2024-12-17 14:34:00,107497.8,107593.3,107390.4,107424.5,304.125
2024-12-17 14:35:00,107424.5,107497.1,107400.0,107420.3,187.31
2024-12-17 14:36:00,107420.3,107617.5,107400.0,107606.6,175.989
2024-12-17 14:37:00,107606.6,107606.6,107338.0,107381.0,291.739
2024-12-17 14:38:00,107381.0,107381.0,107030.9,107171.1,462.624
2024-12-17 14:39:00,107171.1,107320.4,107142.9,107307.7,556.426
2024-12-17 14:40:00,107307.7,107318.1,107001.0,107037.3,443.045
2024-12-17 14:41:00,107037.3,107222.0,107026.1,107173.9,497.38
2024-12-17 14:42:00,107173.9,107513.6,107173.9,107509.9,263.348
2024-12-17 14:43:00,107509.9,107875.8,107509.9,107818.3,732.853
2024-12-17 14:44:00,107818.3,107818.3,107603.5,107728.9,551.961
2024-12-17 14:45:00,107728.9,107831.6,107684.4,107712.7,399.617
2024-12-17 14:46:00,107712.7,107870.6,107712.7,107819.0,309.961
2024-12-17 14:47:00,107819.0,107950.0,107730.0,107775.3,313.139
2024-12-17 14:48:00,107775.3,107914.2,107775.2,107904.8,366.547
2024-12-17 14:49:00,107904.8,107920.0,107841.7,107915.8,230.924
2024-12-17 14:50:00,107915.8,108015.6,107900.0,107998.5,340.22
2024-12-17 14:51:00,107998.5,108099.4,107950.0,108021.0,479.704
2024-12-17 14:52:00,108021.0,108079.9,107822.0,107841.5,572.702
2024-12-17 14:53:00,107841.5,108027.0,107841.5,107966.3,409.988
2024-12-17 14:54:00,107966.3,108050.0,107893.9,108015.0,284.315
2024-12-17 14:55:00,108015.0,108025.0,107885.4,107988.1,213.61
2024-12-17 14:56:00,107988.1,108050.0,107983.3,108017.9,153.625
2024-12-17 14:57:00,108017.9,108350.0,108017.8,108225.4,1019.273
2024-12-17 14:58:00,108225.4,108307.0,108135.0,108221.5,612.781
2024-12-17 14:59:00,108221.5,108246.5,108122.5,108222.2,554.761
2024-12-17 15:00:00,108222.2,108222.2,108000.0,108093.6,447.031
2024-12-17 15:01:00,108093.6,108128.1,107895.4,107914.4,607.263
2024-12-17 15:02:00,107914.4,108037.1,107846.0,107901.3,564.727
2024-12-17 15:03:00,107901.3,107915.1,107743.1,107745.1,496.205
2024-12-17 15:04:00,107745.1,107862.1,107745.1,107829.9,416.167
2024-12-17 15:05:00,107829.9,107855.6,107720.0,107837.4,268.653
2024-12-17 15:06:00,107837.4,108038.0,107837.4,107952.8,269.119
2024-12-17 15:07:00,107952.8,107996.2,107776.2,107788.4,235.091
2024-12-17 15:08:00,107788.4,107788.4,107721.1,107745.2,152.944
2024-12-17 15:09:00,107745.2,107772.4,107600.0,107718.4,228.651
2024-12-17 15:10:00,107718.4,107718.4,107525.0,107558.3,344.091
2024-12-17 15:11:00,107558.3,107578.4,107154.9,107202.9,697.744
2024-12-17 15:12:00,107202.9,107245.1,107080.0,107169.7,601.277
2024-12-17 15:13:00,107169.7,107200.0,106887.1,106888.3,602.433
2024-12-17 15:14:00,106888.3,106988.2,106828.0,106923.0,663.651
2024-12-17 15:15:00,106923.0,106924.8,106666.0,106673.4,708.329
2024-12-17 15:16:00,106673.4,106920.7,106611.4,106895.5,615.803
2024-12-17 15:17:00,106895.5,106920.3,106700.0,106766.2,882.671
2024-12-17 15:18:00,106766.2,106908.2,106680.0,106690.6,582.753
2024-12-17 15:19:00,106690.6,106699.8,106307.7,106322.7,638.725
2024-12-17 15:20:00,106322.7,106543.0,106295.3,106413.0,614.467
2024-12-17 15:21:00,106413.0,106565.5,106310.8,106311.0,662.192
2024-12-17 15:22:00,106311.0,106376.5,106105.0,106200.1,1433.989
2024-12-17 15:23:00,106200.1,106294.7,106135.5,106249.2,555.544
2024-12-17 15:24:00,106249.2,106249.2,106008.8,106015.8,444.886
2024-12-17 15:25:00,106015.8,106196.1,106015.8,106031.6,702.16
2024-12-17 15:26:00,106031.6,106258.4,105967.8,106226.0,866.622
2024-12-17 15:27:00,106226.0,106260.3,105900.0,105938.8,625.883
2024-12-17 15:28:00,105938.8,106070.3,105900.0,105994.7,640.425
2024-12-17 15:29:00,105994.7,106094.8,105941.6,106019.1,571.694
2024-12-17 15:30:00,106019.1,106244.9,106013.8,106223.7,422.579
2024-12-17 15:31:00,106223.7,106269.7,105907.7,105943.4,477.747
2024-12-17 15:32:00,105943.4,106023.8,105856.8,105870.7,398.476
2024-12-17 15:33:00,105870.7,105897.0,105705.0,105705.2,552.958
2024-12-17 15:34:00,105705.2,105868.8,105700.0,105769.4,575.808
2024-12-17 15:35:00,105769.4,105775.5,105696.1,105696.1,373.164
2024-12-17 15:36:00,105696.1,106048.3,105695.3,105976.2,403.653
2024-12-17 15:37:00,105976.2,106205.4,105976.2,106199.4,667.007
2024-12-17 15:38:00,106199.4,106399.2,106199.1,106365.2,714.937
2024-12-17 15:39:00,106365.2,106368.9,106283.8,106311.2,559.584
2024-12-17 15:40:00,106311.2,106520.2,106270.0,106512.9,348.782
2024-12-17 15:41:00,106512.9,106577.0,106385.1,106392.3,420.845
2024-12-17 15:42:00,106392.3,106396.3,106256.0,106299.8,347.585
2024-12-17 15:43:00,106299.8,106335.6,106181.0,106316.4,297.554
2024-12-17 15:44:00,106316.4,106470.2,106307.4,106463.3,409.68
2024-12-17 15:45:00,106463.3,106567.1,106436.8,106537.3,195.937
2024-12-17 15:46:00,106537.3,106560.7,106470.2,106560.7,253.737
2024-12-17 15:47:00,106560.7,106566.5,106418.8,106498.4,142.959
2024-12-17 15:48:00,106498.4,106498.4,106259.1,106263.0,171.675
2024-12-17 15:49:00,106263.0,106362.5,106235.3,106270.5,147.879
2024-12-17 15:50:00,106270.5,106380.0,106216.7,106287.2,96.998
2024-12-17 15:51:00,106287.2,106400.0,106225.0,106234.0,85.407
2024-12-17 15:52:00,106234.0,106263.1,106124.9,106125.2,109.47
2024-12-17 15:53:00,106125.2,106172.7,106022.0,106093.2,242.086
2024-12-17 15:54:00,106093.2,106183.6,106090.0,106090.0,133.867
2024-12-17 15:55:00,106090.0,106177.9,106082.3,106141.1,78.926
2024-12-17 15:56:00,106141.1,106231.9,106132.7,106226.2,121.957
2024-12-17 15:57:00,106226.2,106458.0,106221.4,106441.2,217.295
2024-12-17 15:58:00,106441.2,106474.0,106383.1,106445.2,173.957
2024-12-17 15:59:00,106445.2,106454.2,106383.8,106427.8,182.801
2024-12-17 16:00:00,106427.8,106438.8,106251.1,106251.3,108.487
2024-12-17 16:01:00,106251.3,106370.0,106251.0,106316.3,135.439
2024-12-17 16:02:00,106316.3,106316.3,106189.5,106195.2,111.349
2024-12-17 16:03:00,106195.2,106222.2,106125.1,106125.1,82.497
2024-12-17 16:04:00,106125.1,106366.8,106125.1,106362.7,92.764
2024-12-17 16:05:00,106362.7,106367.6,106300.0,106316.3,95.836
2024-12-17 16:06:00,106316.3,106337.3,106125.0,106209.4,62.096
2024-12-17 16:07:00,106209.4,106461.4,106142.8,106454.9,85.843
2024-12-17 16:08:00,106454.9,106576.0,106454.9,106553.3,142.733
2024-12-17 16:09:00,106553.3,106713.8,106526.1,106707.9,382.67
2024-12-17 16:10:00,106707.9,106734.2,106600.0,106662.0,545.218
2024-12-17 16:11:00,106662.0,106737.0,106655.0,106736.7,313.952
2024-12-17 16:12:00,106736.7,106830.2,106720.7,106830.2,292.705
2024-12-17 16:13:00,106830.2,106868.4,106810.4,106868.2,218.458
2024-12-17 16:14:00,106868.2,106997.1,106850.2,106982.9,295.153
2024-12-17 16:15:00,106982.9,107045.5,106892.2,107024.4,578.035
2024-12-17 16:16:00,107024.4,107046.7,106875.5,106904.1,361.306
2024-12-17 16:17:00,106904.1,106930.0,106849.2,106876.0,238.483
2024-12-17 16:18:00,106876.0,106876.1,106699.3,106699.3,160.401
2024-12-17 16:19:00,106699.3,106721.8,106609.4,106688.8,268.267
2024-12-17 16:20:00,106688.8,106812.0,106667.4,106774.5,172.344
2024-12-17 16:21:00,106774.5,106804.9,106653.0,106653.0,61.421
2024-12-17 16:22:00,106653.0,106653.1,106599.9,106645.1,99.598
2024-12-17 16:23:00,106645.1,106731.6,106630.8,106705.1,117.381
2024-12-17 16:24:00,106705.1,106733.9,106600.0,106635.5,109.886
2024-12-17 16:25:00,106635.5,106716.4,106605.8,106667.6,97.488
2024-12-17 16:26:00,106667.6,106690.2,106576.5,106610.9,88.365
2024-12-17 16:27:00,106610.9,106742.5,106610.9,106731.9,107.65
2024-12-17 16:28:00,106731.9,106731.9,106610.2,106646.0,104.191
2024-12-17 16:29:00,106646.0,106648.7,106580.8,106593.2,136.097
2024-12-17 16:30:00,106593.2,106619.6,106508.1,106552.2,78.102
2024-12-17 16:31:00,106552.2,106552.2,106407.9,106422.7,152.08
2024-12-17 16:32:00,106422.7,106585.0,106420.0,106500.3,153.445
2024-12-17 16:33:00,106500.3,106596.2,106480.0,106524.2,84.985
2024-12-17 16:34:00,106524.2,106617.6,106524.2,106543.3,94.922
2024-12-17 16:35:00,106543.3,106701.5,106543.2,106701.5,139.226
2024-12-17 16:36:00,106701.5,106753.0,106701.5,106743.9,134.115
2024-12-17 16:37:00,106743.9,106890.0,106743.9,106884.9,359.572
2024-12-17 16:38:00,106884.9,106885.0,106814.8,106841.9,495.872
2024-12-17 16:39:00,106841.9,106932.0,106841.9,106915.9,86.132
2024-12-17 16:40:00,106915.9,106930.6,106834.0,106900.0,121.237
2024-12-17 16:41:00,106900.0,106910.5,106850.5,106875.5,123.664
2024-12-17 16:42:00,106875.5,106875.5,106734.0,106816.7,49.236
2024-12-17 16:43:00,106816.7,106817.0,106685.3,106685.3,98.741
2024-12-17 16:44:00,106685.3,106755.2,106685.3,106755.2,129.762
2024-12-17 16:45:00,106755.2,106755.2,106636.4,106636.4,46.11
2024-12-17 16:46:00,106636.4,106804.9,106631.7,106804.8,73.031
2024-12-17 16:47:00,106804.8,106914.2,106792.2,106911.6,90.994
2024-12-17 16:48:00,106911.6,106915.0,106830.4,106900.2,100.537
2024-12-17 16:49:00,106900.2,106902.8,106855.2,106884.7,54.888
2024-12-17 16:50:00,106884.7,106886.4,106846.3,106870.0,26.136
2024-12-17 16:51:00,106870.0,106886.3,106816.8,106882.0,52.633
2024-12-17 16:52:00,106882.0,106984.2,106882.0,106949.9,125.165
2024-12-17 16:53:00,106949.9,106949.9,106865.5,106897.6,268.668
2024-12-17 16:54:00,106897.6,106897.6,106817.5,106817.6,38.375
2024-12-17 16:55:00,106817.6,106914.9,106765.1,106912.5,46.232
2024-12-17 16:56:00,106912.5,106941.1,106875.6,106889.7,82.641
2024-12-17 16:57:00,106889.7,106922.6,106822.4,106834.3,38.288
2024-12-17 16:58:00,106834.3,106881.1,106820.0,106864.7,33.218
2024-12-17 16:59:00,106864.7,107032.1,106864.7,107031.8,34.496
2024-12-17 17:00:00,107031.8,107031.8,106932.9,106950.9,96.495
2024-12-17 17:01:00,106950.9,106972.6,106761.7,106837.6,91.612
2024-12-17 17:02:00,106837.6,106843.7,106739.6,106781.0,130.926
2024-12-17 17:03:00,106781.0,106787.9,106666.3,106685.2,74.976
2024-12-17 17:04:00,106685.2,106751.6,106655.9,106743.5,95.225
2024-12-17 17:05:00,106743.5,106880.9,106700.0,106880.9,42.666
2024-12-17 17:06:00,106880.9,106880.9,106713.4,106713.7,71.986
2024-12-17 17:07:00,106713.7,106934.5,106713.0,106934.4,108.233
2024-12-17 17:08:00,106934.4,106987.2,106934.4,106966.0,59.548
2024-12-17 17:09:00,106966.0,107007.1,106966.0,106999.8,46.382
2024-12-17 17:10:00,106999.8,106999.9,106822.4,106883.8,45.262
2024-12-17 17:11:00,106883.8,106892.9,106769.7,106809.2,39.23
2024-12-17 17:12:00,106809.2,106809.2,106756.5,106796.0,36.439
2024-12-17 17:13:00,106796.0,106801.0,106787.1,106800.0,24.151
2024-12-17 17:14:00,106800.0,106886.5,106798.8,106850.1,19.677
2024-12-17 17:15:00,106850.1,106939.6,106839.9,106854.2,49.727
2024-12-17 17:16:00,106854.2,106885.1,106751.4,106803.6,83.136
2024-12-17 17:17:00,106803.6,106872.6,106748.8,106872.6,90.693
2024-12-17 17:18:00,106872.6,106941.0,106855.8,106911.5,17.372
2024-12-17 17:19:00,106911.5,106969.7,106911.5,106961.4,29.099
2024-12-17 17:20:00,106961.4,107277.2,106956.1,107277.2,183.93
2024-12-17 17:21:00,107277.2,107302.8,107083.9,107135.4,499.811
2024-12-17 17:22:00,107135.4,107394.7,107135.4,107352.4,237.978
2024-12-17 17:23:00,107352.4,107429.7,107218.1,107230.2,292.247
2024-12-17 17:24:00,107230.2,107380.3,107226.0,107337.5,234.967
2024-12-17 17:25:00,107337.5,107399.0,107250.0,107380.6,133.599
2024-12-17 17:26:00,107380.6,107458.8,107350.9,107458.8,214.788
2024-12-17 17:27:00,107458.8,107577.8,107458.8,107561.0,213.642
2024-12-17 17:28:00,107561.0,107561.3,107399.9,107495.3,470.973
2024-12-17 17:29:00,107495.3,107500.0,107450.0,107500.0,512.51
2024-12-17 17:30:00,107500.0,107529.7,107413.8,107454.1,158.462
2024-12-17 17:31:00,107454.1,107550.0,107390.5,107549.9,132.856
2024-12-17 17:32:00,107549.9,107571.9,107500.0,107507.9,100.968
2024-12-17 17:33:00,107507.9,107534.5,107360.9,107425.8,73.772
2024-12-17 17:34:00,107425.8,107524.0,107400.0,107442.9,135.765
2024-12-17 17:35:00,107442.9,107472.0,107363.0,107373.0,110.357
2024-12-17 17:36:00,107373.0,107379.2,107267.6,107371.9,87.231
2024-12-17 17:37:00,107371.9,107405.0,107290.1,107299.7,100.335
2024-12-17 17:38:00,107299.7,107299.7,107263.3,107269.0,56.498
2024-12-17 17:39:00,107269.0,107299.7,107263.6,107269.9,72.463
2024-12-17 17:40:00,107269.9,107336.2,107269.9,107286.8,87.77
2024-12-17 17:41:00,107286.8,107333.0,107250.0,107332.9,37.536
2024-12-17 17:42:00,107332.9,107379.0,107322.9,107370.6,25.877
2024-12-17 17:43:00,107370.6,107370.6,107270.1,107296.6,40.848
2024-12-17 17:44:00,107296.6,107335.9,107296.5,107325.4,21.58
2024-12-17 17:45:00,107325.4,107400.1,107299.2,107346.0,15.589
2024-12-17 17:46:00,107346.0,107409.6,107292.7,107295.7,32.843
2024-12-17 17:47:00,107295.7,107317.1,107173.9,107200.2,55.266
2024-12-17 17:48:00,107200.2,107319.7,107199.9,107223.4,85.103
2024-12-17 17:49:00,107223.4,107341.7,107223.4,107306.0,43.212
2024-12-17 17:50:00,107306.0,107326.8,107230.3,107230.3,51.649
2024-12-17 17:51:00,107230.3,107329.2,107230.3,107300.7,46.674
2024-12-17 17:52:00,107300.7,107332.0,107271.6,107331.9,14.485
2024-12-17 17:53:00,107331.9,107439.2,107331.9,107405.0,38.465
2024-12-17 17:54:00,107405.0,107479.4,107404.7,107406.3,75.13
2024-12-17 17:55:00,107406.3,107563.5,107406.3,107546.7,95.23
2024-12-17 17:56:00,107546.7,107546.7,107384.4,107427.9,163.371
2024-12-17 17:57:00,107427.9,107450.2,107372.7,107384.3,57.588
2024-12-17 17:58:00,107384.3,107401.7,107384.3,107400.1,25.793
2024-12-17 17:59:00,107400.1,107479.5,107400.0,107470.0,29.552
2024-12-17 18:00:00,107470.0,107475.9,107338.2,107394.4,49.931
2024-12-17 18:01:00,107394.4,107474.5,107394.1,107474.5,38.977
2024-12-17 18:02:00,107474.5,107513.5,107408.9,107408.9,49.57
2024-12-17 18:03:00,107408.9,107483.1,107408.9,107427.5,79.733
2024-12-17 18:04:00,107427.5,107511.3,107427.5,107488.4,48.079
2024-12-17 18:05:00,107488.4,107488.4,107429.0,107432.6,29.123
2024-12-17 18:06:00,107432.6,107525.2,107432.6,107514.7,45.963
2024-12-17 18:07:00,107514.7,107555.2,107514.6,107555.2,72.495
2024-12-17 18:08:00,107555.2,107559.4,107483.7,107555.0,58.717
2024-12-17 18:09:00,107555.0,107585.0,107514.1,107532.8,84.325
2024-12-17 18:10:00,107532.8,107595.6,107500.0,107507.7,69.662
2024-12-17 18:11:00,107507.7,107557.8,107479.2,107485.9,32.058
2024-12-17 18:12:00,107485.9,107517.2,107480.9,107517.2,29.055
2024-12-17 18:13:00,107517.2,107546.9,107508.0,107508.0,72.396
2024-12-17 18:14:00,107508.0,107508.3,107501.1,107508.3,44.725
2024-12-17 18:15:00,107508.3,107571.9,107508.2,107535.1,25.875
2024-12-17 18:16:00,107535.1,107535.1,107376.6,107387.7,64.785
2024-12-17 18:17:00,107387.7,107387.7,107277.1,107277.1,182.15
2024-12-17 18:18:00,107277.1,107286.0,107224.1,107229.8,148.751
2024-12-17 18:19:00,107229.8,107350.2,107229.8,107316.9,140.588
2024-12-17 18:20:00,107316.9,107317.2,107150.0,107159.0,113.697
2024-12-17 18:21:00,107159.0,107266.4,107158.9,107191.3,117.533
2024-12-17 18:22:00,107191.3,107276.3,107191.3,107232.8,94.93
2024-12-17 18:23:00,107232.8,107277.7,107211.4,107253.9,41.51
2024-12-17 18:24:00,107253.9,107320.0,107227.8,107310.1,51.111
2024-12-17 18:25:00,107310.1,107431.7,107310.1,107416.3,96.797
2024-12-17 18:26:00,107416.3,107416.3,107255.5,107299.9,28.518
2024-12-17 18:27:00,107299.9,107303.3,107258.6,107288.6,26.683
2024-12-17 18:28:00,107288.6,107302.2,107016.7,107017.1,83.402
2024-12-17 18:29:00,107017.1,107017.4,106930.0,106970.0,268.53
2024-12-17 18:30:00,106970.0,107087.9,106970.0,107076.9,222.96
2024-12-17 18:31:00,107076.9,107092.6,106995.9,106995.9,86.272
2024-12-17 18:32:00,106995.9,107095.2,106991.7,107095.2,26.78
2024-12-17 18:33:00,107095.2,107164.7,107094.9,107155.2,46.079
2024-12-17 18:34:00,107155.2,107161.0,107054.8,107082.5,68.729
2024-12-17 18:35:00,107082.5,107100.0,107027.1,107060.0,31.726
2024-12-17 18:36:00,107060.0,107100.0,107054.7,107099.5,15.127
2024-12-17 18:37:00,107099.5,107099.5,107017.1,107043.8,30.719
2024-12-17 18:38:00,107043.8,107153.7,107027.3,107149.2,39.27
2024-12-17 18:39:00,107149.2,107186.3,107149.2,107186.2,27.914
2024-12-17 18:40:00,107186.2,107232.7,107170.5,107206.1,46.926
2024-12-17 18:41:00,107206.1,107272.0,107186.2,107245.0,42.384
2024-12-17 18:42:00,107245.0,107321.0,107245.0,107257.1,23.354
2024-12-17 18:43:00,107257.1,107272.3,107218.5,107237.6,26.623
2024-12-17 18:44:00,107237.6,107237.6,107199.6,107199.9,23.831
2024-12-17 18:45:00,107199.9,107216.6,107032.8,107032.8,66.557
2024-12-17 18:46:00,107032.8,107033.1,106964.4,106964.4,52.502
2024-12-17 18:47:00,106964.4,107000.3,106878.9,106883.5,72.293
2024-12-17 18:48:00,106883.5,106901.6,106816.3,106826.2,153.611
2024-12-17 18:49:00,106826.2,106826.2,106699.9,106746.8,206.837
2024-12-17 18:50:00,106746.8,106800.2,106664.0,106664.0,406.042
2024-12-17 18:51:00,106664.0,106664.1,106510.0,106567.6,164.4
2024-12-17 18:52:00,106567.6,106589.6,106457.2,106479.5,282.575
2024-12-17 18:53:00,106479.5,106499.2,106405.2,106446.0,214.861
2024-12-17 18:54:00,106446.0,106446.0,106383.0,106383.0,201.261
2024-12-17 18:55:00,106383.0,106580.1,106380.3,106549.6,652.359
2024-12-17 18:56:00,106549.6,106633.8,106403.9,106441.2,523.36
2024-12-17 18:57:00,106441.2,106533.5,106420.0,106506.8,145.75
2024-12-17 18:58:00,106506.8,106593.3,106470.4,106593.0,80.151
2024-12-17 18:59:00,106593.0,106593.0,106500.0,106524.8,99.471
2024-12-17 19:00:00,106524.8,106674.7,106524.8,106647.0,112.985
2024-12-17 19:01:00,106647.0,106673.1,106521.1,106521.1,147.925
2024-12-17 19:02:00,106521.1,106627.4,106508.8,106627.4,87.281
2024-12-17 19:03:00,106627.4,106708.0,106627.4,106700.3,46.359
2024-12-17 19:04:00,106700.3,106744.3,106645.9,106647.3,69.287
2024-12-17 19:05:00,106647.3,106726.1,106617.4,106620.0,58.291
2024-12-17 19:06:00,106620.0,106620.0,106350.0,106350.7,105.034
2024-12-17 19:07:00,106350.7,106378.0,106310.0,106315.8,235.872
2024-12-17 19:08:00,106315.8,106408.4,106315.8,106374.4,175.932
2024-12-17 19:09:00,106374.4,106470.2,106347.1,106470.2,219.214
2024-12-17 19:10:00,106470.2,106666.2,106470.2,106644.0,40.844
2024-12-17 19:11:00,106644.0,106650.3,106580.0,106600.1,56.997
2024-12-17 19:12:00,106600.1,106664.3,106600.0,106629.9,57.957
2024-12-17 19:13:00,106629.9,106713.9,106614.0,106688.9,49.354
2024-12-17 19:14:00,106688.9,106788.6,106650.0,106788.6,93.681
2024-12-17 19:15:00,106788.6,106788.6,106600.0,106649.4,50.417
2024-12-17 19:16:00,106649.4,106699.9,106614.7,106640.8,49.364
2024-12-17 19:17:00,106640.8,106693.8,106618.7,106622.9,19.429
2024-12-17 19:18:00,106622.9,106651.1,106550.0,106591.2,31.733
2024-12-17 19:19:00,106591.2,106709.2,106572.0,106676.1,65.357
2024-12-17 19:20:00,106676.1,106679.8,106501.4,106509.3,33.861
2024-12-17 19:21:00,106509.3,106559.5,106472.9,106555.2,48.926
2024-12-17 19:22:00,106555.2,106600.2,106540.3,106573.8,41.663
2024-12-17 19:23:00,106573.8,106574.1,106520.0,106571.2,33.4
2024-12-17 19:24:00,106571.2,106666.0,106546.4,106666.0,12.221
2024-12-17 19:25:00,106666.0,106670.0,106636.4,106669.7,14.0
2024-12-17 19:26:00,106669.7,106720.0,106669.7,106720.0,16.71
2024-12-17 19:27:00,106720.0,106968.2,106719.9,106870.3,101.439
2024-12-17 19:28:00,106870.3,106870.3,106625.0,106625.1,298.203
2024-12-17 19:29:00,106625.1,106670.4,106600.0,106650.3,112.858
2024-12-17 19:30:00,106650.3,106650.3,106558.3,106558.5,71.28
2024-12-17 19:31:00,106558.5,106577.5,106518.0,106562.6,42.161
2024-12-17 19:32:00,106562.6,106565.9,106500.0,106500.0,73.73
2024-12-17 19:33:00,106500.0,106518.3,106487.8,106508.0,31.555
2024-12-17 19:34:00,106508.0,106517.4,106490.5,106492.0,45.535
2024-12-17 19:35:00,106492.0,106492.0,106384.0,106384.0,24.576
2024-12-17 19:36:00,106384.0,106384.1,106294.4,106297.2,81.722
2024-12-17 19:37:00,106297.2,106334.3,106295.5,106320.1,109.316
2024-12-17 19:38:00,106320.1,106372.0,106297.1,106363.8,64.735
2024-12-17 19:39:00,106363.8,106411.7,106353.0,106353.1,52.279
2024-12-17 19:40:00,106353.1,106358.9,106350.0,106350.0,42.643
2024-12-17 19:41:00,106350.0,106364.6,106231.8,106277.6,101.339
2024-12-17 19:42:00,106277.6,106278.0,106209.4,106215.2,298.039
2024-12-17 19:43:00,106215.2,106230.1,106188.0,106193.9,112.431
2024-12-17 19:44:00,106193.9,106350.0,106187.9,106332.0,219.673
2024-12-17 19:45:00,106332.0,106372.0,106272.8,106310.0,176.462
2024-12-17 19:46:00,106310.0,106310.5,106220.0,106266.9,36.533
2024-12-17 19:47:00,106266.9,106353.2,106213.9,106225.1,69.957
2024-12-17 19:48:00,106225.1,106382.1,106211.5,106372.8,83.92
2024-12-17 19:49:00,106372.8,106427.9,106365.3,106377.6,84.113
2024-12-17 19:50:00,106377.6,106490.1,106377.6,106422.5,89.993
2024-12-17 19:51:00,106422.5,106540.1,106407.4,106470.2,124.095
2024-12-17 19:52:00,106470.2,106525.4,106470.2,106509.3,58.822
2024-12-17 19:53:00,106509.3,106509.3,106358.3,106362.4,34.256
2024-12-17 19:54:00,106362.4,106480.9,106362.4,106470.3,14.676
2024-12-17 19:55:00,106470.3,106529.7,106428.5,106529.7,18.78
2024-12-17 19:56:00,106529.7,106530.0,106454.3,106480.7,34.035
2024-12-17 19:57:00,106480.7,106510.4,106477.7,106503.8,11.499
2024-12-17 19:58:00,106503.8,106518.6,106450.0,106518.6,15.483
2024-12-17 19:59:00,106518.6,106518.6,106450.0,106450.4,24.89
2024-12-17 20:00:00,106450.4,106521.0,106420.1,106521.0,24.462
2024-12-17 20:01:00,106521.0,106580.0,106520.9,106541.7,63.145
2024-12-17 20:02:00,106541.7,106543.8,106500.0,106518.5,72.5
2024-12-17 20:03:00,106518.5,106577.8,106518.0,106534.2,17.409
2024-12-17 20:04:00,106534.2,106560.7,106506.8,106534.0,25.497
2024-12-17 20:05:00,106534.0,106534.1,106400.0,106400.0,27.591
2024-12-17 20:06:00,106400.0,106400.1,106325.4,106325.7,85.354
2024-12-17 20:07:00,106325.7,106325.7,106198.4,106216.2,144.74
2024-12-17 20:08:00,106216.2,106216.3,106180.0,106180.1,68.103
2024-12-17 20:09:00,106180.1,106277.2,106175.1,106264.0,49.691
2024-12-17 20:10:00,106264.0,106309.4,106190.0,106190.0,50.938
2024-12-17 20:11:00,106190.0,106236.3,106190.0,106220.1,44.018
2024-12-17 20:12:00,106220.1,106238.9,106170.0,106181.9,56.04
2024-12-17 20:13:00,106181.9,106216.8,106171.4,106171.4,77.887
2024-12-17 20:14:00,106171.4,106204.4,106118.1,106193.9,75.429
2024-12-17 20:15:00,106193.9,106204.1,106131.3,106131.3,172.158
2024-12-17 20:16:00,106131.3,106150.0,106122.1,106146.0,27.053
2024-12-17 20:17:00,106146.0,106193.8,106120.0,106193.8,26.7
2024-12-17 20:18:00,106193.8,106289.9,106193.8,106257.4,59.758
2024-12-17 20:19:00,106257.4,106294.7,106257.3,106285.5,99.858
2024-12-17 20:20:00,106285.5,106301.9,106215.7,106230.8,22.98
2024-12-17 20:21:00,106230.8,106349.5,106230.8,106325.7,28.011
2024-12-17 20:22:00,106325.7,106325.7,106250.0,106258.6,31.943
2024-12-17 20:23:00,106258.6,106300.3,106232.2,106293.4,24.252
2024-12-17 20:24:00,106293.4,106293.4,106242.4,106242.4,9.419
2024-12-17 20:25:00,106242.4,106325.5,106230.8,106325.5,10.757
2024-12-17 20:26:00,106325.5,106337.2,106290.0,106310.3,16.074
2024-12-17 20:27:00,106310.3,106340.1,106285.7,106340.1,16.38
2024-12-17 20:28:00,106340.1,106384.1,106314.3,106314.3,18.829
2024-12-17 20:29:00,106314.3,106353.3,106314.3,106349.4,33.251
2024-12-17 20:30:00,106349.4,106480.6,106349.4,106480.6,23.659
2024-12-17 20:31:00,106480.6,106480.6,106371.0,106414.2,55.525
2024-12-17 20:32:00,106414.2,106467.6,106395.0,106465.0,24.312
2024-12-17 20:33:00,106465.0,106470.3,106417.1,106470.3,41.71
2024-12-17 20:34:00,106470.3,106733.9,106470.3,106686.5,780.843
2024-12-17 20:35:00,106686.5,106692.1,106582.3,106660.1,485.491
2024-12-17 20:36:00,106660.1,106746.7,106660.1,106679.1,71.173
2024-12-17 20:37:00,106679.1,106752.4,106672.8,106737.4,111.083
2024-12-17 20:38:00,106737.4,106737.7,106674.3,106726.4,198.208
2024-12-17 20:39:00,106726.4,106750.0,106658.2,106658.3,176.526
2024-12-17 20:40:00,106658.3,106774.0,106658.0,106752.9,131.753
2024-12-17 20:41:00,106752.9,106752.9,106670.0,106678.0,48.437
2024-12-17 20:42:00,106678.0,106750.0,106678.0,106742.0,17.998
2024-12-17 20:43:00,106742.0,106750.0,106700.0,106750.0,27.501
2024-12-17 20:44:00,106750.0,106788.2,106742.1,106742.1,46.345
2024-12-17 20:45:00,106742.1,106784.6,106720.3,106723.6,120.012
2024-12-17 20:46:00,106723.6,106745.0,106700.0,106709.8,99.134
2024-12-17 20:47:00,106709.8,106739.9,106637.2,106661.5,34.085
2024-12-17 20:48:00,106661.5,106760.2,106650.6,106739.2,36.869
2024-12-17 20:49:00,106739.2,106754.4,106703.1,106731.4,32.414
2024-12-17 20:50:00,106731.4,106784.4,106731.4,106783.9,46.895
2024-12-17 20:51:00,106783.9,106783.9,106744.3,106764.1,31.111
2024-12-17 20:52:00,106764.1,106850.0,106764.1,106830.7,53.242
2024-12-17 20:53:00,106830.7,106867.0,106830.4,106860.3,111.925
2024-12-17 20:54:00,106860.3,106866.0,106855.0,106855.9,63.324
2024-12-17 20:55:00,106855.9,106866.0,106815.7,106830.0,15.073
2024-12-17 20:56:00,106830.0,106830.0,106770.2,106770.4,35.959
2024-12-17 20:57:00,106770.4,106818.6,106770.4,106818.6,55.941
2024-12-17 20:58:00,106818.6,106818.6,106791.2,106795.3,22.705
2024-12-17 20:59:00,106795.3,106795.3,106560.8,106691.9,581.575
2024-12-17 21:00:00,106691.9,106704.9,106628.5,106656.3,474.841
2024-12-17 21:01:00,106656.3,106656.3,106559.1,106559.4,65.47
2024-12-17 21:02:00,106559.4,106587.3,106544.3,106574.4,71.363
2024-12-17 21:03:00,106574.4,106574.4,106452.5,106460.9,77.407
2024-12-17 21:04:00,106460.9,106547.9,106451.0,106491.3,85.732
2024-12-17 21:05:00,106491.3,106491.3,106448.2,106459.3,33.121
2024-12-17 21:06:00,106459.3,106480.5,106440.8,106461.9,15.859
2024-12-17 21:07:00,106461.9,106563.4,106461.6,106563.4,33.534
2024-12-17 21:08:00,106563.4,106563.4,106482.0,106503.7,72.757
2024-12-17 21:09:00,106503.7,106510.3,106482.0,106500.0,24.657
2024-12-17 21:10:00,106500.0,106520.9,106491.3,106520.8,14.554
2024-12-17 21:11:00,106520.8,106521.0,106512.6,106518.2,23.605
2024-12-17 21:12:00,106518.2,106632.2,106517.9,106601.7,38.326
2024-12-17 21:13:00,106601.7,106623.0,106584.6,106619.4,80.537
2024-12-17 21:14:00,106619.4,106656.7,106619.4,106642.8,21.435
2024-12-17 21:15:00,106642.8,106650.0,106642.8,106649.9,13.772
2024-12-17 21:16:00,106649.9,106650.0,106615.6,106615.6,16.827
2024-12-17 21:17:00,106615.6,106635.4,106594.7,106635.2,26.197
2024-12-17 21:18:00,106635.2,106670.3,106619.8,106670.3,13.158
2024-12-17 21:19:00,106670.3,106673.7,106597.8,106597.8,10.867
2024-12-17 21:20:00,106597.8,106635.4,106588.7,106635.1,14.724
2024-12-17 21:21:00,106635.1,106739.8,106635.1,106724.8,16.462
2024-12-17 21:22:00,106724.8,106780.2,106703.7,106780.2,38.906
2024-12-17 21:23:00,106780.2,106780.2,106687.6,106687.7,83.875
2024-12-17 21:24:00,106687.7,106687.7,106640.2,106658.1,31.218
2024-12-17 21:25:00,106658.1,106662.0,106592.5,106606.0,19.273
2024-12-17 21:26:00,106606.0,106637.0,106606.0,106627.2,14.428
2024-12-17 21:27:00,106627.2,106661.5,106627.2,106627.2,5.433
2024-12-17 21:28:00,106627.2,106627.5,106601.6,106612.5,5.174
2024-12-17 21:29:00,106612.5,106612.5,106592.5,106592.6,10.444
2024-12-17 21:30:00,106592.6,106592.8,106550.0,106550.0,9.412
2024-12-17 21:31:00,106550.0,106550.1,106440.8,106465.2,27.701
2024-12-17 21:32:00,106465.2,106471.7,106440.8,106441.0,56.759
2024-12-17 21:33:00,106441.0,106452.6,106440.8,106447.0,29.654
2024-12-17 21:34:00,106447.0,106447.1,106350.2,106358.2,33.527
2024-12-17 21:35:00,106358.2,106377.8,106333.3,106345.5,80.691
2024-12-17 21:36:00,106345.5,106365.6,106307.2,106365.6,67.787
2024-12-17 21:37:00,106365.6,106391.9,106334.8,106334.8,35.598
2024-12-17 21:38:00,106334.8,106348.8,106301.7,106347.5,27.905
2024-12-17 21:39:00,106347.5,106369.1,106347.5,106356.8,36.746
2024-12-17 21:40:00,106356.8,106373.3,106316.9,106316.9,23.157
2024-12-17 21:41:00,106316.9,106317.2,106291.5,106291.5,18.27
2024-12-17 21:42:00,106291.5,106294.1,106227.8,106228.1,32.448
2024-12-17 21:43:00,106228.1,106290.6,106215.4,106289.8,52.007
2024-12-17 21:44:00,106289.8,106289.9,106250.8,106264.9,75.556
2024-12-17 21:45:00,106264.9,106321.0,106251.1,106251.2,119.17
2024-12-17 21:46:00,106251.2,106251.2,106203.6,106234.6,37.596
2024-12-17 21:47:00,106234.6,106302.5,106234.3,106302.5,25.259
2024-12-17 21:48:00,106302.5,106302.5,106275.1,106277.4,19.729
2024-12-17 21:49:00,106277.4,106279.3,106236.4,106236.7,16.744
2024-12-17 21:50:00,106236.7,106302.2,106235.9,106302.2,30.757
2024-12-17 21:51:00,106302.2,106391.7,106302.2,106382.8,30.981
2024-12-17 21:52:00,106382.8,106424.4,106331.7,106332.5,36.157
2024-12-17 21:53:00,106332.5,106361.0,106318.0,106361.0,22.009
2024-12-17 21:54:00,106361.0,106397.8,106352.8,106390.6,13.713
2024-12-17 21:55:00,106390.6,106401.2,106313.9,106315.7,15.35
2024-12-17 21:56:00,106315.7,106374.4,106296.8,106374.4,37.1
2024-12-17 21:57:00,106374.4,106400.0,106352.0,106400.0,50.12
2024-12-17 21:58:00,106400.0,106414.1,106400.0,106400.0,15.973
2024-12-17 21:59:00,106400.0,106464.9,106369.1,106369.2,25.876
2024-12-17 22:00:00,106369.2,106369.5,106265.2,106303.5,35.696
2024-12-17 22:01:00,106303.5,106384.2,106303.5,106368.8,27.937
2024-12-17 22:02:00,106368.8,106368.8,106306.6,106315.8,13.488
2024-12-17 22:03:00,106315.8,106350.4,106300.0,106324.2,11.423
2024-12-17 22:04:00,106324.2,106350.8,106324.2,106350.8,13.493
2024-12-17 22:05:00,106350.8,106350.8,106301.2,106336.1,9.816
2024-12-17 22:06:00,106336.1,106342.6,106320.0,106320.0,15.923
2024-12-17 22:07:00,106320.0,106341.1,106317.0,106340.8,7.479
2024-12-17 22:08:00,106340.8,106340.8,106317.3,106317.3,8.133
2024-12-17 22:09:00,106317.3,106356.3,106317.1,106356.3,15.295
2024-12-17 22:10:00,106356.3,106369.1,106300.0,106300.0,18.858
2024-12-17 22:11:00,106300.0,106300.1,106210.7,106253.4,13.235
2024-12-17 22:12:00,106253.4,106253.4,106201.1,106201.1,32.586
2024-12-17 22:13:00,106201.1,106202.6,106200.0,106200.0,49.576
2024-12-17 22:14:00,106200.0,106200.1,106150.0,106150.1,53.74
2024-12-17 22:15:00,106150.1,106150.2,106127.2,106131.5,81.766
2024-12-17 22:16:00,106131.5,106157.4,106127.2,106157.1,55.593
2024-12-17 22:17:00,106157.1,106157.1,106090.0,106090.0,39.396
2024-12-17 22:18:00,106090.0,106095.4,106090.0,106095.0,81.138
2024-12-17 22:19:00,106095.0,106095.1,106005.8,106026.2,51.422
2024-12-17 22:20:00,106026.2,106026.2,106000.2,106010.2,160.42
2024-12-17 22:21:00,106010.2,106010.3,106000.0,106000.1,232.593
2024-12-17 22:22:00,106000.1,106000.1,105933.3,105933.6,100.871
2024-12-17 22:23:00,105933.6,105943.3,105869.0,105869.3,212.318
2024-12-17 22:24:00,105869.3,105869.4,105756.0,105789.6,257.838
2024-12-17 22:25:00,105789.6,105881.4,105705.4,105847.1,268.296
2024-12-17 22:26:00,105847.1,105847.1,105741.8,105749.8,186.538
2024-12-17 22:27:00,105749.8,105875.7,105744.7,105875.4,113.408
2024-12-17 22:28:00,105875.4,105908.6,105800.0,105835.5,121.503
2024-12-17 22:29:00,105835.5,105898.2,105800.0,105825.0,188.295
2024-12-17 22:30:00,105825.0,105919.5,105824.9,105910.0,113.286
2024-12-17 22:31:00,105910.0,106027.9,105909.9,105938.0,116.909
2024-12-17 22:32:00,105938.0,105970.2,105910.0,105927.8,130.891
2024-12-17 22:33:00,105927.8,106043.7,105927.7,106042.9,95.99
2024-12-17 22:34:00,106042.9,106069.0,105960.0,105982.3,71.08
2024-12-17 22:35:00,105982.3,105988.2,105982.0,105982.3,97.206
2024-12-17 22:36:00,105982.3,105982.3,105932.5,105932.5,28.097
2024-12-17 22:37:00,105932.5,105932.5,105760.0,105760.1,45.669
2024-12-17 22:38:00,105760.1,105760.1,105702.4,105702.4,125.304
2024-12-17 22:39:00,105702.4,105720.9,105670.2,105700.0,177.379
2024-12-17 22:40:00,105700.0,105700.0,105669.1,105669.4,222.585
2024-12-17 22:41:00,105669.4,105683.3,105669.1,105677.3,66.848
2024-12-17 22:42:00,105677.3,105756.9,105677.3,105700.1,69.499
2024-12-17 22:43:00,105700.1,105700.1,105555.9,105555.9,113.335
2024-12-17 22:44:00,105555.9,105555.9,105501.8,105505.2,256.42
2024-12-17 22:45:00,105505.2,105505.2,105278.6,105338.0,480.098
2024-12-17 22:46:00,105338.0,105414.8,105287.8,105412.5,540.376
2024-12-17 22:47:00,105412.5,105431.2,105308.3,105381.3,209.985
2024-12-17 22:48:00,105381.3,105585.1,105381.3,105584.9,191.276
2024-12-17 22:49:00,105584.9,105753.6,105584.9,105705.0,300.594
2024-12-17 22:50:00,105705.0,105784.8,105705.0,105708.1,227.642
2024-12-17 22:51:00,105708.1,105720.0,105597.1,105720.0,160.711
2024-12-17 22:52:00,105720.0,105763.4,105720.0,105740.5,127.881
2024-12-17 22:53:00,105740.5,105779.0,105685.7,105686.4,84.483
2024-12-17 22:54:00,105686.4,105700.2,105620.0,105695.3,81.987
2024-12-17 22:55:00,105695.3,105790.1,105694.7,105790.1,60.487
2024-12-17 22:56:00,105790.1,105906.7,105790.1,105906.4,61.86
2024-12-17 22:57:00,105906.4,105987.4,105906.4,105986.4,130.092
2024-12-17 22:58:00,105986.4,106023.7,105953.8,106023.7,147.922
2024-12-17 22:59:00,106023.7,106025.7,105907.5,105907.5,168.712
2024-12-17 23:00:00,105907.5,105943.4,105870.4,105913.5,180.205
2024-12-17 23:01:00,105913.5,105913.5,105843.6,105863.7,74.204
2024-12-17 23:02:00,105863.7,105880.7,105836.0,105836.0,61.058
2024-12-17 23:03:00,105836.0,105836.0,105777.0,105777.0,85.368
2024-12-17 23:04:00,105777.0,105777.0,105678.3,105678.3,64.271
2024-12-17 23:05:00,105678.3,105890.6,105669.2,105890.5,117.808
2024-12-17 23:06:00,105890.5,105957.3,105763.3,105766.9,93.747
2024-12-17 23:07:00,105766.9,105781.4,105580.6,105583.5,71.12
2024-12-17 23:08:00,105583.5,105624.8,105560.3,105567.7,89.45
2024-12-17 23:09:00,105567.7,105655.6,105550.0,105550.0,152.498
2024-12-17 23:10:00,105550.0,105638.2,105547.5,105601.4,133.895
2024-12-17 23:11:00,105601.4,105601.7,105502.9,105517.6,72.214
2024-12-17 23:12:00,105517.6,105727.7,105517.5,105700.9,100.044
2024-12-17 23:13:00,105700.9,105737.3,105637.4,105737.3,125.572
2024-12-17 23:14:00,105737.3,105800.3,105732.4,105799.8,50.374
2024-12-17 23:15:00,105799.8,105872.1,105732.5,105872.1,50.146
2024-12-17 23:16:00,105872.1,106058.2,105870.4,106034.6,64.949
2024-12-17 23:17:00,106034.6,106081.4,106022.4,106074.9,106.959
2024-12-17 23:18:00,106074.9,106131.1,106032.2,106050.5,145.978
2024-12-17 23:19:00,106050.5,106056.4,105968.6,105971.2,152.919
2024-12-17 23:20:00,105971.2,106002.6,105929.9,105967.1,53.086
2024-12-17 23:21:00,105967.1,106100.8,105929.5,106100.2,50.851
2024-12-17 23:22:00,106100.2,106164.0,106078.5,106100.0,99.428
2024-12-17 23:23:00,106100.0,106140.6,106099.9,106113.0,163.161
2024-12-17 23:24:00,106113.0,106166.1,106113.0,106156.6,72.334
2024-12-17 23:25:00,106156.6,106156.6,106059.3,106059.3,96.155
2024-12-17 23:26:00,106059.3,106091.8,106042.2,106071.5,62.225
2024-12-17 23:27:00,106071.5,106082.2,106018.1,106018.1,23.432
2024-12-17 23:28:00,106018.1,106018.1,105954.1,105954.1,20.148
2024-12-17 23:29:00,105954.1,106039.7,105954.1,106022.0,26.42
2024-12-17 23:30:00,106022.0,106088.8,106022.0,106076.3,22.164
2024-12-17 23:31:00,106076.3,106152.7,106054.7,106075.8,26.834
2024-12-17 23:32:00,106075.8,106076.1,106000.0,106000.1,49.574
2024-12-17 23:33:00,106000.1,106025.2,105950.0,105956.2,35.968
2024-12-17 23:34:00,105956.2,106007.9,105956.2,105986.6,22.76
2024-12-17 23:35:00,105986.6,106017.2,105900.0,105900.3,31.784
2024-12-17 23:36:00,105900.3,105924.4,105837.6,105841.9,70.733
2024-12-17 23:37:00,105841.9,105875.5,105841.9,105859.7,71.832
2024-12-17 23:38:00,105859.7,106195.6,105859.7,106047.5,505.573
2024-12-17 23:39:00,106047.5,106053.6,106001.1,106001.3,473.937
2024-12-17 23:40:00,106001.3,106134.7,106001.3,106090.4,39.365
2024-12-17 23:41:00,106090.4,106221.5,106064.2,106154.1,464.177
2024-12-17 23:42:00,106154.1,106259.2,106153.9,106225.0,513.362
2024-12-17 23:43:00,106225.0,106266.2,106206.7,106250.1,165.371
2024-12-17 23:44:00,106250.1,106273.6,106207.0,106208.9,112.909
2024-12-17 23:45:00,106208.9,106256.5,106200.0,106256.4,72.153
2024-12-17 23:46:00,106256.4,106283.2,106204.6,106281.0,102.127
2024-12-17 23:47:00,106281.0,106281.4,105997.8,106078.7,526.077
2024-12-17 23:48:00,106078.7,106104.9,106049.0,106060.9,496.922
2024-12-17 23:49:00,106060.9,106083.6,106004.0,106078.9,43.328
2024-12-17 23:50:00,106078.9,106102.6,106047.2,106084.9,39.239
2024-12-17 23:51:00,106084.9,106100.0,106063.0,106100.0,24.705
2024-12-17 23:52:00,106100.0,106142.9,106046.3,106046.6,20.832
2024-12-17 23:53:00,106046.6,106054.5,106026.3,106031.7,29.923
2024-12-17 23:54:00,106031.7,106040.2,105978.2,106000.7,27.92
2024-12-17 23:55:00,106000.7,106000.7,105970.0,105971.3,28.685
2024-12-17 23:56:00,105971.3,106151.9,105971.0,106151.9,215.964
2024-12-17 23:57:00,106151.9,106156.0,106055.0,106055.0,462.218
2024-12-17 23:58:00,106055.0,106077.3,106055.0,106077.2,19.565
2024-12-17 23:59:00,106077.2,106110.8,106073.6,106074.5,14.101
2024-12-18 00:00:00,106074.5,106086.5,106055.3,106086.4,13.412
2024-12-18 00:01:00,106086.4,106139.9,106086.4,106139.9,14.094
2024-12-18 00:02:00,106139.9,106156.0,106105.0,106105.2,19.348
2024-12-18 00:03:00,106105.2,106114.0,106040.0,106049.5,26.804
2024-12-18 00:04:00,106049.5,106080.1,106003.7,106003.7,24.192
2024-12-18 00:05:00,106003.7,106080.5,105998.3,106071.4,30.585
2024-12-18 00:06:00,106071.4,106179.5,106019.9,106176.9,305.643
2024-12-18 00:07:00,106176.9,106230.9,106176.9,106219.3,505.869
2024-12-18 00:08:00,106219.3,106219.8,106156.1,106206.3,74.83
2024-12-18 00:09:00,106206.3,106260.0,106200.9,106260.0,38.772
2024-12-18 00:10:00,106260.0,106260.0,106209.2,106209.2,89.022
2024-12-18 00:11:00,106209.2,106281.2,106208.9,106280.2,67.538
2024-12-18 00:12:00,106280.2,106305.8,106280.1,106289.0,55.779
2024-12-18 00:13:00,106289.0,106354.5,106282.2,106337.3,73.351
2024-12-18 00:14:00,106337.3,106420.2,106337.0,106403.7,156.725
2024-12-18 00:15:00,106403.7,106416.8,106353.3,106415.8,150.055
2024-12-18 00:16:00,106415.8,106424.0,106380.0,106423.6,52.97
2024-12-18 00:17:00,106423.6,106424.0,106400.0,106402.3,63.891
2024-12-18 00:18:00,106402.3,106413.6,106142.6,106177.4,303.09
2024-12-18 00:19:00,106177.4,106214.0,106172.5,106188.3,484.787
2024-12-18 00:20:00,106188.3,106197.4,106099.8,106168.5,68.33
2024-12-18 00:21:00,106168.5,106168.7,106072.3,106110.1,123.907
2024-12-18 00:22:00,106110.1,106142.4,106092.4,106117.8,59.926
2024-12-18 00:23:00,106117.8,106149.9,106100.0,106100.0,21.065
2024-12-18 00:24:00,106100.0,106108.7,106079.5,106079.5,20.862
2024-12-18 00:25:00,106079.5,106103.4,106075.0,106085.9,41.54
2024-12-18 00:26:00,106085.9,106085.9,106067.7,106068.0,78.032
2024-12-18 00:27:00,106068.0,106091.4,106033.7,106034.0,24.526
2024-12-18 00:28:00,106034.0,106087.4,106033.7,106087.4,24.245
2024-12-18 00:29:00,106087.4,106108.6,106069.0,106069.0,20.643
2024-12-18 00:30:00,106069.0,106069.0,105989.9,105991.2,21.908
2024-12-18 00:31:00,105991.2,105991.3,105860.0,105875.4,55.292
2024-12-18 00:32:00,105875.4,105894.5,105801.4,105801.4,89.855
2024-12-18 00:33:00,105801.4,105929.9,105762.2,105884.3,77.588
2024-12-18 00:34:00,105884.3,105927.1,105841.7,105887.0,70.8
2024-12-18 00:35:00,105887.0,105920.2,105870.0,105880.9,28.787
2024-12-18 00:36:00,105880.9,105880.9,105716.9,105752.2,99.17
2024-12-18 00:37:00,105752.2,105752.2,105580.0,105580.0,270.67
2024-12-18 00:38:00,105580.0,105647.0,105573.8,105647.0,162.058
2024-12-18 00:39:00,105647.0,105647.0,105600.0,105609.6,68.955
2024-12-18 00:40:00,105609.6,105715.1,105602.5,105692.5,75.395
2024-12-18 00:41:00,105692.5,105771.5,105692.5,105770.7,97.808
2024-12-18 00:42:00,105770.7,105775.3,105700.5,105715.0,101.886
2024-12-18 00:43:00,105715.0,105816.1,105700.0,105816.1,47.762
2024-12-18 00:44:00,105816.1,105985.0,105816.1,105925.0,51.732
2024-12-18 00:45:00,105925.0,105960.7,105842.5,105845.0,154.934
2024-12-18 00:46:00,105845.0,105864.1,105822.4,105863.8,221.712
2024-12-18 00:47:00,105863.8,105890.2,105786.2,105827.8,128.465
2024-12-18 00:48:00,105827.8,105858.5,105800.2,105842.4,29.659
2024-12-18 00:49:00,105842.4,105944.4,105825.0,105939.0,39.627
2024-12-18 00:50:00,105939.0,106045.8,105939.0,106007.9,57.873
2024-12-18 00:51:00,106007.9,106122.9,106007.9,106122.9,91.795
2024-12-18 00:52:00,106122.9,106183.5,106087.3,106113.7,69.402
2024-12-18 00:53:00,106113.7,106117.6,106053.1,106053.1,65.608
2024-12-18 00:54:00,106053.1,106085.9,106008.4,106078.5,37.532
2024-12-18 00:55:00,106078.5,106086.3,105982.2,106075.0,52.518
2024-12-18 00:56:00,106075.0,106075.0,106005.2,106013.2,82.429
2024-12-18 00:57:00,106013.2,106105.0,106013.2,106100.0,8.669
2024-12-18 00:58:00,106100.0,106106.7,106040.9,106075.2,15.312
2024-12-18 00:59:00,106075.2,106088.0,106046.0,106056.1,28.226
2024-12-18 01:00:00,106056.1,106071.9,106040.0,106052.9,21.184
2024-12-18 01:01:00,106052.9,106180.4,106052.9,106180.1,10.458
2024-12-18 01:02:00,106180.1,106238.9,106180.1,106229.8,40.822
2024-12-18 01:03:00,106229.8,106340.0,106220.3,106337.0,80.501
2024-12-18 01:04:00,106337.0,106414.8,106290.0,106334.6,89.581
2024-12-18 01:05:00,106334.6,106475.5,106297.0,106336.7,166.254
2024-12-18 01:06:00,106336.7,106337.0,106243.7,106299.5,155.879
2024-12-18 01:07:00,106299.5,106325.6,106278.5,106325.6,50.603
2024-12-18 01:08:00,106325.6,106390.0,106272.9,106389.4,69.097
2024-12-18 01:09:00,106389.4,106389.4,106265.9,106270.3,59.584
2024-12-18 01:10:00,106270.3,106315.7,106233.4,106289.2,85.484
2024-12-18 01:11:00,106289.2,106364.4,106281.8,106331.1,53.07
2024-12-18 01:12:00,106331.1,106347.7,106258.5,106309.9,55.436
2024-12-18 01:13:00,106309.9,106311.0,106263.7,106264.2,91.186
2024-12-18 01:14:00,106264.2,106284.7,106239.6,106253.5,37.476
2024-12-18 01:15:00,106253.5,106280.2,106207.0,106280.2,29.053
2024-12-18 01:16:00,106280.2,106350.9,106279.9,106340.2,54.355
2024-12-18 01:17:00,106340.2,106402.8,106340.2,106402.5,77.457
2024-12-18 01:18:00,106402.5,106402.8,106325.4,106342.1,30.028
2024-12-18 01:19:00,106342.1,106396.5,106325.6,106342.0,39.127
2024-12-18 01:20:00,106342.0,106369.4,106342.0,106369.4,19.812
2024-12-18 01:21:00,106369.4,106395.0,106331.0,106331.3,58.674
2024-12-18 01:22:00,106331.3,106331.3,106220.2,106283.7,152.069
2024-12-18 01:23:00,106283.7,106314.2,106251.8,106302.0,63.042
2024-12-18 01:24:00,106302.0,106321.6,106243.0,106243.0,80.752
2024-12-18 01:25:00,106243.0,106263.0,106225.4,106255.9,25.269
2024-12-18 01:26:00,106255.9,106330.2,106243.0,106329.9,41.43
2024-12-18 01:27:00,106329.9,106346.0,106329.9,106339.8,24.435
2024-12-18 01:28:00,106339.8,106339.8,106277.4,106299.5,31.899
2024-12-18 01:29:00,106299.5,106326.4,106295.1,106299.8,12.68
2024-12-18 01:30:00,106299.8,106313.7,106263.9,106313.7,8.411
2024-12-18 01:31:00,106313.7,106321.0,106284.0,106320.8,13.338
2024-12-18 01:32:00,106320.8,106341.4,106297.0,106321.7,10.44
2024-12-18 01:33:00,106321.7,106324.2,106278.0,106321.7,20.556
2024-12-18 01:34:00,106321.7,106321.7,106275.1,106298.0,39.137
2024-12-18 01:35:00,106298.0,106399.3,106287.4,106399.1,12.778
2024-12-18 01:36:00,106399.1,106423.2,106381.4,106419.7,56.031
2024-12-18 01:37:00,106419.7,106419.7,106302.4,106302.4,92.613
2024-12-18 01:38:00,106302.4,106302.7,106198.1,106244.9,36.471
2024-12-18 01:39:00,106244.9,106246.6,106031.7,106066.1,125.129
2024-12-18 01:40:00,106066.1,106067.9,105954.4,106000.0,231.737
2024-12-18 01:41:00,106000.0,106011.4,105992.2,105992.3,79.43
2024-12-18 01:42:00,105992.3,106011.4,105932.9,105938.8,32.617
2024-12-18 01:43:00,105938.8,105973.3,105933.1,105950.1,70.642
2024-12-18 01:44:00,105950.1,105970.2,105922.8,105970.2,51.458
2024-12-18 01:45:00,105970.2,105991.2,105931.8,105988.0,43.492
2024-12-18 01:46:00,105988.0,106041.8,105986.6,106036.9,61.661
2024-12-18 01:47:00,106036.9,106108.1,105920.3,105965.6,130.256
2024-12-18 01:48:00,105965.6,106014.0,105887.5,105901.6,134.057
2024-12-18 01:49:00,105901.6,105944.1,105700.1,105704.4,116.077
2024-12-18 01:50:00,105704.4,105750.2,105517.5,105589.9,753.529
2024-12-18 01:51:00,105589.9,105634.0,105466.9,105513.0,526.714
2024-12-18 01:52:00,105513.0,105516.1,105440.0,105479.2,202.195
2024-12-18 01:53:00,105479.2,105479.2,105120.0,105212.9,573.651
2024-12-18 01:54:00,105212.9,105213.4,105000.1,105057.0,737.295
2024-12-18 01:55:00,105057.0,105108.4,104858.4,105108.4,1110.456
2024-12-18 01:56:00,105108.4,105327.1,105108.3,105189.5,681.702
2024-12-18 01:57:00,105189.5,105194.6,105001.0,105092.9,544.772
2024-12-18 01:58:00,105092.9,105200.2,105083.4,105134.1,221.444
2024-12-18 01:59:00,105134.1,105414.6,105055.2,105276.6,187.176
2024-12-18 02:00:00,105276.6,105312.3,105090.6,105095.3,262.937
2024-12-18 02:01:00,105095.3,105145.9,105054.3,105080.3,203.647
2024-12-18 02:02:00,105080.3,105117.5,104971.7,104986.5,168.835
2024-12-18 02:03:00,104986.5,105133.9,104986.5,105063.2,118.301
2024-12-18 02:04:00,105063.2,105239.2,105042.0,105114.9,129.702
2024-12-18 02:05:00,105114.9,105161.6,105029.0,105141.5,108.446
2024-12-18 02:06:00,105141.5,105267.6,105141.5,105257.9,65.659
2024-12-18 02:07:00,105257.9,105310.2,105209.9,105240.2,103.883
2024-12-18 02:08:00,105240.2,105577.4,105240.2,105402.8,1087.377
2024-12-18 02:09:00,105402.8,105408.1,105281.3,105303.6,500.56
2024-12-18 02:10:00,105303.6,105336.5,105240.3,105336.4,114.672
2024-12-18 02:11:00,105336.4,105432.4,105331.3,105352.4,156.058
2024-12-18 02:12:00,105352.4,105410.5,105343.7,105370.0,216.678
2024-12-18 02:13:00,105370.0,105385.9,105350.0,105362.9,131.098
2024-12-18 02:14:00,105362.9,105390.5,105334.9,105354.4,149.027
2024-12-18 02:15:00,105354.4,105354.4,105265.5,105286.0,63.831
2024-12-18 02:16:00,105286.0,105371.9,105285.5,105368.4,104.161
2024-12-18 02:17:00,105368.4,105378.9,105305.8,105306.2,50.862
2024-12-18 02:18:00,105306.2,105322.6,105227.2,105315.7,70.806
2024-12-18 02:19:00,105315.7,105414.8,105315.7,105414.8,160.82
2024-12-18 02:20:00,105414.8,105414.8,105310.0,105388.7,64.221
2024-12-18 02:21:00,105388.7,105420.2,105388.4,105399.2,56.792
2024-12-18 02:22:00,105399.2,105430.2,105399.2,105403.2,124.282
2024-12-18 02:23:00,105403.2,105443.8,105349.8,105443.5,47.969
2024-12-18 02:24:00,105443.5,105443.8,105373.1,105420.4,53.457
2024-12-18 02:25:00,105420.4,105420.4,105362.8,105386.2,21.706
2024-12-18 02:26:00,105386.2,105526.6,105371.9,105486.4,41.284
2024-12-18 02:27:00,105486.4,105525.2,105472.6,105505.1,74.497
2024-12-18 02:28:00,105505.1,105551.8,105505.1,105551.8,52.043
2024-12-18 02:29:00,105551.8,105554.6,105541.4,105554.6,46.178
2024-12-18 02:30:00,105554.6,105562.2,105431.4,105478.6,56.114
2024-12-18 02:31:00,105478.6,105565.0,105478.6,105538.9,37.399
2024-12-18 02:32:00,105538.9,105587.4,105517.7,105577.0,48.853
2024-12-18 02:33:00,105577.0,105577.0,105527.8,105538.7,37.292
2024-12-18 02:34:00,105538.7,105597.7,105538.7,105597.7,32.688
2024-12-18 02:35:00,105597.7,105607.5,105576.1,105600.9,51.97
2024-12-18 02:36:00,105600.9,105600.9,105550.0,105573.8,90.557
2024-12-18 02:37:00,105573.8,105573.9,105481.5,105520.9,48.584
2024-12-18 02:38:00,105520.9,105570.9,105520.9,105552.2,62.318
2024-12-18 02:39:00,105552.2,105580.6,105531.8,105559.3,40.695
2024-12-18 02:40:00,105559.3,105559.3,105450.0,105450.3,95.411
2024-12-18 02:41:00,105450.3,105460.8,105381.0,105381.0,62.384
2024-12-18 02:42:00,105381.0,105409.5,105365.9,105397.5,65.381
2024-12-18 02:43:00,105397.5,105433.7,105389.0,105416.9,89.855
2024-12-18 02:44:00,105416.9,105418.4,105400.0,105414.7,42.824
2024-12-18 02:45:00,105414.7,105494.9,105414.4,105486.3,18.52
2024-12-18 02:46:00,105486.3,105526.4,105475.5,105500.3,39.433
2024-12-18 02:47:00,105500.3,105500.3,105410.3,105415.2,23.736
2024-12-18 02:48:00,105415.2,105415.5,105357.6,105393.8,38.598
2024-12-18 02:49:00,105393.8,105405.2,105365.3,105379.2,48.655
2024-12-18 02:50:00,105379.2,105389.3,105359.1,105369.7,32.264
2024-12-18 02:51:00,105369.7,105378.9,105350.0,105368.3,9.897
2024-12-18 02:52:00,105368.3,105429.1,105368.3,105389.2,12.675
2024-12-18 02:53:00,105389.2,105389.2,105294.3,105294.3,28.437
2024-12-18 02:54:00,105294.3,105350.8,105276.8,105276.9,38.469
2024-12-18 02:55:00,105276.9,105345.0,105276.8,105294.5,47.917
2024-12-18 02:56:00,105294.5,105377.7,105280.0,105360.7,28.336
2024-12-18 02:57:00,105360.7,105361.1,105300.0,105300.1,39.484
2024-12-18 02:58:00,105300.1,105300.1,105268.5,105268.6,27.156
2024-12-18 02:59:00,105268.6,105293.9,105265.9,105279.0,36.65
2024-12-18 03:00:00,105279.0,105279.1,105167.4,105167.4,36.679
2024-12-18 03:01:00,105167.4,105210.4,105157.2,105201.2,83.989
2024-12-18 03:02:00,105201.2,105216.0,105157.1,105200.2,60.186
2024-12-18 03:03:00,105200.2,105200.5,105071.5,105104.2,74.63
2024-12-18 03:04:00,105104.2,105123.3,105050.7,105120.2,118.87
2024-12-18 03:05:00,105120.2,105120.3,105080.2,105095.6,67.822
2024-12-18 03:06:00,105095.6,105100.0,105035.4,105035.5,47.117
2024-12-18 03:07:00,105035.5,105127.6,105029.5,105127.3,55.266
2024-12-18 03:08:00,105127.3,105127.3,104758.4,104778.7,1373.098
2024-12-18 03:09:00,104778.7,104858.3,104778.7,104796.4,610.524
2024-12-18 03:10:00,104796.4,104874.5,104796.1,104867.6,441.688
2024-12-18 03:11:00,104867.6,104977.9,104867.6,104962.0,250.852
2024-12-18 03:12:00,104962.0,105006.3,104931.2,104948.2,251.918
2024-12-18 03:13:00,104948.2,104962.6,104800.0,104800.3,223.362
2024-12-18 03:14:00,104800.3,104871.5,104791.1,104791.2,274.838
2024-12-18 03:15:00,104791.2,104827.7,104782.5,104811.2,114.367
2024-12-18 03:16:00,104811.2,104896.8,104811.1,104844.5,117.258
2024-12-18 03:17:00,104844.5,104879.4,104769.6,104775.6,59.283
2024-12-18 03:18:00,104775.6,104899.0,104771.4,104879.6,122.066
2024-12-18 03:19:00,104879.6,104910.7,104879.3,104910.7,126.168
2024-12-18 03:20:00,104910.7,104924.0,104879.6,104880.6,57.803
2024-12-18 03:21:00,104880.6,104913.3,104880.6,104897.3,89.955
2024-12-18 03:22:00,104897.3,104965.2,104897.3,104958.3,40.565
2024-12-18 03:23:00,104958.3,104965.2,104914.6,104926.8,85.13
2024-12-18 03:24:00,104926.8,104942.3,104913.8,104942.3,54.694
2024-12-18 03:25:00,104942.3,104963.6,104858.6,104858.6,43.534
2024-12-18 03:26:00,104858.6,104867.2,104818.6,104818.7,66.679
2024-12-18 03:27:00,104818.7,104849.5,104807.8,104810.2,82.839
2024-12-18 03:28:00,104810.2,104857.8,104810.2,104856.9,78.429
2024-12-18 03:29:00,104856.9,104886.8,104856.6,104882.3,63.604
2024-12-18 03:30:00,104882.3,104882.3,104780.2,104780.2,117.203
2024-12-18 03:31:00,104780.2,104825.4,104765.4,104811.3,104.787
2024-12-18 03:32:00,104811.3,104821.8,104780.0,104780.0,78.731
2024-12-18 03:33:00,104780.0,104802.7,104768.3,104795.8,34.037
2024-12-18 03:34:00,104795.8,104839.5,104784.9,104820.2,35.44
2024-12-18 03:35:00,104820.2,104937.4,104816.0,104936.5,54.646
2024-12-18 03:36:00,104936.5,105032.8,104910.5,105016.2,133.224
2024-12-18 03:37:00,105016.2,105068.5,104968.9,105030.2,142.018
2024-12-18 03:38:00,105030.2,105038.5,104958.7,104959.0,86.493
2024-12-18 03:39:00,104959.0,104964.9,104905.0,104919.5,43.912
2024-12-18 03:40:00,104919.5,104929.2,104792.4,104792.7,30.037
2024-12-18 03:41:00,104792.7,104852.3,104708.6,104848.6,134.615
2024-12-18 03:42:00,104848.6,104884.2,104737.0,104765.2,270.786
2024-12-18 03:43:00,104765.2,104785.0,104612.0,104659.2,355.374
2024-12-18 03:44:00,104659.2,104668.1,104561.5,104607.1,547.257
2024-12-18 03:45:00,104607.1,104636.0,104576.2,104589.1,229.842
2024-12-18 03:46:00,104589.1,104662.0,104589.1,104644.9,154.132
2024-12-18 03:47:00,104644.9,104721.8,104644.8,104721.6,108.957
2024-12-18 03:48:00,104721.6,104721.6,104649.4,104649.4,60.495
2024-12-18 03:49:00,104649.4,104649.6,104603.5,104607.0,56.574
2024-12-18 03:50:00,104607.0,104634.2,104527.8,104566.8,79.61
2024-12-18 03:51:00,104566.8,104594.7,104541.0,104594.6,187.577
2024-12-18 03:52:00,104594.6,104721.1,104594.6,104720.9,55.51
2024-12-18 03:53:00,104720.9,104756.2,104685.4,104756.2,85.426
2024-12-18 03:54:00,104756.2,104787.9,104748.4,104764.2,104.676
2024-12-18 03:55:00,104764.2,104860.0,104750.0,104750.0,83.884
2024-12-18 03:56:00,104750.0,104768.9,104700.0,104738.1,93.707
2024-12-18 03:57:00,104738.1,104793.8,104722.1,104793.7,63.814
2024-12-18 03:58:00,104793.7,104811.6,104793.0,104810.9,50.688
2024-12-18 03:59:00,104810.9,104811.2,104732.5,104732.7,24.555
2024-12-18 04:00:00,104732.7,104758.9,104555.2,104574.8,33.493
2024-12-18 04:01:00,104574.8,104574.8,104472.0,104486.2,170.256
2024-12-18 04:02:00,104486.2,104525.7,104472.0,104507.5,315.813
2024-12-18 04:03:00,104507.5,104520.2,104486.7,104491.1,64.133
2024-12-18 04:04:00,104491.1,104521.3,104472.0,104472.1,70.942
2024-12-18 04:05:00,104472.1,104474.5,104413.2,104413.2,133.058
2024-12-18 04:06:00,104413.2,104525.1,104404.0,104408.3,215.764
2024-12-18 04:07:00,104408.3,104458.0,104331.4,104345.0,198.643
2024-12-18 04:08:00,104345.0,104422.8,104344.9,104397.9,285.096
2024-12-18 04:09:00,104397.9,104472.9,104377.5,104440.7,111.437
2024-12-18 04:10:00,104440.7,104469.4,104356.2,104403.4,91.885
2024-12-18 04:11:00,104403.4,104413.8,104356.2,104387.7,70.851
2024-12-18 04:12:00,104387.7,104398.2,104337.2,104356.6,48.511
2024-12-18 04:13:00,104356.6,104361.8,104350.0,104356.1,89.4
2024-12-18 04:14:00,104356.1,104356.1,104240.1,104257.2,147.916
2024-12-18 04:15:00,104257.2,104337.4,104211.0,104337.4,324.47
2024-12-18 04:16:00,104337.4,104338.5,104289.4,104298.1,197.023
2024-12-18 04:17:00,104298.1,104298.1,104213.2,104232.0,91.405
2024-12-18 04:18:00,104232.0,104323.3,104152.4,104297.6,201.202
2024-12-18 04:19:00,104297.6,104400.2,104284.9,104389.6,333.225
2024-12-18 04:20:00,104389.6,104399.9,104343.8,104382.4,150.467
2024-12-18 04:21:00,104382.4,104382.4,104257.1,104265.3,107.711
2024-12-18 04:22:00,104265.3,104265.3,104125.0,104125.3,83.45
2024-12-18 04:23:00,104125.3,104173.9,104090.0,104095.8,155.875
2024-12-18 04:24:00,104095.8,104121.7,104053.2,104054.3,160.4
2024-12-18 04:25:00,104054.3,104056.8,103982.3,103982.3,222.744
2024-12-18 04:26:00,103982.3,104024.7,103896.8,103996.7,511.965
2024-12-18 04:27:00,103996.7,104088.1,103910.5,103910.8,453.584
2024-12-18 04:28:00,103910.8,103911.8,103659.0,103827.5,364.363
2024-12-18 04:29:00,103827.5,104057.0,103827.5,104005.7,652.628
2024-12-18 04:30:00,104005.7,104019.5,103926.4,103926.4,502.4
2024-12-18 04:31:00,103926.4,103960.6,103751.4,103755.7,429.146
2024-12-18 04:32:00,103755.7,103884.8,103750.5,103750.8,548.432
2024-12-18 04:33:00,103750.8,103807.1,103663.0,103761.2,338.805
2024-12-18 04:34:00,103761.2,103926.3,103740.5,103867.0,514.1
2024-12-18 04:35:00,103867.0,103890.3,103740.5,103749.4,130.469
2024-12-18 04:36:00,103749.4,103812.8,103722.8,103758.1,167.921
2024-12-18 04:37:00,103758.1,103783.9,103672.5,103685.4,177.391
2024-12-18 04:38:00,103685.4,103777.3,103639.0,103751.6,159.462
2024-12-18 04:39:00,103751.6,103763.2,103562.9,103563.2,216.711
2024-12-18 04:40:00,103563.2,103625.6,103562.0,103590.1,274.747
2024-12-18 04:41:00,103590.1,103745.7,103562.0,103745.7,169.537
2024-12-18 04:42:00,103745.7,103983.0,103734.4,103964.2,243.225
2024-12-18 04:43:00,103964.2,104046.8,103929.5,103976.1,466.858
2024-12-18 04:44:00,103976.1,104026.6,103952.0,104002.1,238.172
2024-12-18 04:45:00,104002.1,104056.2,103932.7,104055.2,165.999
2024-12-18 04:46:00,104055.2,104055.2,103791.8,103803.5,174.275
2024-12-18 04:47:00,103803.5,103897.8,103767.1,103835.3,165.038
2024-12-18 04:48:00,103835.3,103908.5,103776.6,103855.1,109.502
2024-12-18 04:49:00,103855.1,103911.6,103837.0,103881.9,69.869
2024-12-18 04:50:00,103881.9,103892.2,103809.3,103814.2,75.887
2024-12-18 04:51:00,103814.2,103826.9,103646.4,103656.5,83.748
2024-12-18 04:52:00,103656.5,103690.0,103526.9,103553.8,137.19
2024-12-18 04:53:00,103553.8,103743.6,103546.2,103743.3,298.759
2024-12-18 04:54:00,103743.3,103838.3,103653.7,103796.6,271.51
2024-12-18 04:55:00,103796.6,103827.0,103659.7,103826.9,164.953
2024-12-18 04:56:00,103826.9,103856.7,103802.8,103833.3,112.067
2024-12-18 04:57:00,103833.3,103850.2,103791.6,103814.8,65.86
2024-12-18 04:58:00,103814.8,103864.0,103807.2,103846.3,68.85
2024-12-18 04:59:00,103846.3,103874.9,103832.7,103847.3,61.369
2024-12-18 05:00:00,103847.3,103847.3,103692.5,103834.5,62.613
2024-12-18 05:01:00,103834.5,103901.7,103769.2,103894.8,131.612
2024-12-18 05:02:00,103894.8,103901.7,103776.3,103787.0,82.303
2024-12-18 05:03:00,103787.0,103787.0,103669.2,103694.9,104.427
2024-12-18 05:04:00,103694.9,103729.8,103672.0,103719.4,69.971
2024-12-18 05:05:00,103719.4,103719.4,103600.0,103600.0,63.091
2024-12-18 05:06:00,103600.0,103702.4,103595.1,103680.2,106.696
2024-12-18 05:07:00,103680.2,103698.6,103627.2,103650.0,120.865
2024-12-18 05:08:00,103650.0,103650.1,103580.1,103602.2,73.775
2024-12-18 05:09:00,103602.2,103602.2,103556.1,103556.2,51.834
2024-12-18 05:10:00,103556.2,103607.9,103555.0,103599.0,68.259
2024-12-18 05:11:00,103599.0,103622.4,103552.5,103600.0,51.423
2024-12-18 05:12:00,103600.0,103686.6,103556.6,103686.6,62.294
2024-12-18 05:13:00,103686.6,103769.1,103675.8,103701.0,88.884
2024-12-18 05:14:00,103701.0,103710.9,103680.3,103703.6,115.892
2024-12-18 05:15:00,103703.6,103709.6,103640.9,103709.2,44.804
2024-12-18 05:16:00,103709.2,103779.0,103701.0,103710.1,96.441
2024-12-18 05:17:00,103710.1,103730.0,103650.0,103664.6,61.645
2024-12-18 05:18:00,103664.6,103727.3,103650.0,103727.3,44.158
2024-12-18 05:19:00,103727.3,103727.4,103668.3,103683.5,68.003
2024-12-18 05:20:00,103683.5,103696.7,103650.0,103653.0,34.849
2024-12-18 05:21:00,103653.0,103726.4,103650.0,103726.4,40.121
2024-12-18 05:22:00,103726.4,104039.7,103726.3,104038.8,564.807
2024-12-18 05:23:00,104038.8,104095.4,104020.4,104065.6,693.522
2024-12-18 05:24:00,104065.6,104066.8,103968.4,104000.1,514.571
2024-12-18 05:25:00,104000.1,104050.5,103996.4,104045.3,117.483
2024-12-18 05:26:00,104045.3,104045.3,103925.7,103929.5,150.795
2024-12-18 05:27:00,103929.5,103966.3,103890.0,103966.1,114.706
2024-12-18 05:28:00,103966.1,103978.9,103919.5,103952.1,102.045
2024-12-18 05:29:00,103952.1,104000.0,103952.1,104000.0,73.711
2024-12-18 05:30:00,104000.0,104031.7,103990.3,104000.0,76.331
2024-12-18 05:31:00,104000.0,104000.1,103916.2,103916.3,138.326
2024-12-18 05:32:00,103916.3,103916.3,103879.8,103880.5,66.124
2024-12-18 05:33:00,103880.5,103973.3,103880.4,103950.5,60.169
2024-12-18 05:34:00,103950.5,103950.5,103880.4,103890.3,34.208
2024-12-18 05:35:00,103890.3,103892.9,103828.2,103892.9,51.224
2024-12-18 05:36:00,103892.9,103964.7,103889.3,103931.6,74.309
2024-12-18 05:37:00,103931.6,104030.4,103931.6,103978.0,129.97
2024-12-18 05:38:00,103978.0,104051.5,103977.7,104048.5,331.543
2024-12-18 05:39:00,104048.5,104080.1,104019.1,104037.7,142.914
2024-12-18 05:40:00,104037.7,104072.5,103990.3,104028.5,78.349
2024-12-18 05:41:00,104028.5,104041.2,104000.0,104000.0,50.022
2024-12-18 05:42:00,104000.0,104019.1,103631.5,103690.5,460.261
2024-12-18 05:43:00,103690.5,103739.6,103638.9,103648.2,532.377
2024-12-18 05:44:00,103648.2,103735.5,103645.7,103734.0,166.291
2024-12-18 05:45:00,103734.0,103752.0,103658.6,103752.0,136.892
2024-12-18 05:46:00,103752.0,103840.5,103751.3,103794.0,140.543
2024-12-18 05:47:00,103794.0,103794.0,103687.8,103687.8,71.399
2024-12-18 05:48:00,103687.8,103723.1,103618.0,103639.1,59.912
2024-12-18 05:49:00,103639.1,103639.1,103608.0,103616.1,65.506
2024-12-18 05:50:00,103616.1,103616.1,103500.0,103500.3,159.476
2024-12-18 05:51:00,103500.3,103528.3,103485.2,103494.9,415.236
2024-12-18 05:52:00,103494.9,103536.3,103422.0,103496.5,250.008
2024-12-18 05:53:00,103496.5,103500.0,103303.2,103429.9,466.13
2024-12-18 05:54:00,103429.9,103493.8,103381.0,103404.7,490.339
2024-12-18 05:55:00,103404.7,103449.7,103226.6,103286.1,245.973
2024-12-18 05:56:00,103286.1,103400.0,103240.9,103384.6,491.179
2024-12-18 05:57:00,103384.6,103500.0,103384.6,103488.7,267.502
2024-12-18 05:58:00,103488.7,103500.0,103439.1,103500.0,254.578
2024-12-18 05:59:00,103500.0,103551.7,103498.4,103538.6,125.128
2024-12-18 06:00:00,103538.6,103550.2,103443.5,103516.5,110.534
2024-12-18 06:01:00,103516.5,103543.5,103490.6,103537.4,141.439
2024-12-18 06:02:00,103537.4,103563.8,103495.9,103563.7,52.487
2024-12-18 06:03:00,103563.7,103623.9,103520.9,103623.6,86.261
2024-12-18 06:04:00,103623.6,103750.3,103623.6,103732.8,156.421
2024-12-18 06:05:00,103732.8,103761.0,103700.2,103760.5,189.564
2024-12-18 06:06:00,103760.5,103878.2,103760.4,103821.1,441.541
2024-12-18 06:07:00,103821.1,103821.2,103744.7,103768.3,505.395
2024-12-18 06:08:00,103768.3,103778.6,103615.6,103734.8,93.682
2024-12-18 06:09:00,103734.8,103734.8,103640.5,103651.6,165.333
2024-12-18 06:10:00,103651.6,103651.6,103575.0,103580.1,223.776
2024-12-18 06:11:00,103580.1,103673.8,103559.6,103673.5,111.685
2024-12-18 06:12:00,103673.5,103709.8,103635.2,103709.5,48.376
2024-12-18 06:13:00,103709.5,103709.9,103650.9,103672.6,47.891
2024-12-18 06:14:00,103672.6,103751.5,103650.8,103746.9,47.809
2024-12-18 06:15:00,103746.9,103747.2,103727.3,103727.5,81.949
2024-12-18 06:16:00,103727.5,103783.8,103727.5,103780.1,72.087
2024-12-18 06:17:00,103780.1,103850.0,103780.1,103844.5,72.395
2024-12-18 06:18:00,103844.5,103850.0,103791.4,103791.7,117.626
2024-12-18 06:19:00,103791.7,103791.7,103720.1,103727.3,61.529
2024-12-18 06:20:00,103727.3,103727.3,103609.6,103677.0,99.363
2024-12-18 06:21:00,103677.0,103706.0,103639.7,103700.3,110.108
2024-12-18 06:22:00,103700.3,103794.3,103692.6,103794.2,38.048
2024-12-18 06:23:00,103794.2,103840.5,103794.1,103840.2,70.569
2024-12-18 06:24:00,103840.2,103888.2,103809.7,103809.7,61.007
2024-12-18 06:25:00,103809.7,103890.2,103769.3,103889.9,99.108
2024-12-18 06:26:00,103889.9,103967.8,103885.1,103950.0,116.64
2024-12-18 06:27:00,103950.0,103957.6,103910.0,103910.3,217.058
2024-12-18 06:28:00,103910.3,103916.2,103857.9,103916.2,102.128
2024-12-18 06:29:00,103916.2,103950.3,103900.7,103903.8,56.048
2024-12-18 06:30:00,103903.8,103916.2,103805.0,103810.3,56.412
2024-12-18 06:31:00,103810.3,103812.5,103705.2,103713.4,69.172
2024-12-18 06:32:00,103713.4,103730.9,103655.0,103722.2,95.068
2024-12-18 06:33:00,103722.2,103766.0,103682.7,103766.0,68.656
2024-12-18 06:34:00,103766.0,103796.8,103755.6,103773.4,46.86
2024-12-18 06:35:00,103773.4,103783.8,103734.8,103759.0,40.034
2024-12-18 06:36:00,103759.0,103786.7,103742.2,103742.5,36.659
2024-12-18 06:37:00,103742.5,103742.5,103685.8,103694.3,69.19
2024-12-18 06:38:00,103694.3,103726.8,103625.7,103625.7,60.451
2024-12-18 06:39:00,103625.7,103688.3,103617.7,103682.9,83.379
2024-12-18 06:40:00,103682.9,103683.2,103642.6,103674.9,43.11
2024-12-18 06:41:00,103674.9,103720.4,103674.4,103674.5,29.868
2024-12-18 06:42:00,103674.5,103705.8,103620.1,103620.2,22.399
2024-12-18 06:43:00,103620.2,103648.6,103585.6,103585.6,36.269
2024-12-18 06:44:00,103585.6,103607.6,103581.0,103581.1,76.193
2024-12-18 06:45:00,103581.1,103591.2,103420.0,103420.1,96.848
2024-12-18 06:46:00,103420.1,103436.7,103293.7,103306.9,234.253
2024-12-18 06:47:00,103306.9,103367.6,103186.6,103188.1,276.056
2024-12-18 06:48:00,103188.1,103359.0,103067.2,103359.0,460.682
2024-12-18 06:49:00,103359.0,103453.8,103308.3,103439.4,479.539
2024-12-18 06:50:00,103439.4,103622.6,103394.0,103565.7,159.787
2024-12-18 06:51:00,103565.7,103663.0,103541.8,103663.0,164.903
2024-12-18 06:52:00,103663.0,103732.0,103662.9,103727.4,129.747
2024-12-18 06:53:00,103727.4,103727.4,103654.1,103709.9,107.7
2024-12-18 06:54:00,103709.9,103727.4,103670.5,103670.8,81.731
2024-12-18 06:55:00,103670.8,103716.8,103596.8,103608.1,70.396
2024-12-18 06:56:00,103608.1,103706.6,103608.1,103682.1,69.657
2024-12-18 06:57:00,103682.1,103745.9,103669.8,103717.3,83.345
2024-12-18 06:58:00,103717.3,103751.1,103716.8,103751.1,42.533
2024-12-18 06:59:00,103751.1,103755.0,103713.0,103751.3,28.9
2024-12-18 07:00:00,103751.3,103751.3,103678.7,103711.7,41.264
2024-12-18 07:01:00,103711.7,103767.9,103711.6,103764.6,107.38
2024-12-18 07:02:00,103764.6,103811.7,103743.5,103811.7,102.003
2024-12-18 07:03:00,103811.7,103836.1,103804.9,103834.5,87.976
2024-12-18 07:04:00,103834.5,103868.2,103783.9,103867.9,64.484
2024-12-18 07:05:00,103867.9,103957.0,103867.9,103943.0,62.143
2024-12-18 07:06:00,103943.0,103955.9,103937.9,103938.0,94.785
2024-12-18 07:07:00,103938.0,104053.0,103931.5,103992.6,183.026
2024-12-18 07:08:00,103992.6,104072.1,103990.0,104071.6,419.163
2024-12-18 07:09:00,104071.6,104163.7,104065.6,104152.2,149.536
2024-12-18 07:10:00,104152.2,104153.1,104079.6,104105.6,273.374
2024-12-18 07:11:00,104105.6,104106.0,104069.1,104069.1,171.799
2024-12-18 07:12:00,104069.1,104150.4,104057.8,104120.3,83.755
2024-12-18 07:13:00,104120.3,104192.8,104119.4,104186.9,89.289
2024-12-18 07:14:00,104186.9,104187.2,104150.0,104180.7,108.426
2024-12-18 07:15:00,104180.7,104187.0,104066.8,104186.9,124.391
2024-12-18 07:16:00,104186.9,104187.5,104134.4,104156.3,161.141
2024-12-18 07:17:00,104156.3,104156.3,104084.2,104128.9,72.038
2024-12-18 07:18:00,104128.9,104149.5,104095.4,104143.2,42.969
2024-12-18 07:19:00,104143.2,104186.1,104084.2,104094.9,66.617
2024-12-18 07:20:00,104094.9,104190.2,104094.6,104190.2,103.295
2024-12-18 07:21:00,104190.2,104218.2,104189.9,104190.2,61.273
2024-12-18 07:22:00,104190.2,104190.3,104120.8,104152.6,113.632
2024-12-18 07:23:00,104152.6,104152.6,104093.9,104113.0,48.69
2024-12-18 07:24:00,104113.0,104125.3,104099.6,104125.2,48.628
2024-12-18 07:25:00,104125.2,104125.3,104079.0,104079.0,42.324
2024-12-18 07:26:00,104079.0,104110.2,104066.2,104100.9,48.622
2024-12-18 07:27:00,104100.9,104108.0,104092.3,104107.6,36.742
2024-12-18 07:28:00,104107.6,104119.4,104090.6,104098.0,108.332
2024-12-18 07:29:00,104098.0,104109.6,104058.8,104108.8,429.585
2024-12-18 07:30:00,104108.8,104108.8,104041.5,104095.9,465.286
2024-12-18 07:31:00,104095.9,104100.0,104057.2,104058.4,80.074
2024-12-18 07:32:00,104058.4,104058.7,104000.0,104049.9,72.65
2024-12-18 07:33:00,104049.9,104068.0,104006.6,104068.0,80.069
2024-12-18 07:34:00,104068.0,104068.0,103936.3,103939.4,68.32
2024-12-18 07:35:00,103939.4,103993.8,103897.0,103949.4,154.619
2024-12-18 07:36:00,103949.4,103950.1,103900.9,103903.0,166.744
2024-12-18 07:37:00,103903.0,103944.9,103903.0,103944.9,112.21
2024-12-18 07:38:00,103944.9,103976.4,103893.0,103944.8,447.888
2024-12-18 07:39:00,103944.8,104018.4,103936.5,104018.4,538.441
2024-12-18 07:40:00,104018.4,104095.6,104018.4,104095.5,292.407
2024-12-18 07:41:00,104095.5,104132.0,104068.8,104130.9,239.898
2024-12-18 07:42:00,104130.9,104150.0,104116.1,104145.3,190.978
2024-12-18 07:43:00,104145.3,104155.1,104145.3,104154.6,52.489
2024-12-18 07:44:00,104154.6,104155.0,104128.5,104154.9,62.306
2024-12-18 07:45:00,104154.9,104154.9,104116.1,104116.1,99.227
2024-12-18 07:46:00,104116.1,104116.9,104089.2,104095.9,29.828
2024-12-18 07:47:00,104095.9,104202.4,104095.8,104173.9,56.719
2024-12-18 07:48:00,104173.9,104174.2,104146.9,104149.9,55.376
2024-12-18 07:49:00,104149.9,104161.1,104099.9,104099.9,29.946
2024-12-18 07:50:00,104099.9,104184.1,104082.8,104163.3,29.572
2024-12-18 07:51:00,104163.3,104236.3,104157.5,104236.2,45.49
2024-12-18 07:52:00,104236.2,104244.4,104187.6,104209.9,82.293
2024-12-18 07:53:00,104209.9,104210.0,104138.3,104138.5,72.78
2024-12-18 07:54:00,104138.5,104192.7,104138.3,104147.2,50.356
2024-12-18 07:55:00,104147.2,104209.7,104147.1,104209.6,32.554
2024-12-18 07:56:00,104209.6,104266.4,104200.0,104224.4,121.763
2024-12-18 07:57:00,104224.4,104255.1,104216.9,104231.4,221.844
2024-12-18 07:58:00,104231.4,104262.2,104214.4,104216.1,65.91
2024-12-18 07:59:00,104216.1,104240.6,104207.1,104207.1,111.913
2024-12-18 08:00:00,104207.1,104207.2,104150.0,104153.6,109.506
2024-12-18 08:01:00,104153.6,104153.6,104100.0,104100.3,77.177
2024-12-18 08:02:00,104100.3,104100.4,104068.9,104079.5,52.526
2024-12-18 08:03:00,104079.5,104140.3,104079.5,104140.2,79.997
2024-12-18 08:04:00,104140.2,104215.0,104140.2,104214.9,73.827
2024-12-18 08:05:00,104214.9,104266.1,104211.0,104257.1,63.742
2024-12-18 08:06:00,104257.1,104344.0,104250.0,104310.0,100.637
2024-12-18 08:07:00,104310.0,104335.0,104310.0,104311.0,149.355
2024-12-18 08:08:00,104311.0,104329.2,104300.0,104300.3,127.262
2024-12-18 08:09:00,104300.3,104314.4,104284.4,104311.0,68.486
2024-12-18 08:10:00,104311.0,104317.3,104274.9,104284.5,94.563
2024-12-18 08:11:00,104284.5,104292.4,104240.0,104265.6,48.686
2024-12-18 08:12:00,104265.6,104265.9,104234.4,104248.5,28.348
2024-12-18 08:13:00,104248.5,104250.0,104200.0,104225.8,36.742
2024-12-18 08:14:00,104225.8,104244.7,104182.3,104182.3,52.564
2024-12-18 08:15:00,104182.3,104182.6,104073.1,104073.4,62.272
2024-12-18 08:16:00,104073.4,104147.6,104030.0,104137.2,80.379
2024-12-18 08:17:00,104137.2,104137.2,104059.8,104073.3,65.276
2024-12-18 08:18:00,104073.3,104073.3,104014.9,104027.7,44.004
2024-12-18 08:19:00,104027.7,104027.7,103969.0,103974.9,83.404
2024-12-18 08:20:00,103974.9,103975.2,103911.3,103926.4,100.936
2024-12-18 08:21:00,103926.4,103930.3,103862.0,103879.5,145.572
2024-12-18 08:22:00,103879.5,103963.5,103849.0,103939.5,150.959
2024-12-18 08:23:00,103939.5,103950.2,103904.9,103949.9,118.056
2024-12-18 08:24:00,103949.9,104001.9,103925.9,103926.2,43.722
2024-12-18 08:25:00,103926.2,103926.3,103866.6,103876.4,73.934
2024-12-18 08:26:00,103876.4,103928.0,103865.0,103918.5,108.422
2024-12-18 08:27:00,103918.5,103961.3,103903.0,103961.3,67.47
2024-12-18 08:28:00,103961.3,103961.3,103920.0,103922.2,49.632
2024-12-18 08:29:00,103922.2,103922.2,103875.5,103918.4,43.645
2024-12-18 08:30:00,103918.4,103918.5,103857.9,103866.6,40.156
2024-12-18 08:31:00,103866.6,103912.9,103835.0,103911.3,52.934
2024-12-18 08:32:00,103911.3,103916.6,103856.1,103856.1,70.435
2024-12-18 08:33:00,103856.1,103964.2,103849.3,103963.9,50.348
2024-12-18 08:34:00,103963.9,104013.7,103963.9,103988.5,58.021
2024-12-18 08:35:00,103988.5,103988.5,103925.9,103933.2,63.393
2024-12-18 08:36:00,103933.2,103963.1,103930.0,103930.7,56.507
2024-12-18 08:37:00,103930.7,103976.7,103930.0,103976.7,61.272
2024-12-18 08:38:00,103976.7,104050.0,103959.9,104049.6,16.928
2024-12-18 08:39:00,104049.6,104050.0,103981.2,103981.5,41.834
2024-12-18 08:40:00,103981.5,103981.5,103920.0,103934.3,31.519
2024-12-18 08:41:00,103934.3,103934.6,103840.2,103840.2,30.46
2024-12-18 08:42:00,103840.2,103840.2,103815.0,103817.6,39.037
2024-12-18 08:43:00,103817.6,103817.6,103790.0,103814.6,92.995
2024-12-18 08:44:00,103814.6,103818.8,103789.4,103789.9,110.478
2024-12-18 08:45:00,103789.9,103807.9,103769.2,103796.5,47.085
2024-12-18 08:46:00,103796.5,103867.2,103789.7,103854.9,64.619
2024-12-18 08:47:00,103854.9,103855.1,103809.5,103830.3,61.041
2024-12-18 08:48:00,103830.3,103875.4,103830.3,103871.0,29.76
2024-12-18 08:49:00,103871.0,103896.8,103871.0,103871.1,35.534
2024-12-18 08:50:00,103871.1,103871.1,103790.9,103856.3,34.422
2024-12-18 08:51:00,103856.3,103856.6,103799.4,103799.4,39.683
2024-12-18 08:52:00,103799.4,103857.1,103789.4,103843.1,31.405
2024-12-18 08:53:00,103843.1,103843.1,103790.8,103790.8,48.278
2024-12-18 08:54:00,103790.8,103800.3,103774.3,103795.1,26.497
2024-12-18 08:55:00,103795.1,103795.2,103703.7,103703.7,65.654
2024-12-18 08:56:00,103703.7,103749.7,103693.1,103749.4,137.723
2024-12-18 08:57:00,103749.4,103815.3,103733.8,103743.1,127.983
2024-12-18 08:58:00,103743.1,103776.0,103738.0,103764.3,114.081
2024-12-18 08:59:00,103764.3,103802.3,103757.0,103765.2,72.522
2024-12-18 09:00:00,103765.2,103811.2,103763.9,103810.0,103.183
2024-12-18 09:01:00,103810.0,103851.1,103790.0,103790.0,28.082
2024-12-18 09:02:00,103790.0,103852.3,103790.0,103852.2,40.281
2024-12-18 09:03:00,103852.2,103854.2,103850.0,103850.0,26.828
2024-12-18 09:04:00,103850.0,103852.2,103813.8,103852.2,24.903
2024-12-18 09:05:00,103852.2,104014.8,103852.1,104013.1,103.131
2024-12-18 09:06:00,104013.1,104080.7,104012.8,104050.0,279.317
2024-12-18 09:07:00,104050.0,104103.9,104050.0,104097.8,168.19
2024-12-18 09:08:00,104097.8,104104.2,104053.5,104053.5,125.468
2024-12-18 09:09:00,104053.5,104090.3,103982.2,104090.3,122.823
2024-12-18 09:10:00,104090.3,104159.2,104090.3,104159.2,51.155
2024-12-18 09:11:00,104159.2,104220.8,104159.2,104202.0,89.619
2024-12-18 09:12:00,104202.0,104203.3,104151.9,104193.3,88.365
2024-12-18 09:13:00,104193.3,104240.2,104176.0,104239.9,62.451
2024-12-18 09:14:00,104239.9,104240.3,104232.3,104240.0,32.452
2024-12-18 09:15:00,104240.0,104255.7,104216.0,104216.1,52.8
2024-12-18 09:16:00,104216.1,104219.3,104169.0,104169.2,82.403
2024-12-18 09:17:00,104169.2,104182.4,104162.6,104182.2,46.917
2024-12-18 09:18:00,104182.2,104216.0,104174.1,104210.8,29.881
2024-12-18 09:19:00,104210.8,104240.2,104205.7,104205.8,36.824
2024-12-18 09:20:00,104205.8,104209.5,104178.6,104189.2,58.812
2024-12-18 09:21:00,104189.2,104280.2,104189.1,104277.3,52.14
2024-12-18 09:22:00,104277.3,104300.2,104277.3,104286.3,117.138
2024-12-18 09:23:00,104286.3,104291.1,104240.0,104267.5,44.066
2024-12-18 09:24:00,104267.5,104401.1,104258.0,104348.8,478.76
2024-12-18 09:25:00,104348.8,104348.9,104293.7,104316.9,491.957
2024-12-18 09:26:00,104316.9,104317.2,104243.5,104248.6,111.593
2024-12-18 09:27:00,104248.6,104304.0,104240.0,104253.8,73.367
2024-12-18 09:28:00,104253.8,104259.3,104211.4,104224.7,162.13
2024-12-18 09:29:00,104224.7,104250.8,104200.0,104250.3,71.258
2024-12-18 09:30:00,104250.3,104267.9,104249.2,104265.3,55.675
2024-12-18 09:31:00,104265.3,104287.6,104250.0,104270.3,35.52
2024-12-18 09:32:00,104270.3,104283.1,104267.9,104274.9,32.564
2024-12-18 09:33:00,104274.9,104274.9,104222.6,104222.9,31.513
2024-12-18 09:34:00,104222.9,104255.0,104222.2,104255.0,27.604
2024-12-18 09:35:00,104255.0,104255.0,104182.3,104190.0,33.22
2024-12-18 09:36:00,104190.0,104190.3,104167.9,104168.0,25.167
2024-12-18 09:37:00,104168.0,104168.0,104123.6,104139.9,27.813
2024-12-18 09:38:00,104139.9,104145.9,104104.2,104106.0,40.2
2024-12-18 09:39:00,104106.0,104117.2,104106.0,104107.8,24.421
2024-12-18 09:40:00,104107.8,104126.8,104107.5,104126.3,37.216
2024-12-18 09:41:00,104126.3,104126.6,104126.1,104126.5,64.579
2024-12-18 09:42:00,104126.5,104172.8,104126.5,104154.1,44.884
2024-12-18 09:43:00,104154.1,104154.2,104111.9,104142.4,50.542
2024-12-18 09:44:00,104142.4,104142.4,104107.0,104107.3,22.484
2024-12-18 09:45:00,104107.3,104167.2,104107.0,104107.4,17.042
2024-12-18 09:46:00,104107.4,104107.4,104101.8,104102.1,19.643
2024-12-18 09:47:00,104102.1,104156.7,104101.8,104156.7,18.119
2024-12-18 09:48:00,104156.7,104172.4,104150.1,104172.4,22.59
2024-12-18 09:49:00,104172.4,104172.4,104140.1,104155.1,39.792
2024-12-18 09:50:00,104155.1,104168.4,104137.0,104153.8,67.799
2024-12-18 09:51:00,104153.8,104153.8,104110.0,104110.0,17.545
2024-12-18 09:52:00,104110.0,104122.2,104110.0,104110.1,11.499
2024-12-18 09:53:00,104110.1,104110.1,104071.2,104071.2,19.256
2024-12-18 09:54:00,104071.2,104091.9,104071.0,104071.0,44.11
2024-12-18 09:55:00,104071.0,104071.3,104065.1,104069.4,19.973
2024-12-18 09:56:00,104069.4,104069.4,104042.9,104043.0,39.991
2024-12-18 09:57:00,104043.0,104043.3,104010.6,104036.8,85.553
2024-12-18 09:58:00,104036.8,104062.8,104036.8,104057.3,61.399
2024-12-18 09:59:00,104057.3,104061.4,104015.2,104015.2,27.187
2024-12-18 10:00:00,104015.2,104025.0,104001.0,104010.9,18.768
2024-12-18 10:01:00,104010.9,104057.0,104000.0,104000.0,23.614
2024-12-18 10:02:00,104000.0,104000.1,103950.0,103989.6,44.622
2024-12-18 10:03:00,103989.6,104078.5,103989.3,104078.5,64.553
2024-12-18 10:04:00,104078.5,104078.5,104000.3,104008.1,26.776
2024-12-18 10:05:00,104008.1,104020.3,103991.9,104015.3,17.853
2024-12-18 10:06:00,104015.3,104084.5,104008.0,104074.1,39.727
2024-12-18 10:07:00,104074.1,104095.8,104050.0,104095.0,76.083
2024-12-18 10:08:00,104095.0,104098.8,104091.0,104098.5,41.849
2024-12-18 10:09:00,104098.5,104144.1,104098.2,104140.0,51.471
2024-12-18 10:10:00,104140.0,104250.0,104139.9,104249.9,38.07
2024-12-18 10:11:00,104249.9,104314.3,104209.8,104209.8,90.2
2024-12-18 10:12:00,104209.8,104220.2,104204.7,104216.0,113.387
2024-12-18 10:13:00,104216.0,104216.2,104163.0,104163.0,24.031
2024-12-18 10:14:00,104163.0,104188.5,104163.0,104184.0,24.887
2024-12-18 10:15:00,104184.0,104184.2,104150.0,104150.3,22.569
2024-12-18 10:16:00,104150.3,104150.3,104116.0,104116.0,35.703
2024-12-18 10:17:00,104116.0,104149.3,104111.8,104149.3,21.368
2024-12-18 10:18:00,104149.3,104149.3,104096.4,104116.2,17.231
2024-12-18 10:19:00,104116.2,104116.5,104069.2,104072.2,22.411
2024-12-18 10:20:00,104072.2,104126.1,104024.5,104109.7,39.431
2024-12-18 10:21:00,104109.7,104109.7,104053.2,104053.4,64.427
2024-12-18 10:22:00,104053.4,104074.5,104048.0,104048.0,40.429
2024-12-18 10:23:00,104048.0,104085.1,104048.0,104085.1,15.492
2024-12-18 10:24:00,104085.1,104177.7,104084.8,104154.1,18.499
2024-12-18 10:25:00,104154.1,104218.2,104154.1,104218.2,38.19
2024-12-18 10:26:00,104218.2,104218.2,104190.8,104206.1,31.113
2024-12-18 10:27:00,104206.1,104207.3,104206.1,104207.2,38.47
2024-12-18 10:28:00,104207.2,104207.3,104207.2,104207.2,20.35
2024-12-18 10:29:00,104207.2,104265.1,104207.2,104265.1,14.224
2024-12-18 10:30:00,104265.1,104272.2,104251.1,104251.2,37.227
2024-12-18 10:31:00,104251.2,104251.4,104216.4,104216.7,56.77
2024-12-18 10:32:00,104216.7,104221.4,104195.2,104195.5,60.55
2024-12-18 10:33:00,104195.5,104221.4,104195.2,104205.0,49.052
2024-12-18 10:34:00,104205.0,104205.0,104177.1,104184.1,74.899
2024-12-18 10:35:00,104184.1,104218.4,104163.8,104197.8,38.706
2024-12-18 10:36:00,104197.8,104197.9,104176.5,104189.2,82.147
2024-12-18 10:37:00,104189.2,104220.0,104170.8,104220.0,15.817
2024-12-18 10:38:00,104220.0,104260.0,104220.0,104260.0,17.345
2024-12-18 10:39:00,104260.0,104260.0,104259.9,104260.0,50.593
2024-12-18 10:40:00,104260.0,104307.0,104259.9,104306.7,35.093
2024-12-18 10:41:00,104306.7,104311.0,104306.6,104310.9,57.011
2024-12-18 10:42:00,104310.9,104352.0,104310.9,104349.9,61.142
2024-12-18 10:43:00,104349.9,104397.8,104349.8,104396.0,101.8
2024-12-18 10:44:00,104396.0,104462.2,104393.0,104460.3,128.489
2024-12-18 10:45:00,104460.3,104460.4,104400.0,104400.0,179.539
2024-12-18 10:46:00,104400.0,104496.2,104400.0,104496.0,96.003
2024-12-18 10:47:00,104496.0,104612.2,104492.0,104538.8,989.449
2024-12-18 10:48:00,104538.8,104578.6,104538.8,104549.6,501.414
2024-12-18 10:49:00,104549.6,104610.6,104510.6,104605.4,116.317
2024-12-18 10:50:00,104605.4,104605.4,104544.0,104580.3,112.423
2024-12-18 10:51:00,104580.3,104615.7,104550.0,104550.0,199.629
2024-12-18 10:52:00,104550.0,104550.3,104536.1,104541.0,258.023
2024-12-18 10:53:00,104541.0,104568.8,104540.1,104551.5,69.114
2024-12-18 10:54:00,104551.5,104567.6,104551.5,104556.6,32.844
2024-12-18 10:55:00,104556.6,104588.2,104551.8,104551.9,43.972
2024-12-18 10:56:00,104551.9,104551.9,104476.1,104485.8,56.216
2024-12-18 10:57:00,104485.8,104550.4,104485.8,104526.0,86.868
2024-12-18 10:58:00,104526.0,104537.9,104500.0,104502.7,49.674
2024-12-18 10:59:00,104502.7,104507.5,104482.0,104499.3,34.123
2024-12-18 11:00:00,104499.3,104499.3,104464.5,104464.7,41.634
2024-12-18 11:01:00,104464.7,104515.2,104457.0,104515.2,42.554
2024-12-18 11:02:00,104515.2,104580.5,104514.9,104553.2,27.302
2024-12-18 11:03:00,104553.2,104573.0,104553.2,104572.8,35.255
2024-12-18 11:04:00,104572.8,104599.5,104572.7,104591.6,30.278
2024-12-18 11:05:00,104591.6,104653.8,104586.3,104653.8,56.561
2024-12-18 11:06:00,104653.8,104666.0,104653.5,104665.9,95.016
2024-12-18 11:07:00,104665.9,104679.0,104663.5,104679.0,71.084
2024-12-18 11:08:00,104679.0,104681.0,104646.2,104650.1,82.539
2024-12-18 11:09:00,104650.1,104650.1,104612.1,104627.5,55.395
2024-12-18 11:10:00,104627.5,104665.2,104627.3,104665.0,40.502
2024-12-18 11:11:00,104665.0,104687.0,104665.0,104685.2,52.157
2024-12-18 11:12:00,104685.2,104689.6,104650.0,104650.3,83.613
2024-12-18 11:13:00,104650.3,104683.5,104624.7,104683.2,45.254
2024-12-18 11:14:00,104683.2,104683.5,104623.0,104624.4,28.814
2024-12-18 11:15:00,104624.4,104637.9,104587.5,104587.6,37.944
2024-12-18 11:16:00,104587.6,104637.8,104581.6,104637.8,66.973
2024-12-18 11:17:00,104637.8,104637.9,104580.5,104580.8,43.836
2024-12-18 11:18:00,104580.8,104613.1,104580.5,104581.7,20.398
2024-12-18 11:19:00,104581.7,104612.0,104552.5,104599.9,21.29
2024-12-18 11:20:00,104599.9,104600.2,104572.2,104600.0,30.879
2024-12-18 11:21:00,104600.0,104612.4,104552.8,104562.2,32.664
2024-12-18 11:22:00,104562.2,104628.8,104556.1,104623.5,37.192
2024-12-18 11:23:00,104623.5,104640.0,104623.2,104640.0,44.116
2024-12-18 11:24:00,104640.0,104700.0,104639.9,104698.1,32.087
2024-12-18 11:25:00,104698.1,104746.6,104683.4,104741.4,81.057
2024-12-18 11:26:00,104741.4,104746.7,104738.5,104740.2,129.908
2024-12-18 11:27:00,104740.2,104744.7,104680.9,104680.9,91.175
2024-12-18 11:28:00,104680.9,104704.6,104677.2,104704.5,51.701
2024-12-18 11:29:00,104704.5,104704.5,104704.2,104704.3,45.149
2024-12-18 11:30:00,104704.3,104704.3,104643.0,104643.0,30.773
2024-12-18 11:31:00,104643.0,104700.2,104643.0,104685.1,57.758
2024-12-18 11:32:00,104685.1,104750.0,104674.6,104750.0,65.596
2024-12-18 11:33:00,104750.0,104756.0,104741.9,104743.5,191.074
2024-12-18 11:34:00,104743.5,104757.3,104743.5,104757.0,174.332
2024-12-18 11:35:00,104757.0,104856.0,104757.0,104810.6,258.569
2024-12-18 11:36:00,104810.6,104911.9,104810.4,104900.0,515.587
2024-12-18 11:37:00,104900.0,104921.0,104900.0,104920.9,249.681
2024-12-18 11:38:00,104920.9,104958.3,104903.3,104919.7,356.157
2024-12-18 11:39:00,104919.7,104927.1,104905.0,104905.0,243.143
2024-12-18 11:40:00,104905.0,104905.4,104900.0,104905.2,62.294
2024-12-18 11:41:00,104905.2,104915.5,104904.8,104915.5,67.892
2024-12-18 11:42:00,104915.5,104915.5,104846.1,104878.8,83.64
2024-12-18 11:43:00,104878.8,104882.2,104837.0,104839.8,132.955
2024-12-18 11:44:00,104839.8,104880.0,104839.5,104843.1,48.525
2024-12-18 11:45:00,104843.1,104843.4,104688.5,104713.2,144.501
2024-12-18 11:46:00,104713.2,104759.5,104713.2,104759.3,312.384
2024-12-18 11:47:00,104759.3,104795.1,104750.2,104750.2,64.482
2024-12-18 11:48:00,104750.2,104781.8,104740.8,104778.3,63.239
2024-12-18 11:49:00,104778.3,104800.0,104770.0,104770.1,72.864
2024-12-18 11:50:00,104770.1,104834.5,104770.0,104803.8,36.954
2024-12-18 11:51:00,104803.8,104853.3,104800.4,104853.3,34.718
2024-12-18 11:52:00,104853.3,104858.1,104815.2,104820.1,49.338
2024-12-18 11:53:00,104820.1,104854.5,104814.6,104850.3,40.195
2024-12-18 11:54:00,104850.3,104886.2,104849.2,104886.2,29.901
2024-12-18 11:55:00,104886.2,104907.2,104864.1,104907.0,20.301
2024-12-18 11:56:00,104907.0,104940.2,104880.0,104940.1,38.989
2024-12-18 11:57:00,104940.1,104950.2,104913.5,104947.0,86.092
2024-12-18 11:58:00,104947.0,104962.0,104920.1,104961.9,49.034
2024-12-18 11:59:00,104961.9,104992.9,104961.9,104986.7,51.864
2024-12-18 12:00:00,104986.7,104986.7,104888.9,104888.9,88.652
2024-12-18 12:01:00,104888.9,105000.0,104888.9,104977.1,115.796
2024-12-18 12:02:00,104977.1,105073.8,104977.1,105060.0,105.358
2024-12-18 12:03:00,105060.0,105102.0,105048.5,105098.0,203.816
2024-12-18 12:04:00,105098.0,105150.2,105097.9,105147.7,211.394
2024-12-18 12:05:00,105147.7,105168.0,105118.5,105118.5,156.585
2024-12-18 12:06:00,105118.5,105150.3,105100.0,105141.9,111.77
2024-12-18 12:07:00,105141.9,105147.3,105126.1,105142.8,111.0
2024-12-18 12:08:00,105142.8,105142.9,105100.0,105100.1,71.76
2024-12-18 12:09:00,105100.1,105143.4,105100.0,105136.5,89.445
2024-12-18 12:10:00,105136.5,105136.5,105100.0,105120.3,61.782
2024-12-18 12:11:00,105120.3,105196.7,105109.8,105194.6,55.567
2024-12-18 12:12:00,105194.6,105239.9,105185.9,105239.8,101.664
2024-12-18 12:13:00,105239.8,105249.0,105216.4,105238.9,156.984
2024-12-18 12:14:00,105238.9,105275.0,105238.9,105266.0,114.55
2024-12-18 12:15:00,105266.0,105325.5,105220.5,105220.5,104.846
2024-12-18 12:16:00,105220.5,105300.0,105185.7,105282.7,189.775
2024-12-18 12:17:00,105282.7,105315.2,105262.2,105262.4,209.823
2024-12-18 12:18:00,105262.4,105313.0,105252.8,105284.4,284.016
2024-12-18 12:19:00,105284.4,105294.7,105222.6,105224.6,80.883
2024-12-18 12:20:00,105224.6,105224.6,105154.3,105155.3,78.538
2024-12-18 12:21:00,105155.3,105178.3,105130.9,105146.3,129.582
2024-12-18 12:22:00,105146.3,105176.7,105109.6,105109.6,91.376
2024-12-18 12:23:00,105109.6,105167.9,105105.6,105141.6,60.205
2024-12-18 12:24:00,105141.6,105141.6,105076.3,105084.0,64.401
2024-12-18 12:25:00,105084.0,105084.3,105015.4,105017.4,155.8
2024-12-18 12:26:00,105017.4,105080.4,104929.0,104929.4,213.56
2024-12-18 12:27:00,104929.4,105010.3,104922.8,105010.3,165.971
2024-12-18 12:28:00,105010.3,105010.3,104919.3,104935.0,144.877
2024-12-18 12:29:00,104935.0,104950.0,104887.4,104894.5,117.068
2024-12-18 12:30:00,104894.5,104935.6,104887.4,104933.7,139.101
2024-12-18 12:31:00,104933.7,104933.7,104840.0,104845.2,163.008
2024-12-18 12:32:00,104845.2,104856.3,104793.2,104831.3,203.179
2024-12-18 12:33:00,104831.3,104848.9,104777.0,104777.4,243.907
2024-12-18 12:34:00,104777.4,104870.3,104730.3,104853.0,179.461
2024-12-18 12:35:00,104853.0,104853.0,104731.6,104792.5,257.065
2024-12-18 12:36:00,104792.5,104860.8,104792.5,104852.7,164.912
2024-12-18 12:37:00,104852.7,104853.0,104779.5,104779.8,83.612
2024-12-18 12:38:00,104779.8,104798.2,104738.0,104738.2,38.928
2024-12-18 12:39:00,104738.2,104738.3,104721.5,104729.8,62.001
2024-12-18 12:40:00,104729.8,104786.1,104713.5,104786.1,104.946
2024-12-18 12:41:00,104786.1,104786.1,104671.2,104711.3,86.22
2024-12-18 12:42:00,104711.3,104864.1,104711.2,104863.8,116.436
2024-12-18 12:43:00,104863.8,104884.7,104814.8,104836.8,121.455
2024-12-18 12:44:00,104836.8,104914.2,104836.8,104889.2,123.867
2024-12-18 12:45:00,104889.2,105037.3,104889.0,105014.1,186.189
2024-12-18 12:46:00,105014.1,105014.1,104972.4,104993.2,164.827
2024-12-18 12:47:00,104993.2,105000.2,104975.9,104995.3,51.021
2024-12-18 12:48:00,104995.3,104995.3,104923.0,104957.8,50.779
2024-12-18 12:49:00,104957.8,104958.0,104824.9,104850.3,115.788
2024-12-18 12:50:00,104850.3,104850.3,104753.4,104800.4,127.001
2024-12-18 12:51:00,104800.4,104800.4,104704.1,104716.6,131.095
2024-12-18 12:52:00,104716.6,104765.2,104659.1,104659.1,132.761
2024-12-18 12:53:00,104659.1,104743.0,104641.4,104738.8,142.267
2024-12-18 12:54:00,104738.8,104760.0,104705.9,104705.9,111.192
2024-12-18 12:55:00,104705.9,104706.0,104673.5,104673.5,53.192
2024-12-18 12:56:00,104673.5,104736.8,104673.5,104736.8,79.026
2024-12-18 12:57:00,104736.8,104944.6,104734.1,104869.2,160.329
2024-12-18 12:58:00,104869.2,104985.3,104869.2,104985.3,183.172
2024-12-18 12:59:00,104985.3,105000.0,104884.0,104884.2,98.598
2024-12-18 13:00:00,104884.2,104891.1,104762.6,104762.6,79.385
2024-12-18 13:01:00,104762.6,104784.7,104751.0,104770.0,96.18
2024-12-18 13:02:00,104770.0,104770.1,104726.7,104749.1,52.306
2024-12-18 13:03:00,104749.1,104749.1,104710.1,104720.0,61.128
2024-12-18 13:04:00,104720.0,104720.0,104701.7,104719.3,77.138
2024-12-18 13:05:00,104719.3,104776.1,104718.4,104761.7,36.686
2024-12-18 13:06:00,104761.7,104888.5,104747.5,104841.5,68.715
2024-12-18 13:07:00,104841.5,104841.5,104768.6,104793.4,70.022
2024-12-18 13:08:00,104793.4,104905.5,104786.6,104905.2,30.609
2024-12-18 13:09:00,104905.2,104963.7,104878.0,104949.5,31.471
2024-12-18 13:10:00,104949.5,104949.5,104883.1,104900.3,44.905
2024-12-18 13:11:00,104900.3,105007.4,104900.0,104982.1,45.584
2024-12-18 13:12:00,104982.1,105005.0,104948.9,104989.3,59.582
2024-12-18 13:13:00,104989.3,105005.0,104977.5,104987.5,60.95
2024-12-18 13:14:00,104987.5,105005.0,104963.8,104963.8,24.715
2024-12-18 13:15:00,104963.8,105005.0,104950.0,105005.0,29.413
2024-12-18 13:16:00,105005.0,105120.2,105004.9,105120.2,101.082
2024-12-18 13:17:00,105120.2,105218.6,105119.9,105170.0,256.657
2024-12-18 13:18:00,105170.0,105225.6,105157.2,105165.8,277.05
2024-12-18 13:19:00,105165.8,105173.3,105131.6,105138.5,119.01
2024-12-18 13:20:00,105138.5,105200.0,105138.5,105191.3,74.641
2024-12-18 13:21:00,105191.3,105191.3,105118.3,105127.1,71.618
2024-12-18 13:22:00,105127.1,105138.5,105022.0,105057.9,96.788
2024-12-18 13:23:00,105057.9,105092.1,105057.8,105091.4,120.177
2024-12-18 13:24:00,105091.4,105091.7,105018.9,105026.2,35.09
2024-12-18 13:25:00,105026.2,105047.0,105015.5,105023.0,30.579
2024-12-18 13:26:00,105023.0,105066.2,105010.1,105037.3,21.582
2024-12-18 13:27:00,105037.3,105038.2,104982.6,104996.7,27.486
2024-12-18 13:28:00,104996.7,105033.7,104956.0,105015.3,40.243
2024-12-18 13:29:00,105015.3,105036.5,105014.5,105032.1,42.413
2024-12-18 13:30:00,105032.1,105032.2,104957.6,104957.6,27.868
2024-12-18 13:31:00,104957.6,104976.7,104923.2,104939.5,57.145
2024-12-18 13:32:00,104939.5,104979.1,104900.6,104906.5,84.098
2024-12-18 13:33:00,104906.5,105012.8,104870.0,105004.2,91.727
2024-12-18 13:34:00,105004.2,105004.2,104908.6,104920.2,107.368
2024-12-18 13:35:00,104920.2,104964.1,104905.3,104933.4,29.051
2024-12-18 13:36:00,104933.4,104964.7,104900.4,104909.9,17.443
2024-12-18 13:37:00,104909.9,104952.9,104901.0,104901.0,34.513
2024-12-18 13:38:00,104901.0,104901.0,104888.0,104888.3,81.055
2024-12-18 13:39:00,104888.3,104896.8,104852.0,104852.8,34.874
2024-12-18 13:40:00,104852.8,104903.2,104852.7,104868.0,35.041
2024-12-18 13:41:00,104868.0,104878.3,104840.5,104869.2,36.545
2024-12-18 13:42:00,104869.2,104904.2,104868.9,104901.0,40.042
2024-12-18 13:43:00,104901.0,104901.0,104789.2,104789.4,52.903
2024-12-18 13:44:00,104789.4,104802.5,104731.7,104731.8,60.31
2024-12-18 13:45:00,104731.8,104824.5,104724.8,104811.0,92.957
2024-12-18 13:46:00,104811.0,104830.2,104792.2,104829.9,62.678
2024-12-18 13:47:00,104829.9,104830.2,104750.0,104758.2,38.313
2024-12-18 13:48:00,104758.2,104758.2,104708.1,104708.3,67.438
2024-12-18 13:49:00,104708.3,104732.0,104669.7,104730.8,81.373
2024-12-18 13:50:00,104730.8,104732.9,104685.0,104700.0,151.811
2024-12-18 13:51:00,104700.0,104758.6,104700.0,104742.8,52.141
2024-12-18 13:52:00,104742.8,104770.4,104680.4,104680.5,79.198
2024-12-18 13:53:00,104680.5,104720.6,104680.0,104706.9,37.833
2024-12-18 13:54:00,104706.9,104763.5,104682.0,104717.3,40.602
2024-12-18 13:55:00,104717.3,104732.3,104690.2,104714.0,36.614
2024-12-18 13:56:00,104714.0,104722.0,104681.2,104681.8,32.061
2024-12-18 13:57:00,104681.8,104682.0,104673.0,104673.0,31.018
2024-12-18 13:58:00,104673.0,104673.1,104585.0,104602.1,101.32
2024-12-18 13:59:00,104602.1,104602.4,104509.4,104548.0,277.738
2024-12-18 14:00:00,104548.0,104569.1,104452.1,104505.8,228.427
2024-12-18 14:01:00,104505.8,104616.2,104442.6,104580.3,284.937
2024-12-18 14:02:00,104580.3,104681.7,104580.0,104671.1,207.452
2024-12-18 14:03:00,104671.1,104678.7,104620.0,104678.3,104.921
2024-12-18 14:04:00,104678.3,104698.0,104626.0,104636.7,89.514
2024-12-18 14:05:00,104636.7,104662.4,104500.0,104500.0,93.624
2024-12-18 14:06:00,104500.0,104561.1,104401.3,104541.2,117.238
2024-12-18 14:07:00,104541.2,104634.5,104536.8,104552.6,185.958
2024-12-18 14:08:00,104552.6,104560.0,104461.5,104531.8,91.366
2024-12-18 14:09:00,104531.8,104566.6,104500.0,104566.2,68.549
2024-12-18 14:10:00,104566.2,104621.5,104565.9,104618.6,45.579
2024-12-18 14:11:00,104618.6,104636.2,104500.3,104536.5,47.949
2024-12-18 14:12:00,104536.5,104541.9,104500.4,104541.9,47.377
2024-12-18 14:13:00,104541.9,104567.2,104520.0,104533.6,45.461
2024-12-18 14:14:00,104533.6,104533.9,104496.0,104496.0,36.194
2024-12-18 14:15:00,104496.0,104599.1,104466.6,104599.1,40.758
2024-12-18 14:16:00,104599.1,104738.6,104575.1,104679.5,124.756
2024-12-18 14:17:00,104679.5,104802.9,104679.5,104791.3,259.489
2024-12-18 14:18:00,104791.3,104814.1,104791.0,104811.2,134.086
2024-12-18 14:19:00,104811.2,104825.0,104771.2,104794.9,82.196
2024-12-18 14:20:00,104794.9,104833.0,104782.5,104800.5,53.638
2024-12-18 14:21:00,104800.5,104800.5,104682.8,104710.2,46.125
2024-12-18 14:22:00,104710.2,104710.2,104669.0,104669.0,25.239
2024-12-18 14:23:00,104669.0,104686.3,104636.6,104680.1,17.333
2024-12-18 14:24:00,104680.1,104680.3,104564.1,104564.1,38.899
2024-12-18 14:25:00,104564.1,104582.8,104410.0,104470.8,95.058
2024-12-18 14:26:00,104470.8,104511.0,104449.0,104510.7,124.288
2024-12-18 14:27:00,104510.7,104570.1,104510.7,104538.6,38.264
2024-12-18 14:28:00,104538.6,104591.9,104512.3,104591.9,32.732
2024-12-18 14:29:00,104591.9,104666.0,104591.8,104666.0,53.86
2024-12-18 14:30:00,104666.0,104716.6,104582.3,104601.5,84.345
2024-12-18 14:31:00,104601.5,104601.5,104337.3,104382.8,250.345
2024-12-18 14:32:00,104382.8,104475.8,104248.5,104248.6,526.927
2024-12-18 14:33:00,104248.6,104337.4,104053.7,104119.4,536.835
2024-12-18 14:34:00,104119.4,104185.4,104084.6,104138.1,554.11
2024-12-18 14:35:00,104138.1,104142.3,103822.3,103999.7,385.662
2024-12-18 14:36:00,103999.7,104155.1,103993.2,104131.5,548.119
2024-12-18 14:37:00,104131.5,104223.3,104040.2,104223.3,237.797
2024-12-18 14:38:00,104223.3,104284.4,104014.0,104014.0,235.253
2024-12-18 14:39:00,104014.0,104095.3,103948.1,103996.8,277.905
2024-12-18 14:40:00,103996.8,104056.5,103873.1,103935.6,178.779
2024-12-18 14:41:00,103935.6,104100.2,103905.1,104085.0,206.969
2024-12-18 14:42:00,104085.0,104295.7,104000.0,104275.4,139.315
2024-12-18 14:43:00,104275.4,104379.5,104180.0,104289.8,230.715
2024-12-18 14:44:00,104289.8,104467.8,104288.7,104467.8,276.157
2024-12-18 14:45:00,104467.8,104616.6,104368.4,104564.5,256.63
2024-12-18 14:46:00,104564.5,104627.5,104415.7,104416.6,355.096
2024-12-18 14:47:00,104416.6,104543.8,104308.7,104518.3,373.135
2024-12-18 14:48:00,104518.3,104545.8,104384.6,104399.9,239.712
2024-12-18 14:49:00,104399.9,104399.9,104230.5,104230.5,119.558
2024-12-18 14:50:00,104230.5,104444.0,104127.2,104434.2,203.397
2024-12-18 14:51:00,104434.2,104434.2,104275.4,104308.3,144.411
2024-12-18 14:52:00,104308.3,104385.2,104150.0,104152.4,74.958
2024-12-18 14:53:00,104152.4,104166.0,104040.1,104048.5,111.769
2024-12-18 14:54:00,104048.5,104126.6,104008.0,104126.6,202.015
2024-12-18 14:55:00,104126.6,104180.4,104053.1,104100.6,216.743
2024-12-18 14:56:00,104100.6,104100.6,103925.0,104040.0,295.191
2024-12-18 14:57:00,104040.0,104095.0,103965.0,104017.0,250.184
2024-12-18 14:58:00,104017.0,104017.1,103857.1,103882.2,167.955
2024-12-18 14:59:00,103882.2,104007.8,103882.2,103980.9,340.304
2024-12-18 15:00:00,103980.9,104019.5,103886.0,103887.5,161.836
2024-12-18 15:01:00,103887.5,103971.4,103851.1,103851.4,169.833
2024-12-18 15:02:00,103851.4,103851.4,103663.9,103745.4,362.109
2024-12-18 15:03:00,103745.4,103814.5,103665.3,103694.7,551.036
2024-12-18 15:04:00,103694.7,103756.7,103658.5,103671.5,219.473
2024-12-18 15:05:00,103671.5,103800.0,103653.6,103670.3,175.849
2024-12-18 15:06:00,103670.3,103792.1,103611.7,103790.2,236.461
2024-12-18 15:07:00,103790.2,104030.0,103790.2,103897.6,405.604
2024-12-18 15:08:00,103897.6,103973.0,103704.1,103750.3,364.007
2024-12-18 15:09:00,103750.3,103789.0,103645.0,103690.3,258.305
2024-12-18 15:10:00,103690.3,103836.5,103661.9,103827.8,143.727
2024-12-18 15:11:00,103827.8,103956.3,103821.7,103908.2,113.614
2024-12-18 15:12:00,103908.2,104009.3,103862.3,103926.9,121.8
2024-12-18 15:13:00,103926.9,103982.0,103850.8,103913.0,146.462
2024-12-18 15:14:00,103913.0,104079.4,103864.1,104079.0,144.943
2024-12-18 15:15:00,104079.0,104190.5,104049.7,104097.2,240.748
2024-12-18 15:16:00,104097.2,104190.0,104089.7,104189.9,347.074
2024-12-18 15:17:00,104189.9,104199.2,104022.2,104054.8,121.993
2024-12-18 15:18:00,104054.8,104084.5,103935.3,104084.5,173.942
2024-12-18 15:19:00,104084.5,104084.5,103940.7,103993.1,113.979
2024-12-18 15:20:00,103993.1,104032.9,103940.0,103962.3,57.344
2024-12-18 15:21:00,103962.3,104152.5,103960.0,104146.3,78.169
2024-12-18 15:22:00,104146.3,104250.1,104146.0,104235.9,128.019
2024-12-18 15:23:00,104235.9,104285.6,104198.3,104240.5,178.772
2024-12-18 15:24:00,104240.5,104287.9,104125.1,104176.6,118.796
2024-12-18 15:25:00,104176.6,104194.2,103980.6,103980.9,113.492
2024-12-18 15:26:00,103980.9,104056.5,103887.2,103943.9,84.385
2024-12-18 15:27:00,103943.9,104163.0,103943.9,104159.7,102.792
2024-12-18 15:28:00,104159.7,104177.9,104065.2,104071.2,54.826
2024-12-18 15:29:00,104071.2,104110.8,104021.2,104110.8,58.521
2024-12-18 15:30:00,104110.8,104181.8,104084.4,104145.7,42.684
2024-12-18 15:31:00,104145.7,104145.7,103992.6,104040.1,58.589
2024-12-18 15:32:00,104040.1,104230.8,104040.1,104198.0,126.041
2024-12-18 15:33:00,104198.0,104259.9,104115.6,104162.6,145.738
2024-12-18 15:34:00,104162.6,104210.2,104108.1,104108.1,156.715
2024-12-18 15:35:00,104108.1,104216.1,104090.0,104203.4,48.382
2024-12-18 15:36:00,104203.4,104204.0,104050.0,104050.0,57.967
2024-12-18 15:37:00,104050.0,104328.2,104026.4,104321.1,87.227
2024-12-18 15:38:00,104321.1,104426.7,104321.1,104404.7,109.847
2024-12-18 15:39:00,104404.7,104423.6,104387.1,104404.9,188.963
2024-12-18 15:40:00,104404.9,104471.9,104397.6,104439.1,99.634
2024-12-18 15:41:00,104439.1,104486.4,104337.2,104387.1,177.143
2024-12-18 15:42:00,104387.1,104389.5,104277.9,104364.9,152.899
2024-12-18 15:43:00,104364.9,104376.7,104294.0,104294.0,64.365
2024-12-18 15:44:00,104294.0,104407.5,104220.1,104350.3,73.122
2024-12-18 15:45:00,104350.3,104460.8,104342.2,104434.1,69.479
2024-12-18 15:46:00,104434.1,104434.1,104224.8,104261.8,86.131
2024-12-18 15:47:00,104261.8,104405.0,104251.3,104322.4,61.432
2024-12-18 15:48:00,104322.4,104385.5,104287.7,104327.6,30.817
2024-12-18 15:49:00,104327.6,104456.1,104280.0,104451.5,18.958
2024-12-18 15:50:00,104451.5,104480.0,104413.1,104449.8,44.528
2024-12-18 15:51:00,104449.8,104532.3,104446.7,104527.8,98.816
2024-12-18 15:52:00,104527.8,104534.7,104400.0,104407.6,131.071
2024-12-18 15:53:00,104407.6,104439.3,104372.5,104428.8,51.858
2024-12-18 15:54:00,104428.8,104465.1,104350.3,104361.7,32.656
2024-12-18 15:55:00,104361.7,104377.3,104298.3,104365.9,33.343
2024-12-18 15:56:00,104365.9,104408.4,104326.7,104363.3,48.864
2024-12-18 15:57:00,104363.3,104449.6,104357.1,104418.5,35.105
2024-12-18 15:58:00,104418.5,104455.2,104418.2,104418.2,64.026
2024-12-18 15:59:00,104418.2,104421.5,104384.9,104395.1,65.553
2024-12-18 16:00:00,104395.1,104418.4,104327.2,104375.0,34.317
2024-12-18 16:01:00,104375.0,104408.4,104311.6,104335.8,136.31
2024-12-18 16:02:00,104335.8,104360.2,104305.3,104313.6,157.676
2024-12-18 16:03:00,104313.6,104441.3,104312.7,104404.9,52.16
2024-12-18 16:04:00,104404.9,104430.3,104288.0,104288.0,57.584
2024-12-18 16:05:00,104288.0,104288.1,104154.0,104189.4,171.211
2024-12-18 16:06:00,104189.4,104320.0,104189.4,104303.0,151.611
2024-12-18 16:07:00,104303.0,104317.2,104183.7,104186.1,22.413
2024-12-18 16:08:00,104186.1,104300.2,104134.1,104288.5,29.459
2024-12-18 16:09:00,104288.5,104303.0,104184.1,104194.2,47.242
2024-12-18 16:10:00,104194.2,104250.3,104128.0,104128.3,24.338
2024-12-18 16:11:00,104128.3,104132.3,104036.4,104036.4,56.1
2024-12-18 16:12:00,104036.4,104111.9,104030.0,104040.6,123.628
2024-12-18 16:13:00,104040.6,104040.9,103949.0,103949.0,108.564
2024-12-18 16:14:00,103949.0,103949.2,103816.1,103864.9,207.834
2024-12-18 16:15:00,103864.9,103902.1,103700.0,103739.7,306.098
2024-12-18 16:16:00,103739.7,103775.1,103633.3,103676.0,779.186
2024-12-18 16:17:00,103676.0,103679.7,103589.9,103624.7,645.811
2024-12-18 16:18:00,103624.7,103627.8,103500.5,103529.9,642.221
2024-12-18 16:19:00,103529.9,103563.6,103432.3,103529.0,571.223
2024-12-18 16:20:00,103529.0,103647.3,103489.2,103567.3,509.405
2024-12-18 16:21:00,103567.3,103573.5,103360.1,103399.0,571.572
2024-12-18 16:22:00,103399.0,103544.1,103399.0,103523.2,250.216
2024-12-18 16:23:00,103523.2,103569.6,103454.1,103476.4,123.325
2024-12-18 16:24:00,103476.4,103531.6,103392.0,103524.9,102.781
2024-12-18 16:25:00,103524.9,103544.3,103400.0,103436.0,134.949
2024-12-18 16:26:00,103436.0,103559.7,103420.8,103550.1,73.173
2024-12-18 16:27:00,103550.1,103714.2,103550.1,103598.1,111.821
2024-12-18 16:28:00,103598.1,103719.2,103596.5,103719.2,212.302
2024-12-18 16:29:00,103719.2,103791.9,103674.1,103720.0,90.608
2024-12-18 16:30:00,103720.0,103841.0,103691.3,103831.5,190.946
2024-12-18 16:31:00,103831.5,103861.7,103789.8,103849.9,109.687
2024-12-18 16:32:00,103849.9,103850.0,103718.3,103744.1,101.444
2024-12-18 16:33:00,103744.1,103896.3,103715.7,103853.5,88.26
2024-12-18 16:34:00,103853.5,103875.8,103781.1,103795.7,76.763
2024-12-18 16:35:00,103795.7,103817.0,103701.5,103721.8,62.028
2024-12-18 16:36:00,103721.8,103918.3,103716.5,103910.0,90.679
2024-12-18 16:37:00,103910.0,104047.5,103905.0,104037.9,142.395
2024-12-18 16:38:00,104037.9,104048.4,103985.7,104022.4,365.394
2024-12-18 16:39:00,104022.4,104025.0,103934.8,103948.7,550.5
2024-12-18 16:40:00,103948.7,104036.9,103926.1,104009.6,332.741
2024-12-18 16:41:00,104009.6,104080.2,103996.1,104071.3,392.539
2024-12-18 16:42:00,104071.3,104154.4,104071.0,104145.8,500.336
2024-12-18 16:43:00,104145.8,104180.2,104032.3,104032.3,232.104
2024-12-18 16:44:00,104032.3,104121.2,103964.4,104121.2,94.334
2024-12-18 16:45:00,104121.2,104150.0,104112.1,104116.0,46.167
2024-12-18 16:46:00,104116.0,104116.8,104011.7,104060.5,40.822
2024-12-18 16:47:00,104060.5,104088.6,104010.0,104027.3,58.317
2024-12-18 16:48:00,104027.3,104038.1,103964.9,103999.4,53.746
2024-12-18 16:49:00,103999.4,104032.7,103959.6,103959.6,60.526
2024-12-18 16:50:00,103959.6,104047.1,103956.1,104027.6,35.52
2024-12-18 16:51:00,104027.6,104127.0,104027.5,104127.0,22.227
2024-12-18 16:52:00,104127.0,104209.7,104127.0,104209.5,45.866
2024-12-18 16:53:00,104209.5,104242.3,104203.7,104227.0,92.213
2024-12-18 16:54:00,104227.0,104233.5,104168.0,104171.6,122.833
2024-12-18 16:55:00,104171.6,104211.3,104168.0,104211.3,89.085
2024-12-18 16:56:00,104211.3,104211.3,104156.2,104156.2,29.045
2024-12-18 16:57:00,104156.2,104177.1,104072.1,104072.4,55.709
2024-12-18 16:58:00,104072.4,104100.2,104020.9,104088.3,60.459
2024-12-18 16:59:00,104088.3,104157.1,104084.8,104154.4,40.299
2024-12-18 17:00:00,104154.4,104157.1,104079.3,104079.3,30.53
2024-12-18 17:01:00,104079.3,104093.1,103958.3,103985.6,23.742
2024-12-18 17:02:00,103985.6,103985.9,103888.0,103913.1,65.692
2024-12-18 17:03:00,103913.1,104062.8,103894.7,104062.7,317.51
2024-12-18 17:04:00,104062.7,104110.9,104005.9,104005.9,477.035
2024-12-18 17:05:00,104005.9,104005.9,103894.7,103921.3,30.169
2024-12-18 17:06:00,103921.3,103942.1,103894.7,103900.0,29.414
2024-12-18 17:07:00,103900.0,103900.0,103836.4,103841.2,50.391
2024-12-18 17:08:00,103841.2,104029.7,103841.2,103980.6,71.58
2024-12-18 17:09:00,103980.6,104068.5,103980.5,103990.9,55.866
2024-12-18 17:10:00,103990.9,103995.2,103937.7,103975.5,40.469
2024-12-18 17:11:00,103975.5,104129.8,103975.2,104124.9,19.129
2024-12-18 17:12:00,104124.9,104199.8,104099.9,104199.8,38.437
2024-12-18 17:13:00,104199.8,104270.0,104199.4,104251.5,74.655
2024-12-18 17:14:00,104251.5,104251.5,104206.5,104220.1,132.155
2024-12-18 17:15:00,104220.1,104319.1,104195.2,104319.1,151.415
2024-12-18 17:16:00,104319.1,104319.1,104226.5,104252.1,215.457
2024-12-18 17:17:00,104252.1,104332.1,104252.1,104332.1,44.216
2024-12-18 17:18:00,104332.1,104345.1,104282.5,104297.9,93.601
2024-12-18 17:19:00,104297.9,104358.8,104278.5,104333.6,55.381
2024-12-18 17:20:00,104333.6,104350.2,104251.5,104279.8,69.599
2024-12-18 17:21:00,104279.8,104376.4,104279.5,104370.8,66.464
2024-12-18 17:22:00,104370.8,104387.5,104342.8,104343.1,45.11
2024-12-18 17:23:00,104343.1,104343.1,104258.7,104323.5,40.167
2024-12-18 17:24:00,104323.5,104323.9,104240.0,104299.9,36.716
2024-12-18 17:25:00,104299.9,104337.5,104280.1,104280.1,34.425
2024-12-18 17:26:00,104280.1,104289.2,104201.1,104201.9,55.435
2024-12-18 17:27:00,104201.9,104302.8,104201.1,104302.5,77.687
2024-12-18 17:28:00,104302.5,104333.2,104302.5,104332.1,32.153
2024-12-18 17:29:00,104332.1,104332.1,104272.0,104272.2,18.48
2024-12-18 17:30:00,104272.2,104436.9,104254.5,104436.7,43.751
2024-12-18 17:31:00,104436.7,104443.4,104384.5,104443.1,111.15
2024-12-18 17:32:00,104443.1,104470.3,104425.7,104426.0,70.603
2024-12-18 17:33:00,104426.0,104470.1,104421.2,104468.6,77.521
2024-12-18 17:34:00,104468.6,104523.0,104468.6,104508.0,67.777
2024-12-18 17:35:00,104508.0,104534.9,104492.5,104511.9,88.145
2024-12-18 17:36:00,104511.9,104534.9,104511.6,104530.5,50.949
2024-12-18 17:37:00,104530.5,104682.4,104506.9,104656.0,196.669
2024-12-18 17:38:00,104656.0,104709.2,104624.8,104624.8,527.646
2024-12-18 17:39:00,104624.8,104660.0,104588.7,104659.9,115.729
2024-12-18 17:40:00,104659.9,104790.3,104659.9,104778.2,114.88
2024-12-18 17:41:00,104778.2,104778.2,104611.0,104611.0,215.044
2024-12-18 17:42:00,104611.0,104626.4,104517.3,104626.3,274.871
2024-12-18 17:43:00,104626.3,104640.0,104569.9,104570.0,115.287
2024-12-18 17:44:00,104570.0,104622.2,104570.0,104580.5,41.499
2024-12-18 17:45:00,104580.5,104625.2,104580.2,104599.9,43.788
2024-12-18 17:46:00,104599.9,104622.6,104519.5,104520.4,36.531
2024-12-18 17:47:00,104520.4,104607.4,104492.4,104607.1,63.738
2024-12-18 17:48:00,104607.1,104700.0,104607.0,104679.8,106.222
2024-12-18 17:49:00,104679.8,104714.3,104679.8,104681.0,43.229
2024-12-18 17:50:00,104681.0,104685.0,104595.2,104627.4,46.957
2024-12-18 17:51:00,104627.4,104673.5,104619.5,104669.9,21.611
2024-12-18 17:52:00,104669.9,104735.3,104669.9,104684.8,52.08
2024-12-18 17:53:00,104684.8,104720.2,104621.3,104637.8,124.545
2024-12-18 17:54:00,104637.8,104712.7,104637.8,104689.6,46.706
2024-12-18 17:55:00,104689.6,104710.0,104655.2,104709.9,64.892
2024-12-18 17:56:00,104709.9,104710.0,104610.0,104637.5,25.965
2024-12-18 17:57:00,104637.5,104637.5,104540.0,104585.4,44.157
2024-12-18 17:58:00,104585.4,104636.9,104546.9,104636.9,79.434
2024-12-18 17:59:00,104636.9,104637.4,104597.8,104616.9,34.355
2024-12-18 18:00:00,104616.9,104635.1,104564.3,104576.6,17.517
2024-12-18 18:01:00,104576.6,104594.6,104543.7,104571.6,27.46
2024-12-18 18:02:00,104571.6,104650.0,104536.2,104642.3,36.252
2024-12-18 18:03:00,104642.3,104743.1,104642.3,104689.8,70.678
2024-12-18 18:04:00,104689.8,104731.2,104663.7,104731.0,63.085
2024-12-18 18:05:00,104731.0,104824.0,104731.0,104775.0,86.976
2024-12-18 18:06:00,104775.0,104828.6,104720.0,104720.3,191.943
2024-12-18 18:07:00,104720.3,104845.0,104692.3,104826.2,860.053
2024-12-18 18:08:00,104826.2,104877.7,104656.5,104699.3,574.142
2024-12-18 18:09:00,104699.3,104773.2,104695.0,104764.2,269.385
2024-12-18 18:10:00,104764.2,104879.8,104753.0,104839.2,48.206
2024-12-18 18:11:00,104839.2,104895.0,104815.6,104889.0,113.334
2024-12-18 18:12:00,104889.0,104914.2,104828.3,104833.3,120.166
2024-12-18 18:13:00,104833.3,104905.5,104833.3,104900.2,175.924
2024-12-18 18:14:00,104900.2,104900.2,104826.8,104856.6,34.27
2024-12-18 18:15:00,104856.6,104880.0,104832.7,104879.9,67.738
2024-12-18 18:16:00,104879.9,104933.0,104875.7,104933.0,92.728
2024-12-18 18:17:00,104933.0,104959.6,104932.9,104940.0,67.585
2024-12-18 18:18:00,104940.0,104941.8,104834.3,104842.9,111.529
2024-12-18 18:19:00,104842.9,104852.5,104799.5,104800.0,89.229
2024-12-18 18:20:00,104800.0,104807.4,104701.4,104770.4,77.367
2024-12-18 18:21:00,104770.4,104816.7,104724.8,104729.2,112.612
2024-12-18 18:22:00,104729.2,104729.3,104667.7,104687.7,83.241
2024-12-18 18:23:00,104687.7,104701.4,104628.4,104643.2,162.319
2024-12-18 18:24:00,104643.2,104692.0,104624.5,104624.5,101.403
2024-12-18 18:25:00,104624.5,104630.0,104574.5,104629.8,131.087
2024-12-18 18:26:00,104629.8,104718.7,104629.8,104695.3,249.339
2024-12-18 18:27:00,104695.3,104726.7,104650.3,104658.0,44.76
2024-12-18 18:28:00,104658.0,104669.1,104658.0,104660.5,60.787
2024-12-18 18:29:00,104660.5,104662.1,104658.0,104662.1,24.826
2024-12-18 18:30:00,104662.1,104690.1,104624.7,104676.5,39.802
2024-12-18 18:31:00,104676.5,104776.3,104661.9,104734.4,38.664
2024-12-18 18:32:00,104734.4,104757.4,104615.7,104615.7,87.262
2024-12-18 18:33:00,104615.7,104616.8,104503.8,104548.0,73.96
2024-12-18 18:34:00,104548.0,104568.9,104484.1,104564.1,135.18
2024-12-18 18:35:00,104564.1,104594.3,104513.5,104513.8,75.11
2024-12-18 18:36:00,104513.8,104527.9,104422.3,104422.3,47.485
2024-12-18 18:37:00,104422.3,104494.8,104394.2,104449.0,151.111
2024-12-18 18:38:00,104449.0,104495.1,104400.0,104400.0,229.755
2024-12-18 18:39:00,104400.0,104400.0,104333.0,104353.7,70.404
2024-12-18 18:40:00,104353.7,104353.7,104302.1,104312.1,90.4
2024-12-18 18:41:00,104312.1,104326.1,104183.3,104183.3,115.263
2024-12-18 18:42:00,104183.3,104350.0,104164.0,104269.6,1089.508
2024-12-18 18:43:00,104269.6,104335.2,104230.2,104285.0,504.237
2024-12-18 18:44:00,104285.0,104298.2,104135.1,104156.9,95.777
2024-12-18 18:45:00,104156.9,104156.9,104113.5,104113.5,140.459
2024-12-18 18:46:00,104113.5,104323.3,104110.7,104300.2,273.213
2024-12-18 18:47:00,104300.2,104384.8,104271.4,104271.4,108.361
2024-12-18 18:48:00,104271.4,104293.1,104245.9,104245.9,66.399
2024-12-18 18:49:00,104245.9,104245.9,104178.6,104209.3,30.629
2024-12-18 18:50:00,104209.3,104284.9,104174.6,104284.6,42.932
2024-12-18 18:51:00,104284.6,104299.0,104270.0,104282.4,71.193
2024-12-18 18:52:00,104282.4,104287.8,104268.0,104274.3,27.207
2024-12-18 18:53:00,104274.3,104374.2,104256.8,104353.5,19.236
2024-12-18 18:54:00,104353.5,104530.3,104353.5,104521.3,114.443
2024-12-18 18:55:00,104521.3,104521.3,104465.8,104475.4,281.61
2024-12-18 18:56:00,104475.4,104554.1,104465.8,104554.0,144.462
2024-12-18 18:57:00,104554.0,104710.2,104551.8,104710.2,105.271
2024-12-18 18:58:00,104710.2,104850.2,104658.4,104843.2,254.807
2024-12-18 18:59:00,104843.2,104843.5,104736.8,104771.9,281.291
2024-12-18 19:00:00,104771.9,104786.8,104460.0,104543.8,647.639
2024-12-18 19:01:00,104543.8,104550.9,104112.0,104402.1,728.009
2024-12-18 19:02:00,104402.1,104591.8,104205.8,104415.7,574.452
2024-12-18 19:03:00,104415.7,104415.7,104167.7,104176.5,378.143
2024-12-18 19:04:00,104176.5,104301.4,104121.0,104202.4,258.641
2024-12-18 19:05:00,104202.4,104202.4,103876.6,103876.6,302.087
2024-12-18 19:06:00,103876.6,103897.4,103659.8,103769.6,751.268
2024-12-18 19:07:00,103769.6,103769.6,103507.0,103627.8,628.187
2024-12-18 19:08:00,103627.8,103840.2,103556.5,103594.9,457.566
2024-12-18 19:09:00,103594.9,103607.7,103464.6,103490.7,321.913
2024-12-18 19:10:00,103490.7,103550.0,103472.0,103500.2,503.932
2024-12-18 19:11:00,103500.2,103779.7,103410.0,103750.2,507.188
2024-12-18 19:12:00,103750.2,103761.6,103565.5,103700.1,326.057
2024-12-18 19:13:00,103700.1,103785.8,103581.7,103781.7,236.181
2024-12-18 19:14:00,103781.7,103958.9,103781.7,103834.7,272.098
2024-12-18 19:15:00,103834.7,103951.3,103712.7,103723.4,451.856
2024-12-18 19:16:00,103723.4,103723.4,103508.0,103532.6,225.834
2024-12-18 19:17:00,103532.6,103680.2,103471.1,103522.4,239.265
2024-12-18 19:18:00,103522.4,103578.8,103390.0,103401.5,236.001
2024-12-18 19:19:00,103401.5,103460.4,103300.0,103427.0,342.335
2024-12-18 19:20:00,103427.0,103617.9,103427.0,103565.8,500.373
2024-12-18 19:21:00,103565.8,103741.5,103565.8,103741.3,266.791
2024-12-18 19:22:00,103741.3,104089.9,103720.6,104010.9,307.333
2024-12-18 19:23:00,104010.9,104085.0,103829.8,103900.3,591.996
2024-12-18 19:24:00,103900.3,104055.0,103864.4,103945.0,346.824
2024-12-18 19:25:00,103945.0,104053.4,103900.0,103906.1,142.81
2024-12-18 19:26:00,103906.1,103934.1,103779.9,103781.5,132.23
2024-12-18 19:27:00,103781.5,103840.1,103725.7,103757.1,180.837
2024-12-18 19:28:00,103757.1,103757.2,103586.9,103629.1,199.079
2024-12-18 19:29:00,103629.1,103715.5,103603.0,103713.2,195.046
2024-12-18 19:30:00,103713.2,103773.2,103566.7,103771.4,134.784
2024-12-18 19:31:00,103771.4,103833.3,103601.4,103654.4,175.53
2024-12-18 19:32:00,103654.4,103998.9,103638.9,103998.8,154.639
2024-12-18 19:33:00,103998.8,104032.2,103923.3,104019.6,189.442
2024-12-18 19:34:00,104019.6,104019.7,103902.6,103910.1,160.992
2024-12-18 19:35:00,103910.1,104050.2,103840.2,103951.7,88.71
2024-12-18 19:36:00,103951.7,104037.6,103928.5,103996.7,141.871
2024-12-18 19:37:00,103996.7,103998.9,103810.0,103828.9,227.177
2024-12-18 19:38:00,103828.9,103829.6,103580.0,103580.2,137.424
2024-12-18 19:39:00,103580.2,103664.1,103536.4,103566.5,185.685
2024-12-18 19:40:00,103566.5,103777.4,103560.2,103719.5,292.025
2024-12-18 19:41:00,103719.5,103852.1,103688.1,103757.0,55.989
2024-12-18 19:42:00,103757.0,103847.2,103639.2,103660.8,64.865
2024-12-18 19:43:00,103660.8,103664.3,103555.2,103601.6,54.073
2024-12-18 19:44:00,103601.6,103716.1,103580.0,103593.8,87.239
2024-12-18 19:45:00,103593.8,103665.9,103432.0,103432.3,452.2
2024-12-18 19:46:00,103432.3,103534.9,103348.9,103349.2,600.315
2024-12-18 19:47:00,103349.2,103406.9,103301.0,103313.1,522.718
2024-12-18 19:48:00,103313.1,103331.0,103064.8,103110.0,1128.304
2024-12-18 19:49:00,103110.0,103325.7,103080.0,103314.0,576.635
2024-12-18 19:50:00,103314.0,103350.2,103159.6,103161.9,334.063
2024-12-18 19:51:00,103161.9,103300.0,103148.7,103149.3,197.905
2024-12-18 19:52:00,103149.3,103182.7,103082.8,103172.6,151.886
2024-12-18 19:53:00,103172.6,103380.2,103170.4,103375.1,146.792
2024-12-18 19:54:00,103375.1,103384.0,103239.0,103280.5,254.669
2024-12-18 19:55:00,103280.5,103370.9,103230.0,103370.9,173.938
2024-12-18 19:56:00,103370.9,103414.4,103195.5,103203.9,61.61
2024-12-18 19:57:00,103203.9,103203.9,102868.5,102897.3,1013.69
2024-12-18 19:58:00,102897.3,103093.7,102883.9,102938.7,606.793
2024-12-18 19:59:00,102938.7,102945.8,102800.0,102800.0,494.578
2024-12-18 20:00:00,102800.0,102935.6,102686.5,102807.4,1849.876
2024-12-18 20:01:00,102807.4,102955.0,102711.0,102796.3,605.389
2024-12-18 20:02:00,102796.3,102799.7,102572.6,102647.2,598.046
2024-12-18 20:03:00,102647.2,102647.2,102366.0,102392.7,1084.765
2024-12-18 20:04:00,102392.7,102443.8,102240.0,102242.7,636.088
2024-12-18 20:05:00,102242.7,102307.0,102120.8,102125.3,695.515
2024-12-18 20:06:00,102125.3,102217.3,102018.0,102045.0,975.728
2024-12-18 20:07:00,102045.0,102110.4,101535.2,101540.3,1569.187
2024-12-18 20:08:00,101540.3,101643.4,100715.5,100904.3,3148.862
2024-12-18 20:09:00,100904.3,101826.6,100899.2,101799.5,2091.557
2024-12-18 20:10:00,101799.5,101976.7,101003.2,101383.9,2063.883
2024-12-18 20:11:00,101383.9,102585.6,101383.9,102426.6,2101.33
2024-12-18 20:12:00,102426.6,102595.2,101869.2,102116.4,1093.605
2024-12-18 20:13:00,102116.4,102116.4,101532.7,101766.9,740.287
2024-12-18 20:14:00,101766.9,102028.3,101259.3,101959.9,1485.591
2024-12-18 20:15:00,101959.9,102167.9,101799.1,101824.8,1461.124
2024-12-18 20:16:00,101824.8,101988.3,101757.3,101770.8,594.817
2024-12-18 20:17:00,101770.8,101770.8,101211.2,101257.5,1235.983
2024-12-18 20:18:00,101257.5,101492.7,101167.7,101291.7,702.282
2024-12-18 20:19:00,101291.7,101492.7,101210.0,101235.4,1232.709
2024-12-18 20:20:00,101235.4,101800.0,101162.5,101779.9,820.839
2024-12-18 20:21:00,101779.9,102041.5,101766.2,101921.0,1135.679
2024-12-18 20:22:00,101921.0,101979.3,101697.0,101746.8,842.838
2024-12-18 20:23:00,101746.8,101932.8,101408.3,101441.7,595.0
2024-12-18 20:24:00,101441.7,101621.5,101318.3,101536.6,493.142
2024-12-18 20:25:00,101536.6,101763.1,101431.4,101472.3,577.568
2024-12-18 20:26:00,101472.3,101662.5,101376.0,101493.0,322.851
2024-12-18 20:27:00,101493.0,101700.0,101305.3,101650.6,218.42
2024-12-18 20:28:00,101650.6,101921.0,101650.5,101899.2,295.392
2024-12-18 20:29:00,101899.2,101952.6,101575.3,101600.6,430.769
2024-12-18 20:30:00,101600.6,101768.7,101410.4,101488.1,295.762
2024-12-18 20:31:00,101488.1,101544.2,101303.7,101521.6,254.224
2024-12-18 20:32:00,101521.6,101629.7,101372.3,101393.2,243.722
2024-12-18 20:33:00,101393.2,101505.7,101326.0,101362.2,241.408
2024-12-18 20:34:00,101362.2,101529.7,101207.1,101252.3,389.611
2024-12-18 20:35:00,101252.3,101400.0,101230.2,101381.5,541.144
2024-12-18 20:36:00,101381.5,101582.7,101220.0,101240.1,203.673
2024-12-18 20:37:00,101240.1,101247.2,100914.0,101042.8,418.059
2024-12-18 20:38:00,101042.8,101169.0,100911.8,100916.7,585.637
2024-12-18 20:39:00,100916.7,101066.8,100750.2,100813.4,513.344
2024-12-18 20:40:00,100813.4,100946.6,100612.9,100896.5,773.852
2024-12-18 20:41:00,100896.5,100896.5,100652.3,100756.0,582.775
2024-12-18 20:42:00,100756.0,100910.2,100668.1,100732.7,341.969
2024-12-18 20:43:00,100732.7,100756.2,100578.0,100621.1,375.886
2024-12-18 20:44:00,100621.1,100623.0,100313.0,100351.9,736.67
2024-12-18 20:45:00,100351.9,100604.5,100315.2,100590.0,646.269
2024-12-18 20:46:00,100590.0,100968.3,100587.3,100744.8,842.985
2024-12-18 20:47:00,100744.8,100897.9,100638.1,100770.8,615.334
2024-12-18 20:48:00,100770.8,101011.9,100732.8,100995.9,454.363
2024-12-18 20:49:00,100995.9,101388.2,100995.9,101388.2,1244.551
2024-12-18 20:50:00,101388.2,101637.5,101275.4,101450.1,941.127
2024-12-18 20:51:00,101450.1,101656.9,101450.1,101521.0,581.995
2024-12-18 20:52:00,101521.0,101800.7,101479.6,101748.5,843.44
2024-12-18 20:53:00,101748.5,101858.0,101648.6,101707.0,782.482
2024-12-18 20:54:00,101707.0,101828.8,101691.5,101752.9,589.228
2024-12-18 20:55:00,101752.9,101752.9,101366.4,101471.8,391.601
2024-12-18 20:56:00,101471.8,101524.3,101291.1,101345.7,507.24
2024-12-18 20:57:00,101345.7,101378.7,101231.1,101245.1,276.479
2024-12-18 20:58:00,101245.1,101257.2,101060.3,101060.4,207.653
2024-12-18 20:59:00,101060.4,101060.4,100650.0,100834.5,723.777
2024-12-18 21:00:00,100834.5,101072.1,100784.8,100992.7,914.987
2024-12-18 21:01:00,100992.7,101144.1,100837.6,101141.2,557.715
2024-12-18 21:02:00,101141.2,101220.2,101043.1,101080.1,252.619
2024-12-18 21:03:00,101080.1,101140.2,100713.0,100800.8,567.12
2024-12-18 21:04:00,100800.8,100843.4,100535.0,100710.2,661.165
2024-12-18 21:05:00,100710.2,100761.2,100530.2,100584.5,553.421
2024-12-18 21:06:00,100584.5,100613.0,100482.5,100584.4,271.942
2024-12-18 21:07:00,100584.4,100599.4,100481.8,100496.1,281.414
2024-12-18 21:08:00,100496.1,100835.3,100462.5,100834.3,206.145
2024-12-18 21:09:00,100834.3,101029.7,100774.4,100785.5,541.695
2024-12-18 21:10:00,100785.5,100893.9,100617.3,100736.7,540.519
2024-12-18 21:11:00,100736.7,101030.2,100736.7,101030.2,183.753
2024-12-18 21:12:00,101030.2,101116.9,101009.0,101116.9,229.351
2024-12-18 21:13:00,101116.9,101280.0,101116.8,101270.7,287.427
2024-12-18 21:14:00,101270.7,101371.0,101214.5,101360.0,644.46
2024-12-18 21:15:00,101360.0,101400.2,101257.1,101296.7,662.61
2024-12-18 21:16:00,101296.7,101326.0,101057.7,101066.0,559.65
2024-12-18 21:17:00,101066.0,101128.9,100936.5,100937.6,287.139
2024-12-18 21:18:00,100937.6,101106.7,100926.8,101089.8,331.516
2024-12-18 21:19:00,101089.8,101200.0,100972.1,100972.1,348.689
2024-12-18 21:20:00,100972.1,101194.6,100962.4,101161.3,62.51
2024-12-18 21:21:00,101161.3,101383.6,101161.3,101229.9,92.856
2024-12-18 21:22:00,101229.9,101240.2,101050.0,101121.7,131.641
2024-12-18 21:23:00,101121.7,101271.4,101064.9,101250.3,87.982
2024-12-18 21:24:00,101250.3,101270.1,101150.0,101254.7,88.499
2024-12-18 21:25:00,101254.7,101277.8,101186.9,101262.3,38.608
2024-12-18 21:26:00,101262.3,101338.6,101255.2,101338.6,70.823
2024-12-18 21:27:00,101338.6,101338.6,101079.0,101102.9,147.638
2024-12-18 21:28:00,101102.9,101308.7,101102.9,101262.7,110.829
2024-12-18 21:29:00,101262.7,101275.2,101195.2,101222.8,47.64
2024-12-18 21:30:00,101222.8,101284.2,101176.0,101191.0,35.057
2024-12-18 21:31:00,101191.0,101333.3,101113.4,101333.3,79.493
2024-12-18 21:32:00,101333.3,101437.2,101300.0,101300.0,209.793
2024-12-18 21:33:00,101300.0,101429.1,101259.9,101423.5,202.449
2024-12-18 21:34:00,101423.5,101450.2,101329.9,101437.8,124.832
2024-12-18 21:35:00,101437.8,101464.2,101334.3,101432.7,128.213
2024-12-18 21:36:00,101432.7,101573.0,101392.9,101543.9,159.078
2024-12-18 21:37:00,101543.9,101661.9,101522.3,101628.1,215.245
2024-12-18 21:38:00,101628.1,101717.3,101618.6,101682.8,235.922
2024-12-18 21:39:00,101682.8,101682.8,101401.0,101482.0,261.832
2024-12-18 21:40:00,101482.0,101524.0,101408.2,101440.0,248.952
2024-12-18 21:41:00,101440.0,101521.5,101423.1,101436.0,184.851
2024-12-18 21:42:00,101436.0,101473.2,101351.0,101376.3,90.168
2024-12-18 21:43:00,101376.3,101480.2,101306.2,101468.5,76.503
2024-12-18 21:44:00,101468.5,101468.5,101395.0,101410.3,43.78
2024-12-18 21:45:00,101410.3,101450.2,101323.0,101426.8,58.01
2024-12-18 21:46:00,101426.8,101426.8,101199.5,101217.4,135.854
2024-12-18 21:47:00,101217.4,101300.0,101207.6,101218.9,141.304
2024-12-18 21:48:00,101218.9,101226.2,101145.3,101219.8,75.773
2024-12-18 21:49:00,101219.8,101265.7,101050.0,101093.0,99.882
2024-12-18 21:50:00,101093.0,101113.9,101050.0,101113.9,100.128
2024-12-18 21:51:00,101113.9,101225.0,101112.9,101194.5,58.174
2024-12-18 21:52:00,101194.5,101241.3,101150.0,101240.1,64.557
2024-12-18 21:53:00,101240.1,101240.1,101140.0,101140.3,34.058
2024-12-18 21:54:00,101140.3,101196.2,101088.0,101187.7,32.868
2024-12-18 21:55:00,101187.7,101261.7,101110.0,101250.1,58.8
2024-12-18 21:56:00,101250.1,101276.9,101203.4,101203.4,65.016
2024-12-18 21:57:00,101203.4,101272.0,101203.4,101255.3,58.126
2024-12-18 21:58:00,101255.3,101277.0,101194.3,101199.5,28.59
2024-12-18 21:59:00,101199.5,101212.6,100947.0,100995.0,75.884
2024-12-18 22:00:00,100995.0,101031.7,100890.4,101007.5,271.97
2024-12-18 22:01:00,101007.5,101007.5,100813.1,100816.7,565.785
2024-12-18 22:02:00,100816.7,100825.6,100737.5,100775.5,573.612
2024-12-18 22:03:00,100775.5,100799.4,100752.2,100786.0,220.948
2024-12-18 22:04:00,100786.0,100976.9,100756.7,100803.3,143.015
2024-12-18 22:05:00,100803.3,100836.0,100745.1,100836.0,141.127
2024-12-18 22:06:00,100836.0,100873.6,100805.5,100815.9,79.682
2024-12-18 22:07:00,100815.9,100832.1,100651.5,100675.8,75.414
2024-12-18 22:08:00,100675.8,100803.8,100661.7,100720.7,151.466
2024-12-18 22:09:00,100720.7,100785.8,100671.1,100671.4,99.168
2024-12-18 22:10:00,100671.4,100781.4,100650.0,100700.3,100.038
2024-12-18 22:11:00,100700.3,100716.1,100642.3,100655.2,138.962
2024-12-18 22:12:00,100655.2,100694.6,100628.4,100630.1,79.471
2024-12-18 22:13:00,100630.1,100783.2,100620.1,100709.1,113.017
2024-12-18 22:14:00,100709.1,100848.9,100709.1,100806.7,102.087
2024-12-18 22:15:00,100806.7,100818.9,100670.5,100720.0,72.051
2024-12-18 22:16:00,100720.0,100855.3,100714.8,100855.3,97.989
2024-12-18 22:17:00,100855.3,100946.4,100855.3,100870.5,76.595
2024-12-18 22:18:00,100870.5,101030.3,100870.4,101029.7,164.848
2024-12-18 22:19:00,101029.7,101039.0,100872.5,100872.6,168.193
2024-12-18 22:20:00,100872.6,100953.0,100763.3,100942.4,162.476
2024-12-18 22:21:00,100942.4,100996.8,100885.0,100987.2,152.535
2024-12-18 22:22:00,100987.2,101000.0,100839.2,100839.2,45.279
2024-12-18 22:23:00,100839.2,100850.1,100771.4,100788.3,51.686
2024-12-18 22:24:00,100788.3,100941.9,100788.2,100941.8,51.313
2024-12-18 22:25:00,100941.8,100970.2,100781.7,100860.4,55.857
2024-12-18 22:26:00,100860.4,101020.0,100860.4,101020.0,60.894
2024-12-18 22:27:00,101020.0,101246.5,101020.0,101206.7,81.384
2024-12-18 22:28:00,101206.7,101210.3,101151.8,101177.8,126.139
2024-12-18 22:29:00,101177.8,101227.6,101112.6,101112.6,90.894
2024-12-18 22:30:00,101112.6,101124.3,101001.0,101123.0,59.374
2024-12-18 22:31:00,101123.0,101207.2,101027.5,101186.2,75.904
2024-12-18 22:32:00,101186.2,101349.0,101186.2,101343.9,70.526
2024-12-18 22:33:00,101343.9,101397.6,101302.4,101378.4,365.14
2024-12-18 22:34:00,101378.4,101478.8,101378.4,101448.1,552.236
2024-12-18 22:35:00,101448.1,101522.6,101412.0,101412.0,181.173
2024-12-18 22:36:00,101412.0,101426.2,101236.4,101316.1,256.705
2024-12-18 22:37:00,101316.1,101376.8,101273.2,101273.8,444.011
2024-12-18 22:38:00,101273.8,101316.1,101246.0,101284.0,70.823
2024-12-18 22:39:00,101284.0,101369.7,101225.0,101369.7,54.685
2024-12-18 22:40:00,101369.7,101369.7,101142.1,101162.9,207.202
2024-12-18 22:41:00,101162.9,101168.3,101015.2,101070.7,497.19
2024-12-18 22:42:00,101070.7,101070.7,100960.2,100988.9,79.128
2024-12-18 22:43:00,100988.9,101021.0,100895.6,100925.7,92.75
2024-12-18 22:44:00,100925.7,100926.1,100850.0,100850.0,130.038
2024-12-18 22:45:00,100850.0,100916.7,100786.7,100916.4,80.018
2024-12-18 22:46:00,100916.4,100930.2,100896.4,100896.4,131.42
2024-12-18 22:47:00,100896.4,100896.4,100776.4,100776.7,95.644
2024-12-18 22:48:00,100776.7,100792.9,100774.9,100777.6,84.656
2024-12-18 22:49:00,100777.6,101021.1,100777.4,101009.4,60.445
2024-12-18 22:50:00,101009.4,101148.3,100896.4,101148.3,107.618
2024-12-18 22:51:00,101148.3,101165.5,101120.4,101120.7,102.604
2024-12-18 22:52:00,101120.7,101127.5,101120.4,101127.5,95.079
2024-12-18 22:53:00,101127.5,101213.2,101127.5,101196.7,18.274
2024-12-18 22:54:00,101196.7,101252.0,101122.5,101122.6,42.471
2024-12-18 22:55:00,101122.6,101134.5,101010.0,101125.2,66.325
2024-12-18 22:56:00,101125.2,101159.1,101063.5,101078.2,77.534
2024-12-18 22:57:00,101078.2,101186.8,101078.2,101134.9,43.256
2024-12-18 22:58:00,101134.9,101167.6,101087.9,101144.1,62.267
2024-12-18 22:59:00,101144.1,101144.1,101028.0,101122.3,28.23
2024-12-18 23:00:00,101122.3,101159.7,101008.7,101094.6,29.307
2024-12-18 23:01:00,101094.6,101095.0,100882.3,100909.7,81.481
2024-12-18 23:02:00,100909.7,101017.6,100887.7,101011.7,208.094
2024-12-18 23:03:00,101011.7,101024.1,100789.7,100789.7,172.34
2024-12-18 23:04:00,100789.7,100792.2,100510.0,100687.9,220.423
2024-12-18 23:05:00,100687.9,100850.2,100435.3,100477.5,617.043
2024-12-18 23:06:00,100477.5,100613.6,100467.4,100541.8,586.908
2024-12-18 23:07:00,100541.8,100770.0,100541.7,100735.4,319.364
2024-12-18 23:08:00,100735.4,100920.0,100709.9,100894.2,202.378
2024-12-18 23:09:00,100894.2,100955.0,100855.8,100855.8,135.998
2024-12-18 23:10:00,100855.8,100922.2,100800.0,100919.0,121.259
2024-12-18 23:11:00,100919.0,100942.0,100800.0,100838.7,123.334
2024-12-18 23:12:00,100838.7,100838.7,100659.8,100660.2,129.182
2024-12-18 23:13:00,100660.2,100763.6,100656.5,100718.3,175.337
2024-12-18 23:14:00,100718.3,100750.3,100542.6,100571.2,379.257
2024-12-18 23:15:00,100571.2,100639.7,100550.0,100586.3,537.749
2024-12-18 23:16:00,100586.3,100642.5,100563.9,100577.9,120.708
2024-12-18 23:17:00,100577.9,100580.3,100526.9,100526.9,90.218
2024-12-18 23:18:00,100526.9,100527.1,100364.6,100378.0,224.294
2024-12-18 23:19:00,100378.0,100449.1,100370.3,100401.7,744.963
2024-12-18 23:20:00,100401.7,100401.8,100298.0,100298.1,620.663
2024-12-18 23:21:00,100298.1,100540.4,100232.5,100540.4,480.92
2024-12-18 23:22:00,100540.4,100540.4,100417.3,100428.1,369.546
2024-12-18 23:23:00,100428.1,100662.3,100418.8,100625.7,144.215
2024-12-18 23:24:00,100625.7,100768.2,100579.6,100740.1,222.166
2024-12-18 23:25:00,100740.1,100755.2,100600.0,100652.5,231.996
2024-12-18 23:26:00,100652.5,100818.3,100648.0,100815.8,240.853
2024-12-18 23:27:00,100815.8,100888.1,100815.8,100886.2,587.813
2024-12-18 23:28:00,100886.2,100900.0,100788.0,100858.8,330.125
2024-12-18 23:29:00,100858.8,100940.9,100856.9,100895.4,115.975
2024-12-18 23:30:00,100895.4,100930.5,100850.0,100883.5,132.643
2024-12-18 23:31:00,100883.5,100890.2,100743.8,100743.8,112.072
2024-12-18 23:32:00,100743.8,100791.6,100709.5,100771.7,91.294
2024-12-18 23:33:00,100771.7,100806.2,100716.1,100716.1,90.758
2024-12-18 23:34:00,100716.1,100843.0,100713.4,100836.2,21.182
2024-12-18 23:35:00,100836.2,100894.6,100803.0,100815.3,29.471
2024-12-18 23:36:00,100815.3,100820.2,100755.3,100755.3,33.389
2024-12-18 23:37:00,100755.3,100795.5,100678.0,100750.0,55.804
2024-12-18 23:38:00,100750.0,100750.1,100645.7,100646.0,124.196
2024-12-18 23:39:00,100646.0,100682.5,100615.0,100655.6,58.133
2024-12-18 23:40:00,100655.6,100820.2,100655.6,100819.9,54.29
2024-12-18 23:41:00,100819.9,100834.2,100731.0,100736.0,58.879
2024-12-18 23:42:00,100736.0,100736.0,100690.1,100690.6,61.299
2024-12-18 23:43:00,100690.6,100690.6,100562.5,100594.1,94.347
2024-12-18 23:44:00,100594.1,100629.3,100577.2,100577.2,88.807
2024-12-18 23:45:00,100577.2,100650.2,100543.5,100550.2,62.206
2024-12-18 23:46:00,100550.2,100551.3,100474.0,100479.9,62.124
2024-12-18 23:47:00,100479.9,100479.9,100295.9,100296.3,133.928
2024-12-18 23:48:00,100296.3,100357.7,100269.4,100340.0,286.738
2024-12-18 23:49:00,100340.0,100354.0,100126.0,100143.6,337.914
2024-12-18 23:50:00,100143.6,100337.6,100071.9,100292.7,746.575
2024-12-18 23:51:00,100292.7,100300.0,100099.4,100254.2,577.693
2024-12-18 23:52:00,100254.2,100448.4,100237.7,100446.0,270.588
2024-12-18 23:53:00,100446.0,100529.4,100364.3,100364.6,296.375
2024-12-18 23:54:00,100364.6,100388.0,100316.0,100334.2,227.078
2024-12-18 23:55:00,100334.2,100334.2,100105.5,100200.0,273.354
2024-12-18 23:56:00,100200.0,100303.3,100101.5,100277.0,369.698
2024-12-18 23:57:00,100277.0,100320.9,100077.1,100082.0,600.643
2024-12-18 23:58:00,100082.0,100181.2,99984.5,100157.8,486.638
2024-12-18 23:59:00,100157.8,100274.0,100109.6,100181.4,580.254
2024-12-19 00:00:00,100181.4,100312.9,100101.6,100312.9,1615.483
2024-12-19 00:01:00,100312.9,100483.7,100312.9,100473.3,707.917
2024-12-19 00:02:00,100473.3,100527.6,100350.0,100438.1,556.732
2024-12-19 00:03:00,100438.1,100664.4,100414.0,100633.5,342.964
2024-12-19 00:04:00,100633.5,100633.5,100529.3,100572.5,533.544
2024-12-19 00:05:00,100572.5,100720.2,100560.0,100676.7,422.186
2024-12-19 00:06:00,100676.7,100751.3,100640.9,100730.1,312.819
2024-12-19 00:07:00,100730.1,100756.0,100633.3,100634.1,104.873
2024-12-19 00:08:00,100634.1,100664.5,100457.1,100457.4,113.585
2024-12-19 00:09:00,100457.4,100584.0,100457.4,100566.6,151.669
2024-12-19 00:10:00,100566.6,100763.5,100566.6,100734.9,117.811
2024-12-19 00:11:00,100734.9,100750.0,100654.2,100695.9,76.007
2024-12-19 00:12:00,100695.9,100816.7,100675.0,100810.2,69.211
2024-12-19 00:13:00,100810.2,100810.3,100719.9,100785.5,69.25
2024-12-19 00:14:00,100785.5,100812.0,100710.1,100731.1,57.667
2024-12-19 00:15:00,100731.1,100900.0,100731.0,100895.5,77.383
2024-12-19 00:16:00,100895.5,100943.1,100780.0,100794.3,201.693
2024-12-19 00:17:00,100794.3,100833.5,100710.0,100710.0,206.817
2024-12-19 00:18:00,100710.0,100834.1,100710.0,100762.0,66.806
2024-12-19 00:19:00,100762.0,100775.9,100625.0,100745.1,63.263
2024-12-19 00:20:00,100745.1,100867.1,100700.2,100828.8,103.301
2024-12-19 00:21:00,100828.8,100866.0,100756.9,100780.0,52.225
2024-12-19 00:22:00,100780.0,100920.0,100780.0,100919.9,84.818
2024-12-19 00:23:00,100919.9,100929.5,100813.1,100813.4,88.397
2024-12-19 00:24:00,100813.4,100876.0,100787.5,100856.9,112.503
2024-12-19 00:25:00,100856.9,100881.5,100811.8,100863.3,195.159
2024-12-19 00:26:00,100863.3,100877.4,100700.0,100747.9,56.993
2024-12-19 00:27:00,100747.9,100910.0,100747.9,100910.0,74.206
2024-12-19 00:28:00,100910.0,100928.3,100880.9,100923.8,59.129
2024-12-19 00:29:00,100923.8,100951.0,100898.4,100898.4,53.282
2024-12-19 00:30:00,100898.4,100923.2,100841.7,100890.3,70.359
2024-12-19 00:31:00,100890.3,100912.6,100813.8,100813.8,63.659
2024-12-19 00:32:00,100813.8,100894.4,100795.1,100881.1,35.213
2024-12-19 00:33:00,100881.1,100913.6,100850.1,100888.6,58.183
2024-12-19 00:34:00,100888.6,100891.4,100824.9,100864.3,33.107
2024-12-19 00:35:00,100864.3,100900.2,100756.6,100900.2,31.709
2024-12-19 00:36:00,100900.2,100904.4,100851.6,100870.0,38.276
2024-12-19 00:37:00,100870.0,100870.0,100664.2,100664.2,65.59
2024-12-19 00:38:00,100664.2,100693.8,100610.1,100654.7,118.056
2024-12-19 00:39:00,100654.7,100674.6,100587.0,100587.0,63.533
2024-12-19 00:40:00,100587.0,100587.1,100473.0,100476.5,97.175
2024-12-19 00:41:00,100476.5,100561.8,100463.2,100470.0,174.225
2024-12-19 00:42:00,100470.0,100470.3,100374.9,100420.9,181.02
2024-12-19 00:43:00,100420.9,100420.9,100364.0,100377.7,198.774
2024-12-19 00:44:00,100377.7,100400.0,100350.0,100382.1,90.598
2024-12-19 00:45:00,100382.1,100452.1,100369.6,100369.6,109.301
2024-12-19 00:46:00,100369.6,100484.0,100369.6,100478.4,139.179
2024-12-19 00:47:00,100478.4,100695.0,100393.8,100682.5,64.829
2024-12-19 00:48:00,100682.5,100707.1,100623.0,100654.0,110.103
2024-12-19 00:49:00,100654.0,100752.3,100624.2,100678.4,414.448
2024-12-19 00:50:00,100678.4,100699.9,100546.7,100546.7,513.053
2024-12-19 00:51:00,100546.7,100546.7,100449.7,100483.2,44.052
2024-12-19 00:52:00,100483.2,100600.3,100451.1,100600.3,104.815
2024-12-19 00:53:00,100600.3,100706.1,100584.6,100699.3,231.013
2024-12-19 00:54:00,100699.3,100769.6,100699.3,100734.5,166.22
2024-12-19 00:55:00,100734.5,100745.0,100701.0,100745.0,81.993
2024-12-19 00:56:00,100745.0,100751.5,100692.9,100729.9,118.953
2024-12-19 00:57:00,100729.9,100758.0,100700.9,100757.9,97.835
2024-12-19 00:58:00,100757.9,100758.0,100748.8,100755.1,13.498
2024-12-19 00:59:00,100755.1,100788.0,100755.1,100788.0,14.739
2024-12-19 01:00:00,100788.0,100850.0,100738.7,100822.2,95.899
2024-12-19 01:01:00,100822.2,100822.2,100641.5,100692.5,249.724
2024-12-19 01:02:00,100692.5,100692.5,100587.0,100623.3,42.079
2024-12-19 01:03:00,100623.3,100693.5,100621.3,100670.0,35.785
2024-12-19 01:04:00,100670.0,100670.1,100542.2,100542.2,24.645
2024-12-19 01:05:00,100542.2,100546.5,100407.8,100458.8,44.579
2024-12-19 01:06:00,100458.8,100555.1,100425.5,100509.8,89.357
2024-12-19 01:07:00,100509.8,100544.1,100498.0,100498.3,41.767
2024-12-19 01:08:00,100498.3,100498.3,100370.0,100377.9,34.726
2024-12-19 01:09:00,100377.9,100428.2,100357.5,100414.3,60.567
2024-12-19 01:10:00,100414.3,100464.2,100382.7,100455.7,65.789
2024-12-19 01:11:00,100455.7,100458.0,100363.0,100369.4,68.361
2024-12-19 01:12:00,100369.4,100565.0,100369.4,100515.7,57.495
2024-12-19 01:13:00,100515.7,100618.3,100515.6,100564.7,50.921
2024-12-19 01:14:00,100564.7,100586.0,100527.5,100542.1,56.216
2024-12-19 01:15:00,100542.1,100585.5,100538.7,100568.7,28.98
2024-12-19 01:16:00,100568.7,100631.8,100566.3,100584.1,26.745
2024-12-19 01:17:00,100584.1,100639.2,100566.3,100639.2,26.175
2024-12-19 01:18:00,100639.2,100714.2,100585.7,100714.2,50.664
2024-12-19 01:19:00,100714.2,100714.2,100687.0,100707.0,54.179
2024-12-19 01:20:00,100707.0,100714.2,100636.9,100678.0,41.293
2024-12-19 01:21:00,100678.0,100714.2,100674.2,100695.5,40.142
2024-12-19 01:22:00,100695.5,100729.9,100690.2,100729.9,20.448
2024-12-19 01:23:00,100729.9,100778.0,100727.7,100768.2,22.686
2024-12-19 01:24:00,100768.2,100778.0,100766.5,100778.0,35.039
2024-12-19 01:25:00,100778.0,100816.7,100695.1,100816.7,260.25
2024-12-19 01:26:00,100816.7,100866.0,100798.6,100866.0,522.06
2024-12-19 01:27:00,100866.0,100875.6,100729.6,100729.6,155.215
2024-12-19 01:28:00,100729.6,100729.6,100573.7,100573.7,311.975
2024-12-19 01:29:00,100573.7,100574.8,100545.5,100545.5,221.091
2024-12-19 01:30:00,100545.5,100589.4,100500.0,100500.1,42.321
2024-12-19 01:31:00,100500.1,100543.6,100477.4,100477.4,75.145
2024-12-19 01:32:00,100477.4,100477.4,100400.0,100400.2,81.662
2024-12-19 01:33:00,100400.2,100440.3,100392.0,100410.2,67.949
2024-12-19 01:34:00,100410.2,100410.2,100375.0,100375.0,73.556
2024-12-19 01:35:00,100375.0,100448.2,100333.0,100448.2,92.181
2024-12-19 01:36:00,100448.2,100463.2,100446.9,100453.8,126.872
2024-12-19 01:37:00,100453.8,100515.9,100442.9,100470.0,67.845
2024-12-19 01:38:00,100470.0,100470.1,100379.0,100387.0,46.981
2024-12-19 01:39:00,100387.0,100418.4,100355.0,100392.6,33.807
2024-12-19 01:40:00,100392.6,100397.1,100275.0,100275.0,64.186
2024-12-19 01:41:00,100275.0,100290.2,100213.4,100220.0,126.714
2024-12-19 01:42:00,100220.0,100244.5,100150.0,100163.3,141.324
2024-12-19 01:43:00,100163.3,100185.0,100143.0,100143.0,199.342
2024-12-19 01:44:00,100143.0,100198.7,100124.0,100193.1,202.336
2024-12-19 01:45:00,100193.1,100295.6,100137.0,100295.6,441.65
2024-12-19 01:46:00,100295.6,100382.4,100277.3,100312.7,90.866
2024-12-19 01:47:00,100312.7,100354.1,100274.5,100316.8,77.97
2024-12-19 01:48:00,100316.8,100335.2,100260.8,100298.2,31.096
2024-12-19 01:49:00,100298.2,100325.0,100250.0,100250.0,28.867
2024-12-19 01:50:00,100250.0,100282.3,100200.0,100275.4,38.62
2024-12-19 01:51:00,100275.4,100277.2,100192.4,100192.5,54.215
2024-12-19 01:52:00,100192.5,100192.5,100102.6,100133.1,40.224
2024-12-19 01:53:00,100133.1,100133.4,100000.0,100056.7,195.606
2024-12-19 01:54:00,100056.7,100133.1,100006.0,100006.3,360.578
2024-12-19 01:55:00,100006.3,100028.2,99951.0,99982.1,220.68
2024-12-19 01:56:00,99982.1,100014.6,99961.8,99974.2,446.683
2024-12-19 01:57:00,99974.2,99978.4,99801.0,99801.3,373.192
2024-12-19 01:58:00,99801.3,99841.0,99616.0,99637.8,878.957
2024-12-19 01:59:00,99637.8,99827.3,99622.1,99770.9,627.099
2024-12-19 02:00:00,99770.9,100000.0,99763.8,99970.1,484.998
2024-12-19 02:01:00,99970.1,100040.9,99862.2,99997.0,437.905
2024-12-19 02:02:00,99997.0,100050.0,99839.2,99846.8,231.39
2024-12-19 02:03:00,99846.8,99850.1,99674.0,99775.1,195.804
2024-12-19 02:04:00,99775.1,99775.4,99650.1,99662.1,346.982
2024-12-19 02:05:00,99662.1,99755.0,99573.0,99653.2,377.19
2024-12-19 02:06:00,99653.2,99677.9,99568.6,99577.7,533.086
2024-12-19 02:07:00,99577.7,99663.4,99561.0,99620.3,337.244
2024-12-19 02:08:00,99620.3,99683.7,99557.3,99598.4,607.804
2024-12-19 02:09:00,99598.4,99717.5,99577.1,99660.1,287.915
2024-12-19 02:10:00,99660.1,99721.1,99635.6,99635.6,129.118
2024-12-19 02:11:00,99635.6,99638.1,99200.0,99200.0,487.342
2024-12-19 02:12:00,99200.0,99218.2,99018.7,99067.5,1468.912
2024-12-19 02:13:00,99067.5,99166.1,99039.4,99040.2,685.117
2024-12-19 02:14:00,99040.2,99144.0,98922.0,99138.8,809.837
2024-12-19 02:15:00,99138.8,99185.4,98936.9,99141.2,633.776
2024-12-19 02:16:00,99141.2,99264.2,99023.2,99244.3,482.917
2024-12-19 02:17:00,99244.3,99533.4,99244.0,99512.8,539.903
2024-12-19 02:18:00,99512.8,99787.4,99467.7,99716.5,655.759
2024-12-19 02:19:00,99716.5,99886.0,99716.3,99800.0,533.556
2024-12-19 02:20:00,99800.0,99804.1,99600.0,99701.9,357.267
2024-12-19 02:21:00,99701.9,99702.0,99528.0,99597.3,323.711
2024-12-19 02:22:00,99597.3,99816.4,99595.9,99772.1,209.677
2024-12-19 02:23:00,99772.1,99772.1,99377.7,99377.7,219.873
2024-12-19 02:24:00,99377.7,99447.9,99240.0,99358.5,535.073
2024-12-19 02:25:00,99358.5,99588.2,99350.0,99421.6,574.154
2024-12-19 02:26:00,99421.6,99453.2,99200.3,99215.3,267.334
2024-12-19 02:27:00,99215.3,99256.6,98863.3,98907.6,450.898
2024-12-19 02:28:00,98907.6,99137.6,98907.6,98949.8,592.59
2024-12-19 02:29:00,98949.8,99071.7,98752.4,98918.7,1064.434
2024-12-19 02:30:00,98918.7,99282.8,98893.9,99128.0,639.257
2024-12-19 02:31:00,99128.0,99420.2,99128.0,99397.3,427.405
2024-12-19 02:32:00,99397.3,99625.2,99324.1,99585.4,230.142
2024-12-19 02:33:00,99585.4,99620.0,99429.1,99478.4,340.607
2024-12-19 02:34:00,99478.4,99600.0,99423.4,99582.9,237.557
2024-12-19 02:35:00,99582.9,99600.2,99449.0,99498.0,100.368
2024-12-19 02:36:00,99498.0,99522.4,99304.2,99304.6,84.492
2024-12-19 02:37:00,99304.6,99400.0,99271.1,99308.8,139.756
2024-12-19 02:38:00,99308.8,99349.1,99237.8,99338.2,124.459
2024-12-19 02:39:00,99338.2,99500.0,99338.2,99400.7,103.761
2024-12-19 02:40:00,99400.7,99476.8,99300.0,99334.0,86.889
2024-12-19 02:41:00,99334.0,99342.9,99213.9,99228.1,161.354
2024-12-19 02:42:00,99228.1,99286.1,99166.0,99214.9,292.222
2024-12-19 02:43:00,99214.9,99244.9,99128.0,99180.4,108.973
2024-12-19 02:44:00,99180.4,99334.8,99180.4,99314.0,116.95
2024-12-19 02:45:00,99314.0,99317.0,99140.9,99219.8,103.831
2024-12-19 02:46:00,99219.8,99483.1,99187.9,99450.3,83.609
2024-12-19 02:47:00,99450.3,99591.9,99419.9,99582.3,118.766
2024-12-19 02:48:00,99582.3,99660.3,99563.4,99619.0,172.985
2024-12-19 02:49:00,99619.0,99666.2,99618.9,99649.3,163.847
2024-12-19 02:50:00,99649.3,99778.4,99632.8,99778.0,114.066
2024-12-19 02:51:00,99778.0,99880.2,99778.0,99879.9,177.571
2024-12-19 02:52:00,99879.9,99999.2,99820.0,99998.6,265.411
2024-12-19 02:53:00,99998.6,100101.0,99914.1,99949.4,341.556
2024-12-19 02:54:00,99949.4,99957.1,99856.0,99902.0,494.906
2024-12-19 02:55:00,99902.0,100131.6,99900.5,100131.6,206.087
2024-12-19 02:56:00,100131.6,100389.9,100131.6,100329.2,428.777
2024-12-19 02:57:00,100329.2,100465.9,100304.3,100417.8,640.602
2024-12-19 02:58:00,100417.8,100428.0,100336.5,100416.9,518.122
2024-12-19 02:59:00,100416.9,100500.0,100342.3,100500.0,445.502
2024-12-19 03:00:00,100500.0,100637.7,100434.9,100623.2,357.406
2024-12-19 03:01:00,100623.2,100651.7,100510.8,100563.6,575.056
2024-12-19 03:02:00,100563.6,100655.0,100555.0,100650.1,299.333
2024-12-19 03:03:00,100650.1,100650.1,100443.6,100566.7,251.727
2024-12-19 03:04:00,100566.7,100746.9,100566.7,100719.7,336.664
2024-12-19 03:05:00,100719.7,100770.1,100604.3,100669.9,486.3
2024-12-19 03:06:00,100669.9,100791.5,100617.7,100741.4,218.068
2024-12-19 03:07:00,100741.4,100860.0,100738.0,100809.9,232.909
2024-12-19 03:08:00,100809.9,100893.5,100809.3,100867.2,304.766
2024-12-19 03:09:00,100867.2,100930.3,100786.5,100893.6,200.84
2024-12-19 03:10:00,100893.6,100949.0,100886.2,100930.0,179.682
2024-12-19 03:11:00,100930.0,100995.0,100888.6,100995.0,161.969
2024-12-19 03:12:00,100995.0,100999.0,100902.2,100963.6,206.621
2024-12-19 03:13:00,100963.6,101046.5,100963.6,101022.2,193.743
2024-12-19 03:14:00,101022.2,101083.6,100956.5,101083.4,253.43
2024-12-19 03:15:00,101083.4,101142.2,100900.0,100900.0,249.134
2024-12-19 03:16:00,100900.0,100959.5,100819.0,100886.9,334.38
2024-12-19 03:17:00,100886.9,101030.5,100875.4,101018.2,218.865
2024-12-19 03:18:00,101018.2,101029.9,100936.0,100971.2,120.907
2024-12-19 03:19:00,100971.2,101066.3,100893.0,101066.0,175.256
2024-12-19 03:20:00,101066.0,101066.1,100968.0,100968.0,128.185
2024-12-19 03:21:00,100968.0,100968.0,100806.9,100871.8,151.456
2024-12-19 03:22:00,100871.8,100946.9,100818.3,100818.6,186.542
2024-12-19 03:23:00,100818.6,100900.0,100818.5,100898.5,62.674
2024-12-19 03:24:00,100898.5,100898.5,100750.0,100756.0,73.111
2024-12-19 03:25:00,100756.0,100781.4,100684.6,100724.2,156.792
2024-12-19 03:26:00,100724.2,100789.0,100666.8,100785.7,147.733
2024-12-19 03:27:00,100785.7,100900.0,100774.6,100870.9,130.134
2024-12-19 03:28:00,100870.9,100871.7,100815.5,100870.8,102.495
2024-12-19 03:29:00,100870.8,100882.1,100836.6,100881.8,68.445
2024-12-19 03:30:00,100881.8,101025.6,100881.5,100999.2,57.307
2024-12-19 03:31:00,100999.2,101020.0,100954.2,100963.1,109.782
2024-12-19 03:32:00,100963.1,100963.1,100930.0,100949.4,103.119
2024-12-19 03:33:00,100949.4,100960.2,100878.0,100878.1,38.915
2024-12-19 03:34:00,100878.1,101248.3,100875.7,101230.6,556.457
2024-12-19 03:35:00,101230.6,101230.9,101143.4,101187.8,560.292
2024-12-19 03:36:00,101187.8,101290.6,101142.0,101266.7,296.12
2024-12-19 03:37:00,101266.7,101266.7,101192.6,101204.0,267.99
2024-12-19 03:38:00,101204.0,101286.1,101190.7,101200.4,177.741
2024-12-19 03:39:00,101200.4,101216.6,101048.1,101088.6,243.322
2024-12-19 03:40:00,101088.6,101092.6,100991.1,100998.4,125.172
2024-12-19 03:41:00,100998.4,101025.1,100940.8,100940.8,85.331
2024-12-19 03:42:00,100940.8,101024.6,100936.6,101013.7,79.897
2024-12-19 03:43:00,101013.7,101045.3,100993.9,101014.7,52.349
2024-12-19 03:44:00,101014.7,101035.1,101014.7,101035.1,59.158
2024-12-19 03:45:00,101035.1,101039.4,100991.7,101000.4,26.712
2024-12-19 03:46:00,101000.4,101071.2,100988.0,101000.0,31.263
2024-12-19 03:47:00,101000.0,101059.9,100951.8,101022.3,36.707
2024-12-19 03:48:00,101022.3,101088.0,101022.0,101046.3,37.449
2024-12-19 03:49:00,101046.3,101199.7,101046.3,101189.0,50.219
2024-12-19 03:50:00,101189.0,101236.8,101101.9,101101.9,83.581
2024-12-19 03:51:00,101101.9,101193.9,101101.9,101173.3,51.67
2024-12-19 03:52:00,101173.3,101186.7,101159.8,101167.1,47.92
2024-12-19 03:53:00,101167.1,101242.3,101160.6,101230.3,52.673
2024-12-19 03:54:00,101230.3,101230.3,101188.6,101228.8,79.007
2024-12-19 03:55:00,101228.8,101230.0,101199.2,101229.9,77.264
2024-12-19 03:56:00,101229.9,101279.3,101220.4,101226.9,83.779
2024-12-19 03:57:00,101226.9,101254.2,101213.8,101243.5,117.818
2024-12-19 03:58:00,101243.5,101243.5,101221.1,101221.1,55.336
2024-12-19 03:59:00,101221.1,101221.1,101171.4,101171.5,73.004
2024-12-19 04:00:00,101171.5,101175.5,101125.0,101131.0,68.709
2024-12-19 04:01:00,101131.0,101145.6,101062.7,101097.9,118.977
2024-12-19 04:02:00,101097.9,101098.0,101016.1,101070.1,104.512
2024-12-19 04:03:00,101070.1,101075.9,101016.7,101039.3,113.025
2024-12-19 04:04:00,101039.3,101039.6,100991.5,100998.9,52.356
2024-12-19 04:05:00,100998.9,101155.7,100991.0,101148.3,86.325
2024-12-19 04:06:00,101148.3,101190.1,101144.6,101180.6,115.678
2024-12-19 04:07:00,101180.6,101188.6,101155.6,101169.0,84.243
2024-12-19 04:08:00,101169.0,101169.3,101114.5,101127.2,41.691
2024-12-19 04:09:00,101127.2,101172.5,101100.0,101172.2,31.036
2024-12-19 04:10:00,101172.2,101214.2,101154.6,101167.0,49.116
2024-12-19 04:11:00,101167.0,101181.1,101122.8,101161.3,109.087
2024-12-19 04:12:00,101161.3,101181.6,101132.1,101136.5,16.493
2024-12-19 04:13:00,101136.5,101192.4,101136.5,101136.7,28.313
2024-12-19 04:14:00,101136.7,101136.7,101071.0,101071.3,39.241
2024-12-19 04:15:00,101071.3,101071.3,101000.0,101000.0,93.422
2024-12-19 04:16:00,101000.0,101025.2,100988.3,101023.4,59.989
2024-12-19 04:17:00,101023.4,101023.4,101000.1,101006.7,41.292
2024-12-19 04:18:00,101006.7,101027.1,100982.3,100982.3,39.961
2024-12-19 04:19:00,100982.3,101000.0,100970.5,100999.9,56.799
2024-12-19 04:20:00,100999.9,101026.5,100911.0,100916.9,78.118
2024-12-19 04:21:00,100916.9,100930.8,100857.8,100866.6,145.563
2024-12-19 04:22:00,100866.6,100964.3,100866.6,100947.4,128.407
2024-12-19 04:23:00,100947.4,100947.5,100880.0,100890.1,142.713
2024-12-19 04:24:00,100890.1,100900.0,100877.9,100899.1,32.495
2024-12-19 04:25:00,100899.1,100956.7,100892.1,100956.7,30.439
2024-12-19 04:26:00,100956.7,101037.0,100929.6,100979.2,32.52
2024-12-19 04:27:00,100979.2,101014.7,100953.7,101014.6,37.866
2024-12-19 04:28:00,101014.6,101062.9,101004.2,101017.8,27.824
2024-12-19 04:29:00,101017.8,101050.3,101017.8,101023.5,41.34
2024-12-19 04:30:00,101023.5,101023.5,100997.2,101018.0,25.08
2024-12-19 04:31:00,101018.0,101077.1,101017.9,101076.8,11.346
2024-12-19 04:32:00,101076.8,101084.8,101037.9,101084.8,22.339
2024-12-19 04:33:00,101084.8,101084.8,101061.6,101061.7,17.985
2024-12-19 04:34:00,101061.7,101134.8,101061.6,101134.8,26.655
2024-12-19 04:35:00,101134.8,101141.2,101027.2,101040.0,51.319
2024-12-19 04:36:00,101040.0,101067.5,101027.2,101057.2,39.296
2024-12-19 04:37:00,101057.2,101067.5,101043.1,101043.2,20.834
2024-12-19 04:38:00,101043.2,101060.9,101043.1,101048.7,63.823
2024-12-19 04:39:00,101048.7,101085.5,101048.6,101061.8,130.983
2024-12-19 04:40:00,101061.8,101061.8,101008.9,101008.9,9.972
2024-12-19 04:41:00,101008.9,101008.9,100913.6,100920.5,36.95
2024-12-19 04:42:00,100920.5,100926.3,100879.1,100926.3,75.155
2024-12-19 04:43:00,100926.3,100942.9,100877.0,100877.0,38.85
2024-12-19 04:44:00,100877.0,100892.5,100875.7,100876.9,39.062
2024-12-19 04:45:00,100876.9,100900.2,100876.9,100900.0,32.422
2024-12-19 04:46:00,100900.0,100910.7,100896.5,100907.8,15.169
2024-12-19 04:47:00,100907.8,100912.4,100885.6,100895.8,24.756
2024-12-19 04:48:00,100895.8,100943.5,100895.7,100923.4,26.857
2024-12-19 04:49:00,100923.4,100923.6,100877.9,100878.0,15.373
2024-12-19 04:50:00,100878.0,100878.0,100825.0,100825.3,23.716
2024-12-19 04:51:00,100825.3,100830.1,100791.6,100800.0,51.703
2024-12-19 04:52:00,100800.0,100866.3,100791.1,100847.7,393.432
2024-12-19 04:53:00,100847.7,100847.7,100771.0,100777.2,527.636
2024-12-19 04:54:00,100777.2,100777.2,100755.0,100767.6,89.144
2024-12-19 04:55:00,100767.6,100767.9,100753.0,100759.2,41.715
2024-12-19 04:56:00,100759.2,100759.5,100740.6,100740.7,86.678
2024-12-19 04:57:00,100740.7,100740.7,100659.8,100712.5,207.302
2024-12-19 04:58:00,100712.5,100712.5,100624.1,100624.1,261.445
2024-12-19 04:59:00,100624.1,100658.9,100619.0,100653.5,121.992
2024-12-19 05:00:00,100653.5,100700.2,100653.5,100700.0,55.652
2024-12-19 05:01:00,100700.0,100787.4,100700.0,100782.4,68.713
2024-12-19 05:02:00,100782.4,100782.5,100749.1,100775.2,106.756
2024-12-19 05:03:00,100775.2,100828.7,100753.8,100753.8,40.998
2024-12-19 05:04:00,100753.8,100833.2,100750.0,100833.2,46.354
2024-12-19 05:05:00,100833.2,100862.5,100767.9,100767.9,49.241
2024-12-19 05:06:00,100767.9,100768.2,100725.0,100754.5,38.504
2024-12-19 05:07:00,100754.5,100908.6,100754.2,100894.2,28.168
2024-12-19 05:08:00,100894.2,100982.3,100892.2,100968.7,41.767
2024-12-19 05:09:00,100968.7,101007.5,100952.1,100952.2,81.089
2024-12-19 05:10:00,100952.2,101090.9,100897.7,101090.9,100.069
2024-12-19 05:11:00,101090.9,101165.6,101067.4,101162.9,241.432
2024-12-19 05:12:00,101162.9,101222.4,101160.2,101190.5,297.834
2024-12-19 05:13:00,101190.5,101203.4,101177.4,101198.6,150.276
2024-12-19 05:14:00,101198.6,101207.0,101142.0,101142.0,62.68
2024-12-19 05:15:00,101142.0,101262.0,101142.0,101261.8,92.364
2024-12-19 05:16:00,101261.8,101270.0,101194.1,101270.0,103.298
2024-12-19 05:17:00,101270.0,101352.8,101269.9,101307.3,156.162
2024-12-19 05:18:00,101307.3,101323.1,101287.2,101320.2,320.697
2024-12-19 05:19:00,101320.2,101331.8,101265.4,101273.6,120.145
2024-12-19 05:20:00,101273.6,101310.4,101273.3,101288.4,132.884
2024-12-19 05:21:00,101288.4,101288.4,101193.6,101247.9,50.464
2024-12-19 05:22:00,101247.9,101284.2,101234.4,101283.8,58.67
2024-12-19 05:23:00,101283.8,101309.6,101279.9,101279.9,25.495
2024-12-19 05:24:00,101279.9,101317.1,101279.9,101310.3,30.761
2024-12-19 05:25:00,101310.3,101310.4,101197.4,101204.4,34.291
2024-12-19 05:26:00,101204.4,101204.7,101189.3,101196.1,49.385
2024-12-19 05:27:00,101196.1,101196.1,101054.1,101054.4,98.161
2024-12-19 05:28:00,101054.4,101090.2,101054.4,101069.1,218.883
2024-12-19 05:29:00,101069.1,101123.4,101069.1,101085.6,42.56
2024-12-19 05:30:00,101085.6,101123.1,101070.0,101123.0,35.503
2024-12-19 05:31:00,101123.0,101218.1,101098.0,101218.1,26.087
2024-12-19 05:32:00,101218.1,101218.1,101139.0,101148.1,33.169
2024-12-19 05:33:00,101148.1,101200.3,101138.0,101194.9,43.708
2024-12-19 05:34:00,101194.9,101235.5,101194.9,101213.9,69.733
2024-12-19 05:35:00,101213.9,101222.4,101173.0,101222.4,33.44
2024-12-19 05:36:00,101222.4,101266.2,101197.7,101245.2,30.495
2024-12-19 05:37:00,101245.2,101325.5,101245.2,101311.6,49.837
2024-12-19 05:38:00,101311.6,101369.8,101308.8,101333.3,52.018
2024-12-19 05:39:00,101333.3,101333.3,101302.2,101333.0,118.199
2024-12-19 05:40:00,101333.0,101387.6,101333.0,101347.9,117.635
2024-12-19 05:41:00,101347.9,101349.8,101300.0,101300.0,100.249
2024-12-19 05:42:00,101300.0,101300.3,101270.1,101290.0,33.37
2024-12-19 05:43:00,101290.0,101300.3,101288.1,101296.6,29.667
2024-12-19 05:44:00,101296.6,101315.5,101296.6,101302.9,21.926
2024-12-19 05:45:00,101302.9,101328.9,101281.1,101321.3,20.634
2024-12-19 05:46:00,101321.3,101324.1,101285.6,101285.8,27.999
2024-12-19 05:47:00,101285.8,101285.8,101221.9,101269.0,27.768
2024-12-19 05:48:00,101269.0,101308.6,101247.6,101306.7,30.568
2024-12-19 05:49:00,101306.7,101365.7,101306.4,101364.9,48.049
2024-12-19 05:50:00,101364.9,101374.2,101330.1,101344.8,79.54
2024-12-19 05:51:00,101344.8,101344.9,101297.9,101299.5,49.661
2024-12-19 05:52:00,101299.5,101299.5,101293.6,101293.6,19.335
2024-12-19 05:53:00,101293.6,101299.7,101280.6,101299.6,10.395
2024-12-19 05:54:00,101299.6,101299.7,101243.1,101265.4,11.569
2024-12-19 05:55:00,101265.4,101333.7,101265.4,101330.3,15.685
2024-12-19 05:56:00,101330.3,101331.1,101330.3,101330.3,10.11
2024-12-19 05:57:00,101330.3,101330.5,101309.4,101309.4,13.534
2024-12-19 05:58:00,101309.4,101309.4,101238.1,101273.0,27.907
2024-12-19 05:59:00,101273.0,101309.7,101259.1,101260.1,32.31
2024-12-19 06:00:00,101260.1,101311.3,101260.1,101289.8,21.237
2024-12-19 06:01:00,101289.8,101331.0,101275.8,101275.9,22.439
2024-12-19 06:02:00,101275.9,101306.5,101211.0,101270.5,49.942
2024-12-19 06:03:00,101270.5,101286.8,101224.3,101224.5,40.969
2024-12-19 06:04:00,101224.5,101269.7,101200.0,101268.5,46.98
2024-12-19 06:05:00,101268.5,101270.6,101184.0,101184.0,28.654
2024-12-19 06:06:00,101184.0,101212.2,101174.1,101198.9,15.124
2024-12-19 06:07:00,101198.9,101199.0,101141.7,101141.8,56.311
2024-12-19 06:08:00,101141.8,101144.4,101114.9,101135.8,124.632
2024-12-19 06:09:00,101135.8,101135.8,101112.2,101117.0,30.719
2024-12-19 06:10:00,101117.0,101117.0,101021.4,101021.4,42.358
2024-12-19 06:11:00,101021.4,101173.3,101020.2,101162.7,73.228
2024-12-19 06:12:00,101162.7,101176.2,101124.8,101124.8,41.827
2024-12-19 06:13:00,101124.8,101125.1,101072.9,101077.7,29.818
2024-12-19 06:14:00,101077.7,101106.0,101072.3,101106.0,29.747
2024-12-19 06:15:00,101106.0,101144.5,101086.8,101101.8,20.297
2024-12-19 06:16:00,101101.8,101108.1,101087.5,101102.6,24.107
2024-12-19 06:17:00,101102.6,101107.2,101080.0,101107.1,15.238
2024-12-19 06:18:00,101107.1,101112.8,101042.2,101042.2,9.549
2024-12-19 06:19:00,101042.2,101083.3,101010.4,101010.4,34.588
2024-12-19 06:20:00,101010.4,101099.2,101010.4,101056.7,85.126
2024-12-19 06:21:00,101056.7,101088.5,101034.3,101072.0,30.156
2024-12-19 06:22:00,101072.0,101072.0,101025.5,101034.2,21.805
2024-12-19 06:23:00,101034.2,101071.2,100978.9,101042.8,47.13
2024-12-19 06:24:00,101042.8,101053.4,100988.7,101008.8,79.512
2024-12-19 06:25:00,101008.8,101052.2,100988.6,101022.7,40.516
2024-12-19 06:26:00,101022.7,101071.2,101022.7,101071.2,29.414
2024-12-19 06:27:00,101071.2,101078.8,101023.9,101024.2,15.011
2024-12-19 06:28:00,101024.2,101030.3,100991.4,101030.3,22.248
2024-12-19 06:29:00,101030.3,101043.6,101020.0,101020.0,23.945
2024-12-19 06:30:00,101020.0,101062.7,101020.0,101042.2,11.876
2024-12-19 06:31:00,101042.2,101111.1,101042.1,101110.7,23.345
2024-12-19 06:32:00,101110.7,101142.3,101102.6,101102.9,35.497
2024-12-19 06:33:00,101102.9,101165.5,101102.9,101165.5,43.411
2024-12-19 06:34:00,101165.5,101304.9,101153.6,101304.9,50.247
2024-12-19 06:35:00,101304.9,101363.8,101302.1,101362.5,105.4
2024-12-19 06:36:00,101362.5,101364.5,101296.3,101296.9,103.796
2024-12-19 06:37:00,101296.9,101325.5,101256.8,101299.9,73.363
2024-12-19 06:38:00,101299.9,101300.2,101255.0,101287.3,88.28
2024-12-19 06:39:00,101287.3,101300.2,101239.0,101239.0,27.053
2024-12-19 06:40:00,101239.0,101239.0,101208.6,101215.9,34.89
2024-12-19 06:41:00,101215.9,101238.9,101194.0,101195.2,24.39
2024-12-19 06:42:00,101195.2,101220.2,101195.2,101219.9,30.474
2024-12-19 06:43:00,101219.9,101285.3,101219.9,101285.3,16.063
2024-12-19 06:44:00,101285.3,101312.0,101263.4,101263.4,30.766
2024-12-19 06:45:00,101263.4,101341.0,101263.4,101341.0,26.848
2024-12-19 06:46:00,101341.0,101341.0,101293.3,101322.0,27.669
2024-12-19 06:47:00,101322.0,101330.1,101231.5,101231.5,32.18
2024-12-19 06:48:00,101231.5,101269.7,101220.2,101229.9,43.925
2024-12-19 06:49:00,101229.9,101231.0,101220.4,101229.9,16.584
2024-12-19 06:50:00,101229.9,101279.2,101229.9,101279.1,7.506
2024-12-19 06:51:00,101279.1,101290.0,101260.8,101289.9,5.964
2024-12-19 06:52:00,101289.9,101300.0,101254.3,101300.0,13.429
2024-12-19 06:53:00,101300.0,101300.0,101257.8,101261.7,23.434
2024-12-19 06:54:00,101261.7,101265.0,101229.2,101248.8,18.269
2024-12-19 06:55:00,101248.8,101254.5,101216.2,101248.8,23.708
2024-12-19 06:56:00,101248.8,101264.4,101213.1,101213.1,21.078
2024-12-19 06:57:00,101213.1,101232.0,101213.1,101219.9,29.037
2024-12-19 06:58:00,101219.9,101244.1,101218.9,101227.0,25.535
2024-12-19 06:59:00,101227.0,101242.3,101159.7,101159.7,22.578
2024-12-19 07:00:00,101159.7,101193.4,101153.4,101153.7,39.178
2024-12-19 07:01:00,101153.7,101219.1,101153.6,101174.4,37.376
2024-12-19 07:02:00,101174.4,101198.9,101124.4,101124.4,46.414
2024-12-19 07:03:00,101124.4,101190.1,101115.0,101175.8,31.822
2024-12-19 07:04:00,101175.8,101225.7,101168.6,101216.7,35.07
2024-12-19 07:05:00,101216.7,101225.7,101200.0,101225.6,28.424
2024-12-19 07:06:00,101225.6,101272.4,101220.0,101255.2,31.292
2024-12-19 07:07:00,101255.2,101255.7,101213.8,101226.9,72.678
2024-12-19 07:08:00,101226.9,101245.2,101215.8,101244.8,31.735
2024-12-19 07:09:00,101244.8,101244.9,101215.8,101215.8,17.017
2024-12-19 07:10:00,101215.8,101228.4,101199.4,101219.1,23.274
2024-12-19 07:11:00,101219.1,101219.1,101122.8,101146.1,45.932
2024-12-19 07:12:00,101146.1,101161.9,101132.1,101156.2,47.801
2024-12-19 07:13:00,101156.2,101165.3,101122.8,101122.8,25.312
2024-12-19 07:14:00,101122.8,101165.2,101120.2,101165.2,50.005
2024-12-19 07:15:00,101165.2,101203.4,101165.2,101203.4,30.582
2024-12-19 07:16:00,101203.4,101251.2,101203.3,101249.0,40.721
2024-12-19 07:17:00,101249.0,101312.1,101249.0,101308.2,56.404
2024-12-19 07:18:00,101308.2,101330.8,101228.5,101239.4,66.886
2024-12-19 07:19:00,101239.4,101264.6,101195.2,101264.6,57.887
2024-12-19 07:20:00,101264.6,101276.2,101200.1,101253.7,29.941
2024-12-19 07:21:00,101253.7,101332.2,101253.6,101305.1,36.676
2024-12-19 07:22:00,101305.1,101344.2,101276.3,101342.2,43.705
2024-12-19 07:23:00,101342.2,101355.2,101342.2,101354.9,90.42
2024-12-19 07:24:00,101354.9,101397.3,101354.9,101397.3,104.459
2024-12-19 07:25:00,101397.3,101472.2,101397.0,101456.0,190.564
2024-12-19 07:26:00,101456.0,101504.7,101446.9,101486.1,324.602
2024-12-19 07:27:00,101486.1,101508.2,101465.3,101497.1,203.055
2024-12-19 07:28:00,101497.1,101522.1,101497.0,101515.2,215.652
2024-12-19 07:29:00,101515.2,101533.9,101503.1,101503.4,132.605
2024-12-19 07:30:00,101503.4,101562.2,101500.0,101500.0,155.284
2024-12-19 07:31:00,101500.0,101518.1,101441.4,101445.9,117.387
2024-12-19 07:32:00,101445.9,101446.0,101394.8,101395.3,101.445
2024-12-19 07:33:00,101395.3,101474.7,101390.6,101474.6,86.225
2024-12-19 07:34:00,101474.6,101480.1,101426.0,101443.3,71.252
2024-12-19 07:35:00,101443.3,101481.6,101440.4,101480.2,49.643
2024-12-19 07:36:00,101480.2,101500.0,101459.9,101500.0,31.259
2024-12-19 07:37:00,101500.0,101557.3,101499.9,101547.3,41.544
2024-12-19 07:38:00,101547.3,101600.0,101547.2,101596.4,94.307
2024-12-19 07:39:00,101596.4,101596.5,101528.9,101554.0,115.405
2024-12-19 07:40:00,101554.0,101620.2,101554.0,101612.2,76.988
2024-12-19 07:41:00,101612.2,101623.3,101611.0,101611.0,125.862
2024-12-19 07:42:00,101611.0,101630.3,101611.0,101630.3,120.354
2024-12-19 07:43:00,101630.3,101640.0,101619.9,101620.0,60.848
2024-12-19 07:44:00,101620.0,101625.3,101577.1,101577.1,50.07
2024-12-19 07:45:00,101577.1,101630.0,101577.1,101595.8,67.777
2024-12-19 07:46:00,101595.8,101628.3,101586.6,101594.9,63.334
2024-12-19 07:47:00,101594.9,101608.5,101586.6,101587.0,36.57
2024-12-19 07:48:00,101587.0,101600.1,101534.0,101558.4,67.354
2024-12-19 07:49:00,101558.4,101558.7,101525.7,101525.7,134.243
2024-12-19 07:50:00,101525.7,101525.8,101500.0,101523.0,56.875
2024-12-19 07:51:00,101523.0,101531.0,101479.8,101511.0,51.143
2024-12-19 07:52:00,101511.0,101541.4,101472.0,101541.2,56.538
2024-12-19 07:53:00,101541.2,101642.8,101540.9,101638.0,55.703
2024-12-19 07:54:00,101638.0,101661.4,101634.3,101635.7,60.257
2024-12-19 07:55:00,101635.7,101648.3,101629.7,101640.6,62.054
2024-12-19 07:56:00,101640.6,101666.2,101640.6,101666.2,37.502
2024-12-19 07:57:00,101666.2,101690.8,101665.9,101680.1,72.27
2024-12-19 07:58:00,101680.1,101680.1,101622.0,101640.2,154.294
2024-12-19 07:59:00,101640.2,101660.7,101616.7,101617.0,61.808
2024-12-19 08:00:00,101617.0,101617.0,101544.0,101547.9,66.641
2024-12-19 08:01:00,101547.9,101581.0,101503.3,101503.3,73.784
2024-12-19 08:02:00,101503.3,101546.0,101489.4,101495.5,60.558
2024-12-19 08:03:00,101495.5,101513.1,101472.9,101513.1,94.501
2024-12-19 08:04:00,101513.1,101551.1,101512.7,101538.7,84.267
2024-12-19 08:05:00,101538.7,101639.0,101538.7,101639.0,53.41
2024-12-19 08:06:00,101639.0,101639.0,101564.5,101568.4,75.013
2024-12-19 08:07:00,101568.4,101570.0,101525.7,101570.0,66.566
2024-12-19 08:08:00,101570.0,101599.5,101554.5,101554.5,40.397
2024-12-19 08:09:00,101554.5,101554.5,101472.8,101472.8,37.43
2024-12-19 08:10:00,101472.8,101472.9,101404.9,101411.7,55.691
2024-12-19 08:11:00,101411.7,101448.7,101411.4,101414.2,132.029
2024-12-19 08:12:00,101414.2,101414.2,101345.4,101350.5,262.725
2024-12-19 08:13:00,101350.5,101416.1,101350.0,101355.4,273.81
2024-12-19 08:14:00,101355.4,101378.0,101347.5,101347.5,85.449
2024-12-19 08:15:00,101347.5,101380.1,101347.5,101380.1,55.096
2024-12-19 08:16:00,101380.1,101456.8,101366.3,101366.3,50.493
2024-12-19 08:17:00,101366.3,101417.8,101363.3,101385.8,79.29
2024-12-19 08:18:00,101385.8,101391.3,101343.2,101350.8,43.949
2024-12-19 08:19:00,101350.8,101411.0,101344.6,101408.1,26.32
2024-12-19 08:20:00,101408.1,101490.3,101394.3,101479.5,26.917
2024-12-19 08:21:00,101479.5,101568.2,101473.8,101544.4,40.761
2024-12-19 08:22:00,101544.4,101544.5,101523.3,101525.3,53.917
2024-12-19 08:23:00,101525.3,101650.0,101525.3,101650.0,38.793
2024-12-19 08:24:00,101650.0,101650.2,101594.1,101594.1,50.792
2024-12-19 08:25:00,101594.1,101617.7,101573.1,101583.8,66.105
2024-12-19 08:26:00,101583.8,101587.0,101550.0,101583.4,35.977
2024-12-19 08:27:00,101583.4,101626.1,101575.8,101625.8,44.161
2024-12-19 08:28:00,101625.8,101733.8,101625.5,101693.9,120.41
2024-12-19 08:29:00,101693.9,101710.2,101676.3,101710.1,175.489
2024-12-19 08:30:00,101710.1,101740.2,101699.0,101740.2,89.684
2024-12-19 08:31:00,101740.2,101740.2,101656.7,101708.0,118.951
2024-12-19 08:32:00,101708.0,101711.0,101697.8,101711.0,94.988
2024-12-19 08:33:00,101711.0,101741.0,101710.9,101740.2,87.521
2024-12-19 08:34:00,101740.2,101740.3,101717.2,101730.0,67.501
2024-12-19 08:35:00,101730.0,101730.1,101700.0,101701.1,44.689
2024-12-19 08:36:00,101701.1,101711.2,101639.4,101651.2,40.709
2024-12-19 08:37:00,101651.2,101651.3,101563.3,101578.7,55.939
2024-12-19 08:38:00,101578.7,101660.0,101573.8,101660.0,78.089
2024-12-19 08:39:00,101660.0,101672.5,101562.6,101562.9,29.459
2024-12-19 08:40:00,101562.9,101587.4,101541.1,101581.1,29.48
2024-12-19 08:41:00,101581.1,101581.1,101488.4,101492.0,63.223
2024-12-19 08:42:00,101492.0,101568.2,101492.0,101512.9,105.031
2024-12-19 08:43:00,101512.9,101554.1,101506.0,101528.3,54.891
2024-12-19 08:44:00,101528.3,101588.2,101517.1,101587.9,54.834
2024-12-19 08:45:00,101587.9,101742.5,101587.9,101721.4,35.288
2024-12-19 08:46:00,101721.4,101744.6,101691.7,101706.9,97.389
2024-12-19 08:47:00,101706.9,101721.4,101694.4,101721.1,145.983
2024-12-19 08:48:00,101721.1,101806.7,101721.1,101800.0,294.332
2024-12-19 08:49:00,101800.0,101804.3,101778.0,101778.0,275.087
2024-12-19 08:50:00,101778.0,101780.0,101710.0,101713.4,147.838
2024-12-19 08:51:00,101713.4,101774.7,101662.1,101767.3,55.124
2024-12-19 08:52:00,101767.3,101780.0,101671.0,101716.0,92.93
2024-12-19 08:53:00,101716.0,101731.2,101669.7,101669.7,87.442
2024-12-19 08:54:00,101669.7,101670.0,101655.0,101667.0,60.846
2024-12-19 08:55:00,101667.0,101691.1,101667.0,101690.0,54.253
2024-12-19 08:56:00,101690.0,101690.9,101680.0,101681.0,18.025
2024-12-19 08:57:00,101681.0,101690.2,101658.3,101658.3,16.508
2024-12-19 08:58:00,101658.3,101675.7,101621.3,101628.5,28.385
2024-12-19 08:59:00,101628.5,101628.8,101610.9,101612.0,46.472
2024-12-19 09:00:00,101612.0,101629.7,101611.9,101628.4,25.001
2024-12-19 09:01:00,101628.4,101633.5,101589.0,101617.3,59.447
2024-12-19 09:02:00,101617.3,101728.0,101617.3,101677.7,98.696
2024-12-19 09:03:00,101677.7,101728.0,101677.7,101727.7,40.406
2024-12-19 09:04:00,101727.7,101756.8,101724.0,101730.5,22.427
2024-12-19 09:05:00,101730.5,101730.6,101691.8,101699.9,41.254
2024-12-19 09:06:00,101699.9,101770.7,101699.9,101759.9,35.464
2024-12-19 09:07:00,101759.9,101778.0,101750.0,101770.1,42.256
2024-12-19 09:08:00,101770.1,101770.2,101721.1,101731.2,24.41
2024-12-19 09:09:00,101731.2,101749.7,101716.9,101723.9,30.907
2024-12-19 09:10:00,101723.9,101736.1,101700.0,101705.2,35.734
2024-12-19 09:11:00,101705.2,101751.8,101693.6,101735.2,19.455
2024-12-19 09:12:00,101735.2,101760.3,101685.0,101760.1,19.229
2024-12-19 09:13:00,101760.1,101771.0,101747.3,101754.2,29.94
2024-12-19 09:14:00,101754.2,101783.4,101746.7,101783.3,13.293
2024-12-19 09:15:00,101783.3,101825.0,101783.2,101824.9,41.308
2024-12-19 09:16:00,101824.9,101825.0,101701.7,101701.8,100.819
2024-12-19 09:17:00,101701.8,101820.0,101701.8,101792.2,331.328
2024-12-19 09:18:00,101792.2,101796.5,101750.0,101750.1,487.239
2024-12-19 09:19:00,101750.1,101750.1,101676.3,101697.9,40.891
2024-12-19 09:20:00,101697.9,101697.9,101672.9,101673.2,98.423
2024-12-19 09:21:00,101673.2,101673.2,101606.9,101643.2,95.552
2024-12-19 09:22:00,101643.2,101685.8,101628.4,101676.5,76.674
2024-12-19 09:23:00,101676.5,101685.5,101600.0,101600.0,40.081
2024-12-19 09:24:00,101600.0,101600.1,101510.0,101530.1,54.484
2024-12-19 09:25:00,101530.1,101590.0,101524.2,101533.5,119.898
2024-12-19 09:26:00,101533.5,101568.2,101530.0,101533.6,43.156
2024-12-19 09:27:00,101533.6,101575.2,101529.0,101563.6,50.446
2024-12-19 09:28:00,101563.6,101621.6,101563.6,101621.4,41.097
2024-12-19 09:29:00,101621.4,101632.2,101591.7,101592.0,28.979
2024-12-19 09:30:00,101592.0,101635.8,101585.4,101634.9,55.451
2024-12-19 09:31:00,101634.9,101673.3,101630.3,101663.7,74.717
2024-12-19 09:32:00,101663.7,101769.4,101639.6,101769.1,48.529
2024-12-19 09:33:00,101769.1,101776.0,101736.8,101739.5,36.736
2024-12-19 09:34:00,101739.5,101763.2,101739.4,101750.0,38.92
2024-12-19 09:35:00,101750.0,101813.2,101750.0,101802.1,53.368
2024-12-19 09:36:00,101802.1,101802.1,101779.6,101779.6,94.016
2024-12-19 09:37:00,101779.6,101809.8,101770.4,101770.4,35.788
2024-12-19 09:38:00,101770.4,101770.4,101704.3,101751.8,30.059
2024-12-19 09:39:00,101751.8,101752.3,101706.4,101706.6,46.202
2024-12-19 09:40:00,101706.6,101728.2,101680.4,101700.1,23.454
2024-12-19 09:41:00,101700.1,101700.1,101674.5,101674.8,15.522
2024-12-19 09:42:00,101674.8,101700.2,101674.5,101674.7,13.893
2024-12-19 09:43:00,101674.7,101700.0,101674.7,101699.9,15.337
2024-12-19 09:44:00,101699.9,101720.0,101698.8,101716.0,17.92
2024-12-19 09:45:00,101716.0,101716.0,101674.8,101700.7,35.506
2024-12-19 09:46:00,101700.7,101735.0,101671.1,101735.0,35.154
2024-12-19 09:47:00,101735.0,101775.1,101734.7,101760.2,19.275
2024-12-19 09:48:00,101760.2,101760.5,101681.7,101707.7,36.01
2024-12-19 09:49:00,101707.7,101771.5,101707.4,101771.5,19.417
2024-12-19 09:50:00,101771.5,101771.9,101741.9,101771.9,16.039
2024-12-19 09:51:00,101771.9,101792.7,101762.8,101781.3,13.64
2024-12-19 09:52:00,101781.3,101808.2,101762.8,101788.5,29.972
2024-12-19 09:53:00,101788.5,101798.8,101733.5,101736.4,35.533
2024-12-19 09:54:00,101736.4,101746.7,101736.3,101746.7,28.381
2024-12-19 09:55:00,101746.7,101792.6,101746.7,101792.5,11.327
2024-12-19 09:56:00,101792.5,101792.6,101783.7,101788.1,16.044
2024-12-19 09:57:00,101788.1,101792.5,101744.7,101744.7,17.417
2024-12-19 09:58:00,101744.7,101758.8,101744.7,101758.7,30.212
2024-12-19 09:59:00,101758.7,101758.8,101758.2,101758.8,12.028
2024-12-19 10:00:00,101758.8,101790.4,101758.7,101790.1,8.952
2024-12-19 10:01:00,101790.1,101872.4,101790.1,101822.9,67.759
2024-12-19 10:02:00,101822.9,101823.2,101776.2,101786.7,189.973
2024-12-19 10:03:00,101786.7,101823.2,101760.6,101823.1,43.046
2024-12-19 10:04:00,101823.1,101869.0,101820.6,101858.7,43.496
2024-12-19 10:05:00,101858.7,101866.6,101811.5,101844.8,58.295
2024-12-19 10:06:00,101844.8,101853.9,101774.0,101774.0,33.803
2024-12-19 10:07:00,101774.0,101823.3,101750.0,101802.7,26.714
2024-12-19 10:08:00,101802.7,101820.2,101800.0,101800.1,30.115
2024-12-19 10:09:00,101800.1,101800.1,101734.5,101746.3,24.689
2024-12-19 10:10:00,101746.3,101750.3,101729.6,101750.3,41.584
2024-12-19 10:11:00,101750.3,101761.8,101739.9,101740.0,29.574
2024-12-19 10:12:00,101740.0,101740.3,101729.8,101730.9,35.548
2024-12-19 10:13:00,101730.9,101734.3,101717.6,101734.0,37.172
2024-12-19 10:14:00,101734.0,101838.4,101734.0,101813.9,167.792
2024-12-19 10:15:00,101813.9,101851.4,101813.9,101849.9,378.13
2024-12-19 10:16:00,101849.9,101940.0,101849.9,101940.0,82.443
2024-12-19 10:17:00,101940.0,101944.5,101901.4,101939.1,249.489
2024-12-19 10:18:00,101939.1,101977.6,101938.8,101961.1,248.532
2024-12-19 10:19:00,101961.1,102115.4,101961.0,102045.6,244.454
2024-12-19 10:20:00,102045.6,102160.0,102045.6,102159.7,469.578
2024-12-19 10:21:00,102159.7,102165.0,102068.0,102074.1,208.233
2024-12-19 10:22:00,102074.1,102200.0,102074.1,102189.0,165.594
2024-12-19 10:23:00,102189.0,102195.4,102131.1,102142.3,131.491
2024-12-19 10:24:00,102142.3,102155.2,102083.8,102134.2,104.816
2024-12-19 10:25:00,102134.2,102135.8,102080.3,102128.0,94.987
2024-12-19 10:26:00,102128.0,102144.3,102082.1,102119.8,45.406
2024-12-19 10:27:00,102119.8,102119.9,102070.3,102070.5,60.011
2024-12-19 10:28:00,102070.5,102105.0,102070.2,102070.8,79.56
2024-12-19 10:29:00,102070.8,102070.9,102042.0,102053.4,59.04
2024-12-19 10:30:00,102053.4,102094.0,102047.1,102088.0,61.74
2024-12-19 10:31:00,102088.0,102250.8,102087.8,102246.0,142.68
2024-12-19 10:32:00,102246.0,102334.0,102246.0,102333.9,445.352
2024-12-19 10:33:00,102333.9,102395.0,102278.1,102300.0,381.371
2024-12-19 10:34:00,102300.0,102447.3,102279.0,102355.5,308.397
2024-12-19 10:35:00,102355.5,102392.9,102336.0,102365.6,359.606
2024-12-19 10:36:00,102365.6,102420.2,102365.6,102391.9,134.517
2024-12-19 10:37:00,102391.9,102392.0,102300.0,102323.2,107.247
2024-12-19 10:38:00,102323.2,102323.5,102248.5,102258.0,171.281
2024-12-19 10:39:00,102258.0,102322.2,102250.0,102250.3,107.137
2024-12-19 10:40:00,102250.3,102321.3,102250.0,102315.6,117.863
2024-12-19 10:41:00,102315.6,102382.0,102271.9,102381.9,85.656
2024-12-19 10:42:00,102381.9,102450.0,102381.9,102450.0,43.012
2024-12-19 10:43:00,102450.0,102450.2,102434.8,102447.1,71.405
2024-12-19 10:44:00,102447.1,102447.1,102440.5,102440.9,87.066
2024-12-19 10:45:00,102440.9,102442.0,102440.0,102440.1,91.114
2024-12-19 10:46:00,102440.1,102491.9,102400.0,102400.0,69.658
2024-12-19 10:47:00,102400.0,102468.0,102366.0,102468.0,132.076
2024-12-19 10:48:00,102468.0,102584.9,102440.5,102562.3,157.428
2024-12-19 10:49:00,102562.3,102571.2,102531.0,102557.6,333.896
2024-12-19 10:50:00,102557.6,102574.4,102530.1,102530.2,222.425
2024-12-19 10:51:00,102530.2,102530.2,102477.9,102497.0,197.271
2024-12-19 10:52:00,102497.0,102524.4,102478.4,102513.8,94.217
2024-12-19 10:53:00,102513.8,102543.6,102499.9,102500.0,45.82
2024-12-19 10:54:00,102500.0,102500.1,102487.5,102499.0,39.711
2024-12-19 10:55:00,102499.0,102499.3,102450.1,102465.7,57.884
2024-12-19 10:56:00,102465.7,102465.7,102425.4,102425.5,69.004
2024-12-19 10:57:00,102425.5,102425.8,102400.6,102410.1,91.893
2024-12-19 10:58:00,102410.1,102433.4,102410.1,102419.2,106.254
2024-12-19 10:59:00,102419.2,102419.3,102378.6,102378.6,65.585
2024-12-19 11:00:00,102378.6,102380.0,102320.0,102337.2,71.342
2024-12-19 11:01:00,102337.2,102410.2,102315.0,102400.2,118.757
2024-12-19 11:02:00,102400.2,102430.8,102400.1,102413.1,102.518
2024-12-19 11:03:00,102413.1,102426.3,102394.0,102426.2,75.913
2024-12-19 11:04:00,102426.2,102426.2,102334.9,102335.2,46.065
2024-12-19 11:05:00,102335.2,102336.1,102300.0,102310.0,59.043
2024-12-19 11:06:00,102310.0,102312.7,102286.3,102299.0,67.182
2024-12-19 11:07:00,102299.0,102351.0,102294.6,102323.5,82.15
2024-12-19 11:08:00,102323.5,102323.5,102268.0,102268.0,112.251
2024-12-19 11:09:00,102268.0,102318.1,102266.1,102307.8,105.631
2024-12-19 11:10:00,102307.8,102337.1,102282.5,102282.5,42.984
2024-12-19 11:11:00,102282.5,102296.4,102274.4,102292.0,27.072
2024-12-19 11:12:00,102292.0,102329.5,102292.0,102329.2,22.097
2024-12-19 11:13:00,102329.2,102332.2,102293.7,102300.0,34.955
2024-12-19 11:14:00,102300.0,102300.3,102247.0,102247.1,44.502
2024-12-19 11:15:00,102247.1,102292.7,102247.0,102279.8,86.161
2024-12-19 11:16:00,102279.8,102324.1,102256.0,102257.7,60.896
2024-12-19 11:17:00,102257.7,102270.3,102257.7,102264.7,96.526
2024-12-19 11:18:00,102264.7,102269.0,102261.1,102261.4,20.077
2024-12-19 11:19:00,102261.4,102328.4,102261.1,102299.0,58.087
2024-12-19 11:20:00,102299.0,102350.2,102273.5,102307.6,89.275
2024-12-19 11:21:00,102307.6,102353.9,102289.6,102353.6,38.894
2024-12-19 11:22:00,102353.6,102367.0,102292.8,102305.0,92.321
2024-12-19 11:23:00,102305.0,102351.6,102305.0,102351.6,194.35
2024-12-19 11:24:00,102351.6,102411.5,102351.6,102406.9,25.756
2024-12-19 11:25:00,102406.9,102465.0,102406.6,102464.9,53.21
2024-12-19 11:26:00,102464.9,102464.9,102438.8,102442.2,43.751
2024-12-19 11:27:00,102442.2,102450.0,102428.4,102443.1,32.647
2024-12-19 11:28:00,102443.1,102443.4,102420.3,102420.6,28.102
2024-12-19 11:29:00,102420.6,102420.6,102410.0,102410.3,20.602
2024-12-19 11:30:00,102410.3,102416.9,102400.1,102407.3,19.734
2024-12-19 11:31:00,102407.3,102411.8,102375.8,102384.9,37.895
2024-12-19 11:32:00,102384.9,102390.2,102328.1,102328.1,58.492
2024-12-19 11:33:00,102328.1,102336.6,102300.0,102300.0,62.194
2024-12-19 11:34:00,102300.0,102306.2,102270.0,102270.0,53.482
2024-12-19 11:35:00,102270.0,102311.5,102270.0,102300.3,40.447
2024-12-19 11:36:00,102300.3,102323.2,102292.3,102323.0,27.862
2024-12-19 11:37:00,102323.0,102330.9,102299.9,102330.8,13.717
2024-12-19 11:38:00,102330.8,102330.9,102315.9,102316.0,18.828
2024-12-19 11:39:00,102316.0,102316.0,102141.0,102179.4,82.023
2024-12-19 11:40:00,102179.4,102231.2,102145.8,102230.9,222.627
2024-12-19 11:41:00,102230.9,102245.0,102173.6,102183.3,62.676
2024-12-19 11:42:00,102183.3,102260.5,102183.3,102205.2,71.871
2024-12-19 11:43:00,102205.2,102205.2,102196.3,102202.2,44.734
2024-12-19 11:44:00,102202.2,102202.2,102178.0,102179.2,32.076
2024-12-19 11:45:00,102179.2,102260.8,102170.0,102260.8,79.043
2024-12-19 11:46:00,102260.8,102289.9,102260.5,102260.6,113.36
2024-12-19 11:47:00,102260.6,102260.6,102190.1,102199.9,46.936
2024-12-19 11:48:00,102199.9,102249.3,102194.1,102249.3,25.01
2024-12-19 11:49:00,102249.3,102322.2,102249.3,102322.2,22.515
2024-12-19 11:50:00,102322.2,102330.0,102292.7,102330.0,26.212
2024-12-19 11:51:00,102330.0,102330.9,102320.2,102329.9,19.19
2024-12-19 11:52:00,102329.9,102377.2,102329.9,102377.2,24.369
2024-12-19 11:53:00,102377.2,102398.8,102376.9,102392.3,37.538
2024-12-19 11:54:00,102392.3,102392.3,102336.3,102340.1,54.084
2024-12-19 11:55:00,102340.1,102390.6,102340.0,102390.6,44.579
2024-12-19 11:56:00,102390.6,102404.0,102376.2,102376.2,19.259
2024-12-19 11:57:00,102376.2,102382.3,102376.2,102382.1,23.867
2024-12-19 11:58:00,102382.1,102406.6,102382.0,102406.6,19.773
2024-12-19 11:59:00,102406.6,102422.9,102406.6,102420.2,33.233
2024-12-19 12:00:00,102420.2,102435.8,102393.6,102435.8,31.5
2024-12-19 12:01:00,102435.8,102435.8,102335.2,102336.5,55.542
2024-12-19 12:02:00,102336.5,102379.2,102300.0,102300.0,35.559
2024-12-19 12:03:00,102300.0,102300.1,102265.0,102272.1,23.321
2024-12-19 12:04:00,102272.1,102300.2,102237.2,102237.2,26.23
2024-12-19 12:05:00,102237.2,102365.3,102220.0,102365.3,65.858
2024-12-19 12:06:00,102365.3,102483.3,102365.0,102435.6,119.672
2024-12-19 12:07:00,102435.6,102517.6,102435.6,102500.0,106.497
2024-12-19 12:08:00,102500.0,102516.7,102462.8,102462.8,121.531
2024-12-19 12:09:00,102462.8,102462.8,102351.6,102434.1,50.107
2024-12-19 12:10:00,102434.1,102497.3,102434.0,102497.3,50.291
2024-12-19 12:11:00,102497.3,102497.3,102429.9,102448.7,46.674
2024-12-19 12:12:00,102448.7,102449.0,102400.3,102409.8,69.835
2024-12-19 12:13:00,102409.8,102446.1,102408.9,102443.8,21.583
2024-12-19 12:14:00,102443.8,102443.8,102416.8,102435.8,28.061
2024-12-19 12:15:00,102435.8,102438.8,102415.8,102428.1,11.24
2024-12-19 12:16:00,102428.1,102443.8,102368.0,102368.0,19.566
2024-12-19 12:17:00,102368.0,102429.4,102338.3,102399.6,29.126
2024-12-19 12:18:00,102399.6,102405.0,102363.9,102369.1,25.247
2024-12-19 12:19:00,102369.1,102420.2,102369.1,102399.9,17.02
2024-12-19 12:20:00,102399.9,102450.0,102399.9,102420.2,30.802
2024-12-19 12:21:00,102420.2,102420.2,102403.6,102417.4,23.645
2024-12-19 12:22:00,102417.4,102417.4,102327.5,102332.1,13.166
2024-12-19 12:23:00,102332.1,102369.3,102324.9,102353.8,18.162
2024-12-19 12:24:00,102353.8,102369.2,102310.0,102327.4,17.581
2024-12-19 12:25:00,102327.4,102335.0,102284.8,102286.7,51.672
2024-12-19 12:26:00,102286.7,102291.6,102260.3,102276.0,90.138
2024-12-19 12:27:00,102276.0,102276.0,102250.0,102266.1,44.107
2024-12-19 12:28:00,102266.1,102270.1,102237.1,102269.9,60.269
2024-12-19 12:29:00,102269.9,102328.0,102269.8,102322.9,42.627
2024-12-19 12:30:00,102322.9,102323.2,102278.2,102320.0,84.835
2024-12-19 12:31:00,102320.0,102320.0,102250.0,102261.9,85.429
2024-12-19 12:32:00,102261.9,102262.0,102139.3,102142.1,66.661
2024-12-19 12:33:00,102142.1,102145.2,102045.8,102097.8,200.028
2024-12-19 12:34:00,102097.8,102150.0,102075.6,102113.0,279.534
2024-12-19 12:35:00,102113.0,102170.2,102085.0,102145.9,154.969
2024-12-19 12:36:00,102145.9,102152.5,102108.3,102120.1,111.1
2024-12-19 12:37:00,102120.1,102120.1,102043.2,102046.9,86.504
2024-12-19 12:38:00,102046.9,102057.0,102030.2,102055.3,129.016
2024-12-19 12:39:00,102055.3,102057.3,102033.8,102048.9,87.931
2024-12-19 12:40:00,102048.9,102131.9,102048.9,102099.7,69.706
2024-12-19 12:41:00,102099.7,102140.7,102099.7,102123.8,62.597
2024-12-19 12:42:00,102123.8,102136.2,102052.8,102072.4,35.686
2024-12-19 12:43:00,102072.4,102077.8,102024.3,102037.4,56.649
2024-12-19 12:44:00,102037.4,102061.4,102026.7,102030.4,98.804
2024-12-19 12:45:00,102030.4,102083.8,102015.0,102083.8,110.598
2024-12-19 12:46:00,102083.8,102085.3,102041.9,102045.3,51.256
2024-12-19 12:47:00,102045.3,102058.0,102043.0,102058.0,22.786
2024-12-19 12:48:00,102058.0,102058.0,102034.0,102043.2,24.855
2024-12-19 12:49:00,102043.2,102043.6,101950.2,101969.2,77.979
2024-12-19 12:50:00,101969.2,101976.4,101871.9,101919.5,264.096
2024-12-19 12:51:00,101919.5,102004.1,101918.3,102004.0,321.021
2024-12-19 12:52:00,102004.0,102026.3,101987.8,101999.9,103.891
2024-12-19 12:53:00,101999.9,101999.9,101911.1,101934.9,68.674
2024-12-19 12:54:00,101934.9,101950.1,101917.8,101950.0,82.103
2024-12-19 12:55:00,101950.0,101950.0,101857.8,101861.8,68.745
2024-12-19 12:56:00,101861.8,101947.8,101861.7,101907.3,104.963
2024-12-19 12:57:00,101907.3,101948.8,101889.0,101948.6,127.1
2024-12-19 12:58:00,101948.6,101948.6,101925.8,101925.9,100.265
2024-12-19 12:59:00,101925.9,101980.0,101925.8,101979.6,24.244
2024-12-19 13:00:00,101979.6,101990.7,101957.7,101965.9,36.054
2024-12-19 13:01:00,101965.9,101977.6,101909.3,101960.2,52.558
2024-12-19 13:02:00,101960.2,102047.8,101960.2,102047.8,85.297
2024-12-19 13:03:00,102047.8,102082.3,102047.5,102058.2,99.609
2024-12-19 13:04:00,102058.2,102081.6,102035.6,102072.2,108.024
2024-12-19 13:05:00,102072.2,102080.6,102026.7,102075.9,53.621
2024-12-19 13:06:00,102075.9,102075.9,102003.0,102026.7,44.833
2024-12-19 13:07:00,102026.7,102026.8,101966.7,101985.1,38.466
2024-12-19 13:08:00,101985.1,102100.0,101980.3,102100.0,53.88
2024-12-19 13:09:00,102100.0,102125.1,102078.8,102095.9,65.089
2024-12-19 13:10:00,102095.9,102161.1,102095.9,102141.6,72.978
2024-12-19 13:11:00,102141.6,102154.1,102122.4,102132.7,81.188
2024-12-19 13:12:00,102132.7,102132.7,102102.8,102129.0,45.95
2024-12-19 13:13:00,102129.0,102195.9,102128.9,102175.1,57.998
2024-12-19 13:14:00,102175.1,102180.3,102129.0,102129.0,61.405
2024-12-19 13:15:00,102129.0,102129.1,102048.6,102054.2,118.31
2024-12-19 13:16:00,102054.2,102054.4,101990.5,102012.3,230.611
2024-12-19 13:17:00,102012.3,102108.5,101963.7,102101.0,52.909
2024-12-19 13:18:00,102101.0,102101.1,102073.8,102100.4,38.177
2024-12-19 13:19:00,102100.4,102100.4,101998.1,101998.4,20.18
2024-12-19 13:20:00,101998.4,102027.9,101964.1,102006.5,31.958
2024-12-19 13:21:00,102006.5,102006.5,101950.0,101982.7,58.327
2024-12-19 13:22:00,101982.7,102040.6,101937.0,101951.3,75.522
2024-12-19 13:23:00,101951.3,102026.9,101914.2,102000.2,85.855
2024-12-19 13:24:00,102000.2,102118.5,101999.9,102099.9,76.91
2024-12-19 13:25:00,102099.9,102130.1,102092.6,102098.4,37.996
2024-12-19 13:26:00,102098.4,102098.4,102077.7,102077.7,36.328
2024-12-19 13:27:00,102077.7,102100.0,102077.7,102100.0,21.381
2024-12-19 13:28:00,102100.0,102159.1,102100.0,102148.8,29.206
2024-12-19 13:29:00,102148.8,102172.7,102148.5,102152.0,44.771
2024-12-19 13:30:00,102152.0,102193.4,102055.0,102055.0,55.725
2024-12-19 13:31:00,102055.0,102188.6,102004.6,102169.9,94.361
2024-12-19 13:32:00,102169.9,102169.9,102016.0,102042.4,65.39
2024-12-19 13:33:00,102042.4,102042.5,101962.6,101965.6,78.974
2024-12-19 13:34:00,101965.6,102021.8,101965.6,101982.2,74.173
2024-12-19 13:35:00,101982.2,101982.2,101746.6,101798.4,247.941
2024-12-19 13:36:00,101798.4,101809.7,101758.0,101761.0,567.658
2024-12-19 13:37:00,101761.0,101950.3,101761.0,101850.0,261.124
2024-12-19 13:38:00,101850.0,101867.9,101700.4,101714.2,207.915
2024-12-19 13:39:00,101714.2,101753.3,101650.0,101752.9,270.295
2024-12-19 13:40:00,101752.9,101823.8,101732.0,101732.0,214.562
2024-12-19 13:41:00,101732.0,101746.6,101662.4,101695.0,136.685
2024-12-19 13:42:00,101695.0,101695.3,101650.0,101671.9,211.928
2024-12-19 13:43:00,101671.9,101765.6,101664.8,101756.2,210.952
2024-12-19 13:44:00,101756.2,101797.0,101756.1,101776.9,109.792
2024-12-19 13:45:00,101776.9,101858.1,101766.8,101791.0,86.863
2024-12-19 13:46:00,101791.0,101889.0,101765.0,101888.9,100.497
2024-12-19 13:47:00,101888.9,101889.0,101778.6,101831.5,85.429
2024-12-19 13:48:00,101831.5,101970.0,101831.5,101960.3,111.838
2024-12-19 13:49:00,101960.3,102019.5,101946.2,102011.1,158.401
2024-12-19 13:50:00,102011.1,102015.8,101946.5,101980.4,107.065
2024-12-19 13:51:00,101980.4,101980.4,101923.0,101950.0,48.894
2024-12-19 13:52:00,101950.0,101975.2,101940.3,101950.6,31.196
2024-12-19 13:53:00,101950.6,101995.5,101920.0,101995.5,35.651
2024-12-19 13:54:00,101995.5,101995.5,101890.0,101890.0,36.124
2024-12-19 13:55:00,101890.0,101911.6,101856.0,101882.9,38.04
2024-12-19 13:56:00,101882.9,101923.2,101882.9,101920.0,72.432
2024-12-19 13:57:00,101920.0,101920.0,101860.9,101868.2,46.675
2024-12-19 13:58:00,101868.2,101879.8,101850.0,101864.1,47.161
2024-12-19 13:59:00,101864.1,101928.8,101850.0,101920.0,31.33
2024-12-19 14:00:00,101920.0,102018.4,101919.9,102017.9,67.785
2024-12-19 14:01:00,102017.9,102018.5,101947.0,102007.1,72.159
2024-12-19 14:02:00,102007.1,102043.0,101980.7,102035.2,53.175
2024-12-19 14:03:00,102035.2,102090.0,102010.5,102089.9,60.986
2024-12-19 14:04:00,102089.9,102140.0,102049.6,102050.5,105.666
2024-12-19 14:05:00,102050.5,102236.4,102038.5,102217.5,193.683
2024-12-19 14:06:00,102217.5,102219.2,102139.9,102184.9,207.734
2024-12-19 14:07:00,102184.9,102279.0,102179.7,102265.0,122.719
2024-12-19 14:08:00,102265.0,102375.0,102265.0,102315.2,209.623
2024-12-19 14:09:00,102315.2,102443.9,102309.3,102311.2,340.299
2024-12-19 14:10:00,102311.2,102315.6,102195.7,102230.0,173.252
2024-12-19 14:11:00,102230.0,102296.1,102218.0,102290.3,98.812
2024-12-19 14:12:00,102290.3,102343.5,102287.0,102290.5,58.354
2024-12-19 14:13:00,102290.5,102290.5,102198.6,102280.4,97.967
2024-12-19 14:14:00,102280.4,102297.1,102243.8,102244.1,89.922
2024-12-19 14:15:00,102244.1,102300.0,102241.3,102268.2,29.674
2024-12-19 14:16:00,102268.2,102297.0,102250.0,102297.0,39.528
2024-12-19 14:17:00,102297.0,102365.0,102226.5,102232.3,35.513
2024-12-19 14:18:00,102232.3,102268.9,102212.2,102256.3,51.604
2024-12-19 14:19:00,102256.3,102287.4,102183.9,102278.3,47.668
2024-12-19 14:20:00,102278.3,102397.5,102278.3,102374.8,62.804
2024-12-19 14:21:00,102374.8,102385.0,102336.5,102340.6,111.647
2024-12-19 14:22:00,102340.6,102369.9,102256.0,102265.2,45.403
2024-12-19 14:23:00,102265.2,102344.3,102265.2,102287.4,106.798
2024-12-19 14:24:00,102287.4,102333.4,102287.1,102300.0,268.923
2024-12-19 14:25:00,102300.0,102350.0,102300.0,102323.1,41.175
2024-12-19 14:26:00,102323.1,102339.7,102303.2,102319.6,52.927
2024-12-19 14:27:00,102319.6,102350.0,102287.7,102313.9,29.504
2024-12-19 14:28:00,102313.9,102384.7,102277.9,102368.0,56.757
2024-12-19 14:29:00,102368.0,102387.8,102339.1,102360.0,108.21
2024-12-19 14:30:00,102360.0,102377.2,102241.3,102331.2,118.33
2024-12-19 14:31:00,102331.2,102544.9,102327.9,102538.0,345.455
2024-12-19 14:32:00,102538.0,102685.2,102415.4,102415.6,692.682
2024-12-19 14:33:00,102415.6,102686.5,102415.4,102674.1,553.767
2024-12-19 14:34:00,102674.1,102756.6,102635.4,102700.6,275.332
2024-12-19 14:35:00,102700.6,102750.0,102565.2,102581.6,337.965
2024-12-19 14:36:00,102581.6,102586.6,102450.0,102468.8,299.477
2024-12-19 14:37:00,102468.8,102533.1,102352.7,102450.2,459.715
2024-12-19 14:38:00,102450.2,102478.9,102322.1,102385.2,497.555
2024-12-19 14:39:00,102385.2,102410.0,102176.4,102176.7,300.047
2024-12-19 14:40:00,102176.7,102331.4,102109.6,102117.8,452.329
2024-12-19 14:41:00,102117.8,102203.5,101965.4,102155.1,557.833
2024-12-19 14:42:00,102155.1,102274.6,102095.9,102122.0,491.306
2024-12-19 14:43:00,102122.0,102127.1,101916.0,101920.5,323.601
2024-12-19 14:44:00,101920.5,101921.8,101605.1,101681.6,626.007
2024-12-19 14:45:00,101681.6,101741.7,101353.9,101375.6,879.902
2024-12-19 14:46:00,101375.6,101536.5,101337.2,101499.9,943.315
2024-12-19 14:47:00,101499.9,101513.2,101360.4,101386.1,574.227
2024-12-19 14:48:00,101386.1,101420.6,101061.6,101070.1,510.504
2024-12-19 14:49:00,101070.1,101192.5,100649.0,100987.3,1293.449
2024-12-19 14:50:00,100987.3,101111.9,100859.8,101053.9,608.504
2024-12-19 14:51:00,101053.9,101058.2,100911.1,101021.7,418.207
2024-12-19 14:52:00,101021.7,101207.0,100912.7,101204.5,318.975
2024-12-19 14:53:00,101204.5,101349.1,101166.9,101349.1,418.011
2024-12-19 14:54:00,101349.1,101420.0,101061.6,101061.6,414.923
2024-12-19 14:55:00,101061.6,101237.2,100982.2,101151.4,457.504
2024-12-19 14:56:00,101151.4,101328.2,101118.5,101259.3,270.499
2024-12-19 14:57:00,101259.3,101263.9,101097.3,101218.9,123.82
2024-12-19 14:58:00,101218.9,101218.9,100920.4,100978.9,158.08
2024-12-19 14:59:00,100978.9,101037.4,100818.0,100915.3,323.938
2024-12-19 15:00:00,100915.3,100982.6,100807.2,100981.4,383.578
2024-12-19 15:01:00,100981.4,101015.2,100692.7,100762.5,385.113
2024-12-19 15:02:00,100762.5,100844.0,100667.9,100830.5,279.306
2024-12-19 15:03:00,100830.5,100875.6,100711.3,100873.4,178.068
2024-12-19 15:04:00,100873.4,101040.5,100670.0,100703.8,188.403
2024-12-19 15:05:00,100703.8,100811.0,100618.0,100768.9,359.195
2024-12-19 15:06:00,100768.9,100830.0,100528.2,100587.9,481.117
2024-12-19 15:07:00,100587.9,100610.0,100362.0,100466.0,564.952
2024-12-19 15:08:00,100466.0,100542.8,100334.5,100408.1,596.472
2024-12-19 15:09:00,100408.1,100492.4,100352.0,100454.7,334.658
2024-12-19 15:10:00,100454.7,100630.5,100351.5,100459.7,324.88
2024-12-19 15:11:00,100459.7,100660.3,100459.7,100542.9,357.198
2024-12-19 15:12:00,100542.9,100696.6,100501.8,100575.4,234.699
2024-12-19 15:13:00,100575.4,100827.2,100564.2,100817.8,318.966
2024-12-19 15:14:00,100817.8,100941.0,100788.1,100824.0,445.558
2024-12-19 15:15:00,100824.0,100824.0,100362.9,100411.1,561.081
2024-12-19 15:16:00,100411.1,100470.7,100370.0,100422.1,472.878
2024-12-19 15:17:00,100422.1,100467.5,100352.9,100352.9,449.291
2024-12-19 15:18:00,100352.9,100352.9,100221.3,100271.7,281.513
2024-12-19 15:19:00,100271.7,100343.0,100194.3,100280.8,392.893
2024-12-19 15:20:00,100280.8,100409.4,100187.2,100187.2,270.764
2024-12-19 15:21:00,100187.2,100258.3,100079.3,100109.9,234.154
2024-12-19 15:22:00,100109.9,100129.9,99949.9,100001.0,400.734
2024-12-19 15:23:00,100001.0,100091.3,99921.0,99927.0,842.796
2024-12-19 15:24:00,99927.0,99972.2,99720.1,99732.1,691.746
2024-12-19 15:25:00,99732.1,100104.2,99723.7,100084.9,839.064
2024-12-19 15:26:00,100084.9,100131.2,99800.2,99846.0,592.88
2024-12-19 15:27:00,99846.0,99846.0,99701.0,99720.0,384.454
2024-12-19 15:28:00,99720.0,99882.4,99601.2,99838.7,423.951
2024-12-19 15:29:00,99838.7,99914.6,99727.2,99891.2,589.479
2024-12-19 15:30:00,99891.2,99926.3,99751.4,99786.2,340.437
2024-12-19 15:31:00,99786.2,99829.5,99663.9,99706.3,282.59
2024-12-19 15:32:00,99706.3,100141.4,99706.0,100081.0,288.133
2024-12-19 15:33:00,100081.0,100100.2,99830.6,99877.5,760.041
2024-12-19 15:34:00,99877.5,100028.2,99777.9,99790.1,560.038
2024-12-19 15:35:00,99790.1,99860.6,99598.5,99634.9,279.772
2024-12-19 15:36:00,99634.9,99680.9,99500.0,99542.4,578.417
2024-12-19 15:37:00,99542.4,99684.1,99517.0,99683.1,591.208
2024-12-19 15:38:00,99683.1,99870.7,99682.8,99723.5,324.168
2024-12-19 15:39:00,99723.5,99881.8,99631.9,99658.9,356.306
2024-12-19 15:40:00,99658.9,99800.0,99604.5,99761.2,157.002
2024-12-19 15:41:00,99761.2,99761.2,99455.1,99563.7,163.888
2024-12-19 15:42:00,99563.7,99850.7,99542.1,99850.7,253.717
2024-12-19 15:43:00,99850.7,100065.0,99840.8,100046.4,238.306
2024-12-19 15:44:00,100046.4,100287.8,100017.5,100211.1,899.63
2024-12-19 15:45:00,100211.1,100211.4,99990.2,100014.2,553.957
2024-12-19 15:46:00,100014.2,100201.5,99926.0,100201.5,349.857
2024-12-19 15:47:00,100201.5,100319.5,100158.3,100221.4,564.709
2024-12-19 15:48:00,100221.4,100389.6,100221.4,100366.3,501.236
2024-12-19 15:49:00,100366.3,100550.0,100341.3,100495.0,519.435
2024-12-19 15:50:00,100495.0,100653.2,100415.1,100653.2,587.841
2024-12-19 15:51:00,100653.2,100721.3,100623.0,100656.7,555.697
2024-12-19 15:52:00,100656.7,100700.5,100519.1,100539.4,294.16
2024-12-19 15:53:00,100539.4,100685.0,100539.2,100666.7,185.671
2024-12-19 15:54:00,100666.7,100679.5,100480.0,100534.2,181.366
2024-12-19 15:55:00,100534.2,100600.0,100455.2,100493.0,193.316
2024-12-19 15:56:00,100493.0,100500.4,100307.8,100346.6,235.718
2024-12-19 15:57:00,100346.6,100407.0,100281.9,100357.6,327.205
2024-12-19 15:58:00,100357.6,100615.0,100357.6,100593.0,410.858
2024-12-19 15:59:00,100593.0,100690.0,100552.5,100631.1,242.878
2024-12-19 16:00:00,100631.1,100631.2,100421.8,100599.4,205.391
2024-12-19 16:01:00,100599.4,100621.3,100450.0,100467.3,184.811
2024-12-19 16:02:00,100467.3,100467.3,100354.3,100429.1,129.901
2024-12-19 16:03:00,100429.1,100655.0,100422.4,100556.2,131.869
2024-12-19 16:04:00,100556.2,100556.2,100320.2,100326.4,144.574
2024-12-19 16:05:00,100326.4,100337.6,100263.8,100263.8,138.476
2024-12-19 16:06:00,100263.8,100264.1,100146.0,100262.8,228.055
2024-12-19 16:07:00,100262.8,100296.1,100064.0,100128.1,399.531
2024-12-19 16:08:00,100128.1,100244.0,100101.0,100102.3,288.761
2024-12-19 16:09:00,100102.3,100136.9,100039.9,100076.8,113.924
2024-12-19 16:10:00,100076.8,100121.2,99972.4,100038.4,113.32
2024-12-19 16:11:00,100038.4,100079.9,99950.0,99979.3,204.744
2024-12-19 16:12:00,99979.3,100001.2,99855.9,99874.1,286.029
2024-12-19 16:13:00,99874.1,100061.6,99856.2,99925.5,210.446
2024-12-19 16:14:00,99925.5,100038.2,99900.0,100027.3,204.23
2024-12-19 16:15:00,100027.3,100195.3,100003.3,100003.3,185.353
2024-12-19 16:16:00,100003.3,100079.6,99920.9,100046.2,302.499
2024-12-19 16:17:00,100046.2,100182.0,100040.7,100050.0,181.982
2024-12-19 16:18:00,100050.0,100205.9,100045.1,100092.8,388.697
2024-12-19 16:19:00,100092.8,100136.2,100046.0,100081.5,518.349
2024-12-19 16:20:00,100081.5,100199.2,100046.1,100186.4,83.957
2024-12-19 16:21:00,100186.4,100350.1,100145.9,100251.5,107.062
2024-12-19 16:22:00,100251.5,100270.6,100150.0,100249.6,142.026
2024-12-19 16:23:00,100249.6,100480.0,100249.6,100456.8,113.226
2024-12-19 16:24:00,100456.8,100525.7,100456.8,100517.4,281.548
2024-12-19 16:25:00,100517.4,100606.9,100492.0,100499.8,408.687
2024-12-19 16:26:00,100499.8,100608.3,100482.4,100482.4,412.849
2024-12-19 16:27:00,100482.4,100595.6,100436.0,100559.0,220.319
2024-12-19 16:28:00,100559.0,100607.0,100486.2,100579.6,247.38
2024-12-19 16:29:00,100579.6,100592.5,100449.7,100482.0,73.45
2024-12-19 16:30:00,100482.0,100523.8,100407.3,100507.1,149.804
2024-12-19 16:31:00,100507.1,100633.1,100482.0,100500.2,279.855
2024-12-19 16:32:00,100500.2,100612.9,100440.5,100550.0,131.429
2024-12-19 16:33:00,100550.0,100550.0,100340.4,100375.0,78.429
2024-12-19 16:34:00,100375.0,100500.0,100374.7,100487.4,125.178
2024-12-19 16:35:00,100487.4,100498.8,100402.9,100494.5,48.822
2024-12-19 16:36:00,100494.5,100700.0,100431.8,100700.0,108.61
2024-12-19 16:37:00,100700.0,101062.5,100692.4,101022.5,781.79
2024-12-19 16:38:00,101022.5,101132.4,101007.2,101060.0,605.732
2024-12-19 16:39:00,101060.0,101162.7,101007.8,101045.8,381.152
2024-12-19 16:40:00,101045.8,101117.7,100917.9,101025.6,291.97
2024-12-19 16:41:00,101025.6,101075.1,100797.5,100859.3,306.003
2024-12-19 16:42:00,100859.3,100893.7,100811.6,100863.0,242.761
2024-12-19 16:43:00,100863.0,101036.2,100828.2,100988.0,364.178
2024-12-19 16:44:00,100988.0,101085.2,100958.5,101049.9,509.936
2024-12-19 16:45:00,101049.9,101050.1,100875.1,100900.0,111.945
2024-12-19 16:46:00,100900.0,101050.2,100900.0,101050.2,106.824
2024-12-19 16:47:00,101050.2,101056.3,100938.5,101037.6,104.318
2024-12-19 16:48:00,101037.6,101045.7,100900.0,100900.0,78.562
2024-12-19 16:49:00,100900.0,100900.0,100744.2,100788.5,68.956
2024-12-19 16:50:00,100788.5,100804.2,100725.0,100730.5,125.245
2024-12-19 16:51:00,100730.5,100816.5,100698.2,100729.1,83.552
2024-12-19 16:52:00,100729.1,100729.1,100662.9,100703.0,72.471
2024-12-19 16:53:00,100703.0,100715.2,100623.2,100632.8,64.725
2024-12-19 16:54:00,100632.8,100633.8,100580.0,100599.0,121.024
2024-12-19 16:55:00,100599.0,100628.0,100527.8,100565.8,239.97
2024-12-19 16:56:00,100565.8,100652.0,100550.1,100608.0,156.88
2024-12-19 16:57:00,100608.0,100640.8,100540.0,100547.5,73.449
2024-12-19 16:58:00,100547.5,100652.1,100507.3,100647.1,40.674
2024-12-19 16:59:00,100647.1,100728.7,100646.8,100682.6,75.262
2024-12-19 17:00:00,100682.6,100716.0,100619.2,100622.7,51.745
2024-12-19 17:01:00,100622.7,100622.7,100527.3,100550.0,36.904
2024-12-19 17:02:00,100550.0,100659.7,100500.0,100631.3,66.076
2024-12-19 17:03:00,100631.3,100677.6,100535.4,100558.2,86.035
2024-12-19 17:04:00,100558.2,100612.4,100482.0,100519.9,43.119
2024-12-19 17:05:00,100519.9,100542.0,100426.8,100450.2,77.297
2024-12-19 17:06:00,100450.2,100540.2,100413.4,100535.4,121.413
2024-12-19 17:07:00,100535.4,100550.3,100394.1,100402.9,151.781
2024-12-19 17:08:00,100402.9,100447.6,100335.6,100340.1,61.931
2024-12-19 17:09:00,100340.1,100408.1,100322.2,100362.0,96.194
2024-12-19 17:10:00,100362.0,100440.2,100346.4,100440.2,102.705
2024-12-19 17:11:00,100440.2,100440.2,100350.0,100350.0,75.489
2024-12-19 17:12:00,100350.0,100375.0,100321.3,100371.4,45.799
2024-12-19 17:13:00,100371.4,100371.4,100252.9,100341.5,79.007
2024-12-19 17:14:00,100341.5,100420.0,100260.0,100281.4,125.642
2024-12-19 17:15:00,100281.4,100315.0,100215.0,100234.1,87.778
2024-12-19 17:16:00,100234.1,100238.3,100127.5,100196.0,158.499
2024-12-19 17:17:00,100196.0,100196.0,100066.1,100066.1,212.595
2024-12-19 17:18:00,100066.1,100066.2,99847.6,99861.8,270.681
2024-12-19 17:19:00,99861.8,99930.6,99736.9,99763.0,507.108
2024-12-19 17:20:00,99763.0,99905.7,99717.6,99721.9,568.795
2024-12-19 17:21:00,99721.9,99778.2,99632.3,99646.3,641.203
2024-12-19 17:22:00,99646.3,99686.3,99571.4,99576.9,430.345
2024-12-19 17:23:00,99576.9,99849.4,99576.3,99756.3,259.049
2024-12-19 17:24:00,99756.3,99857.3,99756.3,99802.6,232.998
2024-12-19 17:25:00,99802.6,99837.4,99522.0,99602.0,302.194
2024-12-19 17:26:00,99602.0,99670.2,99517.6,99544.6,226.878
2024-12-19 17:27:00,99544.6,99725.8,99544.5,99656.1,219.195
2024-12-19 17:28:00,99656.1,99722.9,99579.3,99606.8,215.971
2024-12-19 17:29:00,99606.8,99628.2,99500.0,99507.0,247.157
2024-12-19 17:30:00,99507.0,99558.1,99311.0,99351.5,399.47
2024-12-19 17:31:00,99351.5,99455.2,99241.7,99268.5,615.045
2024-12-19 17:32:00,99268.5,99305.3,99155.0,99230.4,486.594
2024-12-19 17:33:00,99230.4,99424.5,99223.7,99353.0,640.73
2024-12-19 17:34:00,99353.0,99467.0,99210.8,99271.6,393.22
2024-12-19 17:35:00,99271.6,99363.4,99115.7,99118.4,215.749
2024-12-19 17:36:00,99118.4,99197.2,99001.4,99050.1,479.791
2024-12-19 17:37:00,99050.1,99087.2,99013.4,99041.9,552.411
2024-12-19 17:38:00,99041.9,99065.5,98948.0,98956.2,272.413
2024-12-19 17:39:00,98956.2,98999.5,98915.0,98953.3,360.445
2024-12-19 17:40:00,98953.3,99243.3,98850.0,99228.9,397.861
2024-12-19 17:41:00,99228.9,99239.6,98984.8,99029.9,578.32
2024-12-19 17:42:00,99029.9,99029.9,98868.4,98908.3,322.293
2024-12-19 17:43:00,98908.3,98923.0,98815.0,98832.5,375.447
2024-12-19 17:44:00,98832.5,98913.7,98780.9,98806.3,221.655
2024-12-19 17:45:00,98806.3,99000.3,98780.0,98973.4,252.067
2024-12-19 17:46:00,98973.4,99089.0,98929.0,99074.2,273.482
2024-12-19 17:47:00,99074.2,99128.2,98946.1,98986.1,324.721
2024-12-19 17:48:00,98986.1,99044.0,98920.0,98920.1,197.104
2024-12-19 17:49:00,98920.1,98920.1,98380.1,98513.8,1752.667
2024-12-19 17:50:00,98513.8,98921.7,98490.2,98679.0,836.489
2024-12-19 17:51:00,98679.0,98723.1,98338.1,98410.7,670.543
2024-12-19 17:52:00,98410.7,98494.2,98020.0,98027.7,1285.532
2024-12-19 17:53:00,98027.7,98472.2,98000.1,98303.9,2203.468
2024-12-19 17:54:00,98303.9,98430.1,97404.1,97732.3,1927.642
2024-12-19 17:55:00,97732.3,98334.1,97728.8,98275.7,1334.82
2024-12-19 17:56:00,98275.7,98335.3,97894.7,98314.5,781.847
2024-12-19 17:57:00,98314.5,98333.3,98100.0,98240.9,642.232
2024-12-19 17:58:00,98240.9,98800.0,98162.4,98785.7,803.773
2024-12-19 17:59:00,98785.7,99058.0,98785.7,98812.5,948.814
2024-12-19 18:00:00,98812.5,98827.0,98446.1,98699.1,1853.754
2024-12-19 18:01:00,98699.1,98773.0,98473.3,98478.6,946.292
2024-12-19 18:02:00,98478.6,98541.9,98222.7,98447.8,1303.059
2024-12-19 18:03:00,98447.8,98536.5,98281.5,98338.1,611.482
2024-12-19 18:04:00,98338.1,98413.3,98067.5,98330.2,1174.232
2024-12-19 18:05:00,98330.2,98406.9,98165.6,98185.0,740.971
2024-12-19 18:06:00,98185.0,98254.9,98006.0,98169.5,563.954
2024-12-19 18:07:00,98169.5,98398.4,98169.5,98354.0,449.41
2024-12-19 18:08:00,98354.0,98476.0,98282.7,98355.0,588.174
2024-12-19 18:09:00,98355.0,98436.6,98093.4,98093.4,301.448
2024-12-19 18:10:00,98093.4,98093.4,97867.5,98003.6,235.652
2024-12-19 18:11:00,98003.6,98099.4,97812.6,97812.6,528.009
2024-12-19 18:12:00,97812.6,97978.1,97750.1,97900.0,656.842
2024-12-19 18:13:00,97900.0,97909.8,97737.5,97750.2,524.88
2024-12-19 18:14:00,97750.2,98028.3,97716.5,98015.4,353.105
2024-12-19 18:15:00,98015.4,98015.4,97555.0,97555.0,444.879
2024-12-19 18:16:00,97555.0,97986.6,97368.9,97815.1,1761.425
2024-12-19 18:17:00,97815.1,97815.1,97542.6,97605.7,559.358
2024-12-19 18:18:00,97605.7,97606.8,97300.3,97358.9,403.832
2024-12-19 18:19:00,97358.9,97510.8,97146.4,97491.3,963.915
2024-12-19 18:20:00,97491.3,97491.3,97172.1,97216.7,619.258
2024-12-19 18:21:00,97216.7,97372.9,97079.6,97350.1,491.288
2024-12-19 18:22:00,97350.1,97370.2,97003.1,97026.0,874.126
2024-12-19 18:23:00,97026.0,97315.4,96856.1,97162.4,1174.681
2024-12-19 18:24:00,97162.4,97363.9,96909.8,97320.3,847.691
2024-12-19 18:25:00,97320.3,97642.3,97320.3,97523.1,695.556
2024-12-19 18:26:00,97523.1,97814.5,97476.6,97793.3,628.066
2024-12-19 18:27:00,97793.3,98000.1,97753.6,97916.8,1379.428
2024-12-19 18:28:00,97916.8,98175.7,97889.3,98169.1,607.737
2024-12-19 18:29:00,98169.1,98443.3,98169.0,98424.5,599.376
2024-12-19 18:30:00,98424.5,98467.1,98070.6,98086.6,713.175
2024-12-19 18:31:00,98086.6,98100.1,97899.3,97992.3,656.934
2024-12-19 18:32:00,97992.3,98216.2,97955.3,98119.8,509.448
2024-12-19 18:33:00,98119.8,98207.6,98082.8,98082.8,289.596
2024-12-19 18:34:00,98082.8,98119.7,97906.0,97986.0,192.996
2024-12-19 18:35:00,97986.0,98327.5,97943.0,98324.0,241.155
2024-12-19 18:36:00,98324.0,98518.6,98289.0,98360.4,1101.587
2024-12-19 18:37:00,98360.4,98728.3,98360.4,98710.9,667.009
2024-12-19 18:38:00,98710.9,98750.0,98509.3,98522.1,555.751
2024-12-19 18:39:00,98522.1,98613.2,98434.5,98501.0,372.993
2024-12-19 18:40:00,98501.0,98501.0,98338.6,98389.7,408.014
2024-12-19 18:41:00,98389.7,98532.7,98325.0,98500.0,144.192
2024-12-19 18:42:00,98500.0,98500.0,98260.2,98314.6,124.059
2024-12-19 18:43:00,98314.6,98367.2,98231.3,98349.9,133.667
2024-12-19 18:44:00,98349.9,98399.2,98211.4,98212.0,89.532
2024-12-19 18:45:00,98212.0,98235.4,98088.2,98122.9,123.535
2024-12-19 18:46:00,98122.9,98327.6,98064.5,98327.6,170.078
2024-12-19 18:47:00,98327.6,98455.8,98300.0,98455.7,122.987
2024-12-19 18:48:00,98455.7,98546.4,98455.7,98500.1,133.406
2024-12-19 18:49:00,98500.1,98522.0,98388.2,98469.9,158.021
2024-12-19 18:50:00,98469.9,98567.4,98420.4,98527.8,115.027
2024-12-19 18:51:00,98527.8,98598.5,98485.5,98571.3,159.189
2024-12-19 18:52:00,98571.3,98653.4,98550.0,98637.2,129.449
2024-12-19 18:53:00,98637.2,98660.8,98451.2,98455.4,253.416
2024-12-19 18:54:00,98455.4,98460.5,98203.7,98227.4,176.214
2024-12-19 18:55:00,98227.4,98410.0,98227.4,98410.0,191.346
2024-12-19 18:56:00,98410.0,98602.3,98405.9,98599.9,182.333
2024-12-19 18:57:00,98599.9,98672.9,98561.0,98655.9,152.007
2024-12-19 18:58:00,98655.9,98778.2,98655.9,98775.2,197.863
2024-12-19 18:59:00,98775.2,98900.0,98773.8,98883.8,352.513
2024-12-19 19:00:00,98883.8,98883.8,98759.2,98859.0,407.929
2024-12-19 19:01:00,98859.0,98925.2,98681.1,98769.8,142.809
2024-12-19 19:02:00,98769.8,98850.2,98709.0,98815.0,170.053
2024-12-19 19:03:00,98815.0,98863.8,98804.5,98823.5,61.16
2024-12-19 19:04:00,98823.5,98982.1,98820.0,98922.7,105.486
2024-12-19 19:05:00,98922.7,98952.2,98782.5,98927.2,194.282
2024-12-19 19:06:00,98927.2,99022.4,98817.3,98889.8,186.036
2024-12-19 19:07:00,98889.8,99000.0,98865.5,98999.9,321.981
2024-12-19 19:08:00,98999.9,99000.0,98915.9,98950.0,154.908
2024-12-19 19:09:00,98950.0,98969.1,98885.8,98934.8,205.247
2024-12-19 19:10:00,98934.8,98934.8,98618.8,98683.4,244.007
2024-12-19 19:11:00,98683.4,98832.1,98636.3,98823.8,191.997
2024-12-19 19:12:00,98823.8,98880.2,98740.1,98747.5,145.932
2024-12-19 19:13:00,98747.5,98841.6,98642.7,98675.3,81.518
2024-12-19 19:14:00,98675.3,98695.3,98626.0,98651.6,59.565
2024-12-19 19:15:00,98651.6,98651.6,98465.3,98474.9,90.742
2024-12-19 19:16:00,98474.9,98553.5,98461.1,98461.1,264.468
2024-12-19 19:17:00,98461.1,98480.5,98367.4,98470.4,200.414
2024-12-19 19:18:00,98470.4,98508.9,98409.3,98502.7,160.46
2024-12-19 19:19:00,98502.7,98545.0,98332.8,98370.1,118.292
2024-12-19 19:20:00,98370.1,98442.4,98237.5,98442.4,132.809
2024-12-19 19:21:00,98442.4,98442.4,98250.0,98269.0,219.065
2024-12-19 19:22:00,98269.0,98269.2,98152.0,98205.5,135.517
2024-12-19 19:23:00,98205.5,98415.0,98205.5,98414.9,123.492
2024-12-19 19:24:00,98414.9,98459.8,98287.2,98291.7,82.415
2024-12-19 19:25:00,98291.7,98291.7,98185.6,98209.4,77.876
2024-12-19 19:26:00,98209.4,98301.2,98185.0,98227.7,55.859
2024-12-19 19:27:00,98227.7,98343.3,98212.6,98325.8,67.728
2024-12-19 19:28:00,98325.8,98325.8,98088.3,98094.4,94.977
2024-12-19 19:29:00,98094.4,98152.6,98079.3,98117.8,166.222
2024-12-19 19:30:00,98117.8,98152.6,97968.0,98040.1,167.054
2024-12-19 19:31:00,98040.1,98062.1,97918.5,97972.6,186.477
2024-12-19 19:32:00,97972.6,98000.2,97807.3,97835.2,200.879
2024-12-19 19:33:00,97835.2,97969.4,97835.2,97850.2,218.775
2024-12-19 19:34:00,97850.2,97880.9,97614.3,97634.8,163.896
2024-12-19 19:35:00,97634.8,97728.9,97512.0,97516.2,329.87
2024-12-19 19:36:00,97516.2,97669.6,97500.9,97561.9,785.242
2024-12-19 19:37:00,97561.9,97630.1,97474.7,97605.7,760.119
2024-12-19 19:38:00,97605.7,97605.7,97341.0,97350.3,566.403
2024-12-19 19:39:00,97350.3,97414.4,97257.7,97277.9,281.947
2024-12-19 19:40:00,97277.9,97277.9,97088.5,97145.3,377.394
2024-12-19 19:41:00,97145.3,97295.3,97056.1,97187.3,317.711
2024-12-19 19:42:00,97187.3,97235.3,97101.7,97147.8,315.576
2024-12-19 19:43:00,97147.8,97162.6,96972.1,97148.2,185.748
2024-12-19 19:44:00,97148.2,97171.7,96696.0,96886.4,470.526
2024-12-19 19:45:00,96886.4,96964.8,96602.8,96655.8,674.531
2024-12-19 19:46:00,96655.8,96750.2,96512.0,96601.0,615.305
2024-12-19 19:47:00,96601.0,96871.9,96330.3,96871.9,995.98
2024-12-19 19:48:00,96871.9,97152.4,96641.1,96878.4,1187.911
2024-12-19 19:49:00,96878.4,96883.1,96676.0,96795.0,583.381
2024-12-19 19:50:00,96795.0,96933.3,96704.4,96753.3,260.338
2024-12-19 19:51:00,96753.3,96753.3,96359.3,96450.6,470.071
2024-12-19 19:52:00,96450.6,96501.5,96300.0,96311.5,643.465
2024-12-19 19:53:00,96311.5,96500.3,96239.0,96450.3,457.164
2024-12-19 19:54:00,96450.3,96735.2,96370.4,96530.0,438.143
2024-12-19 19:55:00,96530.0,96563.7,96370.5,96532.9,491.341
2024-12-19 19:56:00,96532.9,96860.6,96500.0,96837.5,273.454
2024-12-19 19:57:00,96837.5,97214.5,96827.4,97192.2,408.086
2024-12-19 19:58:00,97192.2,97210.3,97052.8,97053.1,451.144
2024-12-19 19:59:00,97053.1,97201.9,97053.1,97172.4,239.323
2024-12-19 20:00:00,97172.4,97272.8,97021.5,97195.7,321.979
2024-12-19 20:01:00,97195.7,97225.8,97025.2,97046.2,528.713
2024-12-19 20:02:00,97046.2,97124.0,96771.8,96800.0,276.78
2024-12-19 20:03:00,96800.0,96846.6,96650.8,96666.5,473.061
2024-12-19 20:04:00,96666.5,96699.9,96524.0,96562.1,181.638
2024-12-19 20:05:00,96562.1,96825.0,96562.1,96600.7,172.72
2024-12-19 20:06:00,96600.7,96672.7,96524.0,96576.7,250.836
2024-12-19 20:07:00,96576.7,96648.3,96426.0,96635.1,275.766
2024-12-19 20:08:00,96635.1,96635.1,96274.9,96303.1,197.003
2024-12-19 20:09:00,96303.1,96372.1,96200.0,96200.0,231.296
2024-12-19 20:10:00,96200.0,96215.0,95888.1,95891.5,603.143
2024-12-19 20:11:00,95891.5,96042.6,95737.3,96042.6,2181.127
2024-12-19 20:12:00,96042.6,96054.9,95718.0,95765.4,676.183
2024-12-19 20:13:00,95765.4,96000.0,95698.0,95770.6,648.085
2024-12-19 20:14:00,95770.6,96077.1,95769.9,95985.8,726.955
2024-12-19 20:15:00,95985.8,96041.9,95728.8,95800.3,590.122
2024-12-19 20:16:00,95800.3,96110.3,95753.8,95992.4,323.527
2024-12-19 20:17:00,95992.4,96549.2,95992.4,96444.4,698.412
2024-12-19 20:18:00,96444.4,96750.0,96395.2,96733.8,948.564
2024-12-19 20:19:00,96733.8,96888.0,96650.7,96663.7,877.428
2024-12-19 20:20:00,96663.7,96938.4,96594.6,96938.4,651.462
2024-12-19 20:21:00,96938.4,97013.3,96871.1,96871.1,550.845
2024-12-19 20:22:00,96871.1,97079.9,96856.8,97042.5,420.147
2024-12-19 20:23:00,97042.5,97137.4,96987.6,97012.8,457.585
2024-12-19 20:24:00,97012.8,97129.0,97000.0,97000.0,286.669
2024-12-19 20:25:00,97000.0,97000.0,96655.1,96744.0,250.618
2024-12-19 20:26:00,96744.0,96777.2,96573.0,96628.7,523.521
2024-12-19 20:27:00,96628.7,96631.2,96387.4,96488.1,203.085
2024-12-19 20:28:00,96488.1,96700.5,96406.5,96699.9,280.485
2024-12-19 20:29:00,96699.9,96773.9,96518.0,96574.8,322.078
2024-12-19 20:30:00,96574.8,96800.2,96500.0,96760.0,144.879
2024-12-19 20:31:00,96760.0,96840.0,96568.8,96605.4,181.022
2024-12-19 20:32:00,96605.4,96651.3,96556.2,96576.4,273.666
2024-12-19 20:33:00,96576.4,96578.0,96311.9,96318.7,574.175
2024-12-19 20:34:00,96318.7,96394.2,96287.4,96303.9,329.23
2024-12-19 20:35:00,96303.9,96335.2,95950.0,95977.2,319.079
2024-12-19 20:36:00,95977.2,96022.0,95820.1,95840.7,614.862
2024-12-19 20:37:00,95840.7,96054.3,95792.5,96012.2,288.769
2024-12-19 20:38:00,96012.2,96324.3,96012.2,96302.0,330.403
2024-12-19 20:39:00,96302.0,96470.2,96261.5,96425.2,572.096
2024-12-19 20:40:00,96425.2,96512.7,96292.0,96338.1,229.878
2024-12-19 20:41:00,96338.1,96639.1,96265.2,96631.0,157.004
2024-12-19 20:42:00,96631.0,96921.0,96630.7,96908.8,398.534
2024-12-19 20:43:00,96908.8,97029.6,96826.1,96925.0,560.338
2024-12-19 20:44:00,96925.0,96950.2,96822.7,96914.7,160.777
2024-12-19 20:45:00,96914.7,97041.7,96850.0,97026.4,203.308
2024-12-19 20:46:00,97026.4,97221.0,97026.3,97220.8,356.652
2024-12-19 20:47:00,97220.8,97289.0,97057.6,97101.4,658.376
2024-12-19 20:48:00,97101.4,97102.4,96810.0,96880.2,442.065
2024-12-19 20:49:00,96880.2,96880.2,96727.6,96729.1,306.498
2024-12-19 20:50:00,96729.1,96871.3,96685.0,96832.9,236.951
2024-12-19 20:51:00,96832.9,96857.1,96756.5,96840.2,194.189
2024-12-19 20:52:00,96840.2,96847.8,96665.3,96677.6,277.954
2024-12-19 20:53:00,96677.6,96685.5,96478.5,96554.9,401.794
2024-12-19 20:54:00,96554.9,96596.4,96466.7,96579.4,211.449
2024-12-19 20:55:00,96579.4,96807.9,96579.4,96786.7,204.663
2024-12-19 20:56:00,96786.7,96910.8,96726.3,96858.5,359.374
2024-12-19 20:57:00,96858.5,96948.9,96750.2,96850.0,126.436
2024-12-19 20:58:00,96850.0,96916.6,96592.2,96592.2,111.282
2024-12-19 20:59:00,96592.2,96592.2,96325.3,96396.1,304.966
2024-12-19 21:00:00,96396.1,96491.6,96286.4,96289.1,506.977
2024-12-19 21:01:00,96289.1,96326.4,96200.1,96319.4,477.827
2024-12-19 21:02:00,96319.4,96319.4,96009.6,96073.1,594.998
2024-12-19 21:03:00,96073.1,96098.7,95831.9,95999.3,556.228
2024-12-19 21:04:00,95999.3,96225.6,95918.4,96136.2,444.632
2024-12-19 21:05:00,96136.2,96345.6,96106.5,96322.0,309.771
2024-12-19 21:06:00,96322.0,96594.6,96264.0,96594.6,235.111
2024-12-19 21:07:00,96594.6,96815.8,96590.0,96740.7,300.675
2024-12-19 21:08:00,96740.7,96942.1,96588.6,96927.8,606.929
2024-12-19 21:09:00,96927.8,97147.2,96840.4,97034.2,411.242
2024-12-19 21:10:00,97034.2,97216.4,96965.1,97169.6,347.217
2024-12-19 21:11:00,97169.6,97197.4,97051.4,97061.9,222.332
2024-12-19 21:12:00,97061.9,97157.8,96966.0,97004.1,305.054
2024-12-19 21:13:00,97004.1,97085.0,96931.0,97038.1,255.397
2024-12-19 21:14:00,97038.1,97053.4,96898.1,96906.3,157.112
2024-12-19 21:15:00,96906.3,96934.3,96753.7,96781.0,190.45
2024-12-19 21:16:00,96781.0,97180.2,96780.0,97172.0,239.096
2024-12-19 21:17:00,97172.0,97545.0,97171.0,97408.2,725.423
2024-12-19 21:18:00,97408.2,97585.5,97387.8,97542.0,608.056
2024-12-19 21:19:00,97542.0,97609.2,97488.5,97548.9,309.555
2024-12-19 21:20:00,97548.9,97800.3,97548.9,97749.1,386.011
2024-12-19 21:21:00,97749.1,97785.4,97605.2,97649.5,636.832
2024-12-19 21:22:00,97649.5,97807.2,97648.1,97784.8,393.208
2024-12-19 21:23:00,97784.8,97905.8,97776.7,97870.1,227.515
2024-12-19 21:24:00,97870.1,97978.0,97801.5,97951.6,280.641
2024-12-19 21:25:00,97951.6,97960.7,97757.1,97757.4,300.402
2024-12-19 21:26:00,97757.4,97803.4,97600.1,97629.6,334.333
2024-12-19 21:27:00,97629.6,97765.3,97576.7,97683.6,481.182
2024-12-19 21:28:00,97683.6,97738.5,97550.2,97559.9,319.561
2024-12-19 21:29:00,97559.9,97577.7,97482.3,97508.0,209.464
2024-12-19 21:30:00,97508.0,97531.4,97368.4,97398.5,217.513
2024-12-19 21:31:00,97398.5,97571.1,97346.0,97491.6,200.648
2024-12-19 21:32:00,97491.6,97700.2,97440.3,97699.9,302.207
2024-12-19 21:33:00,97699.9,97755.8,97659.3,97728.5,410.351
2024-12-19 21:34:00,97728.5,97747.1,97423.4,97487.7,204.335
2024-12-19 21:35:00,97487.7,97745.9,97473.8,97715.6,358.774
2024-12-19 21:36:00,97715.6,97934.3,97715.6,97826.2,202.202
2024-12-19 21:37:00,97826.2,97915.2,97777.0,97879.6,489.763
2024-12-19 21:38:00,97879.6,97970.5,97873.9,97952.4,250.081
2024-12-19 21:39:00,97952.4,98051.6,97866.6,97901.1,233.754
2024-12-19 21:40:00,97901.1,97903.5,97736.0,97762.7,372.573
2024-12-19 21:41:00,97762.7,97810.6,97750.5,97751.9,204.982
2024-12-19 21:42:00,97751.9,97904.3,97729.1,97834.0,59.773
2024-12-19 21:43:00,97834.0,97957.5,97766.3,97900.0,103.666
2024-12-19 21:44:00,97900.0,97957.4,97824.5,97849.2,67.195
2024-12-19 21:45:00,97849.2,97883.1,97690.1,97808.4,88.286
2024-12-19 21:46:00,97808.4,97808.4,97426.5,97489.1,287.662
2024-12-19 21:47:00,97489.1,97581.4,97460.7,97573.2,569.135
2024-12-19 21:48:00,97573.2,97689.3,97543.7,97677.4,191.572
2024-12-19 21:49:00,97677.4,97696.5,97578.5,97666.8,68.463
2024-12-19 21:50:00,97666.8,97691.0,97627.7,97639.4,35.261
2024-12-19 21:51:00,97639.4,97716.8,97569.1,97602.0,51.052
2024-12-19 21:52:00,97602.0,97691.6,97529.0,97656.8,75.899
2024-12-19 21:53:00,97656.8,97741.6,97610.0,97725.3,64.987
2024-12-19 21:54:00,97725.3,97739.7,97642.6,97649.1,102.401
2024-12-19 21:55:00,97649.1,97695.5,97522.1,97551.9,121.468
2024-12-19 21:56:00,97551.9,97683.5,97538.1,97683.2,58.908
2024-12-19 21:57:00,97683.2,97687.3,97629.9,97681.6,43.614
2024-12-19 21:58:00,97681.6,97687.3,97534.5,97541.8,31.597
2024-12-19 21:59:00,97541.8,97557.7,97348.2,97393.0,125.906
2024-12-19 22:00:00,97393.0,97393.0,97304.2,97393.0,329.233
2024-12-19 22:01:00,97393.0,97576.2,97392.9,97551.4,238.574
2024-12-19 22:02:00,97551.4,97572.4,97400.0,97415.2,284.484
2024-12-19 22:03:00,97415.2,97549.6,97350.2,97530.7,53.216
2024-12-19 22:04:00,97530.7,97560.0,97473.7,97534.4,46.382
2024-12-19 22:05:00,97534.4,97545.6,97192.9,97333.2,79.803
2024-12-19 22:06:00,97333.2,97464.0,97300.9,97373.6,180.107
2024-12-19 22:07:00,97373.6,97478.5,97346.5,97418.4,61.82
2024-12-19 22:08:00,97418.4,97433.8,97238.2,97245.0,75.872
2024-12-19 22:09:00,97245.0,97342.6,97245.0,97324.9,79.934
2024-12-19 22:10:00,97324.9,97384.8,97238.1,97293.6,91.565
2024-12-19 22:11:00,97293.6,97322.5,97223.2,97223.3,67.528
2024-12-19 22:12:00,97223.3,97512.7,97202.2,97512.3,69.569
2024-12-19 22:13:00,97512.3,97512.3,97383.9,97383.9,95.638
2024-12-19 22:14:00,97383.9,97460.3,97320.7,97338.1,60.104
2024-12-19 22:15:00,97338.1,97449.7,97300.0,97417.5,34.387
2024-12-19 22:16:00,97417.5,97575.5,97335.9,97575.5,53.376
2024-12-19 22:17:00,97575.5,97575.5,97439.1,97521.5,69.979
2024-12-19 22:18:00,97521.5,97612.9,97463.3,97468.8,48.168
2024-12-19 22:19:00,97468.8,97532.1,97468.8,97514.6,46.957
2024-12-19 22:20:00,97514.6,97737.4,97514.6,97690.4,644.26
2024-12-19 22:21:00,97690.4,97789.9,97655.2,97701.3,549.877
2024-12-19 22:22:00,97701.3,97827.4,97691.9,97728.1,141.74
2024-12-19 22:23:00,97728.1,97785.1,97722.2,97782.6,143.995
2024-12-19 22:24:00,97782.6,97851.5,97765.1,97771.5,153.865
2024-12-19 22:25:00,97771.5,97830.1,97739.7,97829.8,270.112
2024-12-19 22:26:00,97829.8,97886.0,97820.1,97823.9,83.543
2024-12-19 22:27:00,97823.9,97885.2,97733.0,97765.7,69.032
2024-12-19 22:28:00,97765.7,97872.2,97765.7,97871.9,68.877
2024-12-19 22:29:00,97871.9,97888.4,97664.9,97707.3,60.19
2024-12-19 22:30:00,97707.3,97712.8,97379.3,97416.5,333.639
2024-12-19 22:31:00,97416.5,97556.5,97392.1,97466.2,542.027
2024-12-19 22:32:00,97466.2,97466.2,97348.6,97376.7,120.201
2024-12-19 22:33:00,97376.7,97489.8,97362.7,97474.9,60.912
2024-12-19 22:34:00,97474.9,97554.0,97404.2,97476.7,47.809
2024-12-19 22:35:00,97476.7,97560.6,97405.6,97488.2,42.362
2024-12-19 22:36:00,97488.2,97633.3,97487.9,97633.3,27.246
2024-12-19 22:37:00,97633.3,97650.2,97437.2,97465.2,34.231
2024-12-19 22:38:00,97465.2,97541.9,97425.1,97439.5,47.436
2024-12-19 22:39:00,97439.5,97513.9,97382.0,97382.3,56.573
2024-12-19 22:40:00,97382.3,97488.9,97368.6,97488.9,29.709
2024-12-19 22:41:00,97488.9,97547.9,97421.6,97477.1,39.054
2024-12-19 22:42:00,97477.1,97521.3,97476.9,97521.3,25.701
2024-12-19 22:43:00,97521.3,97552.0,97521.3,97552.0,12.347
2024-12-19 22:44:00,97552.0,97733.2,97552.0,97733.2,18.523
2024-12-19 22:45:00,97733.2,97738.4,97680.3,97707.4,33.918
2024-12-19 22:46:00,97707.4,97788.8,97696.1,97786.2,36.987
2024-12-19 22:47:00,97786.2,97862.4,97785.9,97862.1,41.755
2024-12-19 22:48:00,97862.1,97888.5,97759.0,97888.2,56.612
2024-12-19 22:49:00,97888.2,97974.5,97887.9,97963.4,74.214
2024-12-19 22:50:00,97963.4,97994.2,97914.3,97990.6,102.294
2024-12-19 22:51:00,97990.6,98000.1,97989.2,98000.0,89.194
2024-12-19 22:52:00,98000.0,98050.2,97999.7,98009.7,76.215
2024-12-19 22:53:00,98009.7,98101.6,98009.7,98101.6,109.652
2024-12-19 22:54:00,98101.6,98163.5,98101.5,98163.4,187.457
2024-12-19 22:55:00,98163.4,98232.3,98140.8,98232.3,158.542
2024-12-19 22:56:00,98232.3,98372.0,98232.3,98327.3,260.944
2024-12-19 22:57:00,98327.3,98331.4,98240.1,98240.1,338.569
2024-12-19 22:58:00,98240.1,98240.1,98117.2,98117.2,110.198
2024-12-19 22:59:00,98117.2,98333.0,98040.0,98332.1,175.235
2024-12-19 23:00:00,98332.1,98343.3,98133.6,98166.1,190.941
2024-12-19 23:01:00,98166.1,98305.7,98166.1,98252.2,101.263
2024-12-19 23:02:00,98252.2,98277.9,98082.8,98082.8,93.564
2024-12-19 23:03:00,98082.8,98082.8,97942.8,97975.0,98.365
2024-12-19 23:04:00,97975.0,97975.0,97871.0,97894.1,302.495
2024-12-19 23:05:00,97894.1,97894.1,97767.4,97834.9,558.112
2024-12-19 23:06:00,97834.9,97913.2,97807.3,97807.3,207.749
2024-12-19 23:07:00,97807.3,97807.6,97700.0,97761.5,184.938
2024-12-19 23:08:00,97761.5,97884.6,97761.5,97884.6,207.51
2024-12-19 23:09:00,97884.6,97888.8,97806.4,97886.4,205.845
2024-12-19 23:10:00,97886.4,97897.4,97875.8,97897.4,58.39
2024-12-19 23:11:00,97897.4,97899.0,97850.0,97866.3,69.384
2024-12-19 23:12:00,97866.3,97898.5,97821.9,97856.3,87.121
2024-12-19 23:13:00,97856.3,97900.0,97856.0,97856.9,87.559
2024-12-19 23:14:00,97856.9,97906.0,97856.9,97906.0,40.259
2024-12-19 23:15:00,97906.0,97910.3,97869.2,97898.6,29.298
2024-12-19 23:16:00,97898.6,97910.3,97822.0,97825.3,26.485
2024-12-19 23:17:00,97825.3,97841.1,97736.9,97790.2,43.629
2024-12-19 23:18:00,97790.2,97802.6,97750.0,97766.7,74.397
2024-12-19 23:19:00,97766.7,97838.5,97766.7,97825.2,31.397
2024-12-19 23:20:00,97825.2,97825.2,97585.8,97602.9,48.347
2024-12-19 23:21:00,97602.9,97652.4,97538.4,97642.6,130.315
2024-12-19 23:22:00,97642.6,97642.6,97478.1,97489.9,125.038
2024-12-19 23:23:00,97489.9,97497.2,97466.6,97473.3,155.153
2024-12-19 23:24:00,97473.3,97571.4,97445.5,97569.2,61.922
2024-12-19 23:25:00,97569.2,97660.2,97522.1,97658.9,96.446
2024-12-19 23:26:00,97658.9,97751.6,97658.9,97693.8,98.073
2024-12-19 23:27:00,97693.8,97723.2,97655.0,97709.5,43.59
2024-12-19 23:28:00,97709.5,97772.9,97683.6,97755.0,16.226
2024-12-19 23:29:00,97755.0,97846.3,97702.4,97846.3,372.833
2024-12-19 23:30:00,97846.3,97897.3,97722.4,97772.8,607.348
2024-12-19 23:31:00,97772.8,97844.6,97736.8,97799.7,306.15
2024-12-19 23:32:00,97799.7,97829.9,97693.4,97693.4,67.236
2024-12-19 23:33:00,97693.4,97807.3,97693.4,97718.2,174.329
2024-12-19 23:34:00,97718.2,97718.2,97461.0,97476.0,42.475
2024-12-19 23:35:00,97476.0,97512.6,97431.9,97493.0,85.555
2024-12-19 23:36:00,97493.0,97493.0,97440.0,97454.2,77.261
2024-12-19 23:37:00,97454.2,97628.6,97454.0,97601.9,50.226
2024-12-19 23:38:00,97601.9,97656.3,97531.8,97590.4,68.424
2024-12-19 23:39:00,97590.4,97733.6,97555.2,97733.6,53.653
2024-12-19 23:40:00,97733.6,97821.0,97733.6,97821.0,48.241
2024-12-19 23:41:00,97821.0,97914.6,97820.8,97914.6,69.318
2024-12-19 23:42:00,97914.6,97984.5,97914.6,97934.4,92.554
2024-12-19 23:43:00,97934.4,97934.4,97837.3,97892.7,111.314
2024-12-19 23:44:00,97892.7,98011.5,97863.7,97996.4,85.149
2024-12-19 23:45:00,97996.4,98140.8,97981.3,98140.8,81.698
2024-12-19 23:46:00,98140.8,98140.8,97965.0,97973.0,90.527
2024-12-19 23:47:00,97973.0,98023.8,97911.7,97982.8,80.896
2024-12-19 23:48:00,97982.8,97994.1,97922.4,97981.2,92.01
2024-12-19 23:49:00,97981.2,97990.2,97855.4,97855.4,62.742
2024-12-19 23:50:00,97855.4,97976.8,97841.7,97945.3,92.564
2024-12-19 23:51:00,97945.3,97945.3,97793.2,97846.8,71.047
2024-12-19 23:52:00,97846.8,97891.2,97827.4,97844.5,61.088
2024-12-19 23:53:00,97844.5,97998.3,97844.5,97941.2,29.938
2024-12-19 23:54:00,97941.2,97969.4,97834.3,97885.7,20.251
2024-12-19 23:55:00,97885.7,97885.7,97657.3,97663.4,38.046
2024-12-19 23:56:00,97663.4,97754.1,97616.7,97659.8,56.306
2024-12-19 23:57:00,97659.8,97676.6,97580.0,97580.1,68.495
2024-12-19 23:58:00,97580.1,97589.6,97514.7,97522.1,41.172
2024-12-19 23:59:00,97522.1,97522.1,97450.0,97450.0,62.659
2024-12-20 00:00:00,97450.0,97684.8,97434.3,97634.6,414.305
2024-12-20 00:01:00,97634.6,97650.2,97508.8,97573.3,503.301
2024-12-20 00:02:00,97573.3,97628.4,97450.1,97600.0,51.195
2024-12-20 00:03:00,97600.0,97605.2,97509.9,97573.9,55.773
2024-12-20 00:04:00,97573.9,97645.2,97550.0,97557.8,52.17
2024-12-20 00:05:00,97557.8,97606.0,97419.6,97475.3,118.908
2024-12-20 00:06:00,97475.3,97484.0,97382.3,97450.2,103.359
2024-12-20 00:07:00,97450.2,97644.2,97371.0,97644.0,142.868
2024-12-20 00:08:00,97644.0,97795.7,97601.4,97758.5,128.221
2024-12-20 00:09:00,97758.5,97758.5,97460.7,97460.7,153.368
2024-12-20 00:10:00,97460.7,97656.8,97460.7,97522.0,74.897
2024-12-20 00:11:00,97522.0,97634.4,97512.3,97518.3,56.204
2024-12-20 00:12:00,97518.3,97518.3,97357.0,97380.9,58.092
2024-12-20 00:13:00,97380.9,97608.2,97380.9,97575.7,70.804
2024-12-20 00:14:00,97575.7,97575.7,97424.5,97471.3,61.201
2024-12-20 00:15:00,97471.3,97499.7,97350.0,97384.8,50.567
2024-12-20 00:16:00,97384.8,97384.8,97300.0,97345.5,66.526
2024-12-20 00:17:00,97345.5,97357.7,97068.0,97137.6,275.78
2024-12-20 00:18:00,97137.6,97149.9,97056.0,97074.3,543.72
2024-12-20 00:19:00,97074.3,97205.8,97074.3,97182.0,130.543
2024-12-20 00:20:00,97182.0,97210.0,97013.7,97013.7,122.399
2024-12-20 00:21:00,97013.7,97113.9,96936.4,97113.9,253.781
2024-12-20 00:22:00,97113.9,97266.2,97035.8,97069.5,474.113
2024-12-20 00:23:00,97069.5,97069.5,96978.1,97005.7,101.442
2024-12-20 00:24:00,97005.7,97171.3,97001.7,97170.8,108.318
2024-12-20 00:25:00,97170.8,97205.1,97036.6,97055.2,88.445
2024-12-20 00:26:00,97055.2,97211.5,97055.2,97195.2,74.566
2024-12-20 00:27:00,97195.2,97336.2,97185.9,97224.9,67.834
2024-12-20 00:28:00,97224.9,97224.9,97001.6,97039.4,113.454
2024-12-20 00:29:00,97039.4,97041.5,96775.0,96802.1,216.775
2024-12-20 00:30:00,96802.1,96939.9,96784.0,96917.8,310.324
2024-12-20 00:31:00,96917.8,97035.7,96675.9,96711.0,210.659
2024-12-20 00:32:00,96711.0,96785.9,96629.0,96664.6,193.809
2024-12-20 00:33:00,96664.6,96860.8,96622.1,96758.3,116.105
2024-12-20 00:34:00,96758.3,97053.1,96693.9,97024.0,175.169
2024-12-20 00:35:00,97024.0,97209.8,97024.0,97123.4,278.702
2024-12-20 00:36:00,97123.4,97250.0,97100.0,97199.0,174.274
2024-12-20 00:37:00,97199.0,97285.0,97181.5,97281.4,129.009
2024-12-20 00:38:00,97281.4,97395.4,97273.6,97380.8,158.742
2024-12-20 00:39:00,97380.8,97485.7,97330.0,97345.1,210.398
2024-12-20 00:40:00,97345.1,97374.6,97260.6,97341.7,203.877
2024-12-20 00:41:00,97341.7,97380.0,97317.2,97373.3,283.566
2024-12-20 00:42:00,97373.3,97542.8,97373.2,97509.0,202.048
2024-12-20 00:43:00,97509.0,97522.5,97433.2,97507.3,317.926
2024-12-20 00:44:00,97507.3,97515.7,97430.5,97514.7,54.407
2024-12-20 00:45:00,97514.7,97562.3,97480.4,97562.3,91.325
2024-12-20 00:46:00,97562.3,97600.0,97500.0,97500.0,208.785
2024-12-20 00:47:00,97500.0,97500.0,97336.2,97355.8,129.317
2024-12-20 00:48:00,97355.8,97369.5,97243.3,97259.0,138.199
2024-12-20 00:49:00,97259.0,97275.4,97201.0,97201.0,125.856
2024-12-20 00:50:00,97201.0,97330.2,97201.0,97289.1,49.518
2024-12-20 00:51:00,97289.1,97298.8,97164.6,97164.6,50.857
2024-12-20 00:52:00,97164.6,97358.9,97150.0,97298.3,72.322
2024-12-20 00:53:00,97298.3,97318.8,97226.9,97317.0,40.458
2024-12-20 00:54:00,97317.0,97340.2,97238.8,97256.8,37.152
2024-12-20 00:55:00,97256.8,97256.8,97068.1,97137.3,35.554
2024-12-20 00:56:00,97137.3,97190.7,97100.8,97108.2,86.481
2024-12-20 00:57:00,97108.2,97154.0,97073.5,97137.6,39.454
2024-12-20 00:58:00,97137.6,97300.0,97137.6,97300.0,28.168
2024-12-20 00:59:00,97300.0,97300.0,97162.8,97210.6,44.123
2024-12-20 01:00:00,97210.6,97317.8,97210.6,97312.5,106.183
2024-12-20 01:01:00,97312.5,97355.0,97086.4,97104.8,150.643
2024-12-20 01:02:00,97104.8,97246.9,97086.7,97227.2,52.63
2024-12-20 01:03:00,97227.2,97438.0,97226.9,97408.9,81.123
2024-12-20 01:04:00,97408.9,97500.0,97405.2,97461.2,248.95
2024-12-20 01:05:00,97461.2,97461.2,97156.7,97156.7,164.498
2024-12-20 01:06:00,97156.7,97355.2,97156.7,97299.5,41.301
2024-12-20 01:07:00,97299.5,97322.4,97212.4,97284.3,29.478
2024-12-20 01:08:00,97284.3,97347.7,97171.5,97187.4,40.982
2024-12-20 01:09:00,97187.4,97192.1,97032.6,97033.0,110.789
2024-12-20 01:10:00,97033.0,97033.3,96916.8,96982.5,165.344
2024-12-20 01:11:00,96982.5,97041.6,96880.0,97037.3,222.66
2024-12-20 01:12:00,97037.3,97134.3,96913.2,96957.8,136.843
2024-12-20 01:13:00,96957.8,97074.8,96912.0,97017.9,266.242
2024-12-20 01:14:00,97017.9,97025.7,96888.0,96899.9,535.017
2024-12-20 01:15:00,96899.9,96950.4,96764.0,96764.1,72.494
2024-12-20 01:16:00,96764.1,96797.4,96700.0,96712.8,214.23
2024-12-20 01:17:00,96712.8,96782.7,96655.0,96772.9,397.648
2024-12-20 01:18:00,96772.9,96907.1,96726.3,96744.7,358.152
2024-12-20 01:19:00,96744.7,96845.8,96681.9,96719.9,94.134
2024-12-20 01:20:00,96719.9,96958.0,96700.0,96909.3,191.445
2024-12-20 01:21:00,96909.3,97097.5,96908.6,97091.2,447.566
2024-12-20 01:22:00,97091.2,97166.2,97080.9,97154.7,97.575
2024-12-20 01:23:00,97154.7,97320.1,97154.7,97296.9,142.405
2024-12-20 01:24:00,97296.9,97298.1,97175.9,97193.7,218.467
2024-12-20 01:25:00,97193.7,97253.0,97051.7,97053.0,327.737
2024-12-20 01:26:00,97053.0,97056.0,96995.7,97054.4,148.61
2024-12-20 01:27:00,97054.4,97166.0,97054.1,97149.2,246.818
2024-12-20 01:28:00,97149.2,97149.2,97055.8,97062.4,209.613
2024-12-20 01:29:00,97062.4,97125.2,96986.9,97035.6,92.143
2024-12-20 01:30:00,97035.6,97111.6,96991.8,97069.2,42.391
2024-12-20 01:31:00,97069.2,97135.7,97069.2,97120.9,84.469
2024-12-20 01:32:00,97120.9,97264.6,97120.9,97227.5,176.359
2024-12-20 01:33:00,97227.5,97375.7,97221.2,97374.5,373.59
2024-12-20 01:34:00,97374.5,97401.9,97335.7,97400.0,202.295
2024-12-20 01:35:00,97400.0,97400.0,97183.7,97183.8,66.521
2024-12-20 01:36:00,97183.8,97200.2,96965.6,96993.8,124.215
2024-12-20 01:37:00,96993.8,97001.2,96854.8,96866.0,126.002
2024-12-20 01:38:00,96866.0,96913.6,96822.2,96822.4,137.08
2024-12-20 01:39:00,96822.4,96822.7,96700.0,96700.1,245.757
2024-12-20 01:40:00,96700.1,96724.6,96625.0,96646.0,280.775
2024-12-20 01:41:00,96646.0,96657.9,96500.0,96541.8,336.73
2024-12-20 01:42:00,96541.8,96620.2,96428.6,96428.6,328.892
2024-12-20 01:43:00,96428.6,96454.9,96251.0,96454.9,325.415
2024-12-20 01:44:00,96454.9,96530.0,96438.6,96456.5,438.398
2024-12-20 01:45:00,96456.5,96707.1,96455.7,96707.1,197.489
2024-12-20 01:46:00,96707.1,96800.0,96667.0,96776.9,171.57
2024-12-20 01:47:00,96776.9,96920.2,96751.6,96909.0,113.69
2024-12-20 01:48:00,96909.0,96968.0,96834.2,96927.4,126.11
2024-12-20 01:49:00,96927.4,97001.6,96911.9,96937.9,129.627
2024-12-20 01:50:00,96937.9,97002.1,96860.9,96863.5,242.237
2024-12-20 01:51:00,96863.5,96863.8,96652.8,96655.2,584.302
2024-12-20 01:52:00,96655.2,96656.1,96570.0,96587.6,196.838
2024-12-20 01:53:00,96587.6,96602.1,96305.0,96321.6,156.194
2024-12-20 01:54:00,96321.6,96437.2,96280.0,96311.0,425.865
2024-12-20 01:55:00,96311.0,96318.0,96185.2,96230.2,602.474
2024-12-20 01:56:00,96230.2,96268.8,96178.3,96263.3,317.151
2024-12-20 01:57:00,96263.3,96426.2,96170.0,96229.2,152.938
2024-12-20 01:58:00,96229.2,96263.7,96169.0,96190.6,228.026
2024-12-20 01:59:00,96190.6,96295.8,96130.1,96295.5,138.366
2024-12-20 02:00:00,96295.5,96295.8,96002.3,96013.0,242.793
2024-12-20 02:01:00,96013.0,96019.8,95951.4,96007.9,337.282
2024-12-20 02:02:00,96007.9,96122.0,96000.0,96122.0,312.27
2024-12-20 02:03:00,96122.0,96354.0,96096.7,96311.1,199.613
2024-12-20 02:04:00,96311.1,96350.0,96248.4,96330.4,179.381
2024-12-20 02:05:00,96330.4,96435.2,96268.0,96268.0,123.296
2024-12-20 02:06:00,96268.0,96345.0,96028.7,96029.7,191.475
2024-12-20 02:07:00,96029.7,96061.2,95976.2,96029.6,132.467
2024-12-20 02:08:00,96029.6,96217.4,96015.6,96188.1,258.943
2024-12-20 02:09:00,96188.1,96297.0,96128.2,96262.3,312.358
2024-12-20 02:10:00,96262.3,96428.1,96235.0,96426.6,200.295
2024-12-20 02:11:00,96426.6,96456.2,96357.6,96441.4,338.645
2024-12-20 02:12:00,96441.4,96599.0,96425.3,96584.4,377.135
2024-12-20 02:13:00,96584.4,96735.3,96580.6,96702.5,147.669
2024-12-20 02:14:00,96702.5,96769.5,96646.0,96730.5,140.437
2024-12-20 02:15:00,96730.5,96806.7,96648.4,96806.4,186.055
2024-12-20 02:16:00,96806.4,96832.7,96763.2,96814.4,335.38
2024-12-20 02:17:00,96814.4,97018.0,96812.1,96890.2,242.845
2024-12-20 02:18:00,96890.2,96904.3,96662.6,96666.1,224.029
2024-12-20 02:19:00,96666.1,96761.4,96647.7,96732.4,149.292
2024-12-20 02:20:00,96732.4,96754.6,96657.3,96664.2,134.166
2024-12-20 02:21:00,96664.2,96786.0,96663.0,96673.9,234.852
2024-12-20 02:22:00,96673.9,96684.3,96490.1,96503.2,454.415
2024-12-20 02:23:00,96503.2,96732.0,96461.0,96695.9,207.546
2024-12-20 02:24:00,96695.9,96822.0,96684.9,96817.7,124.248
2024-12-20 02:25:00,96817.7,96934.2,96807.1,96928.3,91.951
2024-12-20 02:26:00,96928.3,97080.0,96922.8,97078.3,142.457
2024-12-20 02:27:00,97078.3,97131.4,97057.8,97103.3,233.702
2024-12-20 02:28:00,97103.3,97196.3,97098.4,97196.3,368.736
2024-12-20 02:29:00,97196.3,97196.3,97107.9,97162.0,538.079
2024-12-20 02:30:00,97162.0,97189.6,97064.5,97172.3,113.451
2024-12-20 02:31:00,97172.3,97333.7,97153.6,97333.6,191.865
2024-12-20 02:32:00,97333.6,97349.2,97133.0,97161.3,225.971
2024-12-20 02:33:00,97161.3,97467.6,97147.2,97426.5,186.572
2024-12-20 02:34:00,97426.5,97426.8,97253.9,97307.6,181.2
2024-12-20 02:35:00,97307.6,97441.8,97302.5,97421.6,190.594
2024-12-20 02:36:00,97421.6,97436.5,97337.5,97406.8,130.315
2024-12-20 02:37:00,97406.8,97468.0,97400.0,97467.7,58.404
2024-12-20 02:38:00,97467.7,97469.0,97416.9,97465.4,73.414
2024-12-20 02:39:00,97465.4,97482.2,97390.9,97468.3,101.28
2024-12-20 02:40:00,97468.3,97470.3,97345.2,97389.4,92.171
2024-12-20 02:41:00,97389.4,97465.9,97344.8,97460.2,93.828
2024-12-20 02:42:00,97460.2,97478.2,97455.5,97470.0,48.756
2024-12-20 02:43:00,97470.0,97510.2,97422.2,97465.3,51.4
2024-12-20 02:44:00,97465.3,97510.2,97465.3,97504.3,81.937
2024-12-20 02:45:00,97504.3,97504.3,97415.8,97421.7,42.304
2024-12-20 02:46:00,97421.7,97470.0,97370.8,97459.7,71.123
2024-12-20 02:47:00,97459.7,97462.8,97300.0,97323.7,68.265
2024-12-20 02:48:00,97323.7,97468.3,97323.7,97414.5,179.406
2024-12-20 02:49:00,97414.5,97491.1,97345.5,97491.1,276.964
2024-12-20 02:50:00,97491.1,97510.2,97460.0,97510.2,93.184
2024-12-20 02:51:00,97510.2,97510.2,97394.9,97415.0,139.424
2024-12-20 02:52:00,97415.0,97450.3,97403.2,97408.2,98.522
2024-12-20 02:53:00,97408.2,97482.4,97380.0,97431.5,97.721
2024-12-20 02:54:00,97431.5,97474.3,97385.9,97442.0,221.539
2024-12-20 02:55:00,97442.0,97455.2,97352.3,97449.0,44.581
2024-12-20 02:56:00,97449.0,97500.3,97448.5,97500.0,48.249
2024-12-20 02:57:00,97500.0,97673.2,97500.0,97644.9,224.564
2024-12-20 02:58:00,97644.9,97689.1,97585.6,97585.9,540.612
2024-12-20 02:59:00,97585.9,97617.9,97574.5,97587.0,156.149
2024-12-20 03:00:00,97587.0,97665.2,97556.2,97568.1,65.35
2024-12-20 03:01:00,97568.1,97568.1,97447.0,97520.6,90.656
2024-12-20 03:02:00,97520.6,97649.9,97484.3,97627.3,145.376
2024-12-20 03:03:00,97627.3,97653.5,97563.5,97577.9,86.772
2024-12-20 03:04:00,97577.9,97605.8,97450.0,97451.6,121.033
2024-12-20 03:05:00,97451.6,97524.9,97420.0,97510.2,227.891
2024-12-20 03:06:00,97510.2,97570.7,97451.8,97451.8,51.224
2024-12-20 03:07:00,97451.8,97490.3,97380.0,97431.5,39.272
2024-12-20 03:08:00,97431.5,97440.1,97374.3,97424.5,53.255
2024-12-20 03:09:00,97424.5,97424.6,97341.0,97388.0,74.336
2024-12-20 03:10:00,97388.0,97500.3,97353.7,97451.4,82.874
2024-12-20 03:11:00,97451.4,97451.4,97421.1,97421.3,58.669
2024-12-20 03:12:00,97421.3,97429.8,97341.1,97342.3,30.319
2024-12-20 03:13:00,97342.3,97461.3,97288.4,97461.3,75.105
2024-12-20 03:14:00,97461.3,97461.3,97361.7,97382.0,93.698
2024-12-20 03:15:00,97382.0,97478.1,97360.3,97478.1,29.446
2024-12-20 03:16:00,97478.1,97711.2,97433.2,97709.8,35.087
2024-12-20 03:17:00,97709.8,97763.0,97680.0,97707.1,109.095
2024-12-20 03:18:00,97707.1,97707.4,97573.4,97573.4,186.327
2024-12-20 03:19:00,97573.4,97614.0,97538.5,97600.9,59.118
2024-12-20 03:20:00,97600.9,97641.0,97540.8,97621.7,99.123
2024-12-20 03:21:00,97621.7,97648.1,97593.3,97641.0,65.058
2024-12-20 03:22:00,97641.0,97642.5,97555.0,97639.5,23.045
2024-12-20 03:23:00,97639.5,97687.9,97639.5,97683.6,38.203
2024-12-20 03:24:00,97683.6,97690.2,97563.3,97572.2,33.475
2024-12-20 03:25:00,97572.2,97614.2,97526.5,97526.5,27.533
2024-12-20 03:26:00,97526.5,97550.4,97514.7,97527.3,27.28
2024-12-20 03:27:00,97527.3,97580.5,97470.0,97479.7,9.204
2024-12-20 03:28:00,97479.7,97575.2,97479.7,97562.6,33.895
2024-12-20 03:29:00,97562.6,97562.6,97492.0,97498.1,30.689
2024-12-20 03:30:00,97498.1,97526.7,97411.0,97416.2,22.766
2024-12-20 03:31:00,97416.2,97452.1,97368.7,97368.7,63.83
2024-12-20 03:32:00,97368.7,97369.3,97301.7,97315.5,71.733
2024-12-20 03:33:00,97315.5,97315.6,97171.4,97192.0,57.033
2024-12-20 03:34:00,97192.0,97309.9,97182.2,97297.8,121.842
2024-12-20 03:35:00,97297.8,97301.2,97176.2,97183.9,58.593
2024-12-20 03:36:00,97183.9,97222.0,97171.6,97210.0,100.138
2024-12-20 03:37:00,97210.0,97284.3,97193.2,97224.0,152.099
2024-12-20 03:38:00,97224.0,97231.0,97200.0,97205.1,78.079
2024-12-20 03:39:00,97205.1,97250.0,97162.1,97162.4,36.278
2024-12-20 03:40:00,97162.4,97177.1,97088.8,97113.1,59.333
2024-12-20 03:41:00,97113.1,97185.1,97088.8,97164.3,67.615
2024-12-20 03:42:00,97164.3,97179.6,97075.1,97081.5,99.851
2024-12-20 03:43:00,97081.5,97127.7,97067.6,97096.7,237.701
2024-12-20 03:44:00,97096.7,97096.7,96995.6,97000.0,59.358
2024-12-20 03:45:00,97000.0,97075.7,96995.6,97075.7,82.168
2024-12-20 03:46:00,97075.7,97111.5,97030.0,97084.0,47.018
2024-12-20 03:47:00,97084.0,97174.7,97060.0,97144.3,44.097
2024-12-20 03:48:00,97144.3,97152.9,97080.3,97080.3,39.322
2024-12-20 03:49:00,97080.3,97104.2,97066.5,97091.5,26.555
2024-12-20 03:50:00,97091.5,97122.2,97091.2,97106.8,0.886
2024-12-20 03:51:00,97106.8,97120.4,97050.0,97067.6,23.229
2024-12-20 03:52:00,97067.6,97102.9,97056.2,97081.2,81.225
2024-12-20 03:53:00,97081.2,97081.5,96974.5,96983.5,74.658
2024-12-20 03:54:00,96983.5,96990.0,96940.0,96962.9,65.571
2024-12-20 03:55:00,96962.9,97113.2,96962.9,97064.5,89.774
2024-12-20 03:56:00,97064.5,97089.2,97041.8,97041.8,41.545
2024-12-20 03:57:00,97041.8,97087.6,96985.7,96999.8,25.776
2024-12-20 03:58:00,96999.8,97105.0,96988.0,97104.8,17.932
2024-12-20 03:59:00,97104.8,97110.1,97042.6,97083.4,19.972
2024-12-20 04:00:00,97083.4,97106.4,97038.2,97038.2,20.496
2024-12-20 04:01:00,97038.2,97156.7,97038.2,97156.3,111.412
2024-12-20 04:02:00,97156.3,97221.4,97156.0,97221.4,310.455
2024-12-20 04:03:00,97221.4,97240.0,97156.3,97162.9,121.337
2024-12-20 04:04:00,97162.9,97237.6,97162.9,97215.2,241.792
2024-12-20 04:05:00,97215.2,97272.3,97215.1,97236.8,31.714
2024-12-20 04:06:00,97236.8,97280.3,97236.0,97265.5,40.435
2024-12-20 04:07:00,97265.5,97265.5,97005.5,97005.5,56.343
2024-12-20 04:08:00,97005.5,97014.6,96937.1,96937.5,82.988
2024-12-20 04:09:00,96937.5,96972.0,96930.7,96930.7,235.583
2024-12-20 04:10:00,96930.7,97000.0,96918.0,97000.0,342.402
2024-12-20 04:11:00,97000.0,97114.9,96999.5,97055.4,52.393
2024-12-20 04:12:00,97055.4,97055.4,96998.3,97026.6,51.6
2024-12-20 04:13:00,97026.6,97065.6,96994.0,97023.0,25.871
2024-12-20 04:14:00,97023.0,97052.2,96994.1,97002.0,21.603
2024-12-20 04:15:00,97002.0,97002.0,96962.1,96962.3,26.868
2024-12-20 04:16:00,96962.3,96962.4,96850.0,96868.9,69.581
2024-12-20 04:17:00,96868.9,96974.6,96821.4,96964.6,97.953
2024-12-20 04:18:00,96964.6,96998.5,96920.0,96995.2,96.514
2024-12-20 04:19:00,96995.2,97125.1,96981.4,97064.3,44.516
2024-12-20 04:20:00,97064.3,97187.1,97056.2,97161.4,58.014
2024-12-20 04:21:00,97161.4,97208.0,97083.6,97208.0,161.81
2024-12-20 04:22:00,97208.0,97265.6,97168.4,97254.0,329.223
2024-12-20 04:23:00,97254.0,97346.4,97245.7,97333.4,88.785
2024-12-20 04:24:00,97333.4,97502.4,97333.4,97500.2,300.333
2024-12-20 04:25:00,97500.2,97502.5,97452.6,97478.1,599.385
2024-12-20 04:26:00,97478.1,97700.3,97459.9,97626.0,1469.366
2024-12-20 04:27:00,97626.0,97671.0,97566.6,97633.8,636.579
2024-12-20 04:28:00,97633.8,97718.0,97614.5,97662.2,366.117
2024-12-20 04:29:00,97662.2,97742.6,97660.0,97736.3,158.909
2024-12-20 04:30:00,97736.3,97748.4,97583.3,97685.8,521.905
2024-12-20 04:31:00,97685.8,97733.8,97653.3,97733.5,567.447
2024-12-20 04:32:00,97733.5,97735.2,97603.5,97667.6,120.247
2024-12-20 04:33:00,97667.6,97696.1,97624.6,97663.9,108.214
2024-12-20 04:34:00,97663.9,97668.3,97562.1,97599.6,141.191
2024-12-20 04:35:00,97599.6,97700.0,97552.0,97699.9,131.01
2024-12-20 04:36:00,97699.9,97700.0,97650.0,97699.9,90.088
2024-12-20 04:37:00,97699.9,97730.7,97651.7,97701.3,95.609
2024-12-20 04:38:00,97701.3,97727.0,97590.7,97705.5,124.338
2024-12-20 04:39:00,97705.5,97777.9,97670.5,97709.7,313.929
2024-12-20 04:40:00,97709.7,97728.2,97617.7,97682.1,619.155
2024-12-20 04:41:00,97682.1,97734.0,97628.6,97734.0,537.649
2024-12-20 04:42:00,97734.0,97825.2,97731.5,97790.4,94.464
2024-12-20 04:43:00,97790.4,97800.3,97719.3,97726.5,108.32
2024-12-20 04:44:00,97726.5,97747.8,97682.2,97696.5,113.601
2024-12-20 04:45:00,97696.5,97700.9,97634.0,97694.5,352.149
2024-12-20 04:46:00,97694.5,97721.9,97678.8,97696.1,522.405
2024-12-20 04:47:00,97696.1,97731.9,97685.0,97725.7,34.245
2024-12-20 04:48:00,97725.7,97770.6,97708.0,97762.7,55.633
2024-12-20 04:49:00,97762.7,97767.8,97668.8,97668.8,133.571
2024-12-20 04:50:00,97668.8,97672.7,97609.4,97644.4,84.88
2024-12-20 04:51:00,97644.4,97648.9,97565.1,97565.4,47.648
2024-12-20 04:52:00,97565.4,97565.4,97478.9,97478.9,50.516
2024-12-20 04:53:00,97478.9,97492.3,97389.3,97389.3,99.655
2024-12-20 04:54:00,97389.3,97411.9,97350.0,97399.0,120.619
2024-12-20 04:55:00,97399.0,97429.8,97288.3,97301.7,166.276
2024-12-20 04:56:00,97301.7,97345.6,97294.6,97328.9,225.821
2024-12-20 04:57:00,97328.9,97371.5,97244.0,97360.8,47.801
2024-12-20 04:58:00,97360.8,97369.7,97300.0,97319.0,71.266
2024-12-20 04:59:00,97319.0,97319.0,97258.6,97277.8,37.462
2024-12-20 05:00:00,97277.8,97349.5,97277.5,97335.3,31.008
2024-12-20 05:01:00,97335.3,97365.8,97236.0,97343.8,59.382
2024-12-20 05:02:00,97343.8,97369.6,97304.1,97349.4,67.485
2024-12-20 05:03:00,97349.4,97432.1,97345.7,97390.3,32.963
2024-12-20 05:04:00,97390.3,97465.7,97360.9,97369.5,44.309
2024-12-20 05:05:00,97369.5,97458.6,97363.2,97418.8,35.123
2024-12-20 05:06:00,97418.8,97445.3,97290.2,97290.2,33.251
2024-12-20 05:07:00,97290.2,97383.0,97280.5,97382.7,36.663
2024-12-20 05:08:00,97382.7,97383.0,97285.4,97327.0,25.752
2024-12-20 05:09:00,97327.0,97334.0,97265.1,97265.1,25.993
2024-12-20 05:10:00,97265.1,97265.4,97225.3,97229.8,47.284
2024-12-20 05:11:00,97229.8,97314.0,97229.8,97297.5,38.276
2024-12-20 05:12:00,97297.5,97298.4,97229.9,97269.7,17.073
2024-12-20 05:13:00,97269.7,97269.7,97222.6,97268.3,15.16
2024-12-20 05:14:00,97268.3,97268.6,97235.7,97255.2,25.151
2024-12-20 05:15:00,97255.2,97356.0,97230.2,97350.8,24.215
2024-12-20 05:16:00,97350.8,97387.7,97179.5,97185.1,81.277
2024-12-20 05:17:00,97185.1,97192.7,97142.2,97163.1,100.801
2024-12-20 05:18:00,97163.1,97163.1,97014.2,97043.0,96.749
2024-12-20 05:19:00,97043.0,97052.4,96972.0,97009.0,126.535
2024-12-20 05:20:00,97009.0,97102.7,96968.0,97087.8,127.579
2024-12-20 05:21:00,97087.8,97159.8,97081.9,97122.6,134.423
2024-12-20 05:22:00,97122.6,97153.5,97086.2,97120.4,98.235
2024-12-20 05:23:00,97120.4,97246.4,97120.4,97239.2,47.173
2024-12-20 05:24:00,97239.2,97296.9,97200.4,97200.6,65.28
2024-12-20 05:25:00,97200.6,97240.2,97121.1,97130.1,39.95
2024-12-20 05:26:00,97130.1,97163.0,97090.0,97121.2,60.932
2024-12-20 05:27:00,97121.2,97121.3,97083.6,97083.9,109.016
2024-12-20 05:28:00,97083.9,97091.8,97024.0,97038.5,125.208
2024-12-20 05:29:00,97038.5,97038.5,96954.0,96954.5,109.477
2024-12-20 05:30:00,96954.5,96992.3,96931.8,96990.5,287.273
2024-12-20 05:31:00,96990.5,96997.9,96923.5,96947.0,170.739
2024-12-20 05:32:00,96947.0,97017.3,96934.2,96942.9,125.505
2024-12-20 05:33:00,96942.9,96983.5,96928.0,96969.3,72.807
2024-12-20 05:34:00,96969.3,97000.3,96954.4,96977.2,32.398
2024-12-20 05:35:00,96977.2,96993.9,96950.0,96973.6,41.513
2024-12-20 05:36:00,96973.6,96989.5,96919.5,96926.2,64.843
2024-12-20 05:37:00,96926.2,97075.9,96900.0,97075.5,47.094
2024-12-20 05:38:00,97075.5,97124.5,97050.4,97102.6,80.901
2024-12-20 05:39:00,97102.6,97125.1,97079.4,97124.5,88.805
2024-12-20 05:40:00,97124.5,97238.5,97124.5,97200.2,174.317
2024-12-20 05:41:00,97200.2,97200.2,97167.7,97167.9,44.425
2024-12-20 05:42:00,97167.9,97200.2,97111.5,97140.6,32.135
2024-12-20 05:43:00,97140.6,97150.0,97112.5,97139.1,92.325
2024-12-20 05:44:00,97139.1,97164.0,97130.8,97131.1,213.506
2024-12-20 05:45:00,97131.1,97142.1,96983.7,97012.2,18.091
2024-12-20 05:46:00,97012.2,97024.6,96907.5,96927.7,34.233
2024-12-20 05:47:00,96927.7,96961.1,96904.0,96938.4,47.341
2024-12-20 05:48:00,96938.4,96981.9,96915.9,96953.7,55.237
2024-12-20 05:49:00,96953.7,96984.6,96905.0,96907.0,114.715
2024-12-20 05:50:00,96907.0,96907.0,96884.0,96885.2,230.643
2024-12-20 05:51:00,96885.2,96885.2,96770.7,96778.4,129.069
2024-12-20 05:52:00,96778.4,96820.2,96778.4,96784.0,197.939
2024-12-20 05:53:00,96784.0,96875.7,96778.6,96875.7,127.197
2024-12-20 05:54:00,96875.7,96891.4,96755.0,96755.3,106.014
2024-12-20 05:55:00,96755.3,96755.3,96645.2,96654.0,97.568
2024-12-20 05:56:00,96654.0,96738.5,96654.0,96694.0,125.103
2024-12-20 05:57:00,96694.0,96758.5,96681.7,96758.5,42.461
2024-12-20 05:58:00,96758.5,96840.2,96721.0,96721.0,56.498
2024-12-20 05:59:00,96721.0,96769.6,96700.0,96715.3,73.658
2024-12-20 06:00:00,96715.3,96860.6,96675.0,96783.3,61.607
2024-12-20 06:01:00,96783.3,96850.9,96783.3,96790.0,47.055
2024-12-20 06:02:00,96790.0,96823.6,96741.3,96805.6,72.581
2024-12-20 06:03:00,96805.6,96908.9,96796.1,96908.9,134.243
2024-12-20 06:04:00,96908.9,96950.3,96902.3,96939.3,126.644
2024-12-20 06:05:00,96939.3,96943.9,96861.8,96923.9,73.225
2024-12-20 06:06:00,96923.9,96932.9,96809.8,96810.1,35.339
2024-12-20 06:07:00,96810.1,96822.9,96740.7,96802.3,36.469
2024-12-20 06:08:00,96802.3,96911.4,96802.3,96869.3,33.443
2024-12-20 06:09:00,96869.3,96875.1,96790.0,96872.3,37.512
2024-12-20 06:10:00,96872.3,96907.2,96841.3,96903.0,33.54
2024-12-20 06:11:00,96903.0,96982.4,96894.8,96982.4,41.414
2024-12-20 06:12:00,96982.4,97032.2,96913.3,96913.3,57.886
2024-12-20 06:13:00,96913.3,96913.3,96800.0,96804.4,47.404
2024-12-20 06:14:00,96804.4,96899.2,96799.4,96876.0,40.851
2024-12-20 06:15:00,96876.0,96982.5,96838.2,96959.6,26.927
2024-12-20 06:16:00,96959.6,97013.8,96939.4,96972.2,85.558
2024-12-20 06:17:00,96972.2,97015.7,96953.4,97015.6,242.81
2024-12-20 06:18:00,97015.6,97180.4,97015.6,97180.1,165.158
2024-12-20 06:19:00,97180.1,97236.0,97180.1,97222.4,124.593
2024-12-20 06:20:00,97222.4,97275.2,97211.4,97260.1,172.897
2024-12-20 06:21:00,97260.1,97260.1,97213.5,97239.8,146.645
2024-12-20 06:22:00,97239.8,97285.2,97216.6,97216.6,220.656
2024-12-20 06:23:00,97216.6,97216.6,97159.8,97166.4,39.145
2024-12-20 06:24:00,97166.4,97166.7,97145.5,97146.8,53.651
2024-12-20 06:25:00,97146.8,97150.5,97066.2,97118.9,29.202
2024-12-20 06:26:00,97118.9,97118.9,97051.4,97051.4,37.305
2024-12-20 06:27:00,97051.4,97093.5,97004.2,97004.2,29.338
2024-12-20 06:28:00,97004.2,97004.2,96678.0,96748.9,93.505
2024-12-20 06:29:00,96748.9,96748.9,96632.5,96670.7,200.018
2024-12-20 06:30:00,96670.7,96744.2,96670.5,96743.0,326.767
2024-12-20 06:31:00,96743.0,96780.1,96710.0,96730.1,462.122
2024-12-20 06:32:00,96730.1,96736.1,96665.6,96665.6,78.099
2024-12-20 06:33:00,96665.6,96700.2,96632.5,96642.4,61.285
2024-12-20 06:34:00,96642.4,96642.4,96600.2,96610.8,37.392
2024-12-20 06:35:00,96610.8,96620.0,96530.1,96556.7,115.757
2024-12-20 06:36:00,96556.7,96615.2,96536.6,96541.6,196.531
2024-12-20 06:37:00,96541.6,96579.4,96500.0,96500.0,129.242
2024-12-20 06:38:00,96500.0,96547.3,96369.0,96376.3,165.086
2024-12-20 06:39:00,96376.3,96498.9,96376.0,96483.8,260.711
2024-12-20 06:40:00,96483.8,96803.9,96483.5,96731.7,741.171
2024-12-20 06:41:00,96731.7,96782.2,96622.4,96658.2,538.663
2024-12-20 06:42:00,96658.2,96677.0,96539.9,96598.3,79.716
2024-12-20 06:43:00,96598.3,96668.8,96560.0,96560.0,111.352
2024-12-20 06:44:00,96560.0,96609.3,96486.8,96510.9,144.615
2024-12-20 06:45:00,96510.9,96543.6,96440.1,96451.6,72.607
2024-12-20 06:46:00,96451.6,96576.2,96451.1,96575.9,77.674
2024-12-20 06:47:00,96575.9,96723.5,96562.5,96700.0,388.227
2024-12-20 06:48:00,96700.0,96768.1,96700.0,96752.2,575.242
2024-12-20 06:49:00,96752.2,96824.3,96670.1,96786.3,183.2
2024-12-20 06:50:00,96786.3,96899.7,96760.2,96898.2,99.135
2024-12-20 06:51:00,96898.2,96974.5,96836.3,96836.3,182.745
2024-12-20 06:52:00,96836.3,96873.8,96808.2,96857.2,255.898
2024-12-20 06:53:00,96857.2,96873.8,96801.4,96856.1,43.473
2024-12-20 06:54:00,96856.1,96861.8,96825.9,96831.0,40.814
2024-12-20 06:55:00,96831.0,96847.5,96800.0,96815.4,68.401
2024-12-20 06:56:00,96815.4,96815.4,96707.7,96713.2,194.725
2024-12-20 06:57:00,96713.2,96787.1,96713.2,96787.0,226.906
2024-12-20 06:58:00,96787.0,97138.9,96744.7,97123.4,779.189
2024-12-20 06:59:00,97123.4,97272.1,97123.1,97272.1,554.723
2024-12-20 07:00:00,97272.1,97500.0,97259.3,97479.6,628.37
2024-12-20 07:01:00,97479.6,97565.0,97369.8,97475.0,833.372
2024-12-20 07:02:00,97475.0,97700.0,97450.0,97682.6,1365.418
2024-12-20 07:03:00,97682.6,97737.0,97660.0,97721.3,614.727
2024-12-20 07:04:00,97721.3,97755.0,97721.3,97743.4,376.166
2024-12-20 07:05:00,97743.4,98029.9,97743.4,97966.3,447.26
2024-12-20 07:06:00,97966.3,98055.0,97956.4,97990.1,572.255
2024-12-20 07:07:00,97990.1,98142.8,97938.4,98131.7,234.987
2024-12-20 07:08:00,98131.7,98132.0,97992.3,97992.6,265.516
2024-12-20 07:09:00,97992.6,98209.7,97952.6,98186.8,244.081
2024-12-20 07:10:00,98186.8,98201.1,98084.0,98095.1,280.45
2024-12-20 07:11:00,98095.1,98123.0,98001.8,98047.7,182.371
2024-12-20 07:12:00,98047.7,98222.7,98047.7,98130.0,185.139
2024-12-20 07:13:00,98130.0,98147.8,98049.6,98073.8,113.345
2024-12-20 07:14:00,98073.8,98117.4,98026.5,98026.6,66.324
2024-12-20 07:15:00,98026.6,98087.0,98005.0,98083.7,71.494
2024-12-20 07:16:00,98083.7,98083.7,98000.0,98019.1,123.983
2024-12-20 07:17:00,98019.1,98040.4,98001.5,98016.8,192.488
2024-12-20 07:18:00,98016.8,98028.7,97900.0,97900.0,282.013
2024-12-20 07:19:00,97900.0,97933.1,97900.0,97933.1,274.313
2024-12-20 07:20:00,97933.1,97984.6,97900.1,97982.0,149.981
2024-12-20 07:21:00,97982.0,98125.2,97921.2,97947.3,162.125
2024-12-20 07:22:00,97947.3,98032.8,97930.7,98032.5,187.345
2024-12-20 07:23:00,98032.5,98090.2,97981.5,98004.1,44.866
2024-12-20 07:24:00,98004.1,98086.2,97920.0,98035.9,1079.136
2024-12-20 07:25:00,98035.9,98092.2,97986.9,98068.3,536.122
2024-12-20 07:26:00,98068.3,98068.3,97916.2,97916.4,99.853
2024-12-20 07:27:00,97916.4,97972.0,97896.3,97970.3,95.774
2024-12-20 07:28:00,97970.3,98041.5,97944.3,98007.7,199.018
2024-12-20 07:29:00,98007.7,98054.6,97981.6,98014.1,215.806
2024-12-20 07:30:00,98014.1,98120.0,98007.9,98036.1,67.264
2024-12-20 07:31:00,98036.1,98230.6,98018.4,98208.4,86.289
2024-12-20 07:32:00,98208.4,98208.4,98100.0,98108.6,87.536
2024-12-20 07:33:00,98108.6,98123.7,98050.0,98123.5,64.622
2024-12-20 07:34:00,98123.5,98123.5,98073.2,98073.9,36.814
2024-12-20 07:35:00,98073.9,98094.6,98050.0,98050.0,40.261
2024-12-20 07:36:00,98050.0,98054.0,97956.1,97966.0,38.831
2024-12-20 07:37:00,97966.0,98106.6,97965.7,98086.5,63.514
2024-12-20 07:38:00,98086.5,98164.3,98037.6,98038.4,58.653
2024-12-20 07:39:00,98038.4,98083.9,98010.2,98010.4,61.873
2024-12-20 07:40:00,98010.4,98093.4,97957.2,97964.9,41.418
2024-12-20 07:41:00,97964.9,97979.6,97933.3,97959.5,32.218
2024-12-20 07:42:00,97959.5,98000.0,97950.6,97975.5,44.082
2024-12-20 07:43:00,97975.5,97975.8,97947.5,97970.5,40.462
2024-12-20 07:44:00,97970.5,98059.4,97970.5,98059.4,41.511
2024-12-20 07:45:00,98059.4,98093.4,97990.7,97992.0,44.269
2024-12-20 07:46:00,97992.0,98030.6,97986.6,97986.6,49.893
2024-12-20 07:47:00,97986.6,97986.9,97900.1,97905.1,57.425
2024-12-20 07:48:00,97905.1,97905.4,97826.0,97853.4,105.279
2024-12-20 07:49:00,97853.4,97928.8,97827.0,97928.8,167.852
2024-12-20 07:50:00,97928.8,97961.4,97843.9,97845.8,98.663
2024-12-20 07:51:00,97845.8,97845.9,97800.2,97808.1,47.024
2024-12-20 07:52:00,97808.1,97816.8,97800.1,97814.4,96.975
2024-12-20 07:53:00,97814.4,97845.8,97748.0,97748.0,247.861
2024-12-20 07:54:00,97748.0,97748.0,97700.0,97716.5,630.722
2024-12-20 07:55:00,97716.5,97737.3,97705.9,97709.6,380.764
2024-12-20 07:56:00,97709.6,97716.7,97651.5,97682.7,65.667
2024-12-20 07:57:00,97682.7,97795.3,97681.7,97795.0,98.846
2024-12-20 07:58:00,97795.0,97832.8,97742.8,97743.1,171.818
2024-12-20 07:59:00,97743.1,97829.9,97732.8,97826.4,78.309
2024-12-20 08:00:00,97826.4,97831.1,97752.5,97807.6,100.78
2024-12-20 08:01:00,97807.6,97868.9,97768.0,97768.0,135.376
2024-12-20 08:02:00,97768.0,97768.0,97646.1,97652.9,95.16
2024-12-20 08:03:00,97652.9,97697.7,97630.0,97630.0,129.27
2024-12-20 08:04:00,97630.0,97636.0,97524.6,97550.9,113.505
2024-12-20 08:05:00,97550.9,97610.6,97522.3,97571.1,160.49
2024-12-20 08:06:00,97571.1,97571.1,97344.5,97352.1,172.304
2024-12-20 08:07:00,97352.1,97387.7,97250.0,97358.5,401.202
2024-12-20 08:08:00,97358.5,97358.5,97097.9,97185.7,397.642
2024-12-20 08:09:00,97185.7,97284.0,97182.3,97220.1,369.98
2024-12-20 08:10:00,97220.1,97300.3,97201.6,97238.5,281.906
2024-12-20 08:11:00,97238.5,97255.5,97116.3,97161.1,89.767
2024-12-20 08:12:00,97161.1,97161.1,97025.2,97025.4,161.791
2024-12-20 08:13:00,97025.4,97147.3,97015.8,97022.2,162.852
2024-12-20 08:14:00,97022.2,97186.9,97022.2,97111.2,180.08
2024-12-20 08:15:00,97111.2,97151.9,97040.0,97040.1,433.218
2024-12-20 08:16:00,97040.1,97040.1,96919.0,96923.4,543.401
2024-12-20 08:17:00,96923.4,96953.0,96820.0,96851.4,296.399
2024-12-20 08:18:00,96851.4,96940.5,96840.9,96876.2,236.047
2024-12-20 08:19:00,96876.2,96899.4,96815.0,96880.1,132.202
2024-12-20 08:20:00,96880.1,97016.8,96810.0,96922.8,158.829
2024-12-20 08:21:00,96922.8,96941.8,96846.9,96897.0,168.247
2024-12-20 08:22:00,96897.0,97091.6,96894.6,97009.9,168.264
2024-12-20 08:23:00,97009.9,97009.9,96813.0,96813.0,133.725
2024-12-20 08:24:00,96813.0,96862.2,96729.8,96805.2,239.354
2024-12-20 08:25:00,96805.2,96936.3,96800.1,96820.6,423.084
2024-12-20 08:26:00,96820.6,96839.5,96719.5,96734.2,143.083
2024-12-20 08:27:00,96734.2,96819.4,96684.7,96712.0,190.011
2024-12-20 08:28:00,96712.0,96749.0,96634.3,96682.9,169.477
2024-12-20 08:29:00,96682.9,96696.2,96606.4,96621.9,155.699
2024-12-20 08:30:00,96621.9,96707.5,96621.9,96652.6,168.151
2024-12-20 08:31:00,96652.6,96750.0,96469.5,96614.3,590.348
2024-12-20 08:32:00,96614.3,96651.0,96500.0,96643.7,550.662
2024-12-20 08:33:00,96643.7,96778.2,96608.2,96630.1,137.225
2024-12-20 08:34:00,96630.1,96762.0,96617.3,96686.2,169.418
2024-12-20 08:35:00,96686.2,96717.1,96466.7,96518.7,203.605
2024-12-20 08:36:00,96518.7,96549.9,96450.0,96456.3,320.707
2024-12-20 08:37:00,96456.3,96461.5,96303.1,96306.2,241.932
2024-12-20 08:38:00,96306.2,96313.6,96165.0,96290.8,562.507
2024-12-20 08:39:00,96290.8,96300.3,96131.3,96155.9,575.019
2024-12-20 08:40:00,96155.9,96197.2,96010.4,96012.3,242.289
2024-12-20 08:41:00,96012.3,96093.7,95961.6,96058.7,405.957
2024-12-20 08:42:00,96058.7,96240.8,95976.0,96163.5,622.564
2024-12-20 08:43:00,96163.5,96166.0,95817.6,95888.3,747.605
2024-12-20 08:44:00,95888.3,96228.3,95888.1,96022.8,639.286
2024-12-20 08:45:00,96022.8,96086.0,95876.5,95905.9,375.358
2024-12-20 08:46:00,95905.9,96091.0,95838.0,95899.6,246.463
2024-12-20 08:47:00,95899.6,95931.3,95567.6,95680.5,696.713
2024-12-20 08:48:00,95680.5,95751.3,95571.4,95711.9,627.301
2024-12-20 08:49:00,95711.9,95833.5,95700.9,95712.8,340.474
2024-12-20 08:50:00,95712.8,95803.9,95626.0,95626.0,227.936
2024-12-20 08:51:00,95626.0,95658.9,95506.0,95506.5,284.461
2024-12-20 08:52:00,95506.5,95608.9,95343.8,95345.0,559.422
2024-12-20 08:53:00,95345.0,95441.8,95305.1,95362.1,620.282
2024-12-20 08:54:00,95362.1,95395.1,95308.0,95356.6,289.07
2024-12-20 08:55:00,95356.6,95539.2,95308.0,95481.4,225.433
2024-12-20 08:56:00,95481.4,95481.4,95358.2,95414.4,329.245
2024-12-20 08:57:00,95414.4,95496.4,95337.8,95391.1,232.53
2024-12-20 08:58:00,95391.1,95463.4,95288.0,95316.8,180.978
2024-12-20 08:59:00,95316.8,95500.0,95300.4,95468.6,301.56
2024-12-20 09:00:00,95468.6,95718.6,95368.1,95550.1,689.539
2024-12-20 09:01:00,95550.1,95555.5,95324.4,95335.4,753.222
2024-12-20 09:02:00,95335.4,95344.2,95241.9,95265.1,671.042
2024-12-20 09:03:00,95265.1,95532.0,95200.0,95523.5,571.577
2024-12-20 09:04:00,95523.5,95562.6,95267.1,95340.3,557.126
2024-12-20 09:05:00,95340.3,95422.9,95290.0,95300.4,335.82
2024-12-20 09:06:00,95300.4,95434.4,95300.0,95368.2,98.714
2024-12-20 09:07:00,95368.2,95399.4,95211.3,95224.3,149.011
2024-12-20 09:08:00,95224.3,95241.6,95139.9,95145.6,195.894
2024-12-20 09:09:00,95145.6,95150.0,95066.9,95070.9,377.129
2024-12-20 09:10:00,95070.9,95411.0,95053.3,95369.2,433.322
2024-12-20 09:11:00,95369.2,95377.1,95050.0,95050.0,439.979
2024-12-20 09:12:00,95050.0,95120.8,95020.7,95041.1,270.485
2024-12-20 09:13:00,95041.1,95167.9,95020.0,95136.7,178.727
2024-12-20 09:14:00,95136.7,95208.2,95034.1,95098.8,146.442
2024-12-20 09:15:00,95098.8,95330.2,95098.1,95300.1,215.748
2024-12-20 09:16:00,95300.1,95431.5,95078.3,95110.1,383.519
2024-12-20 09:17:00,95110.1,95318.6,95078.3,95310.8,440.011
2024-12-20 09:18:00,95310.8,95364.3,95183.8,95255.9,100.523
2024-12-20 09:19:00,95255.9,95450.0,95223.3,95450.0,123.793
2024-12-20 09:20:00,95450.0,95652.1,95445.5,95625.9,294.599
2024-12-20 09:21:00,95625.9,95625.9,95370.1,95381.8,444.057
2024-12-20 09:22:00,95381.8,95388.2,95288.0,95369.6,158.575
2024-12-20 09:23:00,95369.6,95498.1,95320.6,95495.3,119.501
2024-12-20 09:24:00,95495.3,95510.0,95329.0,95329.0,119.624
2024-12-20 09:25:00,95329.0,95395.5,95326.4,95342.0,75.689
2024-12-20 09:26:00,95342.0,95353.8,95255.6,95284.0,79.3
2024-12-20 09:27:00,95284.0,95335.4,95230.0,95276.9,103.073
2024-12-20 09:28:00,95276.9,95292.9,95215.0,95242.1,81.932
2024-12-20 09:29:00,95242.1,95250.0,95108.6,95167.2,75.423
2024-12-20 09:30:00,95167.2,95319.2,95167.1,95275.1,113.815
2024-12-20 09:31:00,95275.1,95463.8,95275.1,95412.5,101.675
2024-12-20 09:32:00,95412.5,95419.4,95221.0,95338.7,145.692
2024-12-20 09:33:00,95338.7,95592.4,95263.8,95589.3,110.292
2024-12-20 09:34:00,95589.3,95632.2,95470.1,95562.6,219.475
2024-12-20 09:35:00,95562.6,95703.9,95486.4,95497.6,413.007
2024-12-20 09:36:00,95497.6,95497.6,95300.0,95428.4,181.462
2024-12-20 09:37:00,95428.4,95428.4,95316.5,95325.7,146.597
2024-12-20 09:38:00,95325.7,95349.5,95228.4,95247.8,89.226
2024-12-20 09:39:00,95247.8,95309.6,95169.0,95236.8,159.679
2024-12-20 09:40:00,95236.8,95307.2,95194.8,95197.5,93.592
2024-12-20 09:41:00,95197.5,95242.0,95130.0,95145.5,82.516
2024-12-20 09:42:00,95145.5,95152.7,95123.8,95145.5,104.722
2024-12-20 09:43:00,95145.5,95215.3,95133.2,95148.6,62.264
2024-12-20 09:44:00,95148.6,95192.4,95148.5,95150.1,49.868
2024-12-20 09:45:00,95150.1,95230.7,95087.2,95093.7,117.047
2024-12-20 09:46:00,95093.7,95264.0,95093.7,95197.5,272.0
2024-12-20 09:47:00,95197.5,95197.5,95000.0,95013.4,141.59
2024-12-20 09:48:00,95013.4,95058.3,94856.0,95008.9,777.285
2024-12-20 09:49:00,95008.9,95008.9,94760.7,94785.5,803.844
2024-12-20 09:50:00,94785.5,94842.3,94722.0,94751.0,707.127
2024-12-20 09:51:00,94751.0,94907.1,94700.6,94883.8,671.954
2024-12-20 09:52:00,94883.8,95128.3,94852.9,95054.4,590.959
2024-12-20 09:53:00,95054.4,95277.2,95004.2,95250.0,502.72
2024-12-20 09:54:00,95250.0,95251.5,95027.5,95054.0,444.25
2024-12-20 09:55:00,95054.0,95054.0,94930.2,94947.7,247.046
2024-12-20 09:56:00,94947.7,94960.2,94863.8,94942.4,205.017
2024-12-20 09:57:00,94942.4,95000.2,94864.0,94880.3,151.539
2024-12-20 09:58:00,94880.3,94880.4,94823.5,94823.5,163.773
2024-12-20 09:59:00,94823.5,94861.3,94723.7,94813.9,89.644
2024-12-20 10:00:00,94813.9,94857.0,94781.8,94850.4,142.254
2024-12-20 10:01:00,94850.4,94973.7,94815.1,94950.0,434.075
2024-12-20 10:02:00,94950.0,94964.5,94767.4,94796.0,567.458
2024-12-20 10:03:00,94796.0,94908.3,94746.1,94749.7,158.658
2024-12-20 10:04:00,94749.7,94758.1,94679.5,94708.3,252.357
2024-12-20 10:05:00,94708.3,94735.9,94640.0,94676.5,342.101
2024-12-20 10:06:00,94676.5,94746.7,94625.0,94625.0,393.9
2024-12-20 10:07:00,94625.0,94675.3,94606.2,94606.5,445.067
2024-12-20 10:08:00,94606.5,94653.0,94567.1,94569.0,231.216
2024-12-20 10:09:00,94569.0,94627.1,94526.3,94560.0,334.528
2024-12-20 10:10:00,94560.0,94650.2,94512.6,94541.8,221.579
2024-12-20 10:11:00,94541.8,94576.6,94418.1,94447.0,274.393
2024-12-20 10:12:00,94447.0,94528.2,94322.3,94384.1,648.356
2024-12-20 10:13:00,94384.1,94431.8,94302.0,94312.6,531.42
2024-12-20 10:14:00,94312.6,94320.3,94000.0,94030.1,1339.952
2024-12-20 10:15:00,94030.1,94636.0,93996.6,94332.3,2187.151
2024-12-20 10:16:00,94332.3,94700.0,94206.0,94700.0,1682.991
2024-12-20 10:17:00,94700.0,94800.2,94448.0,94521.6,682.94
2024-12-20 10:18:00,94521.6,94718.2,94425.3,94717.7,627.061
2024-12-20 10:19:00,94717.7,94830.2,94625.0,94719.1,589.112
2024-12-20 10:20:00,94719.1,94968.2,94703.7,94875.9,1045.524
2024-12-20 10:21:00,94875.9,94893.2,94797.7,94817.8,593.218
2024-12-20 10:22:00,94817.8,94920.2,94800.0,94850.0,269.109
2024-12-20 10:23:00,94850.0,94850.1,94506.3,94527.7,305.466
2024-12-20 10:24:00,94527.7,94626.3,94306.2,94462.6,1661.537
2024-12-20 10:25:00,94462.6,94674.8,94374.3,94659.9,617.481
2024-12-20 10:26:00,94659.9,94740.4,94605.9,94739.9,286.862
2024-12-20 10:27:00,94739.9,94930.4,94685.4,94898.5,196.55
2024-12-20 10:28:00,94898.5,95021.3,94866.7,94894.5,365.293
2024-12-20 10:29:00,94894.5,94894.5,94720.0,94736.5,262.818
2024-12-20 10:30:00,94736.5,94882.1,94649.5,94874.2,131.934
2024-12-20 10:31:00,94874.2,94874.2,94570.4,94633.5,159.155
2024-12-20 10:32:00,94633.5,94733.2,94500.0,94522.6,259.345
2024-12-20 10:33:00,94522.6,94627.9,94500.0,94502.5,179.123
2024-12-20 10:34:00,94502.5,94613.9,94446.5,94572.8,157.854
2024-12-20 10:35:00,94572.8,94639.5,94382.6,94391.2,146.933
2024-12-20 10:36:00,94391.2,94540.2,94391.1,94512.4,124.545
2024-12-20 10:37:00,94512.4,94633.2,94468.4,94556.3,115.054
2024-12-20 10:38:00,94556.3,94800.0,94556.3,94800.0,121.519
2024-12-20 10:39:00,94800.0,94917.0,94690.6,94893.0,121.2
2024-12-20 10:40:00,94893.0,95116.5,94892.9,95010.2,231.165
2024-12-20 10:41:00,95010.2,95045.0,94820.0,94829.7,528.114
2024-12-20 10:42:00,94829.7,95065.6,94791.6,95008.8,256.548
2024-12-20 10:43:00,95008.8,95111.5,95000.4,95083.7,168.848
2024-12-20 10:44:00,95083.7,95083.8,94925.0,94976.7,257.409
2024-12-20 10:45:00,94976.7,95064.6,94862.8,94891.7,68.437
2024-12-20 10:46:00,94891.7,94997.4,94825.9,94829.4,77.072
2024-12-20 10:47:00,94829.4,94876.5,94755.0,94839.1,87.109
2024-12-20 10:48:00,94839.1,94839.1,94772.1,94800.9,88.429
2024-12-20 10:49:00,94800.9,94809.0,94701.4,94730.6,53.399
2024-12-20 10:50:00,94730.6,94759.8,94603.0,94626.5,81.522
2024-12-20 10:51:00,94626.5,94706.0,94575.6,94592.1,185.357
2024-12-20 10:52:00,94592.1,94592.6,94520.4,94550.2,132.452
2024-12-20 10:53:00,94550.2,94593.5,94500.0,94522.4,111.737
2024-12-20 10:54:00,94522.4,94613.0,94500.1,94500.4,104.436
2024-12-20 10:55:00,94500.4,94544.4,94430.3,94480.0,82.298
2024-12-20 10:56:00,94480.0,94591.1,94420.3,94585.1,151.286
2024-12-20 10:57:00,94585.1,94585.1,94429.0,94451.3,117.486
2024-12-20 10:58:00,94451.3,94466.6,94400.0,94405.9,123.587
2024-12-20 10:59:00,94405.9,94408.3,94334.8,94375.2,159.037
2024-12-20 11:00:00,94375.2,94428.4,94329.8,94424.0,144.587
2024-12-20 11:01:00,94424.0,94430.5,94203.2,94214.5,201.184
2024-12-20 11:02:00,94214.5,94286.9,94120.6,94179.0,452.669
2024-12-20 11:03:00,94179.0,94220.8,94100.0,94198.0,300.267
2024-12-20 11:04:00,94198.0,94443.5,94198.0,94353.7,394.91
2024-12-20 11:05:00,94353.7,94445.0,94320.0,94404.2,569.374
2024-12-20 11:06:00,94404.2,94596.3,94387.0,94564.3,183.996
2024-12-20 11:07:00,94564.3,94624.3,94456.1,94472.2,225.685
2024-12-20 11:08:00,94472.2,94610.0,94432.8,94604.2,241.8
2024-12-20 11:09:00,94604.2,94674.3,94580.0,94623.2,113.489
2024-12-20 11:10:00,94623.2,94634.7,94452.8,94461.5,132.732
2024-12-20 11:11:00,94461.5,94465.5,94311.0,94360.2,117.692
2024-12-20 11:12:00,94360.2,94360.2,94266.6,94269.0,123.314
2024-12-20 11:13:00,94269.0,94338.0,94260.1,94260.1,86.638
2024-12-20 11:14:00,94260.1,94275.3,94107.6,94107.6,91.197
2024-12-20 11:15:00,94107.6,94310.7,94059.5,94297.8,206.427
2024-12-20 11:16:00,94297.8,94319.7,94106.8,94128.0,358.448
2024-12-20 11:17:00,94128.0,94325.3,94122.7,94155.8,125.288
2024-12-20 11:18:00,94155.8,94155.8,94083.2,94138.4,88.9
2024-12-20 11:19:00,94138.4,94207.6,94080.0,94153.9,112.466
2024-12-20 11:20:00,94153.9,94204.3,93885.0,93900.0,324.317
2024-12-20 11:21:00,93900.0,93997.9,93715.4,93715.4,768.639
2024-12-20 11:22:00,93715.4,93753.6,93555.0,93612.7,865.206
2024-12-20 11:23:00,93612.7,93627.9,93433.3,93475.6,766.089
2024-12-20 11:24:00,93475.6,93800.3,93421.0,93752.8,741.057
2024-12-20 11:25:00,93752.8,93761.2,93268.0,93303.9,737.582
2024-12-20 11:26:00,93303.9,93481.7,93228.0,93235.7,713.021
2024-12-20 11:27:00,93235.7,93500.5,93210.8,93497.3,639.562
2024-12-20 11:28:00,93497.3,93508.1,93326.0,93326.0,480.391
2024-12-20 11:29:00,93326.0,93651.1,93326.0,93650.3,243.538
2024-12-20 11:30:00,93650.3,93691.8,93504.2,93508.4,361.265
2024-12-20 11:31:00,93508.4,93529.1,93250.4,93351.7,412.028
2024-12-20 11:32:00,93351.7,93450.2,93279.4,93408.4,444.725
2024-12-20 11:33:00,93408.4,93408.7,93257.0,93270.6,140.206
2024-12-20 11:34:00,93270.6,93270.6,93112.3,93157.6,490.691
2024-12-20 11:35:00,93157.6,93190.2,92985.0,92996.3,746.623
2024-12-20 11:36:00,92996.3,93169.1,92688.0,93169.1,1267.08
2024-12-20 11:37:00,93169.1,93523.8,93153.3,93483.7,917.27
2024-12-20 11:38:00,93483.7,93610.2,93300.3,93331.6,649.273
2024-12-20 11:39:00,93331.6,93382.7,93016.5,93253.2,582.412
2024-12-20 11:40:00,93253.2,93410.0,93110.0,93184.0,1176.684
2024-12-20 11:41:00,93184.0,93345.8,93068.7,93312.0,733.783
2024-12-20 11:42:00,93312.0,93456.3,93248.7,93341.6,633.859
2024-12-20 11:43:00,93341.6,93430.2,93282.9,93347.4,253.811
2024-12-20 11:44:00,93347.4,93413.0,93153.0,93153.0,130.326
2024-12-20 11:45:00,93153.0,93353.0,93111.0,93318.3,212.994
2024-12-20 11:46:00,93318.3,93353.0,93262.3,93311.6,292.661
2024-12-20 11:47:00,93311.6,93399.2,93082.4,93082.7,125.442
2024-12-20 11:48:00,93082.7,93082.7,92753.4,92812.0,595.438
2024-12-20 11:49:00,92812.0,93300.0,92780.0,93299.9,652.087
2024-12-20 11:50:00,93299.9,93398.2,93157.5,93192.4,320.62
2024-12-20 11:51:00,93192.4,93192.4,92674.4,92711.3,312.014
2024-12-20 11:52:00,92711.3,92927.7,92616.5,92906.6,566.349
2024-12-20 11:53:00,92906.6,93117.6,92764.8,92980.8,626.938
2024-12-20 11:54:00,92980.8,93121.4,92945.1,93087.3,317.018
2024-12-20 11:55:00,93087.3,93331.6,93025.5,93234.2,325.304
2024-12-20 11:56:00,93234.2,93287.1,93109.1,93189.1,478.342
2024-12-20 11:57:00,93189.1,93223.1,92937.1,93010.6,154.961
2024-12-20 11:58:00,93010.6,93205.7,92886.1,92899.9,172.096
2024-12-20 11:59:00,92899.9,93008.3,92717.8,92717.8,300.719
2024-12-20 12:00:00,92717.8,92907.7,92689.4,92733.7,660.986
2024-12-20 12:01:00,92733.7,92733.7,92512.0,92513.3,727.448
2024-12-20 12:02:00,92513.3,93068.2,92470.0,92993.2,758.622
2024-12-20 12:03:00,92993.2,93044.6,92725.2,92863.0,626.165
2024-12-20 12:04:00,92863.0,92863.1,92505.6,92619.7,315.761
2024-12-20 12:05:00,92619.7,92877.0,92577.7,92663.8,289.755
2024-12-20 12:06:00,92663.8,92730.9,92534.0,92550.4,230.809
2024-12-20 12:07:00,92550.4,92632.2,92461.8,92513.4,373.374
2024-12-20 12:08:00,92513.4,92560.1,92415.0,92450.5,301.871
2024-12-20 12:09:00,92450.5,92625.0,92430.2,92444.0,348.93
2024-12-20 12:10:00,92444.0,92537.6,92371.5,92417.4,349.351
2024-12-20 12:11:00,92417.4,92575.1,92386.5,92395.9,363.477
2024-12-20 12:12:00,92395.9,92488.2,92375.6,92409.0,230.237
2024-12-20 12:13:00,92409.0,92530.6,92353.0,92470.0,157.093
2024-12-20 12:14:00,92470.0,92766.8,92443.8,92607.5,1307.518
2024-12-20 12:15:00,92607.5,92778.5,92467.6,92487.3,645.966
2024-12-20 12:16:00,92487.3,92622.1,92276.9,92346.0,403.152
2024-12-20 12:17:00,92346.0,92458.3,92281.0,92458.1,437.011
2024-12-20 12:18:00,92458.1,93035.3,92458.1,93020.6,443.701
2024-12-20 12:19:00,93020.6,93268.0,92844.0,93074.2,750.853
2024-12-20 12:20:00,93074.2,93268.0,93064.9,93268.0,589.18
2024-12-20 12:21:00,93268.0,93405.6,93167.3,93403.9,314.065
2024-12-20 12:22:00,93403.9,93499.0,93177.0,93204.8,517.164
2024-12-20 12:23:00,93204.8,93467.3,93116.6,93422.5,626.184
2024-12-20 12:24:00,93422.5,93484.6,93201.4,93280.1,294.762
2024-12-20 12:25:00,93280.1,93377.1,93183.6,93269.8,167.925
2024-12-20 12:26:00,93269.8,93563.2,93260.3,93563.2,178.351
2024-12-20 12:27:00,93563.2,93782.6,93563.0,93738.6,496.046
2024-12-20 12:28:00,93738.6,93774.6,93610.5,93624.5,624.642
2024-12-20 12:29:00,93624.5,93737.2,93624.5,93643.7,328.84
2024-12-20 12:30:00,93643.7,93669.3,93523.1,93590.2,298.899
2024-12-20 12:31:00,93590.2,93632.3,93507.2,93513.2,202.51
2024-12-20 12:32:00,93513.2,93851.3,93513.2,93850.2,254.788
2024-12-20 12:33:00,93850.2,93850.2,93689.7,93700.3,427.295
2024-12-20 12:34:00,93700.3,93714.7,93564.9,93605.7,368.111
2024-12-20 12:35:00,93605.7,93900.0,93604.3,93866.3,606.442
2024-12-20 12:36:00,93866.3,93866.3,93606.1,93620.4,354.354
2024-12-20 12:37:00,93620.4,93733.2,93500.0,93684.1,572.36
2024-12-20 12:38:00,93684.1,93846.3,93656.8,93810.8,189.819
2024-12-20 12:39:00,93810.8,93876.0,93773.8,93775.4,360.622
2024-12-20 12:40:00,93775.4,93823.0,93624.3,93632.2,577.196
2024-12-20 12:41:00,93632.2,93754.9,93576.1,93726.1,182.838
2024-12-20 12:42:00,93726.1,93842.3,93717.0,93830.1,208.093
2024-12-20 12:43:00,93830.1,93860.1,93786.0,93796.8,125.98
2024-12-20 12:44:00,93796.8,93829.9,93731.9,93760.4,94.723
2024-12-20 12:45:00,93760.4,93926.7,93755.6,93901.0,88.818
2024-12-20 12:46:00,93901.0,94065.6,93901.0,94042.2,254.32
2024-12-20 12:47:00,94042.2,94048.9,93891.7,93950.9,436.498
2024-12-20 12:48:00,93950.9,94056.0,93949.2,94050.2,234.063
2024-12-20 12:49:00,94050.2,94100.0,94004.8,94091.1,148.502
2024-12-20 12:50:00,94091.1,94233.0,94089.0,94183.2,252.613
2024-12-20 12:51:00,94183.2,94223.9,94150.0,94202.1,348.403
2024-12-20 12:52:00,94202.1,94216.6,93976.5,93986.4,194.195
2024-12-20 12:53:00,93986.4,94061.9,93935.0,94022.8,236.464
2024-12-20 12:54:00,94022.8,94061.4,93895.5,93976.7,233.038
2024-12-20 12:55:00,93976.7,93984.9,93826.1,93870.0,249.003
2024-12-20 12:56:00,93870.0,93910.9,93819.3,93840.4,175.008
2024-12-20 12:57:00,93840.4,93850.7,93754.4,93843.0,216.614
2024-12-20 12:58:00,93843.0,93945.5,93837.6,93888.6,344.864
2024-12-20 12:59:00,93888.6,93994.4,93882.1,93924.8,479.658
2024-12-20 13:00:00,93924.8,93967.7,93789.1,93964.3,177.836
2024-12-20 13:01:00,93964.3,93992.3,93778.4,93876.5,319.704
2024-12-20 13:02:00,93876.5,94108.9,93862.0,94084.3,386.261
2024-12-20 13:03:00,94084.3,94200.2,94059.7,94200.2,511.619
2024-12-20 13:04:00,94200.2,94263.5,94160.1,94216.1,380.607
2024-12-20 13:05:00,94216.1,94238.3,94033.8,94080.0,321.957
2024-12-20 13:06:00,94080.0,94093.5,94000.0,94017.2,141.394
2024-12-20 13:07:00,94017.2,94020.6,93873.3,93879.8,112.98
2024-12-20 13:08:00,93879.8,93898.2,93812.9,93814.5,142.695
2024-12-20 13:09:00,93814.5,93918.3,93704.8,93918.3,164.892
2024-12-20 13:10:00,93918.3,94008.9,93886.0,93911.5,164.606
2024-12-20 13:11:00,93911.5,94027.9,93845.1,93974.9,127.507
2024-12-20 13:12:00,93974.9,94041.2,93930.4,93979.3,120.623
2024-12-20 13:13:00,93979.3,94172.3,93979.0,94159.6,151.232
2024-12-20 13:14:00,94159.6,94159.6,94078.0,94085.5,212.682
2024-12-20 13:15:00,94085.5,94145.4,93967.0,93967.0,109.01
2024-12-20 13:16:00,93967.0,94024.3,93900.0,93900.0,84.907
2024-12-20 13:17:00,93900.0,93954.8,93830.2,93863.5,86.395
2024-12-20 13:18:00,93863.5,93971.9,93816.3,93861.3,111.513
2024-12-20 13:19:00,93861.3,93895.6,93779.5,93881.6,97.832
2024-12-20 13:20:00,93881.6,93921.1,93817.0,93825.1,73.128
2024-12-20 13:21:00,93825.1,93825.1,93640.4,93640.6,118.769
2024-12-20 13:22:00,93640.6,93688.1,93564.2,93680.1,246.671
2024-12-20 13:23:00,93680.1,93749.8,93610.9,93673.1,189.456
2024-12-20 13:24:00,93673.1,93744.2,93658.8,93744.0,137.708
2024-12-20 13:25:00,93744.0,93902.3,93706.7,93871.6,74.657
2024-12-20 13:26:00,93871.6,93924.6,93862.4,93892.4,93.783
2024-12-20 13:27:00,93892.4,94034.6,93874.6,94024.8,76.814
2024-12-20 13:28:00,94024.8,94024.8,93865.3,93870.7,135.765
2024-12-20 13:29:00,93870.7,93900.0,93730.0,93807.0,165.504
2024-12-20 13:30:00,93807.0,94857.1,93807.0,94776.9,1793.065
2024-12-20 13:31:00,94776.9,94971.0,94644.3,94786.2,785.729
2024-12-20 13:32:00,94786.2,94890.0,94644.4,94865.8,679.866
2024-12-20 13:33:00,94865.8,95072.5,94776.6,94996.7,1003.634
2024-12-20 13:34:00,94996.7,95322.0,94980.6,95294.0,963.508
2024-12-20 13:35:00,95294.0,95387.1,95170.2,95380.9,701.266
2024-12-20 13:36:00,95380.9,95495.7,95165.7,95224.1,728.835
2024-12-20 13:37:00,95224.1,95265.0,94952.6,94988.2,643.13
2024-12-20 13:38:00,94988.2,95162.9,94870.6,95133.4,437.741
2024-12-20 13:39:00,95133.4,95272.1,95115.4,95199.9,860.707
2024-12-20 13:40:00,95199.9,95420.2,95128.3,95408.8,656.806
2024-12-20 13:41:00,95408.8,95450.0,95365.5,95386.4,490.222
2024-12-20 13:42:00,95386.4,95396.5,95195.2,95323.1,469.554
2024-12-20 13:43:00,95323.1,95436.0,95284.6,95383.2,456.63
2024-12-20 13:44:00,95383.2,95613.2,95377.2,95469.1,1052.551
2024-12-20 13:45:00,95469.1,95634.1,95385.4,95597.4,872.558
2024-12-20 13:46:00,95597.4,95645.2,95529.4,95602.9,608.664
2024-12-20 13:47:00,95602.9,95659.9,95580.3,95659.9,389.078
2024-12-20 13:48:00,95659.9,95772.0,95659.9,95734.2,441.467
2024-12-20 13:49:00,95734.2,95767.0,95663.4,95673.2,403.692
2024-12-20 13:50:00,95673.2,95678.1,95388.5,95401.0,498.624
2024-12-20 13:51:00,95401.0,95763.7,95357.7,95718.4,585.661
2024-12-20 13:52:00,95718.4,95767.0,95625.2,95662.8,249.935
2024-12-20 13:53:00,95662.8,95666.0,95512.1,95539.4,210.637
2024-12-20 13:54:00,95539.4,95650.0,95515.6,95549.7,112.702
2024-12-20 13:55:00,95549.7,95607.0,95390.0,95434.5,140.537
2024-12-20 13:56:00,95434.5,95520.6,95382.2,95491.0,190.477
2024-12-20 13:57:00,95491.0,95503.5,95278.1,95280.1,167.093
2024-12-20 13:58:00,95280.1,95280.1,95018.8,95056.0,684.329
2024-12-20 13:59:00,95056.0,95195.7,95049.9,95188.2,664.642
2024-12-20 14:00:00,95188.2,95188.2,94879.3,94893.5,530.121
2024-12-20 14:01:00,94893.5,95177.9,94872.8,95177.9,448.284
2024-12-20 14:02:00,95177.9,95177.9,94898.0,94898.0,256.694
2024-12-20 14:03:00,94898.0,94910.0,94732.4,94838.4,246.549
2024-12-20 14:04:00,94838.4,95024.8,94820.0,94844.0,318.933
2024-12-20 14:05:00,94844.0,95000.0,94820.0,94971.1,166.292
2024-12-20 14:06:00,94971.1,95148.4,94900.0,95092.9,123.749
2024-12-20 14:07:00,95092.9,95183.3,95026.6,95033.0,172.69
2024-12-20 14:08:00,95033.0,95143.7,95026.5,95065.2,83.069
2024-12-20 14:09:00,95065.2,95083.1,94874.1,94874.1,91.041
2024-12-20 14:10:00,94874.1,94988.5,94874.1,94949.9,139.036
2024-12-20 14:11:00,94949.9,95050.2,94831.5,95025.7,86.581
2024-12-20 14:12:00,95025.7,95090.8,94932.8,94953.9,108.698
2024-12-20 14:13:00,94953.9,95062.9,94890.3,94902.7,64.566
2024-12-20 14:14:00,94902.7,95120.0,94902.7,95119.9,59.811
2024-12-20 14:15:00,95119.9,95150.2,95006.2,95067.2,141.711
2024-12-20 14:16:00,95067.2,95086.2,94978.0,95037.9,260.043
2024-12-20 14:17:00,95037.9,95128.4,94937.0,94955.7,77.59
2024-12-20 14:18:00,94955.7,95027.9,94900.0,94915.0,56.954
2024-12-20 14:19:00,94915.0,95050.2,94850.9,94970.6,235.425
2024-12-20 14:20:00,94970.6,95188.2,94900.0,95145.5,612.796
2024-12-20 14:21:00,95145.5,95244.0,95100.0,95244.0,279.878
2024-12-20 14:22:00,95244.0,95473.3,95236.9,95292.9,261.955
2024-12-20 14:23:00,95292.9,95322.0,95113.9,95113.9,656.496
2024-12-20 14:24:00,95113.9,95169.8,95017.3,95157.8,415.748
2024-12-20 14:25:00,95157.8,95234.3,95080.2,95225.1,113.77
2024-12-20 14:26:00,95225.1,95287.4,95200.1,95230.9,94.575
2024-12-20 14:27:00,95230.9,95258.0,95122.0,95223.1,84.829
2024-12-20 14:28:00,95223.1,95445.6,95169.6,95427.4,77.445
2024-12-20 14:29:00,95427.4,95427.4,95194.9,95195.3,136.205
2024-12-20 14:30:00,95195.3,95348.0,95044.7,95348.0,203.596
2024-12-20 14:31:00,95348.0,95611.2,95276.8,95583.8,429.337
2024-12-20 14:32:00,95583.8,95640.0,95502.9,95549.6,600.878
2024-12-20 14:33:00,95549.6,95627.0,95402.0,95563.6,215.485
2024-12-20 14:34:00,95563.6,95750.2,95490.0,95705.3,168.897
2024-12-20 14:35:00,95705.3,95755.0,95639.6,95639.9,252.599
2024-12-20 14:36:00,95639.9,95876.6,95580.0,95725.6,246.468
2024-12-20 14:37:00,95725.6,95910.5,95666.6,95910.5,243.3
2024-12-20 14:38:00,95910.5,95983.3,95896.4,95951.0,255.922
2024-12-20 14:39:00,95951.0,96160.4,95951.0,96160.2,357.963
2024-12-20 14:40:00,96160.2,96165.0,96031.5,96069.6,493.478
2024-12-20 14:41:00,96069.6,96097.6,95803.7,95946.1,650.549
2024-12-20 14:42:00,95946.1,95961.8,95729.9,95800.0,602.221
2024-12-20 14:43:00,95800.0,95800.0,95672.6,95726.1,255.554
2024-12-20 14:44:00,95726.1,95970.3,95726.0,95933.0,207.992
2024-12-20 14:45:00,95933.0,95963.2,95768.5,95830.2,290.431
2024-12-20 14:46:00,95830.2,95879.4,95600.0,95674.9,203.536
2024-12-20 14:47:00,95674.9,95674.9,95395.2,95486.6,388.039
2024-12-20 14:48:00,95486.6,95486.6,95250.0,95375.7,643.658
2024-12-20 14:49:00,95375.7,95487.3,95367.1,95422.8,393.122
2024-12-20 14:50:00,95422.8,95434.5,95093.1,95159.7,241.391
2024-12-20 14:51:00,95159.7,95428.6,95159.0,95397.4,428.178
2024-12-20 14:52:00,95397.4,95490.0,95345.3,95463.3,441.567
2024-12-20 14:53:00,95463.3,95637.0,95426.5,95611.4,165.006
2024-12-20 14:54:00,95611.4,95666.0,95500.0,95534.4,150.578
2024-12-20 14:55:00,95534.4,95811.0,95534.4,95774.7,134.045
2024-12-20 14:56:00,95774.7,95868.6,95757.9,95843.4,199.11
2024-12-20 14:57:00,95843.4,95894.6,95773.9,95778.8,623.621
2024-12-20 14:58:00,95778.8,95830.2,95648.0,95743.2,565.717
2024-12-20 14:59:00,95743.2,95745.1,95558.0,95579.8,152.155
2024-12-20 15:00:00,95579.8,95741.5,95579.8,95658.6,114.079
2024-12-20 15:01:00,95658.6,95942.3,95658.6,95925.5,215.679
2024-12-20 15:02:00,95925.5,95961.3,95811.9,95887.5,166.298
2024-12-20 15:03:00,95887.5,96037.1,95685.5,95700.0,219.62
2024-12-20 15:04:00,95700.0,95956.0,95700.0,95933.7,425.112
2024-12-20 15:05:00,95933.7,96206.5,95890.4,96172.4,423.81
2024-12-20 15:06:00,96172.4,96198.9,96072.4,96183.3,626.928
2024-12-20 15:07:00,96183.3,96185.4,95933.6,95987.4,364.272
2024-12-20 15:08:00,95987.4,96058.3,95832.9,95871.0,767.093
2024-12-20 15:09:00,95871.0,95998.0,95783.0,95783.0,1524.112
2024-12-20 15:10:00,95783.0,95800.0,95604.0,95799.9,574.682
2024-12-20 15:11:00,95799.9,96020.1,95774.6,96000.2,230.481
2024-12-20 15:12:00,96000.2,96037.5,95937.0,96021.2,202.123
2024-12-20 15:13:00,96021.2,96229.9,95986.6,96196.8,191.301
2024-12-20 15:14:00,96196.8,96317.4,96196.6,96302.6,730.299
2024-12-20 15:15:00,96302.6,96450.3,96233.1,96431.8,756.804
2024-12-20 15:16:00,96431.8,96487.6,96374.0,96485.1,639.098
2024-12-20 15:17:00,96485.1,96729.9,96430.0,96695.2,527.42
2024-12-20 15:18:00,96695.2,96769.1,96612.0,96759.1,870.522
2024-12-20 15:19:00,96759.1,96767.4,96511.3,96527.2,644.495
2024-12-20 15:20:00,96527.2,96619.9,96460.5,96607.4,397.164
2024-12-20 15:21:00,96607.4,96697.2,96539.0,96598.6,268.917
2024-12-20 15:22:00,96598.6,96598.6,96396.4,96490.0,440.185
2024-12-20 15:23:00,96490.0,96750.3,96449.9,96750.2,275.406
2024-12-20 15:24:00,96750.2,96798.3,96667.2,96769.9,174.899
2024-12-20 15:25:00,96769.9,96900.0,96746.4,96899.9,275.647
2024-12-20 15:26:00,96899.9,97022.1,96895.8,96948.3,399.502
2024-12-20 15:27:00,96948.3,97068.3,96900.0,97068.0,532.299
2024-12-20 15:28:00,97068.0,97120.0,97000.0,97025.8,479.921
2024-12-20 15:29:00,97025.8,97083.0,96940.0,97036.3,476.336
2024-12-20 15:30:00,97036.3,97110.0,96951.0,97110.0,501.134
2024-12-20 15:31:00,97110.0,97128.5,97019.9,97100.3,384.894
2024-12-20 15:32:00,97100.3,97130.0,97075.2,97100.6,205.742
2024-12-20 15:33:00,97100.6,97100.7,96840.0,96967.5,295.994
2024-12-20 15:34:00,96967.5,96971.7,96832.9,96877.8,748.283
2024-12-20 15:35:00,96877.8,96971.8,96736.6,96755.7,575.435
2024-12-20 15:36:00,96755.7,96989.7,96746.8,96900.1,184.532
2024-12-20 15:37:00,96900.1,96968.9,96852.0,96856.9,119.5
2024-12-20 15:38:00,96856.9,96959.2,96762.4,96888.1,99.363
2024-12-20 15:39:00,96888.1,96952.9,96872.7,96912.0,148.928
2024-12-20 15:40:00,96912.0,97200.0,96910.3,97200.0,133.444
2024-12-20 15:41:00,97200.0,97277.0,97026.4,97037.2,333.865
2024-12-20 15:42:00,97037.2,97053.7,96953.2,96975.8,417.668
2024-12-20 15:43:00,96975.8,97025.7,96901.4,96999.9,86.139
2024-12-20 15:44:00,96999.9,97198.9,96948.0,97196.2,75.344
2024-12-20 15:45:00,97196.2,97221.9,97118.5,97141.0,116.773
2024-12-20 15:46:00,97141.0,97311.0,97141.0,97311.0,158.891
2024-12-20 15:47:00,97311.0,97512.6,97310.9,97440.1,328.239
2024-12-20 15:48:00,97440.1,97549.8,97405.8,97405.8,478.674
2024-12-20 15:49:00,97405.8,97447.3,97262.1,97287.2,244.53
2024-12-20 15:50:00,97287.2,97342.4,97130.6,97245.0,242.925
2024-12-20 15:51:00,97245.0,97435.2,97200.0,97430.9,221.533
2024-12-20 15:52:00,97430.9,97447.4,97363.7,97407.8,161.294
2024-12-20 15:53:00,97407.8,97408.1,97236.9,97273.9,261.82
2024-12-20 15:54:00,97273.9,97279.1,97177.8,97177.9,236.245
2024-12-20 15:55:00,97177.9,97335.4,97138.3,97235.9,132.303
2024-12-20 15:56:00,97235.9,97239.0,97177.2,97216.0,173.763
2024-12-20 15:57:00,97216.0,97239.0,97000.0,97022.1,261.524
2024-12-20 15:58:00,97022.1,97033.4,96865.1,96903.7,553.282
2024-12-20 15:59:00,96903.7,96996.8,96856.8,96961.3,413.808
2024-12-20 16:00:00,96961.3,96974.5,96883.0,96883.0,193.344
2024-12-20 16:01:00,96883.0,96932.3,96800.0,96889.7,473.74
2024-12-20 16:02:00,96889.7,97140.4,96874.6,97129.9,676.649
2024-12-20 16:03:00,97129.9,97189.0,97114.0,97186.7,432.069
2024-12-20 16:04:00,97186.7,97280.8,97149.9,97277.7,140.352
2024-12-20 16:05:00,97277.7,97395.2,97184.3,97395.0,256.439
2024-12-20 16:06:00,97395.0,97433.8,97289.8,97366.5,553.309
2024-12-20 16:07:00,97366.5,97376.7,97205.7,97332.7,283.32
2024-12-20 16:08:00,97332.7,97360.2,97237.8,97341.6,284.504
2024-12-20 16:09:00,97341.6,97350.0,97174.5,97187.5,110.257
2024-12-20 16:10:00,97187.5,97259.9,97065.4,97240.5,156.734
2024-12-20 16:11:00,97240.5,97353.9,97157.2,97188.4,129.542
2024-12-20 16:12:00,97188.4,97400.0,97188.4,97400.0,179.238
2024-12-20 16:13:00,97400.0,97500.0,97391.2,97484.0,171.837
2024-12-20 16:14:00,97484.0,97499.8,97460.0,97483.6,180.637
2024-12-20 16:15:00,97483.6,97494.7,97317.7,97378.0,127.288
2024-12-20 16:16:00,97378.0,97500.0,97378.0,97495.4,106.101
2024-12-20 16:17:00,97495.4,97595.2,97483.0,97583.0,109.533
2024-12-20 16:18:00,97583.0,97585.2,97390.3,97473.2,186.413
2024-12-20 16:19:00,97473.2,97478.3,97300.0,97400.0,175.948
2024-12-20 16:20:00,97400.0,97415.2,97300.0,97340.7,321.576
2024-12-20 16:21:00,97340.7,97490.2,97314.3,97479.0,215.222
2024-12-20 16:22:00,97479.0,97581.0,97420.6,97566.6,263.61
2024-12-20 16:23:00,97566.6,97667.9,97534.2,97540.2,364.18
2024-12-20 16:24:00,97540.2,97621.0,97534.4,97607.2,382.959
2024-12-20 16:25:00,97607.2,97620.3,97421.0,97620.2,254.997
2024-12-20 16:26:00,97620.2,97656.5,97514.9,97603.7,109.247
2024-12-20 16:27:00,97603.7,97603.7,97443.7,97445.0,98.052
2024-12-20 16:28:00,97445.0,97477.3,97275.9,97322.0,99.346
2024-12-20 16:29:00,97322.0,97371.1,97255.4,97342.5,166.88
2024-12-20 16:30:00,97342.5,97394.5,97255.4,97330.1,119.324
2024-12-20 16:31:00,97330.1,97439.2,97129.4,97144.7,130.242
2024-12-20 16:32:00,97144.7,97161.4,97024.9,97156.3,210.507
2024-12-20 16:33:00,97156.3,97321.0,97153.0,97244.7,325.674
2024-12-20 16:34:00,97244.7,97289.0,97151.6,97151.6,134.201
2024-12-20 16:35:00,97151.6,97266.9,97135.5,97257.8,170.051
2024-12-20 16:36:00,97257.8,97421.0,97257.8,97421.0,90.389
2024-12-20 16:37:00,97421.0,97548.1,97400.0,97435.1,135.73
2024-12-20 16:38:00,97435.1,97500.2,97403.2,97474.1,159.196
2024-12-20 16:39:00,97474.1,97530.3,97402.2,97522.5,50.928
2024-12-20 16:40:00,97522.5,97543.5,97393.8,97464.2,47.102
2024-12-20 16:41:00,97464.2,97546.6,97428.4,97545.8,63.468
2024-12-20 16:42:00,97545.8,97590.3,97483.6,97584.4,81.409
2024-12-20 16:43:00,97584.4,97599.2,97480.7,97542.4,134.406
2024-12-20 16:44:00,97542.4,97552.0,97415.9,97416.0,212.136
2024-12-20 16:45:00,97416.0,97447.4,97196.9,97199.4,247.273
2024-12-20 16:46:00,97199.4,97225.8,97090.9,97113.4,482.759
2024-12-20 16:47:00,97113.4,97120.9,96979.9,97060.7,183.843
2024-12-20 16:48:00,97060.7,97069.2,96839.9,96895.8,533.715
2024-12-20 16:49:00,96895.8,96924.0,96762.7,96778.1,602.053
2024-12-20 16:50:00,96778.1,96920.0,96752.0,96752.0,273.009
2024-12-20 16:51:00,96752.0,96861.9,96742.8,96850.0,243.04
2024-12-20 16:52:00,96850.0,96850.0,96608.6,96627.0,283.56
2024-12-20 16:53:00,96627.0,96696.4,96552.2,96560.2,455.298
2024-12-20 16:54:00,96560.2,96564.7,96299.9,96529.9,636.127
2024-12-20 16:55:00,96529.9,96533.1,96254.0,96265.4,757.532
2024-12-20 16:56:00,96265.4,96500.0,96265.4,96459.0,568.766
2024-12-20 16:57:00,96459.0,96636.2,96426.2,96624.8,180.525
2024-12-20 16:58:00,96624.8,96800.8,96586.0,96753.5,846.993
2024-12-20 16:59:00,96753.5,96774.7,96652.1,96667.1,557.537
2024-12-20 17:00:00,96667.1,96703.9,96397.0,96500.0,172.76
2024-12-20 17:01:00,96500.0,96649.0,96462.9,96561.0,143.923
2024-12-20 17:02:00,96561.0,96595.8,96433.1,96464.4,141.324
2024-12-20 17:03:00,96464.4,96513.8,96401.7,96438.0,150.922
2024-12-20 17:04:00,96438.0,96487.0,96406.7,96486.9,84.912
2024-12-20 17:05:00,96486.9,96595.7,96473.0,96552.5,472.206
2024-12-20 17:06:00,96552.5,96605.5,96440.2,96517.5,547.554
2024-12-20 17:07:00,96517.5,96574.5,96491.1,96552.1,69.213
2024-12-20 17:08:00,96552.1,96600.0,96470.1,96494.2,51.489
2024-12-20 17:09:00,96494.2,96600.2,96494.2,96600.2,83.27
2024-12-20 17:10:00,96600.2,96678.8,96513.3,96513.6,60.877
2024-12-20 17:11:00,96513.6,96593.7,96488.3,96593.6,64.633
2024-12-20 17:12:00,96593.6,96688.2,96571.4,96601.8,75.893
2024-12-20 17:13:00,96601.8,96800.0,96533.8,96795.8,72.797
2024-12-20 17:14:00,96795.8,96945.4,96787.0,96926.6,105.228
2024-12-20 17:15:00,96926.6,96988.0,96849.4,96861.9,159.719
2024-12-20 17:16:00,96861.9,96987.8,96784.2,96963.9,159.671
2024-12-20 17:17:00,96963.9,96974.5,96862.5,96868.8,93.631
2024-12-20 17:18:00,96868.8,96945.6,96801.4,96801.4,166.686
2024-12-20 17:19:00,96801.4,96837.6,96730.1,96793.2,173.767
2024-12-20 17:20:00,96793.2,96988.2,96775.0,96988.2,82.716
2024-12-20 17:21:00,96988.2,96991.1,96851.5,96888.1,126.708
2024-12-20 17:22:00,96888.1,96905.5,96762.7,96832.5,1668.745
2024-12-20 17:23:00,96832.5,96888.5,96720.0,96769.9,520.845
2024-12-20 17:24:00,96769.9,96872.6,96769.8,96863.7,45.861
2024-12-20 17:25:00,96863.7,96965.0,96863.4,96930.1,43.416
2024-12-20 17:26:00,96930.1,97163.7,96930.1,97158.0,85.615
2024-12-20 17:27:00,97158.0,97158.0,97049.5,97094.9,167.369
2024-12-20 17:28:00,97094.9,97220.0,97094.9,97175.6,122.205
2024-12-20 17:29:00,97175.6,97256.2,97175.6,97241.5,262.178
2024-12-20 17:30:00,97241.5,97256.4,97182.9,97247.6,530.202
2024-12-20 17:31:00,97247.6,97247.6,97100.4,97156.7,207.88
2024-12-20 17:32:00,97156.7,97208.8,97112.2,97126.7,53.591
2024-12-20 17:33:00,97126.7,97126.7,96916.5,96936.6,74.271
2024-12-20 17:34:00,96936.6,97010.7,96881.0,96963.3,148.611
2024-12-20 17:35:00,96963.3,97016.5,96941.2,96954.8,100.511
2024-12-20 17:36:00,96954.8,97041.4,96954.8,97008.8,35.798
2024-12-20 17:37:00,97008.8,97183.7,97008.8,97183.0,30.286
2024-12-20 17:38:00,97183.0,97195.7,97150.0,97186.4,49.493
2024-12-20 17:39:00,97186.4,97259.1,97178.8,97259.1,27.89
2024-12-20 17:40:00,97259.1,97261.9,97091.0,97154.6,68.816
2024-12-20 17:41:00,97154.6,97200.0,97079.0,97184.9,104.76
2024-12-20 17:42:00,97184.9,97200.0,97100.0,97136.2,27.828
2024-12-20 17:43:00,97136.2,97198.9,97031.6,97158.1,23.64
2024-12-20 17:44:00,97158.1,97185.0,97075.4,97140.5,32.409
2024-12-20 17:45:00,97140.5,97244.7,97103.0,97112.8,33.465
2024-12-20 17:46:00,97112.8,97143.1,97044.0,97082.6,67.592
2024-12-20 17:47:00,97082.6,97120.2,96964.0,96996.3,71.742
2024-12-20 17:48:00,96996.3,97094.6,96912.2,96994.7,65.621
2024-12-20 17:49:00,96994.7,97003.2,96944.5,96990.9,69.506
2024-12-20 17:50:00,96990.9,97051.1,96882.3,96885.8,49.426
2024-12-20 17:51:00,96885.8,96907.4,96827.7,96835.8,82.055
2024-12-20 17:52:00,96835.8,96923.4,96822.6,96923.3,98.357
2024-12-20 17:53:00,96923.3,97018.5,96923.3,96981.2,42.858
2024-12-20 17:54:00,96981.2,97065.3,96970.0,97065.3,35.628
2024-12-20 17:55:00,97065.3,97276.0,97065.3,97254.8,51.203
2024-12-20 17:56:00,97254.8,97330.2,97230.0,97242.3,156.533
2024-12-20 17:57:00,97242.3,97337.5,97237.7,97324.3,202.432
2024-12-20 17:58:00,97324.3,97324.3,97200.0,97247.2,165.808
2024-12-20 17:59:00,97247.2,97247.3,97145.6,97170.1,254.619
2024-12-20 18:00:00,97170.1,97188.6,97076.2,97118.8,522.367
2024-12-20 18:01:00,97118.8,97255.9,97115.6,97206.7,84.052
2024-12-20 18:02:00,97206.7,97220.8,97113.3,97188.3,77.856
2024-12-20 18:03:00,97188.3,97269.4,97140.8,97182.1,91.771
2024-12-20 18:04:00,97182.1,97182.1,96992.0,97063.2,37.912
2024-12-20 18:05:00,97063.2,97063.2,96888.0,96888.7,78.057
2024-12-20 18:06:00,96888.7,96892.7,96829.2,96841.2,88.343
2024-12-20 18:07:00,96841.2,96847.2,96801.3,96822.8,66.504
2024-12-20 18:08:00,96822.8,96974.7,96822.8,96922.1,75.803
2024-12-20 18:09:00,96922.1,96922.1,96822.2,96833.3,98.013
2024-12-20 18:10:00,96833.3,96870.1,96769.8,96815.0,29.361
2024-12-20 18:11:00,96815.0,96907.8,96806.0,96895.0,69.674
2024-12-20 18:12:00,96895.0,96922.8,96819.8,96832.8,47.56
2024-12-20 18:13:00,96832.8,96915.0,96781.1,96792.3,48.175
2024-12-20 18:14:00,96792.3,96900.8,96779.5,96900.8,58.239
2024-12-20 18:15:00,96900.8,96902.8,96600.6,96608.7,55.229
2024-12-20 18:16:00,96608.7,96700.2,96596.4,96636.0,131.463
2024-12-20 18:17:00,96636.0,96678.0,96585.8,96590.6,66.346
2024-12-20 18:18:00,96590.6,96714.0,96585.8,96714.0,47.698
2024-12-20 18:19:00,96714.0,96863.8,96714.0,96851.8,61.49
2024-12-20 18:20:00,96851.8,96868.7,96679.8,96680.1,63.263
2024-12-20 18:21:00,96680.1,96689.7,96560.0,96630.8,42.614
2024-12-20 18:22:00,96630.8,96677.8,96608.5,96648.6,72.958
2024-12-20 18:23:00,96648.6,96752.0,96603.3,96713.0,25.016
2024-12-20 18:24:00,96713.0,96742.2,96629.3,96730.7,37.852
2024-12-20 18:25:00,96730.7,96850.1,96709.0,96818.2,40.413
2024-12-20 18:26:00,96818.2,96864.9,96757.2,96824.5,38.414
2024-12-20 18:27:00,96824.5,96827.8,96731.1,96731.1,28.61
2024-12-20 18:28:00,96731.1,96749.0,96670.0,96693.8,13.834
2024-12-20 18:29:00,96693.8,96784.7,96658.8,96765.7,38.846
2024-12-20 18:30:00,96765.7,96780.2,96632.9,96753.9,75.166
2024-12-20 18:31:00,96753.9,96812.4,96726.3,96792.5,31.131
2024-12-20 18:32:00,96792.5,96811.7,96742.5,96786.8,18.489
2024-12-20 18:33:00,96786.8,96840.0,96648.6,96648.6,31.422
2024-12-20 18:34:00,96648.6,96648.7,96570.0,96610.2,36.615
2024-12-20 18:35:00,96610.2,96850.4,96610.2,96849.9,53.552
2024-12-20 18:36:00,96849.9,96952.0,96846.9,96939.3,57.618
2024-12-20 18:37:00,96939.3,97000.6,96922.3,96948.3,68.305
2024-12-20 18:38:00,96948.3,97002.0,96931.8,96992.4,199.515
2024-12-20 18:39:00,96992.4,97113.6,96992.3,97059.0,429.646
2024-12-20 18:40:00,97059.0,97125.1,97059.0,97095.9,102.415
2024-12-20 18:41:00,97095.9,97104.8,96997.2,97000.0,42.454
2024-12-20 18:42:00,97000.0,97019.4,96975.0,96975.0,36.315
2024-12-20 18:43:00,96975.0,97080.0,96963.2,97036.3,28.1
2024-12-20 18:44:00,97036.3,97080.0,96962.8,97010.2,27.383
2024-12-20 18:45:00,97010.2,97024.8,96846.9,97000.0,30.266
2024-12-20 18:46:00,97000.0,97048.7,96974.6,97026.5,55.56
2024-12-20 18:47:00,97026.5,97098.2,97026.3,97070.0,35.559
2024-12-20 18:48:00,97070.0,97150.0,97070.0,97149.9,42.525
2024-12-20 18:49:00,97149.9,97182.4,97102.5,97171.6,44.204
2024-12-20 18:50:00,97171.6,97171.6,97089.6,97089.6,43.71
2024-12-20 18:51:00,97089.6,97089.6,96971.0,96980.1,21.653
2024-12-20 18:52:00,96980.1,97109.0,96976.9,97073.7,24.92
2024-12-20 18:53:00,97073.7,97174.4,97073.7,97160.1,59.286
2024-12-20 18:54:00,97160.1,97206.8,97132.1,97198.4,132.701
2024-12-20 18:55:00,97198.4,97233.2,97137.9,97155.3,140.466
2024-12-20 18:56:00,97155.3,97179.7,97088.0,97172.3,184.577
2024-12-20 18:57:00,97172.3,97221.5,97146.1,97184.8,131.086
2024-12-20 18:58:00,97184.8,97197.3,97076.0,97076.1,32.559
2024-12-20 18:59:00,97076.1,97099.3,96958.0,96962.4,28.464
2024-12-20 19:00:00,96962.4,96962.4,96900.6,96910.9,42.527
2024-12-20 19:01:00,96910.9,96963.4,96886.7,96946.6,30.296
2024-12-20 19:02:00,96946.6,96946.6,96804.7,96883.5,53.123
2024-12-20 19:03:00,96883.5,97015.7,96883.5,96996.1,65.45
2024-12-20 19:04:00,96996.1,97009.1,96939.3,96962.3,34.018
2024-12-20 19:05:00,96962.3,96975.3,96888.3,96890.8,44.843
2024-12-20 19:06:00,96890.8,96979.0,96887.4,96960.8,23.284
2024-12-20 19:07:00,96960.8,96961.0,96843.9,96961.0,26.023
2024-12-20 19:08:00,96961.0,96961.0,96869.6,96921.5,15.835
2024-12-20 19:09:00,96921.5,97100.0,96921.5,97099.9,19.959
2024-12-20 19:10:00,97099.9,97100.0,97026.7,97027.4,31.792
2024-12-20 19:11:00,97027.4,97063.0,96950.0,97011.4,30.604
2024-12-20 19:12:00,97011.4,97034.3,96964.6,97031.3,15.083
2024-12-20 19:13:00,97031.3,97085.2,97020.5,97024.0,13.016
2024-12-20 19:14:00,97024.0,97096.5,97024.0,97050.3,14.843
2024-12-20 19:15:00,97050.3,97099.0,97026.2,97069.8,8.307
2024-12-20 19:16:00,97069.8,97188.2,97026.2,97187.9,21.165
2024-12-20 19:17:00,97187.9,97324.3,97168.9,97317.8,118.252
2024-12-20 19:18:00,97317.8,97361.6,97257.4,97264.1,232.857
2024-12-20 19:19:00,97264.1,97485.1,97264.1,97485.1,152.938
2024-12-20 19:20:00,97485.1,97533.8,97440.0,97500.0,313.381
2024-12-20 19:21:00,97500.0,97533.4,97429.9,97438.2,245.653
2024-12-20 19:22:00,97438.2,97500.2,97410.4,97492.4,44.734
2024-12-20 19:23:00,97492.4,97660.0,97492.4,97657.4,97.515
2024-12-20 19:24:00,97657.4,97659.2,97530.4,97578.6,218.234
2024-12-20 19:25:00,97578.6,97578.6,97474.5,97571.2,101.607
2024-12-20 19:26:00,97571.2,97659.4,97544.0,97651.5,95.116
2024-12-20 19:27:00,97651.5,97663.3,97582.4,97634.5,169.011
2024-12-20 19:28:00,97634.5,97634.5,97528.0,97537.0,52.378
2024-12-20 19:29:00,97537.0,97570.7,97458.5,97538.1,63.032
2024-12-20 19:30:00,97538.1,97622.9,97516.2,97601.6,87.415
2024-12-20 19:31:00,97601.6,97662.0,97534.5,97556.8,55.753
2024-12-20 19:32:00,97556.8,97696.7,97555.7,97611.5,628.946
2024-12-20 19:33:00,97611.5,97659.6,97536.9,97557.8,525.85
2024-12-20 19:34:00,97557.8,97681.9,97556.5,97676.6,60.832
2024-12-20 19:35:00,97676.6,97688.5,97640.4,97658.9,107.639
2024-12-20 19:36:00,97658.9,97688.3,97636.6,97688.1,113.871
2024-12-20 19:37:00,97688.1,97688.3,97559.6,97598.7,49.525
2024-12-20 19:38:00,97598.7,97598.7,97431.1,97539.9,53.568
2024-12-20 19:39:00,97539.9,97581.0,97440.0,97440.0,63.61
2024-12-20 19:40:00,97440.0,97440.1,97290.0,97306.5,67.251
2024-12-20 19:41:00,97306.5,97306.5,97244.6,97269.0,131.576
2024-12-20 19:42:00,97269.0,97279.1,97193.1,97215.8,61.772
2024-12-20 19:43:00,97215.8,97245.0,97185.1,97215.8,63.255
2024-12-20 19:44:00,97215.8,97249.6,97186.8,97200.1,56.515
2024-12-20 19:45:00,97200.1,97345.0,97200.1,97340.0,40.883
2024-12-20 19:46:00,97340.0,97386.1,97250.0,97315.3,61.998
2024-12-20 19:47:00,97315.3,97320.2,97213.1,97213.1,33.716
2024-12-20 19:48:00,97213.1,97420.3,97213.1,97362.7,128.766
2024-12-20 19:49:00,97362.7,97413.0,97334.5,97334.5,311.935
2024-12-20 19:50:00,97334.5,97363.8,97225.5,97273.8,30.609
2024-12-20 19:51:00,97273.8,97303.2,97244.8,97251.4,45.099
2024-12-20 19:52:00,97251.4,97286.0,97215.6,97215.6,91.223
2024-12-20 19:53:00,97215.6,97215.6,97078.8,97110.8,93.789
2024-12-20 19:54:00,97110.8,97213.7,97094.1,97190.6,215.262
2024-12-20 19:55:00,97190.6,97284.4,97158.0,97250.6,47.314
2024-12-20 19:56:00,97250.6,97250.6,97211.9,97212.0,31.313
2024-12-20 19:57:00,97212.0,97212.0,97097.8,97154.9,12.599
2024-12-20 19:58:00,97154.9,97162.9,97068.3,97076.7,63.832
2024-12-20 19:59:00,97076.7,97081.0,97013.0,97052.8,122.069
2024-12-20 20:00:00,97052.8,97084.8,96935.1,97038.2,65.325
2024-12-20 20:01:00,97038.2,97089.5,96960.1,97021.1,81.795
2024-12-20 20:02:00,97021.1,97021.1,96867.9,96871.9,90.668
2024-12-20 20:03:00,96871.9,96941.4,96857.6,96905.9,109.111
2024-12-20 20:04:00,96905.9,96981.5,96888.6,96910.1,42.357
2024-12-20 20:05:00,96910.1,96993.6,96891.1,96928.7,39.037
2024-12-20 20:06:00,96928.7,96994.2,96928.7,96984.4,17.672
2024-12-20 20:07:00,96984.4,96997.3,96950.0,96970.0,23.811
2024-12-20 20:08:00,96970.0,97009.4,96917.8,96994.0,23.672
2024-12-20 20:09:00,96994.0,96994.1,96818.0,96898.9,33.841
2024-12-20 20:10:00,96898.9,97002.0,96898.9,96945.9,27.244
2024-12-20 20:11:00,96945.9,96989.7,96914.8,96982.8,16.372
2024-12-20 20:12:00,96982.8,97107.2,96950.0,97107.2,30.554
2024-12-20 20:13:00,97107.2,97178.8,97107.2,97150.3,75.343
2024-12-20 20:14:00,97150.3,97180.0,97109.9,97138.3,81.887
2024-12-20 20:15:00,97138.3,97148.8,96989.6,96989.6,42.093
2024-12-20 20:16:00,96989.6,97010.0,96960.6,96967.9,19.697
2024-12-20 20:17:00,96967.9,96979.2,96810.0,96827.4,36.004
2024-12-20 20:18:00,96827.4,96962.3,96827.4,96950.4,75.037
2024-12-20 20:19:00,96950.4,96999.9,96943.8,96977.9,27.481
2024-12-20 20:20:00,96977.9,97063.1,96959.0,97058.4,25.525
2024-12-20 20:21:00,97058.4,97060.2,96974.5,96987.7,24.586
2024-12-20 20:22:00,96987.7,97069.9,96944.0,97021.3,21.004
2024-12-20 20:23:00,97021.3,97108.4,97018.6,97105.4,31.742
2024-12-20 20:24:00,97105.4,97128.2,97000.0,97000.0,58.017
2024-12-20 20:25:00,97000.0,97133.7,96959.6,97124.0,38.781
2024-12-20 20:26:00,97124.0,97176.5,97104.4,97104.7,25.245
2024-12-20 20:27:00,97104.7,97160.6,97098.9,97103.9,6.521
2024-12-20 20:28:00,97103.9,97152.7,97056.6,97149.2,13.45
2024-12-20 20:29:00,97149.2,97149.2,97037.5,97052.2,13.027
2024-12-20 20:30:00,97052.2,97097.9,96857.5,96857.6,18.946
2024-12-20 20:31:00,96857.6,96857.6,96714.1,96714.4,78.559
2024-12-20 20:32:00,96714.4,96738.0,96637.0,96637.1,227.258
2024-12-20 20:33:00,96637.1,96692.4,96589.6,96600.5,143.45
2024-12-20 20:34:00,96600.5,96649.3,96524.8,96624.1,113.094
2024-12-20 20:35:00,96624.1,96797.2,96598.1,96683.1,314.629
2024-12-20 20:36:00,96683.1,96773.9,96683.1,96734.7,544.673
2024-12-20 20:37:00,96734.7,96788.3,96706.5,96771.9,41.857
2024-12-20 20:38:00,96771.9,96781.1,96670.4,96699.9,27.994
2024-12-20 20:39:00,96699.9,96785.7,96699.9,96772.7,17.794
2024-12-20 20:40:00,96772.7,96875.9,96747.2,96752.2,39.659
2024-12-20 20:41:00,96752.2,96791.9,96693.3,96722.4,38.768
2024-12-20 20:42:00,96722.4,96732.6,96609.3,96609.3,14.299
2024-12-20 20:43:00,96609.3,96688.2,96584.9,96596.3,29.615
2024-12-20 20:44:00,96596.3,96684.5,96582.8,96665.4,33.249
2024-12-20 20:45:00,96665.4,96759.5,96665.4,96743.2,28.701
2024-12-20 20:46:00,96743.2,96750.3,96683.5,96683.5,18.255
2024-12-20 20:47:00,96683.5,96738.5,96669.0,96693.9,22.413
2024-12-20 20:48:00,96693.9,96874.0,96693.9,96851.7,30.003
2024-12-20 20:49:00,96851.7,96914.6,96851.7,96885.7,57.013
2024-12-20 20:50:00,96885.7,96885.7,96704.6,96812.4,55.64
2024-12-20 20:51:00,96812.4,96833.6,96715.0,96733.4,32.458
2024-12-20 20:52:00,96733.4,96799.7,96713.1,96713.2,3.818
2024-12-20 20:53:00,96713.2,96768.2,96653.6,96653.6,6.116
2024-12-20 20:54:00,96653.6,96820.2,96650.0,96805.8,12.412
2024-12-20 20:55:00,96805.8,96826.3,96700.0,96787.4,9.342
2024-12-20 20:56:00,96787.4,96798.6,96700.4,96726.0,8.354
2024-12-20 20:57:00,96726.0,96755.0,96600.0,96610.6,20.877
2024-12-20 20:58:00,96610.6,96662.7,96590.0,96662.7,19.706
2024-12-20 20:59:00,96662.7,96668.7,96394.3,96426.8,71.59
2024-12-20 21:00:00,96426.8,96473.2,96409.7,96473.2,151.856
2024-12-20 21:01:00,96473.2,96617.6,96473.2,96532.4,59.344
2024-12-20 21:02:00,96532.4,96592.1,96478.3,96502.0,72.807
2024-12-20 21:03:00,96502.0,96502.0,96405.2,96428.7,32.315
2024-12-20 21:04:00,96428.7,96459.1,96405.2,96431.3,56.575
2024-12-20 21:05:00,96431.3,96450.5,96394.3,96398.7,55.934
2024-12-20 21:06:00,96398.7,96398.7,96300.0,96300.0,84.03
2024-12-20 21:07:00,96300.0,96319.8,96225.2,96241.7,159.219
2024-12-20 21:08:00,96241.7,96272.9,96072.9,96073.1,250.734
2024-12-20 21:09:00,96073.1,96099.2,96000.0,96025.4,396.57
2024-12-20 21:10:00,96025.4,96026.9,95800.0,95821.0,330.317
2024-12-20 21:11:00,95821.0,95865.7,95816.0,95842.2,555.117
2024-12-20 21:12:00,95842.2,95854.8,95603.2,95616.5,444.655
2024-12-20 21:13:00,95616.5,95719.7,95608.9,95641.4,317.74
2024-12-20 21:14:00,95641.4,95646.2,95402.0,95566.9,268.629
2024-12-20 21:15:00,95566.9,95925.7,95566.3,95710.8,408.45
2024-12-20 21:16:00,95710.8,95710.8,95601.5,95668.1,340.547
2024-12-20 21:17:00,95668.1,95825.2,95642.5,95766.3,177.413
2024-12-20 21:18:00,95766.3,95873.1,95760.3,95828.4,183.066
2024-12-20 21:19:00,95828.4,95975.5,95766.0,95766.0,118.425
2024-12-20 21:20:00,95766.0,95925.2,95722.6,95840.7,95.879
2024-12-20 21:21:00,95840.7,95897.8,95705.9,95705.9,49.523
2024-12-20 21:22:00,95705.9,95837.6,95700.0,95801.2,55.729
2024-12-20 21:23:00,95801.2,95887.9,95767.6,95860.2,58.8
2024-12-20 21:24:00,95860.2,95975.4,95857.2,95864.3,71.857
2024-12-20 21:25:00,95864.3,95943.7,95821.4,95935.4,103.934
2024-12-20 21:26:00,95935.4,96032.7,95931.6,95995.5,194.154
2024-12-20 21:27:00,95995.5,96082.6,95995.5,96082.5,162.821
2024-12-20 21:28:00,96082.5,96185.0,96082.5,96163.9,119.427
2024-12-20 21:29:00,96163.9,96185.0,96100.0,96123.6,130.695
2024-12-20 21:30:00,96123.6,96190.0,96111.6,96179.7,77.235
2024-12-20 21:31:00,96179.7,96237.0,96159.2,96209.5,65.713
2024-12-20 21:32:00,96209.5,96240.1,96143.1,96237.3,107.138
2024-12-20 21:33:00,96237.3,96389.2,96224.1,96300.0,166.707
2024-12-20 21:34:00,96300.0,96444.1,96263.6,96359.1,279.559
2024-12-20 21:35:00,96359.1,96427.8,96311.0,96328.8,535.202
2024-12-20 21:36:00,96328.8,96342.9,96215.9,96234.9,74.567
2024-12-20 21:37:00,96234.9,96249.0,96194.0,96233.9,60.669
2024-12-20 21:38:00,96233.9,96288.2,96220.0,96262.3,42.701
2024-12-20 21:39:00,96262.3,96368.5,96244.3,96333.7,41.128
2024-12-20 21:40:00,96333.7,96415.4,96300.0,96363.7,43.314
2024-12-20 21:41:00,96363.7,96363.7,96278.2,96278.3,38.263
2024-12-20 21:42:00,96278.3,96408.2,96278.3,96382.8,31.361
2024-12-20 21:43:00,96382.8,96444.6,96382.5,96403.6,33.895
2024-12-20 21:44:00,96403.6,96432.7,96382.9,96385.8,28.309
2024-12-20 21:45:00,96385.8,96445.7,96347.1,96432.6,19.403
2024-12-20 21:46:00,96432.6,96432.6,96319.0,96375.2,24.346
2024-12-20 21:47:00,96375.2,96400.0,96300.0,96376.0,34.451
2024-12-20 21:48:00,96376.0,96400.0,96330.7,96387.9,29.748
2024-12-20 21:49:00,96387.9,96409.0,96317.5,96354.4,87.146
2024-12-20 21:50:00,96354.4,96382.9,96236.6,96288.3,250.409
2024-12-20 21:51:00,96288.3,96442.8,96280.1,96439.0,90.323
2024-12-20 21:52:00,96439.0,96522.0,96438.0,96520.7,81.256
2024-12-20 21:53:00,96520.7,96610.4,96520.7,96609.6,194.645
2024-12-20 21:54:00,96609.6,96620.2,96526.4,96526.4,182.085
2024-12-20 21:55:00,96526.4,96531.8,96457.2,96494.0,82.674
2024-12-20 21:56:00,96494.0,96544.2,96480.0,96535.1,48.396
2024-12-20 21:57:00,96535.1,96626.2,96527.1,96591.9,22.864
2024-12-20 21:58:00,96591.9,96623.0,96580.0,96584.3,54.616
2024-12-20 21:59:00,96584.3,96606.4,96580.0,96602.6,22.846
2024-12-20 22:00:00,96602.6,96602.9,96472.1,96518.9,16.416
2024-12-20 22:01:00,96518.9,96529.1,96427.0,96432.3,66.134
2024-12-20 22:02:00,96432.3,96614.6,96432.0,96614.6,132.088
2024-12-20 22:03:00,96614.6,96614.6,96559.0,96561.8,35.733
2024-12-20 22:04:00,96561.8,96600.0,96543.0,96584.1,22.16
2024-12-20 22:05:00,96584.1,96600.0,96540.0,96574.3,15.247
2024-12-20 22:06:00,96574.3,96600.0,96554.3,96600.0,26.154
2024-12-20 22:07:00,96600.0,96660.2,96600.0,96660.2,19.841
2024-12-20 22:08:00,96660.2,96904.7,96659.9,96804.7,99.445
2024-12-20 22:09:00,96804.7,96824.6,96765.4,96820.6,188.672
2024-12-20 22:10:00,96820.6,96824.6,96782.7,96800.2,48.211
2024-12-20 22:11:00,96800.2,96876.6,96710.4,96710.4,52.926
2024-12-20 22:12:00,96710.4,96794.3,96673.3,96769.1,38.297
2024-12-20 22:13:00,96769.1,96846.0,96733.8,96796.1,51.264
2024-12-20 22:14:00,96796.1,96796.1,96725.3,96762.1,22.028
2024-12-20 22:15:00,96762.1,96764.7,96680.3,96720.5,16.006
2024-12-20 22:16:00,96720.5,96854.2,96708.5,96837.3,24.097
2024-12-20 22:17:00,96837.3,96915.2,96837.0,96888.6,55.916
2024-12-20 22:18:00,96888.6,97016.6,96888.3,96968.1,52.746
2024-12-20 22:19:00,96968.1,97029.6,96968.1,97018.1,91.801
2024-12-20 22:20:00,97018.1,97042.2,97006.2,97042.1,51.348
2024-12-20 22:21:00,97042.1,97145.0,97031.5,97129.9,242.455
2024-12-20 22:22:00,97129.9,97156.4,97095.0,97156.3,518.878
2024-12-20 22:23:00,97156.3,97171.8,97126.1,97152.8,45.785
2024-12-20 22:24:00,97152.8,97224.6,97105.9,97223.1,69.235
2024-12-20 22:25:00,97223.1,97223.1,97160.2,97160.2,90.169
2024-12-20 22:26:00,97160.2,97226.6,97147.3,97226.3,43.839
2024-12-20 22:27:00,97226.3,97226.4,97147.3,97147.3,38.837
2024-12-20 22:28:00,97147.3,97147.3,97021.5,97092.4,37.908
2024-12-20 22:29:00,97092.4,97167.8,97082.0,97128.1,47.249
2024-12-20 22:30:00,97128.1,97128.1,97020.0,97035.8,38.849
2024-12-20 22:31:00,97035.8,97064.5,97020.0,97020.1,38.898
2024-12-20 22:32:00,97020.1,97058.5,96975.9,97058.3,27.737
2024-12-20 22:33:00,97058.3,97167.8,97058.2,97116.2,46.902
2024-12-20 22:34:00,97116.2,97155.9,97073.5,97073.8,18.114
2024-12-20 22:35:00,97073.8,97073.8,97000.0,97000.3,16.921
2024-12-20 22:36:00,97000.3,97000.3,96899.8,96913.8,48.587
2024-12-20 22:37:00,96913.8,97010.6,96913.6,96990.8,81.762
2024-12-20 22:38:00,96990.8,97053.4,96981.8,97053.4,49.073
2024-12-20 22:39:00,97053.4,97053.4,96985.2,97032.5,24.962
2024-12-20 22:40:00,97032.5,97046.1,97032.5,97046.1,7.563
2024-12-20 22:41:00,97046.1,97137.8,97045.8,97137.8,20.591
2024-12-20 22:42:00,97137.8,97142.1,97137.5,97140.6,46.753
2024-12-20 22:43:00,97140.6,97140.6,97086.6,97137.6,20.11
2024-12-20 22:44:00,97137.6,97158.1,97100.0,97100.1,13.542
2024-12-20 22:45:00,97100.1,97167.2,97089.9,97166.9,20.084
2024-12-20 22:46:00,97166.9,97170.2,97166.9,97169.9,32.68
2024-12-20 22:47:00,97169.9,97177.2,97169.9,97171.6,28.269
2024-12-20 22:48:00,97171.6,97171.6,97041.8,97169.8,18.256
2024-12-20 22:49:00,97169.8,97184.2,97169.8,97183.7,24.245
2024-12-20 22:50:00,97183.7,97197.5,97183.7,97197.5,26.308
2024-12-20 22:51:00,97197.5,97279.9,97197.5,97279.9,53.332
2024-12-20 22:52:00,97279.9,97283.1,97254.1,97262.0,84.232
2024-12-20 22:53:00,97262.0,97342.2,97262.0,97342.2,96.195
2024-12-20 22:54:00,97342.2,97342.5,97296.3,97320.8,119.812
2024-12-20 22:55:00,97320.8,97385.9,97284.6,97385.9,44.289
2024-12-20 22:56:00,97385.9,97385.9,97370.5,97382.0,60.974
2024-12-20 22:57:00,97382.0,97477.4,97381.9,97477.4,84.792
2024-12-20 22:58:00,97477.4,97477.4,97435.9,97435.9,75.785
2024-12-20 22:59:00,97435.9,97436.0,97364.1,97420.0,48.643
2024-12-20 23:00:00,97420.0,97428.7,97391.2,97423.5,45.572
2024-12-20 23:01:00,97423.5,97469.0,97423.5,97447.2,23.595
2024-12-20 23:02:00,97447.2,97447.2,97351.1,97371.0,34.623
2024-12-20 23:03:00,97371.0,97426.1,97366.1,97395.9,54.735
2024-12-20 23:04:00,97395.9,97452.1,97363.8,97441.7,44.182
2024-12-20 23:05:00,97441.7,97443.0,97437.4,97437.4,36.589
2024-12-20 23:06:00,97437.4,97443.0,97344.5,97351.9,30.754
2024-12-20 23:07:00,97351.9,97483.4,97351.9,97474.2,72.937
2024-12-20 23:08:00,97474.2,97541.6,97463.7,97534.8,74.337
2024-12-20 23:09:00,97534.8,97548.5,97489.0,97510.9,69.019
2024-12-20 23:10:00,97510.9,97555.2,97510.9,97554.3,27.97
2024-12-20 23:11:00,97554.3,97603.4,97554.3,97596.3,55.848
2024-12-20 23:12:00,97596.3,97599.7,97559.1,97569.1,72.631
2024-12-20 23:13:00,97569.1,97599.0,97546.5,97595.9,85.42
2024-12-20 23:14:00,97595.9,97620.0,97595.8,97605.5,50.241
2024-12-20 23:15:00,97605.5,97605.5,97476.5,97500.2,51.127
2024-12-20 23:16:00,97500.2,97636.5,97499.9,97636.1,76.93
2024-12-20 23:17:00,97636.1,97674.2,97564.0,97564.0,61.143
2024-12-20 23:18:00,97564.0,97564.0,97505.3,97536.0,62.092
2024-12-20 23:19:00,97536.0,97536.0,97426.6,97453.7,73.432
2024-12-20 23:20:00,97453.7,97537.6,97453.7,97519.5,71.928
2024-12-20 23:21:00,97519.5,97562.7,97498.0,97562.7,32.387
2024-12-20 23:22:00,97562.7,97657.2,97556.6,97648.0,32.576
2024-12-20 23:23:00,97648.0,97718.6,97648.0,97700.3,57.819
2024-12-20 23:24:00,97700.3,97743.4,97698.7,97721.1,120.057
2024-12-20 23:25:00,97721.1,97722.8,97664.7,97722.8,74.872
2024-12-20 23:26:00,97722.8,97736.0,97695.8,97702.4,66.331
2024-12-20 23:27:00,97702.4,97738.3,97696.8,97734.1,34.451
2024-12-20 23:28:00,97734.1,97762.7,97712.4,97756.9,34.561
2024-12-20 23:29:00,97756.9,97757.2,97736.5,97743.0,38.484
2024-12-20 23:30:00,97743.0,97743.6,97702.8,97743.3,16.61
2024-12-20 23:31:00,97743.3,97743.6,97707.1,97707.1,20.886
2024-12-20 23:32:00,97707.1,97707.1,97614.6,97623.7,32.076
2024-12-20 23:33:00,97623.7,97640.6,97583.5,97639.9,57.382
2024-12-20 23:34:00,97639.9,97663.3,97612.8,97640.0,36.888
2024-12-20 23:35:00,97640.0,97640.0,97475.0,97494.8,73.895
2024-12-20 23:36:00,97494.8,97518.3,97494.0,97507.3,132.509
2024-12-20 23:37:00,97507.3,97573.2,97507.3,97548.2,25.991
2024-12-20 23:38:00,97548.2,97646.4,97538.8,97589.8,33.193
2024-12-20 23:39:00,97589.8,97590.5,97517.0,97523.7,26.14
2024-12-20 23:40:00,97523.7,97608.1,97523.7,97571.2,16.863
2024-12-20 23:41:00,97571.2,97616.4,97536.5,97536.9,47.282
2024-12-20 23:42:00,97536.9,97591.3,97536.9,97551.2,64.163
2024-12-20 23:43:00,97551.2,97556.1,97423.6,97431.7,57.949
2024-12-20 23:44:00,97431.7,97529.1,97431.7,97487.9,62.346
2024-12-20 23:45:00,97487.9,97542.9,97464.6,97464.6,27.506
2024-12-20 23:46:00,97464.6,97464.7,97439.1,97456.8,33.697
2024-12-20 23:47:00,97456.8,97549.1,97439.1,97549.1,30.36
2024-12-20 23:48:00,97549.1,97629.8,97549.1,97598.7,23.447
2024-12-20 23:49:00,97598.7,97614.1,97562.4,97612.1,19.287
2024-12-20 23:50:00,97612.1,97629.5,97559.1,97591.6,22.644
2024-12-20 23:51:00,97591.6,97614.9,97546.1,97546.1,15.012
2024-12-20 23:52:00,97546.1,97546.2,97497.0,97541.9,114.232
2024-12-20 23:53:00,97541.9,97650.2,97541.3,97641.1,294.003
2024-12-20 23:54:00,97641.1,97675.0,97641.0,97661.9,19.292
2024-12-20 23:55:00,97661.9,97750.0,97629.7,97750.0,28.751
2024-12-20 23:56:00,97750.0,97766.9,97746.4,97760.0,40.521
2024-12-20 23:57:00,97760.0,97760.1,97727.9,97727.9,43.681
2024-12-20 23:58:00,97727.9,97756.4,97719.9,97754.7,53.561
2024-12-20 23:59:00,97754.7,97768.8,97754.7,97768.2,28.013
2024-12-21 00:00:00,97768.2,97768.2,97663.2,97701.9,50.486
2024-12-21 00:01:00,97701.9,97752.8,97701.9,97746.8,71.643
2024-12-21 00:02:00,97746.8,97773.3,97746.8,97769.2,29.661
2024-12-21 00:03:00,97769.2,97769.2,97650.2,97695.7,35.778
2024-12-21 00:04:00,97695.7,97716.6,97625.1,97648.7,56.684
2024-12-21 00:05:00,97648.7,97665.0,97505.0,97515.9,299.644
2024-12-21 00:06:00,97515.9,97520.6,97430.0,97467.5,516.096
2024-12-21 00:07:00,97467.5,97530.7,97389.9,97530.7,99.157
2024-12-21 00:08:00,97530.7,97642.2,97530.7,97538.4,107.686
2024-12-21 00:09:00,97538.4,97569.0,97500.0,97505.1,39.154
2024-12-21 00:10:00,97505.1,97505.2,97448.7,97462.7,34.754
2024-12-21 00:11:00,97462.7,97470.0,97398.2,97400.0,30.289
2024-12-21 00:12:00,97400.0,97424.1,97314.6,97400.0,82.219
2024-12-21 00:13:00,97400.0,97485.5,97376.3,97387.8,49.97
2024-12-21 00:14:00,97387.8,97438.9,97370.2,97392.7,12.699
2024-12-21 00:15:00,97392.7,97460.1,97361.1,97459.8,16.641
2024-12-21 00:16:00,97459.8,97465.9,97356.1,97356.1,35.863
2024-12-21 00:17:00,97356.1,97379.8,97260.9,97298.3,53.615
2024-12-21 00:18:00,97298.3,97308.0,97227.7,97273.5,67.067
2024-12-21 00:19:00,97273.5,97353.6,97245.6,97307.9,31.247
2024-12-21 00:20:00,97307.9,97394.4,97307.6,97377.2,8.795
2024-12-21 00:21:00,97377.2,97377.2,97293.1,97322.2,10.631
2024-12-21 00:22:00,97322.2,97328.9,97291.2,97293.8,12.568
2024-12-21 00:23:00,97293.8,97300.2,97204.5,97216.5,17.079
2024-12-21 00:24:00,97216.5,97260.5,97190.0,97260.4,29.426
2024-12-21 00:25:00,97260.4,97335.0,97229.0,97334.7,21.45
2024-12-21 00:26:00,97334.7,97338.7,97278.5,97281.0,21.579
2024-12-21 00:27:00,97281.0,97291.4,97220.7,97220.7,24.27
2024-12-21 00:28:00,97220.7,97261.5,97211.3,97211.4,15.817
2024-12-21 00:29:00,97211.4,97230.2,97204.6,97204.6,9.933
2024-12-21 00:30:00,97204.6,97205.6,97202.0,97202.0,7.01
2024-12-21 00:31:00,97202.0,97303.1,97202.0,97303.0,20.285
2024-12-21 00:32:00,97303.0,97303.0,97177.6,97222.2,16.749
2024-12-21 00:33:00,97222.2,97350.2,97222.2,97350.2,13.101
2024-12-21 00:34:00,97350.2,97370.1,97309.1,97309.1,17.888
2024-12-21 00:35:00,97309.1,97337.8,97258.9,97258.9,11.347
2024-12-21 00:36:00,97258.9,97264.8,97212.9,97249.5,7.476
2024-12-21 00:37:00,97249.5,97302.1,97233.3,97259.2,5.9
2024-12-21 00:38:00,97259.2,97319.6,97259.2,97319.6,6.309
2024-12-21 00:39:00,97319.6,97411.0,97300.5,97410.9,13.262
2024-12-21 00:40:00,97410.9,97443.0,97410.9,97427.2,14.845
2024-12-21 00:41:00,97427.2,97427.2,97317.7,97391.0,10.284
2024-12-21 00:42:00,97391.0,97391.8,97294.1,97324.0,7.85
2024-12-21 00:43:00,97324.0,97350.0,97288.3,97315.4,9.183
2024-12-21 00:44:00,97315.4,97324.4,97250.1,97250.1,5.96
2024-12-21 00:45:00,97250.1,97309.2,97250.1,97281.5,3.333
2024-12-21 00:46:00,97281.5,97302.5,97250.1,97302.4,3.094
2024-12-21 00:47:00,97302.4,97388.5,97302.4,97388.5,10.248
2024-12-21 00:48:00,97388.5,97425.0,97341.7,97404.2,7.997
2024-12-21 00:49:00,97404.2,97432.1,97375.7,97396.3,8.935
2024-12-21 00:50:00,97396.3,97452.8,97393.0,97452.8,7.828
2024-12-21 00:51:00,97452.8,97515.2,97452.8,97490.0,19.558
2024-12-21 00:52:00,97490.0,97515.9,97446.4,97504.4,22.81
2024-12-21 00:53:00,97504.4,97504.5,97470.0,97470.0,11.078
2024-12-21 00:54:00,97470.0,97567.4,97452.6,97526.2,18.732
2024-12-21 00:55:00,97526.2,97567.5,97525.9,97556.3,18.521
2024-12-21 00:56:00,97556.3,97631.0,97554.3,97562.4,25.573
2024-12-21 00:57:00,97562.4,97571.2,97500.0,97561.6,29.389
2024-12-21 00:58:00,97561.6,97561.6,97532.3,97560.0,12.278
2024-12-21 00:59:00,97560.0,97618.2,97478.6,97488.3,15.767
2024-12-21 01:00:00,97488.3,97568.7,97455.6,97550.0,28.04
2024-12-21 01:01:00,97550.0,97560.2,97524.7,97546.4,13.214
2024-12-21 01:02:00,97546.4,97600.0,97509.9,97540.4,7.486
2024-12-21 01:03:00,97540.4,97565.5,97522.0,97526.9,5.812
2024-12-21 01:04:00,97526.9,97575.3,97455.6,97476.3,11.346
2024-12-21 01:05:00,97476.3,97476.4,97424.3,97440.1,13.206
2024-12-21 01:06:00,97440.1,97497.4,97391.4,97492.9,10.326
2024-12-21 01:07:00,97492.9,97557.2,97492.9,97536.8,7.684
2024-12-21 01:08:00,97536.8,97548.3,97511.2,97511.2,12.177
2024-12-21 01:09:00,97511.2,97539.5,97493.7,97529.2,8.602
2024-12-21 01:10:00,97529.2,97588.7,97529.1,97541.8,18.568
2024-12-21 01:11:00,97541.8,97583.5,97486.5,97583.5,11.399
2024-12-21 01:12:00,97583.5,97599.9,97561.0,97599.9,19.137
2024-12-21 01:13:00,97599.9,97606.1,97581.2,97581.2,30.833
2024-12-21 01:14:00,97581.2,97588.1,97522.6,97551.3,16.693
2024-12-21 01:15:00,97551.3,97622.8,97550.0,97584.2,17.525
2024-12-21 01:16:00,97584.2,97609.9,97535.2,97563.6,69.748
2024-12-21 01:17:00,97563.6,97563.6,97340.2,97383.2,59.076
2024-12-21 01:18:00,97383.2,97400.2,97326.4,97338.2,105.11
2024-12-21 01:19:00,97338.2,97400.2,97332.7,97400.2,54.995
2024-12-21 01:20:00,97400.2,97400.2,97300.0,97303.8,18.058
2024-12-21 01:21:00,97303.8,97310.9,97260.0,97298.9,52.298
2024-12-21 01:22:00,97298.9,97332.3,97296.7,97332.3,56.299
2024-12-21 01:23:00,97332.3,97500.2,97332.2,97468.1,50.023
2024-12-21 01:24:00,97468.1,97511.0,97407.8,97446.6,30.944
2024-12-21 01:25:00,97446.6,97510.8,97416.3,97471.1,16.089
2024-12-21 01:26:00,97471.1,97486.6,97443.8,97476.8,17.158
2024-12-21 01:27:00,97476.8,97508.9,97455.5,97508.9,11.811
2024-12-21 01:28:00,97508.9,97508.9,97415.0,97415.0,9.844
2024-12-21 01:29:00,97415.0,97456.1,97374.1,97424.5,14.127
2024-12-21 01:30:00,97424.5,97448.5,97384.6,97386.4,15.743
2024-12-21 01:31:00,97386.4,97399.5,97350.0,97350.1,24.123
2024-12-21 01:32:00,97350.1,97350.1,97279.5,97288.9,27.462
2024-12-21 01:33:00,97288.9,97288.9,97212.9,97213.1,51.489
2024-12-21 01:34:00,97213.1,97290.1,97209.3,97290.1,63.512
2024-12-21 01:35:00,97290.1,97306.3,97146.4,97168.4,96.207
2024-12-21 01:36:00,97168.4,97324.7,97167.1,97303.1,167.719
2024-12-21 01:37:00,97303.1,97320.2,97189.4,97251.2,66.897
2024-12-21 01:38:00,97251.2,97251.3,97200.0,97201.2,33.953
2024-12-21 01:39:00,97201.2,97256.9,97190.3,97256.8,15.008
2024-12-21 01:40:00,97256.8,97312.0,97233.5,97264.7,11.16
2024-12-21 01:41:00,97264.7,97293.3,97250.2,97268.7,17.377
2024-12-21 01:42:00,97268.7,97329.9,97268.7,97288.5,20.367
2024-12-21 01:43:00,97288.5,97329.7,97288.5,97304.6,41.183
2024-12-21 01:44:00,97304.6,97340.0,97281.8,97340.0,14.307
2024-12-21 01:45:00,97340.0,97449.0,97327.0,97412.2,24.539
2024-12-21 01:46:00,97412.2,97432.7,97317.2,97360.2,36.862
2024-12-21 01:47:00,97360.2,97364.0,97279.0,97279.0,21.108
2024-12-21 01:48:00,97279.0,97404.0,97279.0,97403.1,17.008
2024-12-21 01:49:00,97403.1,97443.1,97403.1,97426.8,35.76
2024-12-21 01:50:00,97426.8,97426.8,97306.3,97306.6,48.26
2024-12-21 01:51:00,97306.6,97346.8,97294.0,97308.0,50.71
2024-12-21 01:52:00,97308.0,97354.8,97308.0,97354.4,25.757
2024-12-21 01:53:00,97354.4,97377.0,97337.3,97377.0,9.698
2024-12-21 01:54:00,97377.0,97377.0,97312.9,97340.5,14.719
2024-12-21 01:55:00,97340.5,97380.5,97340.5,97358.3,23.202
2024-12-21 01:56:00,97358.3,97400.0,97358.2,97395.4,5.086
2024-12-21 01:57:00,97395.4,97395.4,97344.0,97362.4,9.046
2024-12-21 01:58:00,97362.4,97364.9,97353.0,97364.9,14.783
2024-12-21 01:59:00,97364.9,97365.0,97312.7,97312.9,11.528
2024-12-21 02:00:00,97312.9,97337.2,97285.7,97285.7,13.655
2024-12-21 02:01:00,97285.7,97302.8,97241.2,97241.3,15.596
2024-12-21 02:02:00,97241.3,97241.3,97198.0,97198.1,35.15
2024-12-21 02:03:00,97198.1,97233.9,97171.6,97231.1,61.743
2024-12-21 02:04:00,97231.1,97290.3,97210.6,97272.7,52.38
2024-12-21 02:05:00,97272.7,97272.7,97170.0,97206.9,13.055
2024-12-21 02:06:00,97206.9,97268.9,97206.9,97236.1,39.342
2024-12-21 02:07:00,97236.1,97269.6,97211.7,97262.0,94.364
2024-12-21 02:08:00,97262.0,97271.6,97170.0,97170.2,24.8
2024-12-21 02:09:00,97170.2,97189.8,97142.0,97148.0,44.465
2024-12-21 02:10:00,97148.0,97263.8,97148.0,97256.8,93.742
2024-12-21 02:11:00,97256.8,97268.8,97200.0,97250.9,23.988
2024-12-21 02:12:00,97250.9,97256.1,97205.4,97226.3,8.779
2024-12-21 02:13:00,97226.3,97256.8,97226.1,97256.7,10.498
2024-12-21 02:14:00,97256.7,97299.9,97252.7,97257.4,13.357
2024-12-21 02:15:00,97257.4,97278.8,97234.7,97234.9,23.505
2024-12-21 02:16:00,97234.9,97235.0,97210.3,97223.5,12.636
2024-12-21 02:17:00,97223.5,97338.0,97215.1,97309.7,19.934
2024-12-21 02:18:00,97309.7,97400.0,97309.7,97398.7,28.602
2024-12-21 02:19:00,97398.7,97398.8,97325.2,97329.8,42.173
2024-12-21 02:20:00,97329.8,97339.5,97300.0,97303.5,29.311
2024-12-21 02:21:00,97303.5,97400.0,97303.5,97397.8,16.537
2024-12-21 02:22:00,97397.8,97397.8,97369.6,97394.8,24.009
2024-12-21 02:23:00,97394.8,97417.0,97372.4,97414.2,22.854
2024-12-21 02:24:00,97414.2,97440.0,97397.6,97397.6,36.164
2024-12-21 02:25:00,97397.6,97441.6,97376.2,97441.6,31.044
2024-12-21 02:26:00,97441.6,97489.0,97441.6,97488.9,58.885
2024-12-21 02:27:00,97488.9,97489.0,97424.6,97428.3,66.216
2024-12-21 02:28:00,97428.3,97440.2,97398.0,97408.8,39.095
2024-12-21 02:29:00,97408.8,97411.3,97368.3,97370.0,40.03
2024-12-21 02:30:00,97370.0,97390.9,97352.6,97373.3,21.493
2024-12-21 02:31:00,97373.3,97421.9,97366.7,97381.8,11.681
2024-12-21 02:32:00,97381.8,97404.0,97361.2,97378.0,9.767
2024-12-21 02:33:00,97378.0,97390.5,97375.2,97380.6,3.792
2024-12-21 02:34:00,97380.6,97380.6,97354.5,97369.5,10.584
2024-12-21 02:35:00,97369.5,97378.5,97360.5,97360.5,21.866
2024-12-21 02:36:00,97360.5,97361.4,97360.5,97360.6,8.402
2024-12-21 02:37:00,97360.6,97375.8,97326.2,97375.8,12.125
2024-12-21 02:38:00,97375.8,97434.0,97375.8,97422.6,20.204
2024-12-21 02:39:00,97422.6,97494.6,97422.6,97494.6,10.898
2024-12-21 02:40:00,97494.6,97543.3,97478.9,97543.3,20.491
2024-12-21 02:41:00,97543.3,97571.0,97516.9,97531.1,44.927
2024-12-21 02:42:00,97531.1,97535.6,97528.0,97528.0,40.114
2024-12-21 02:43:00,97528.0,97547.0,97491.9,97514.0,28.203
2024-12-21 02:44:00,97514.0,97547.1,97505.9,97507.7,32.186
2024-12-21 02:45:00,97507.7,97530.2,97500.0,97500.1,38.351
2024-12-21 02:46:00,97500.1,97500.2,97424.5,97431.9,46.106
2024-12-21 02:47:00,97431.9,97432.0,97380.0,97380.0,67.798
2024-12-21 02:48:00,97380.0,97408.7,97380.0,97408.7,20.553
2024-12-21 02:49:00,97408.7,97500.0,97408.6,97447.9,23.225
2024-12-21 02:50:00,97447.9,97488.6,97419.6,97462.7,37.875
2024-12-21 02:51:00,97462.7,97463.7,97454.4,97463.6,19.421
2024-12-21 02:52:00,97463.6,97481.7,97440.3,97445.8,12.893
2024-12-21 02:53:00,97445.8,97463.5,97408.8,97436.8,14.353
2024-12-21 02:54:00,97436.8,97468.2,97436.8,97452.2,9.944
2024-12-21 02:55:00,97452.2,97452.2,97408.5,97422.6,7.073
2024-12-21 02:56:00,97422.6,97431.9,97408.5,97410.0,2.469
2024-12-21 02:57:00,97410.0,97410.0,97384.9,97385.3,8.394
2024-12-21 02:58:00,97385.3,97390.1,97380.0,97389.1,19.505
2024-12-21 02:59:00,97389.1,97389.1,97326.3,97348.9,20.038
2024-12-21 03:00:00,97348.9,97389.3,97348.9,97365.3,29.866
2024-12-21 03:01:00,97365.3,97384.8,97350.0,97355.2,17.413
2024-12-21 03:02:00,97355.2,97374.6,97319.6,97319.9,17.641
2024-12-21 03:03:00,97319.9,97319.9,97258.0,97270.0,28.445
2024-12-21 03:04:00,97270.0,97284.9,97238.2,97238.3,64.444
2024-12-21 03:05:00,97238.3,97272.1,97238.3,97272.0,22.147
2024-12-21 03:06:00,97272.0,97293.0,97250.0,97250.1,32.323
2024-12-21 03:07:00,97250.1,97269.7,97250.0,97260.8,41.488
2024-12-21 03:08:00,97260.8,97319.1,97260.8,97310.9,22.057
2024-12-21 03:09:00,97310.9,97311.2,97230.1,97230.4,18.954
2024-12-21 03:10:00,97230.4,97278.6,97230.1,97266.4,20.827
2024-12-21 03:11:00,97266.4,97311.7,97246.9,97311.7,13.647
2024-12-21 03:12:00,97311.7,97315.5,97285.2,97296.2,23.396
2024-12-21 03:13:00,97296.2,97302.9,97279.8,97290.9,10.722
2024-12-21 03:14:00,97290.9,97290.9,97265.2,97278.5,5.349
2024-12-21 03:15:00,97278.5,97306.6,97278.5,97297.8,5.357
2024-12-21 03:16:00,97297.8,97308.3,97284.4,97306.1,18.898
2024-12-21 03:17:00,97306.1,97306.1,97284.4,97293.8,35.32
2024-12-21 03:18:00,97293.8,97318.9,97284.4,97318.9,4.481
2024-12-21 03:19:00,97318.9,97360.7,97284.4,97360.7,9.296
2024-12-21 03:20:00,97360.7,97384.1,97342.4,97344.2,23.571
2024-12-21 03:21:00,97344.2,97380.7,97284.8,97325.9,33.798
2024-12-21 03:22:00,97325.9,97355.0,97325.9,97349.4,66.886
2024-12-21 03:23:00,97349.4,97349.5,97276.9,97284.3,16.168
2024-12-21 03:24:00,97284.3,97330.7,97284.3,97300.0,32.942
2024-12-21 03:25:00,97300.0,97334.5,97284.2,97284.5,10.333
2024-12-21 03:26:00,97284.5,97329.2,97284.5,97329.0,6.524
2024-12-21 03:27:00,97329.0,97332.4,97313.6,97313.6,3.176
2024-12-21 03:28:00,97313.6,97320.0,97313.6,97319.9,3.131
2024-12-21 03:29:00,97319.9,97354.5,97319.9,97340.0,4.354
2024-12-21 03:30:00,97340.0,97355.0,97312.1,97355.0,7.133
2024-12-21 03:31:00,97355.0,97409.3,97346.5,97346.5,6.621
2024-12-21 03:32:00,97346.5,97354.6,97321.0,97321.2,11.826
2024-12-21 03:33:00,97321.2,97388.7,97300.0,97386.9,16.198
2024-12-21 03:34:00,97386.9,97386.9,97356.5,97385.9,10.921
2024-12-21 03:35:00,97385.9,97390.6,97356.3,97356.3,9.708
2024-12-21 03:36:00,97356.3,97361.3,97350.0,97350.0,10.398
2024-12-21 03:37:00,97350.0,97350.1,97240.0,97330.7,9.341
2024-12-21 03:38:00,97330.7,97349.8,97321.2,97346.7,25.068
2024-12-21 03:39:00,97346.7,97351.2,97320.0,97320.0,15.528
2024-12-21 03:40:00,97320.0,97320.0,97250.0,97250.0,14.536
2024-12-21 03:41:00,97250.0,97295.0,97240.5,97273.8,21.826
2024-12-21 03:42:00,97273.8,97273.8,97259.5,97259.6,35.667
2024-12-21 03:43:00,97259.6,97259.6,97205.5,97210.2,27.396
2024-12-21 03:44:00,97210.2,97233.0,97200.0,97233.0,48.802
2024-12-21 03:45:00,97233.0,97294.8,97232.9,97294.7,18.044
2024-12-21 03:46:00,97294.7,97331.9,97294.6,97331.9,13.915
2024-12-21 03:47:00,97331.9,97337.6,97320.0,97337.3,19.546
2024-12-21 03:48:00,97337.3,97345.2,97319.1,97319.1,3.295
2024-12-21 03:49:00,97319.1,97324.5,97302.4,97302.4,5.482
2024-12-21 03:50:00,97302.4,97323.5,97294.0,97323.2,5.715
2024-12-21 03:51:00,97323.2,97323.5,97216.5,97256.9,9.376
2024-12-21 03:52:00,97256.9,97301.0,97252.1,97300.6,12.145
2024-12-21 03:53:00,97300.6,97339.9,97300.6,97319.9,7.771
2024-12-21 03:54:00,97319.9,97350.0,97319.6,97330.1,9.99
2024-12-21 03:55:00,97330.1,97350.0,97330.1,97349.9,10.71
2024-12-21 03:56:00,97349.9,97375.4,97334.7,97341.4,15.346
2024-12-21 03:57:00,97341.4,97350.2,97321.9,97350.2,17.418
2024-12-21 03:58:00,97350.2,97394.0,97350.2,97390.4,20.188
2024-12-21 03:59:00,97390.4,97436.8,97390.4,97436.6,41.648
2024-12-21 04:00:00,97436.6,97446.4,97400.7,97430.1,18.406
2024-12-21 04:01:00,97430.1,97474.7,97426.0,97426.0,25.386
2024-12-21 04:02:00,97426.0,97480.2,97426.0,97480.1,38.557
2024-12-21 04:03:00,97480.1,97537.8,97480.1,97537.4,33.415
2024-12-21 04:04:00,97537.4,97537.7,97503.5,97503.5,78.43
2024-12-21 04:05:00,97503.5,97503.5,97479.6,97498.6,39.805
2024-12-21 04:06:00,97498.6,97529.8,97498.6,97529.7,54.906
2024-12-21 04:07:00,97529.7,97531.9,97522.7,97522.8,53.638
2024-12-21 04:08:00,97522.8,97522.8,97462.3,97464.9,28.694
2024-12-21 04:09:00,97464.9,97465.0,97405.1,97405.2,34.38
2024-12-21 04:10:00,97405.2,97405.2,97355.0,97355.0,18.398
2024-12-21 04:11:00,97355.0,97355.1,97330.0,97355.1,41.562
2024-12-21 04:12:00,97355.1,97468.3,97355.1,97419.6,33.448
2024-12-21 04:13:00,97419.6,97470.2,97419.5,97470.2,22.405
2024-12-21 04:14:00,97470.2,97470.2,97454.9,97455.0,23.991
2024-12-21 04:15:00,97455.0,97473.2,97448.3,97471.7,24.728
2024-12-21 04:16:00,97471.7,97488.3,97469.6,97488.2,19.954
2024-12-21 04:17:00,97488.2,97500.0,97402.2,97402.2,14.624
2024-12-21 04:18:00,97402.2,97409.6,97385.7,97396.4,20.55
2024-12-21 04:19:00,97396.4,97419.8,97394.0,97419.5,33.605
2024-12-21 04:20:00,97419.5,97421.1,97391.8,97400.2,10.648
2024-12-21 04:21:00,97400.2,97400.6,97400.2,97400.2,17.555
2024-12-21 04:22:00,97400.2,97400.3,97386.0,97397.7,18.818
2024-12-21 04:23:00,97397.7,97441.8,97386.9,97419.2,6.639
2024-12-21 04:24:00,97419.2,97419.2,97355.9,97380.0,9.151
2024-12-21 04:25:00,97380.0,97380.0,97361.1,97361.1,10.686
2024-12-21 04:26:00,97361.1,97371.5,97353.9,97371.2,16.913
2024-12-21 04:27:00,97371.2,97423.5,97371.2,97423.2,21.227
2024-12-21 04:28:00,97423.2,97455.4,97411.8,97412.1,7.207
2024-12-21 04:29:00,97412.1,97412.8,97383.0,97383.3,9.404
2024-12-21 04:30:00,97383.3,97417.8,97383.0,97399.8,1.934
2024-12-21 04:31:00,97399.8,97453.0,97399.8,97447.6,7.119
2024-12-21 04:32:00,97447.6,97460.0,97422.6,97435.8,14.652
2024-12-21 04:33:00,97435.8,97449.8,97434.9,97443.5,5.312
2024-12-21 04:34:00,97443.5,97453.2,97443.5,97453.1,6.211
2024-12-21 04:35:00,97453.1,97499.9,97414.2,97499.9,8.781
2024-12-21 04:36:00,97499.9,97499.9,97434.2,97434.3,10.712
2024-12-21 04:37:00,97434.3,97464.8,97434.3,97441.5,4.729
2024-12-21 04:38:00,97441.5,97449.5,97441.1,97441.1,3.353
2024-12-21 04:39:00,97441.1,97488.7,97441.1,97488.7,3.864
2024-12-21 04:40:00,97488.7,97514.9,97488.7,97514.9,7.714
2024-12-21 04:41:00,97514.9,97515.2,97500.0,97515.2,16.301
2024-12-21 04:42:00,97515.2,97520.0,97500.0,97520.0,16.428
2024-12-21 04:43:00,97520.0,97520.0,97510.0,97510.3,16.689
2024-12-21 04:44:00,97510.3,97510.3,97501.5,97501.9,30.271
2024-12-21 04:45:00,97501.9,97501.9,97445.3,97445.3,35.855
2024-12-21 04:46:00,97445.3,97488.0,97417.2,97480.3,8.204
2024-12-21 04:47:00,97480.3,97560.0,97480.2,97559.9,15.421
2024-12-21 04:48:00,97559.9,97576.2,97557.4,97567.8,35.902
2024-12-21 04:49:00,97567.8,97571.0,97560.0,97560.1,48.001
2024-12-21 04:50:00,97560.1,97560.1,97525.0,97525.0,28.798
2024-12-21 04:51:00,97525.0,97543.6,97524.8,97543.6,21.09
2024-12-21 04:52:00,97543.6,97570.2,97543.6,97568.2,16.905
2024-12-21 04:53:00,97568.2,97568.2,97518.8,97524.8,24.762
2024-12-21 04:54:00,97524.8,97524.9,97524.8,97524.8,13.603
2024-12-21 04:55:00,97524.8,97560.0,97524.8,97559.7,8.779
2024-12-21 04:56:00,97559.7,97576.0,97559.7,97575.9,16.907
2024-12-21 04:57:00,97575.9,97576.0,97559.5,97559.8,10.666
2024-12-21 04:58:00,97559.8,97559.8,97547.4,97549.0,10.7
2024-12-21 04:59:00,97549.0,97549.0,97533.9,97534.2,18.657
2024-12-21 05:00:00,97534.2,97534.2,97526.0,97526.1,14.209
2024-12-21 05:01:00,97526.1,97537.7,97500.9,97520.3,6.38
2024-12-21 05:02:00,97520.3,97530.2,97507.1,97529.9,8.102
2024-12-21 05:03:00,97529.9,97530.2,97501.0,97513.5,9.659
2024-12-21 05:04:00,97513.5,97513.5,97492.6,97492.6,13.33
2024-12-21 05:05:00,97492.6,97518.1,97488.0,97517.2,8.382
2024-12-21 05:06:00,97517.2,97530.0,97513.6,97530.0,11.825
2024-12-21 05:07:00,97530.0,97580.2,97530.0,97580.0,39.144
2024-12-21 05:08:00,97580.0,97616.4,97579.9,97613.5,109.416
2024-12-21 05:09:00,97613.5,97613.5,97530.0,97574.9,81.945
2024-12-21 05:10:00,97574.9,97606.9,97561.7,97599.8,32.613
2024-12-21 05:11:00,97599.8,97671.7,97599.8,97671.6,44.628
2024-12-21 05:12:00,97671.6,97671.6,97655.0,97664.9,120.062
2024-12-21 05:13:00,97664.9,97665.2,97651.2,97651.2,48.685
2024-12-21 05:14:00,97651.2,97700.2,97646.5,97700.2,27.315
2024-12-21 05:15:00,97700.2,97700.2,97611.0,97611.2,62.404
2024-12-21 05:16:00,97611.2,97638.2,97592.5,97592.5,77.198
2024-12-21 05:17:00,97592.5,97596.6,97536.0,97547.7,35.47
2024-12-21 05:18:00,97547.7,97600.2,97514.7,97600.2,107.221
2024-12-21 05:19:00,97600.2,97614.7,97600.1,97604.9,160.273
2024-12-21 05:20:00,97604.9,97640.8,97558.1,97633.9,21.904
2024-12-21 05:21:00,97633.9,97633.9,97596.1,97611.5,24.445
2024-12-21 05:22:00,97611.5,97611.5,97529.9,97530.2,13.175
2024-12-21 05:23:00,97530.2,97565.8,97529.9,97565.7,44.241
2024-12-21 05:24:00,97565.7,97566.2,97550.4,97550.6,88.524
2024-12-21 05:25:00,97550.6,97559.6,97535.2,97543.4,48.071
2024-12-21 05:26:00,97543.4,97556.2,97541.0,97555.9,14.204
2024-12-21 05:27:00,97555.9,97555.9,97530.0,97530.0,12.213
2024-12-21 05:28:00,97530.0,97543.7,97530.0,97543.7,7.83
2024-12-21 05:29:00,97543.7,97569.6,97543.4,97561.5,8.25
2024-12-21 05:30:00,97561.5,97561.6,97543.4,97543.4,13.608
2024-12-21 05:31:00,97543.4,97559.9,97543.4,97556.1,20.498
2024-12-21 05:32:00,97556.1,97560.0,97486.1,97488.2,21.929
2024-12-21 05:33:00,97488.2,97570.0,97488.2,97569.2,57.914
2024-12-21 05:34:00,97569.2,97583.0,97534.1,97583.0,48.89
2024-12-21 05:35:00,97583.0,97627.2,97540.4,97627.2,43.17
2024-12-21 05:36:00,97627.2,97627.2,97590.2,97614.2,17.049
2024-12-21 05:37:00,97614.2,97674.0,97614.2,97674.0,16.277
2024-12-21 05:38:00,97674.0,97680.2,97670.9,97671.1,29.967
2024-12-21 05:39:00,97671.1,97674.9,97648.8,97673.9,28.125
2024-12-21 05:40:00,97673.9,97832.2,97673.9,97757.1,103.772
2024-12-21 05:41:00,97757.1,97773.9,97743.3,97768.8,260.077
2024-12-21 05:42:00,97768.8,97780.0,97752.3,97779.6,58.238
2024-12-21 05:43:00,97779.6,97882.3,97779.6,97876.0,73.61
2024-12-21 05:44:00,97876.0,97876.1,97864.0,97871.9,96.409
2024-12-21 05:45:00,97871.9,97895.3,97871.9,97895.3,62.581
2024-12-21 05:46:00,97895.3,98165.0,97895.0,98165.0,176.668
2024-12-21 05:47:00,98165.0,98386.4,98128.1,98372.4,490.399
2024-12-21 05:48:00,98372.4,98433.2,98211.4,98234.4,552.143
2024-12-21 05:49:00,98234.4,98248.3,98155.1,98231.7,360.524
2024-12-21 05:50:00,98231.7,98300.2,98191.2,98237.9,181.777
2024-12-21 05:51:00,98237.9,98300.2,98237.9,98240.5,144.108
2024-12-21 05:52:00,98240.5,98300.0,98175.0,98290.7,87.204
2024-12-21 05:53:00,98290.7,98339.0,98261.4,98339.0,95.867
2024-12-21 05:54:00,98339.0,98420.5,98319.8,98413.8,91.3
2024-12-21 05:55:00,98413.8,98480.2,98368.1,98420.2,166.778
2024-12-21 05:56:00,98420.2,98476.7,98369.9,98476.5,252.083
2024-12-21 05:57:00,98476.5,98630.6,98460.1,98607.0,232.993
2024-12-21 05:58:00,98607.0,98630.0,98600.5,98606.9,306.388
2024-12-21 05:59:00,98606.9,98630.0,98606.7,98629.9,121.984
2024-12-21 06:00:00,98629.9,98634.5,98606.7,98620.1,139.024
2024-12-21 06:01:00,98620.1,98631.9,98606.9,98612.1,184.43
2024-12-21 06:02:00,98612.1,98613.5,98606.7,98606.7,160.13
2024-12-21 06:03:00,98606.7,98658.7,98606.7,98650.9,274.334
2024-12-21 06:04:00,98650.9,98651.4,98510.5,98511.4,381.469
2024-12-21 06:05:00,98511.4,98511.4,98405.1,98421.4,207.843
2024-12-21 06:06:00,98421.4,98577.0,98384.6,98572.0,231.972
2024-12-21 06:07:00,98572.0,98601.9,98561.4,98583.4,84.361
2024-12-21 06:08:00,98583.4,98618.0,98532.6,98618.0,82.366
2024-12-21 06:09:00,98618.0,98689.0,98607.9,98618.4,136.747
2024-12-21 06:10:00,98618.4,98711.4,98618.4,98700.0,111.051
2024-12-21 06:11:00,98700.0,98745.1,98700.0,98726.6,113.591
2024-12-21 06:12:00,98726.6,98780.4,98715.0,98763.6,103.547
2024-12-21 06:13:00,98763.6,98776.3,98713.9,98713.9,120.211
2024-12-21 06:14:00,98713.9,98751.8,98711.8,98749.9,89.584
2024-12-21 06:15:00,98749.9,98750.9,98630.1,98680.2,114.063
2024-12-21 06:16:00,98680.2,98689.5,98600.0,98605.2,186.908
2024-12-21 06:17:00,98605.2,98605.5,98539.7,98550.2,71.671
2024-12-21 06:18:00,98550.2,98550.2,98500.0,98520.2,113.728
2024-12-21 06:19:00,98520.2,98530.7,98500.0,98506.9,80.64
2024-12-21 06:20:00,98506.9,98576.9,98478.4,98576.4,95.058
2024-12-21 06:21:00,98576.4,98614.6,98550.5,98550.5,104.919
2024-12-21 06:22:00,98550.5,98550.6,98357.6,98373.9,63.027
2024-12-21 06:23:00,98373.9,98441.3,98357.0,98358.2,114.93
2024-12-21 06:24:00,98358.2,98370.1,98283.2,98306.2,129.699
2024-12-21 06:25:00,98306.2,98348.8,98290.3,98348.8,160.225
2024-12-21 06:26:00,98348.8,98375.6,98316.6,98367.7,89.66
2024-12-21 06:27:00,98367.7,98432.3,98367.4,98418.1,71.156
2024-12-21 06:28:00,98418.1,98425.1,98384.2,98418.5,44.614
2024-12-21 06:29:00,98418.5,98420.2,98350.0,98350.6,40.325
2024-12-21 06:30:00,98350.6,98391.4,98312.0,98312.0,31.067
2024-12-21 06:31:00,98312.0,98330.2,98288.4,98299.8,34.708
2024-12-21 06:32:00,98299.8,98400.6,98299.8,98400.0,64.553
2024-12-21 06:33:00,98400.0,98407.0,98319.7,98319.7,102.319
2024-12-21 06:34:00,98319.7,98402.0,98313.6,98373.3,62.887
2024-12-21 06:35:00,98373.3,98373.3,98323.7,98326.8,114.501
2024-12-21 06:36:00,98326.8,98356.3,98303.3,98323.1,31.967
2024-12-21 06:37:00,98323.1,98412.0,98315.1,98387.5,64.601
2024-12-21 06:38:00,98387.5,98464.5,98336.1,98464.5,104.728
2024-12-21 06:39:00,98464.5,98488.0,98350.2,98443.4,82.189
2024-12-21 06:40:00,98443.4,98536.6,98433.3,98529.3,63.61
2024-12-21 06:41:00,98529.3,98541.8,98528.8,98541.5,66.833
2024-12-21 06:42:00,98541.5,98550.0,98447.8,98506.6,56.09
2024-12-21 06:43:00,98506.6,98516.9,98443.4,98504.9,52.553
2024-12-21 06:44:00,98504.9,98509.6,98450.0,98490.1,29.312
2024-12-21 06:45:00,98490.1,98609.0,98489.9,98602.0,48.871
2024-12-21 06:46:00,98602.0,98602.0,98561.9,98583.6,77.898
2024-12-21 06:47:00,98583.6,98655.3,98565.5,98573.3,50.803
2024-12-21 06:48:00,98573.3,98633.3,98558.4,98570.9,79.381
2024-12-21 06:49:00,98570.9,98675.3,98570.8,98675.2,53.263
2024-12-21 06:50:00,98675.2,98675.2,98655.6,98656.9,45.839
2024-12-21 06:51:00,98656.9,98660.0,98564.5,98621.7,21.188
2024-12-21 06:52:00,98621.7,98651.6,98540.0,98540.0,35.064
2024-12-21 06:53:00,98540.0,98588.7,98517.9,98588.7,58.722
2024-12-21 06:54:00,98588.7,98663.5,98588.7,98660.9,44.291
2024-12-21 06:55:00,98660.9,98675.1,98600.0,98669.3,75.301
2024-12-21 06:56:00,98669.3,98674.6,98644.9,98674.3,20.56
2024-12-21 06:57:00,98674.3,98674.6,98658.1,98664.9,18.53
2024-12-21 06:58:00,98664.9,98664.9,98655.2,98655.2,33.933
2024-12-21 06:59:00,98655.2,98655.5,98650.0,98655.0,16.735
2024-12-21 07:00:00,98655.0,98655.0,98654.9,98654.9,27.528
2024-12-21 07:01:00,98654.9,98666.5,98588.8,98588.9,41.484
2024-12-21 07:02:00,98588.9,98588.9,98532.5,98552.2,53.435
2024-12-21 07:03:00,98552.2,98576.0,98514.5,98569.0,41.068
2024-12-21 07:04:00,98569.0,98581.0,98530.3,98581.0,26.746
2024-12-21 07:05:00,98581.0,98629.8,98521.0,98521.0,19.011
2024-12-21 07:06:00,98521.0,98521.0,98458.6,98468.0,22.713
2024-12-21 07:07:00,98468.0,98502.5,98446.7,98498.0,45.562
2024-12-21 07:08:00,98498.0,98550.4,98492.1,98549.9,36.351
2024-12-21 07:09:00,98549.9,98550.2,98502.8,98502.8,36.358
2024-12-21 07:10:00,98502.8,98509.9,98499.5,98500.0,32.175
2024-12-21 07:11:00,98500.0,98670.3,98500.0,98663.5,72.178
2024-12-21 07:12:00,98663.5,98670.2,98644.4,98664.9,115.896
2024-12-21 07:13:00,98664.9,98675.2,98664.6,98664.9,50.349
2024-12-21 07:14:00,98664.9,98665.0,98640.0,98642.9,46.543
2024-12-21 07:15:00,98642.9,98643.2,98620.0,98621.4,65.873
2024-12-21 07:16:00,98621.4,98625.1,98610.3,98610.5,23.679
2024-12-21 07:17:00,98610.5,98617.4,98610.5,98611.0,24.424
2024-12-21 07:18:00,98611.0,98664.5,98610.9,98664.1,27.21
2024-12-21 07:19:00,98664.1,98689.1,98663.8,98689.0,51.883
2024-12-21 07:20:00,98689.0,98706.9,98689.0,98701.6,37.893
2024-12-21 07:21:00,98701.6,98720.0,98692.9,98719.9,32.642
2024-12-21 07:22:00,98719.9,98751.3,98710.0,98750.0,39.854
2024-12-21 07:23:00,98750.0,98766.0,98727.2,98727.2,62.601
2024-12-21 07:24:00,98727.2,98742.7,98665.6,98665.7,69.986
2024-12-21 07:25:00,98665.7,98760.0,98665.6,98754.2,77.263
2024-12-21 07:26:00,98754.2,98780.2,98754.2,98780.2,117.225
2024-12-21 07:27:00,98780.2,98884.0,98779.9,98856.9,161.47
2024-12-21 07:28:00,98856.9,98866.6,98851.1,98862.7,230.291
2024-12-21 07:29:00,98862.7,98884.0,98822.9,98884.0,65.269
2024-12-21 07:30:00,98884.0,98893.0,98834.4,98846.7,94.374
2024-12-21 07:31:00,98846.7,98920.5,98820.0,98900.0,106.934
2024-12-21 07:32:00,98900.0,98967.2,98899.9,98921.1,174.482
2024-12-21 07:33:00,98921.1,98948.6,98879.7,98921.9,187.009
2024-12-21 07:34:00,98921.9,98950.0,98921.7,98950.0,141.41
2024-12-21 07:35:00,98950.0,99039.5,98949.9,99003.4,216.733
2024-12-21 07:36:00,99003.4,99083.2,98950.3,99083.2,255.987
2024-12-21 07:37:00,99083.2,99198.0,99083.2,99164.9,268.447
2024-12-21 07:38:00,99164.9,99203.4,99164.9,99200.0,382.718
2024-12-21 07:39:00,99200.0,99210.1,99159.2,99159.2,230.027
2024-12-21 07:40:00,99159.2,99322.0,99131.7,99322.0,160.727
2024-12-21 07:41:00,99322.0,99330.0,99259.1,99326.4,296.8
2024-12-21 07:42:00,99326.4,99355.0,99307.9,99340.3,256.149
2024-12-21 07:43:00,99340.3,99481.2,99325.4,99450.0,255.886
2024-12-21 07:44:00,99450.0,99466.9,99341.0,99428.0,337.555
2024-12-21 07:45:00,99428.0,99432.1,99308.0,99397.6,165.415
2024-12-21 07:46:00,99397.6,99471.1,99333.0,99441.2,198.69
2024-12-21 07:47:00,99441.2,99460.2,99395.0,99395.0,140.154
2024-12-21 07:48:00,99395.0,99425.1,99228.0,99274.1,123.081
2024-12-21 07:49:00,99274.1,99350.3,99267.2,99267.2,222.248
2024-12-21 07:50:00,99267.2,99305.5,99174.0,99174.0,115.302
2024-12-21 07:51:00,99174.0,99213.1,99174.0,99200.1,111.732
2024-12-21 07:52:00,99200.1,99243.4,99200.0,99225.6,103.879
2024-12-21 07:53:00,99225.6,99227.2,99174.0,99174.0,79.425
2024-12-21 07:54:00,99174.0,99194.3,99174.0,99180.0,89.196
2024-12-21 07:55:00,99180.0,99220.0,99174.0,99174.0,67.681
2024-12-21 07:56:00,99174.0,99174.6,99110.0,99110.2,54.529
2024-12-21 07:57:00,99110.2,99178.6,99103.0,99169.9,107.62
2024-12-21 07:58:00,99169.9,99169.9,99120.8,99121.0,58.439
2024-12-21 07:59:00,99121.0,99121.1,98967.5,98993.1,69.474
2024-12-21 08:00:00,98993.1,99099.2,98993.0,99013.3,175.325
2024-12-21 08:01:00,99013.3,99109.9,99013.3,99104.3,115.003
2024-12-21 08:02:00,99104.3,99137.8,98954.4,98954.4,76.409
2024-12-21 08:03:00,98954.4,98984.0,98832.6,98844.3,120.291
2024-12-21 08:04:00,98844.3,98880.6,98730.0,98730.0,255.586
2024-12-21 08:05:00,98730.0,98799.4,98703.3,98790.2,225.827
2024-12-21 08:06:00,98790.2,98831.4,98773.0,98800.2,188.667
2024-12-21 08:07:00,98800.2,98812.9,98749.9,98789.0,88.889
2024-12-21 08:08:00,98789.0,98789.1,98678.9,98694.5,68.79
2024-12-21 08:09:00,98694.5,98725.4,98685.3,98725.3,121.063
2024-12-21 08:10:00,98725.3,98782.6,98705.0,98732.1,86.39
2024-12-21 08:11:00,98732.1,98843.2,98732.1,98834.0,57.134
2024-12-21 08:12:00,98834.0,98917.7,98788.0,98917.5,74.385
2024-12-21 08:13:00,98917.5,98931.2,98850.9,98907.5,83.197
2024-12-21 08:14:00,98907.5,98996.2,98907.4,98981.3,76.333
2024-12-21 08:15:00,98981.3,98981.3,98851.1,98851.4,78.535
2024-12-21 08:16:00,98851.4,98941.4,98851.1,98920.0,56.106
2024-12-21 08:17:00,98920.0,98923.1,98733.7,98741.5,38.377
2024-12-21 08:18:00,98741.5,98741.5,98681.6,98692.8,71.484
2024-12-21 08:19:00,98692.8,98719.8,98685.0,98692.0,52.797
2024-12-21 08:20:00,98692.0,98716.7,98677.6,98688.6,73.012
2024-12-21 08:21:00,98688.6,98731.8,98678.9,98690.0,100.183
2024-12-21 08:22:00,98690.0,98690.2,98630.3,98630.3,94.884
2024-12-21 08:23:00,98630.3,98631.1,98616.8,98629.9,231.117
2024-12-21 08:24:00,98629.9,98629.9,98580.0,98580.0,98.254
2024-12-21 08:25:00,98580.0,98624.8,98536.7,98605.0,196.588
2024-12-21 08:26:00,98605.0,98716.0,98605.0,98692.4,390.087
2024-12-21 08:27:00,98692.4,98700.0,98627.3,98639.0,59.734
2024-12-21 08:28:00,98639.0,98642.3,98629.2,98642.0,48.53
2024-12-21 08:29:00,98642.0,98642.3,98545.3,98548.3,41.73
2024-12-21 08:30:00,98548.3,98642.3,98548.3,98642.3,49.617
2024-12-21 08:31:00,98642.3,98664.7,98562.1,98570.4,56.486
2024-12-21 08:32:00,98570.4,98638.6,98570.1,98619.7,56.905
2024-12-21 08:33:00,98619.7,98620.0,98516.6,98516.9,41.565
2024-12-21 08:34:00,98516.9,98559.7,98503.3,98559.1,53.384
2024-12-21 08:35:00,98559.1,98581.9,98522.5,98524.5,80.556
2024-12-21 08:36:00,98524.5,98524.6,98500.1,98500.1,53.604
2024-12-21 08:37:00,98500.1,98557.2,98500.1,98517.4,43.728
2024-12-21 08:38:00,98517.4,98620.0,98517.2,98620.0,34.224
2024-12-21 08:39:00,98620.0,98620.0,98550.0,98559.0,30.486
2024-12-21 08:40:00,98559.0,98559.0,98500.0,98500.3,30.785
2024-12-21 08:41:00,98500.3,98511.9,98387.5,98421.1,572.99
2024-12-21 08:42:00,98421.1,98513.6,98421.1,98496.5,531.842
2024-12-21 08:43:00,98496.5,98528.5,98417.6,98417.6,116.219
2024-12-21 08:44:00,98417.6,98455.0,98410.1,98428.1,59.809
2024-12-21 08:45:00,98428.1,98543.4,98428.1,98516.6,56.905
2024-12-21 08:46:00,98516.6,98516.6,98456.4,98462.7,87.024
2024-12-21 08:47:00,98462.7,98516.9,98430.9,98498.6,32.653
2024-12-21 08:48:00,98498.6,98560.2,98489.6,98560.2,47.991
2024-12-21 08:49:00,98560.2,98616.2,98552.2,98587.3,94.194
2024-12-21 08:50:00,98587.3,98605.5,98565.3,98565.5,88.288
2024-12-21 08:51:00,98565.5,98600.0,98565.5,98598.8,34.203
2024-12-21 08:52:00,98598.8,98624.4,98565.4,98565.7,29.783
2024-12-21 08:53:00,98565.7,98566.0,98565.2,98565.2,24.149
2024-12-21 08:54:00,98565.2,98650.2,98516.6,98650.2,22.302
2024-12-21 08:55:00,98650.2,98650.2,98573.6,98590.4,33.866
2024-12-21 08:56:00,98590.4,98630.2,98590.4,98590.4,20.31
2024-12-21 08:57:00,98590.4,98659.5,98590.4,98643.2,44.144
2024-12-21 08:58:00,98643.2,98643.2,98568.5,98591.5,50.922
2024-12-21 08:59:00,98591.5,98618.7,98585.6,98591.8,50.81
2024-12-21 09:00:00,98591.8,98625.1,98584.7,98625.1,19.369
2024-12-21 09:01:00,98625.1,98633.2,98615.2,98633.2,15.178
2024-12-21 09:02:00,98633.2,98633.2,98522.9,98522.9,21.633
2024-12-21 09:03:00,98522.9,98522.9,98395.3,98396.6,52.2
2024-12-21 09:04:00,98396.6,98492.2,98360.7,98485.2,99.776
2024-12-21 09:05:00,98485.2,98485.4,98379.7,98379.7,144.953
2024-12-21 09:06:00,98379.7,98389.1,98340.6,98366.8,56.035
2024-12-21 09:07:00,98366.8,98400.0,98354.8,98364.3,88.164
2024-12-21 09:08:00,98364.3,98365.6,98330.0,98339.3,76.768
2024-12-21 09:09:00,98339.3,98350.0,98299.8,98349.7,58.973
2024-12-21 09:10:00,98349.7,98349.8,98300.0,98342.2,104.665
2024-12-21 09:11:00,98342.2,98442.3,98330.1,98405.0,82.803
2024-12-21 09:12:00,98405.0,98507.4,98404.1,98469.8,37.881
2024-12-21 09:13:00,98469.8,98506.6,98430.0,98490.9,54.216
2024-12-21 09:14:00,98490.9,98500.6,98423.4,98434.6,32.748
2024-12-21 09:15:00,98434.6,98507.5,98434.6,98483.2,27.379
2024-12-21 09:16:00,98483.2,98507.8,98413.2,98436.8,22.08
2024-12-21 09:17:00,98436.8,98500.2,98408.2,98499.7,32.635
2024-12-21 09:18:00,98499.7,98500.2,98426.1,98426.4,44.785
2024-12-21 09:19:00,98426.4,98426.4,98300.3,98300.6,34.578
2024-12-21 09:20:00,98300.6,98308.0,98300.0,98306.9,49.245
2024-12-21 09:21:00,98306.9,98339.7,98300.0,98339.7,25.012
2024-12-21 09:22:00,98339.7,98400.2,98323.3,98399.8,40.722
2024-12-21 09:23:00,98399.8,98399.9,98323.6,98345.6,44.119
2024-12-21 09:24:00,98345.6,98345.6,98301.3,98301.8,37.468
2024-12-21 09:25:00,98301.8,98334.7,98300.0,98307.4,61.367
2024-12-21 09:26:00,98307.4,98336.0,98307.4,98336.0,59.344
2024-12-21 09:27:00,98336.0,98360.3,98313.1,98360.2,49.759
2024-12-21 09:28:00,98360.2,98437.9,98360.2,98432.1,26.123
2024-12-21 09:29:00,98432.1,98452.8,98407.9,98408.3,40.943
2024-12-21 09:30:00,98408.3,98408.5,98349.9,98365.2,627.825
2024-12-21 09:31:00,98365.2,98448.7,98365.1,98447.9,528.959
2024-12-21 09:32:00,98447.9,98463.1,98404.8,98421.6,44.013
2024-12-21 09:33:00,98421.6,98467.9,98421.6,98453.3,39.178
2024-12-21 09:34:00,98453.3,98461.7,98408.2,98461.4,15.94
2024-12-21 09:35:00,98461.4,98541.7,98461.4,98491.0,27.185
2024-12-21 09:36:00,98491.0,98491.0,98460.9,98461.0,38.634
2024-12-21 09:37:00,98461.0,98498.0,98461.0,98476.1,27.419
2024-12-21 09:38:00,98476.1,98488.2,98437.7,98451.6,21.106
2024-12-21 09:39:00,98451.6,98533.6,98451.5,98488.0,28.537
2024-12-21 09:40:00,98488.0,98488.0,98408.2,98430.1,29.154
2024-12-21 09:41:00,98430.1,98442.9,98400.0,98428.2,28.848
2024-12-21 09:42:00,98428.2,98435.3,98335.4,98335.4,61.707
2024-12-21 09:43:00,98335.4,98335.8,98301.0,98305.9,82.513
2024-12-21 09:44:00,98305.9,98353.9,98301.3,98353.4,106.019
2024-12-21 09:45:00,98353.4,98353.7,98256.1,98261.1,52.285
2024-12-21 09:46:00,98261.1,98305.0,98260.1,98289.9,104.581
2024-12-21 09:47:00,98289.9,98408.5,98289.9,98408.3,39.053
2024-12-21 09:48:00,98408.3,98433.2,98381.1,98381.1,46.403
2024-12-21 09:49:00,98381.1,98432.4,98378.6,98431.9,51.713
2024-12-21 09:50:00,98431.9,98469.2,98419.7,98433.3,36.161
2024-12-21 09:51:00,98433.3,98526.1,98433.3,98525.2,32.583
2024-12-21 09:52:00,98525.2,98558.9,98512.3,98549.1,38.237
2024-12-21 09:53:00,98549.1,98549.2,98512.0,98514.9,46.05
2024-12-21 09:54:00,98514.9,98533.2,98506.8,98532.3,28.618
2024-12-21 09:55:00,98532.3,98571.0,98532.3,98540.0,24.31
2024-12-21 09:56:00,98540.0,98540.3,98500.0,98500.0,36.265
2024-12-21 09:57:00,98500.0,98506.7,98499.9,98500.0,35.217
2024-12-21 09:58:00,98500.0,98519.9,98486.4,98519.9,56.226
2024-12-21 09:59:00,98519.9,98525.2,98514.6,98514.6,42.513
2024-12-21 10:00:00,98514.6,98521.7,98485.3,98488.8,20.915
2024-12-21 10:01:00,98488.8,98489.1,98453.1,98474.8,18.42
2024-12-21 10:02:00,98474.8,98526.7,98445.9,98492.1,20.635
2024-12-21 10:03:00,98492.1,98544.4,98491.9,98543.5,27.167
2024-12-21 10:04:00,98543.5,98563.1,98520.5,98540.3,29.65
2024-12-21 10:05:00,98540.3,98540.3,98500.0,98500.0,29.396
2024-12-21 10:06:00,98500.0,98500.1,98437.1,98482.3,16.904
2024-12-21 10:07:00,98482.3,98487.3,98445.7,98462.6,22.532
2024-12-21 10:08:00,98462.6,98467.4,98408.4,98408.9,24.778
2024-12-21 10:09:00,98408.9,98483.2,98375.0,98483.0,15.966
2024-12-21 10:10:00,98483.0,98507.3,98467.7,98507.3,18.046
2024-12-21 10:11:00,98507.3,98565.6,98507.3,98519.5,17.84
2024-12-21 10:12:00,98519.5,98557.8,98519.5,98557.4,34.12
2024-12-21 10:13:00,98557.4,98561.1,98539.3,98561.1,27.909
2024-12-21 10:14:00,98561.1,98586.0,98541.8,98541.9,16.403
2024-12-21 10:15:00,98541.9,98580.5,98541.9,98579.9,26.204
2024-12-21 10:16:00,98579.9,98585.8,98575.0,98580.3,23.787
2024-12-21 10:17:00,98580.3,98580.3,98472.1,98480.4,43.511
2024-12-21 10:18:00,98480.4,98536.7,98471.9,98472.0,115.244
2024-12-21 10:19:00,98472.0,98531.6,98472.0,98508.5,79.356
2024-12-21 10:20:00,98508.5,98508.5,98358.3,98358.6,24.881
2024-12-21 10:21:00,98358.6,98437.4,98358.5,98437.1,45.794
2024-12-21 10:22:00,98437.1,98469.2,98437.1,98460.1,17.255
2024-12-21 10:23:00,98460.1,98460.1,98418.8,98419.6,15.994
2024-12-21 10:24:00,98419.6,98440.2,98381.0,98381.4,14.434
2024-12-21 10:25:00,98381.4,98411.5,98380.1,98411.1,22.806
2024-12-21 10:26:00,98411.1,98469.3,98399.9,98399.9,40.974
2024-12-21 10:27:00,98399.9,98500.0,98399.9,98464.0,27.288
2024-12-21 10:28:00,98464.0,98500.0,98450.0,98467.3,14.973
2024-12-21 10:29:00,98467.3,98500.0,98467.3,98499.9,12.04
2024-12-21 10:30:00,98499.9,98500.0,98440.2,98440.3,10.127
2024-12-21 10:31:00,98440.3,98440.3,98383.7,98423.3,16.316
2024-12-21 10:32:00,98423.3,98458.0,98401.6,98446.6,12.503
2024-12-21 10:33:00,98446.6,98447.6,98319.5,98319.7,21.216
2024-12-21 10:34:00,98319.7,98349.5,98313.6,98349.2,55.618
2024-12-21 10:35:00,98349.2,98355.7,98266.9,98266.9,45.443
2024-12-21 10:36:00,98266.9,98267.2,98109.9,98120.9,177.6
2024-12-21 10:37:00,98120.9,98155.4,98100.4,98113.4,373.01
2024-12-21 10:38:00,98113.4,98194.5,98113.4,98178.6,125.375
2024-12-21 10:39:00,98178.6,98230.0,98178.6,98180.8,54.884
2024-12-21 10:40:00,98180.8,98220.0,98150.0,98150.3,51.949
2024-12-21 10:41:00,98150.3,98213.9,98135.8,98152.0,84.471
2024-12-21 10:42:00,98152.0,98199.2,98152.0,98190.4,84.035
2024-12-21 10:43:00,98190.4,98240.9,98183.0,98206.7,45.51
2024-12-21 10:44:00,98206.7,98248.5,98200.0,98200.0,43.253
2024-12-21 10:45:00,98200.0,98231.2,98137.4,98139.2,39.851
2024-12-21 10:46:00,98139.2,98187.4,98100.0,98169.0,92.332
2024-12-21 10:47:00,98169.0,98213.2,98157.6,98199.9,124.969
2024-12-21 10:48:00,98199.9,98213.1,98178.7,98201.2,34.211
2024-12-21 10:49:00,98201.2,98201.5,98153.8,98153.8,43.716
2024-12-21 10:50:00,98153.8,98188.3,98153.8,98188.1,24.072
2024-12-21 10:51:00,98188.1,98213.2,98100.0,98102.5,40.463
2024-12-21 10:52:00,98102.5,98148.1,98100.0,98146.9,43.922
2024-12-21 10:53:00,98146.9,98146.9,98038.0,98038.0,78.356
2024-12-21 10:54:00,98038.0,98050.4,98010.7,98020.0,155.885
2024-12-21 10:55:00,98020.0,98034.3,98011.0,98029.5,118.78
2024-12-21 10:56:00,98029.5,98091.2,98029.0,98091.2,89.754
2024-12-21 10:57:00,98091.2,98091.2,98033.1,98090.0,43.364
2024-12-21 10:58:00,98090.0,98104.1,98063.6,98068.0,32.977
2024-12-21 10:59:00,98068.0,98111.5,98068.0,98092.2,47.099
2024-12-21 11:00:00,98092.2,98141.0,98079.7,98136.0,39.387
2024-12-21 11:01:00,98136.0,98185.2,98133.0,98170.3,38.545
2024-12-21 11:02:00,98170.3,98170.4,98120.2,98128.1,45.755
2024-12-21 11:03:00,98128.1,98185.2,98124.8,98129.9,26.99
2024-12-21 11:04:00,98129.9,98147.7,98044.8,98049.6,45.43
2024-12-21 11:05:00,98049.6,98049.6,98042.1,98042.1,31.685
2024-12-21 11:06:00,98042.1,98112.8,98020.2,98076.3,87.568
2024-12-21 11:07:00,98076.3,98143.7,98076.3,98143.7,186.334
2024-12-21 11:08:00,98143.7,98182.2,98140.8,98144.3,16.685
2024-12-21 11:09:00,98144.3,98163.2,98104.9,98105.2,77.0
2024-12-21 11:10:00,98105.2,98152.4,98104.9,98144.9,181.811
2024-12-21 11:11:00,98144.9,98165.2,98122.0,98122.0,17.581
2024-12-21 11:12:00,98122.0,98122.1,98050.0,98068.5,16.596
2024-12-21 11:13:00,98068.5,98068.5,98046.1,98055.3,23.816
2024-12-21 11:14:00,98055.3,98109.5,98055.3,98059.5,17.504
2024-12-21 11:15:00,98059.5,98095.1,98059.2,98081.4,13.395
2024-12-21 11:16:00,98081.4,98141.3,98081.4,98121.8,11.71
2024-12-21 11:17:00,98121.8,98179.4,98121.8,98165.9,18.212
2024-12-21 11:18:00,98165.9,98166.0,98102.3,98142.8,29.631
2024-12-21 11:19:00,98142.8,98150.8,98109.8,98109.8,19.959
2024-12-21 11:20:00,98109.8,98177.0,98102.3,98158.7,19.836
2024-12-21 11:21:00,98158.7,98161.2,98114.6,98114.6,24.237
2024-12-21 11:22:00,98114.6,98114.6,98035.6,98035.6,11.431
2024-12-21 11:23:00,98035.6,98036.6,97901.1,97901.2,88.05
2024-12-21 11:24:00,97901.2,97977.4,97901.2,97916.6,216.161
2024-12-21 11:25:00,97916.6,97916.6,97803.0,97803.3,209.261
2024-12-21 11:26:00,97803.3,97823.3,97800.0,97823.3,367.06
2024-12-21 11:27:00,97823.3,97925.2,97800.0,97800.0,92.891
2024-12-21 11:28:00,97800.0,97800.1,97758.3,97758.3,114.84
2024-12-21 11:29:00,97758.3,97850.0,97758.3,97849.7,169.19
2024-12-21 11:30:00,97849.7,97937.5,97848.0,97880.1,116.173
2024-12-21 11:31:00,97880.1,97936.9,97800.0,97936.8,83.595
2024-12-21 11:32:00,97936.8,98105.0,97901.0,98105.0,85.767
2024-12-21 11:33:00,98105.0,98129.6,98047.2,98047.2,148.933
2024-12-21 11:34:00,98047.2,98064.5,98000.1,98049.9,133.408
2024-12-21 11:35:00,98049.9,98153.4,98049.9,98115.4,91.028
2024-12-21 11:36:00,98115.4,98141.3,98096.2,98133.3,127.301
2024-12-21 11:37:00,98133.3,98243.0,98101.9,98218.8,66.727
2024-12-21 11:38:00,98218.8,98278.0,98217.3,98217.3,161.026
2024-12-21 11:39:00,98217.3,98247.8,98191.7,98191.7,187.615
2024-12-21 11:40:00,98191.7,98230.1,98170.0,98208.1,66.562
2024-12-21 11:41:00,98208.1,98299.9,98201.9,98254.4,390.28
2024-12-21 11:42:00,98254.4,98275.0,98246.0,98246.0,496.886
2024-12-21 11:43:00,98246.0,98280.5,98228.3,98280.5,31.463
2024-12-21 11:44:00,98280.5,98299.1,98276.3,98298.8,70.069
2024-12-21 11:45:00,98298.8,98333.0,98270.7,98332.9,116.224
2024-12-21 11:46:00,98332.9,98375.0,98231.1,98256.5,118.316
2024-12-21 11:47:00,98256.5,98260.2,98153.8,98172.0,210.721
2024-12-21 11:48:00,98172.0,98200.7,98128.2,98138.2,59.822
2024-12-21 11:49:00,98138.2,98200.0,98120.0,98160.0,43.79
2024-12-21 11:50:00,98160.0,98228.1,98160.0,98217.3,17.76
2024-12-21 11:51:00,98217.3,98220.8,98198.0,98200.2,18.859
2024-12-21 11:52:00,98200.2,98212.1,98198.0,98202.0,17.642
2024-12-21 11:53:00,98202.0,98202.0,98181.9,98181.9,22.7
2024-12-21 11:54:00,98181.9,98205.0,98163.9,98205.0,21.225
2024-12-21 11:55:00,98205.0,98265.0,98205.0,98208.1,20.112
2024-12-21 11:56:00,98208.1,98258.3,98208.1,98258.3,24.505
2024-12-21 11:57:00,98258.3,98258.3,98185.9,98188.2,32.676
2024-12-21 11:58:00,98188.2,98260.0,98188.0,98260.0,57.534
2024-12-21 11:59:00,98260.0,98260.0,98225.3,98225.3,15.896
2024-12-21 12:00:00,98225.3,98253.7,98180.8,98224.4,21.051
2024-12-21 12:01:00,98224.4,98226.7,98175.5,98215.6,36.858
2024-12-21 12:02:00,98215.6,98215.6,98073.1,98081.4,44.787
2024-12-21 12:03:00,98081.4,98117.7,98030.7,98117.4,144.594
2024-12-21 12:04:00,98117.4,98118.1,98050.0,98050.3,271.152
2024-12-21 12:05:00,98050.3,98050.3,98015.6,98033.3,61.324
2024-12-21 12:06:00,98033.3,98044.7,98011.6,98030.4,42.677
2024-12-21 12:07:00,98030.4,98030.4,97956.0,97969.9,33.779
2024-12-21 12:08:00,97969.9,97983.9,97758.4,97800.0,99.405
2024-12-21 12:09:00,97800.0,97885.8,97771.9,97804.8,134.025
2024-12-21 12:10:00,97804.8,97858.6,97780.0,97783.4,98.057
2024-12-21 12:11:00,97783.4,97822.0,97650.4,97800.0,128.959
2024-12-21 12:12:00,97800.0,97925.1,97800.0,97917.0,272.984
2024-12-21 12:13:00,97917.0,97917.3,97822.3,97835.9,102.158
2024-12-21 12:14:00,97835.9,97930.2,97835.9,97888.3,61.295
2024-12-21 12:15:00,97888.3,97970.2,97880.0,97970.2,38.035
2024-12-21 12:16:00,97970.2,98035.4,97970.2,98028.5,51.466
2024-12-21 12:17:00,98028.5,98028.5,97992.9,98028.2,56.579
2024-12-21 12:18:00,98028.2,98110.9,98027.9,98093.7,82.298
2024-12-21 12:19:00,98093.7,98103.9,98084.5,98103.6,49.629
2024-12-21 12:20:00,98103.6,98103.9,98015.4,98051.9,39.085
2024-12-21 12:21:00,98051.9,98149.5,98051.9,98149.5,45.174
2024-12-21 12:22:00,98149.5,98159.6,98139.1,98145.2,88.518
2024-12-21 12:23:00,98145.2,98145.3,98035.4,98043.5,173.675
2024-12-21 12:24:00,98043.5,98043.8,97980.0,98029.2,38.684
2024-12-21 12:25:00,98029.2,98029.2,97947.1,97947.4,62.314
2024-12-21 12:26:00,97947.4,97947.4,97900.0,97900.2,35.837
2024-12-21 12:27:00,97900.2,97963.2,97900.1,97951.8,59.945
2024-12-21 12:28:00,97951.8,97951.8,97866.0,97866.0,82.749
2024-12-21 12:29:00,97866.0,97866.3,97821.5,97821.5,37.988
2024-12-21 12:30:00,97821.5,97821.6,97751.0,97781.6,65.802
2024-12-21 12:31:00,97781.6,97799.5,97680.6,97680.9,137.956
2024-12-21 12:32:00,97680.9,97732.1,97675.9,97678.2,263.61
2024-12-21 12:33:00,97678.2,97725.0,97640.5,97725.0,122.144
2024-12-21 12:34:00,97725.0,97733.4,97617.7,97627.0,141.408
2024-12-21 12:35:00,97627.0,97742.3,97612.0,97623.3,306.61
2024-12-21 12:36:00,97623.3,97693.1,97614.3,97623.9,544.059
2024-12-21 12:37:00,97623.9,97663.2,97589.0,97589.0,103.679
2024-12-21 12:38:00,97589.0,97589.1,97515.8,97526.3,163.044
2024-12-21 12:39:00,97526.3,97614.9,97500.0,97580.5,477.014
2024-12-21 12:40:00,97580.5,97675.7,97541.1,97648.5,718.83
2024-12-21 12:41:00,97648.5,97674.1,97619.9,97634.0,539.129
2024-12-21 12:42:00,97634.0,97639.2,97450.0,97450.0,131.795
2024-12-21 12:43:00,97450.0,97502.6,97446.5,97480.3,321.428
2024-12-21 12:44:00,97480.3,97511.6,97455.7,97476.2,385.782
2024-12-21 12:45:00,97476.2,97588.2,97463.1,97579.5,123.08
2024-12-21 12:46:00,97579.5,97600.0,97499.9,97499.9,97.221
2024-12-21 12:47:00,97499.9,97591.6,97494.9,97555.0,137.059
2024-12-21 12:48:00,97555.0,97642.1,97520.0,97589.9,79.055
2024-12-21 12:49:00,97589.9,97589.9,97468.8,97475.3,111.368
2024-12-21 12:50:00,97475.3,97480.1,97328.0,97387.4,180.231
2024-12-21 12:51:00,97387.4,97484.5,97387.4,97400.2,269.724
2024-12-21 12:52:00,97400.2,97460.2,97378.0,97408.6,113.97
2024-12-21 12:53:00,97408.6,97480.1,97385.1,97400.9,448.427
2024-12-21 12:54:00,97400.9,97414.7,97277.4,97379.4,574.026
2024-12-21 12:55:00,97379.4,97429.2,97179.0,97199.9,251.259
2024-12-21 12:56:00,97199.9,97232.9,97150.1,97201.2,303.582
2024-12-21 12:57:00,97201.2,97201.2,97081.8,97139.6,261.296
2024-12-21 12:58:00,97139.6,97205.5,97118.2,97147.0,243.226
2024-12-21 12:59:00,97147.0,97163.2,97075.2,97109.7,171.037
2024-12-21 13:00:00,97109.7,97205.8,97094.0,97150.1,134.662
2024-12-21 13:01:00,97150.1,97185.2,97087.4,97137.2,173.217
2024-12-21 13:02:00,97137.2,97180.0,97075.0,97180.0,305.622
2024-12-21 13:03:00,97180.0,97313.6,97179.9,97291.2,289.084
2024-12-21 13:04:00,97291.2,97323.6,97220.6,97220.6,218.164
2024-12-21 13:05:00,97220.6,97336.7,97214.8,97300.3,151.742
2024-12-21 13:06:00,97300.3,97465.2,97292.5,97400.0,256.333
2024-12-21 13:07:00,97400.0,97447.7,97399.9,97447.4,252.595
2024-12-21 13:08:00,97447.4,97450.0,97360.4,97366.4,91.665
2024-12-21 13:09:00,97366.4,97392.7,97322.0,97382.2,70.063
2024-12-21 13:10:00,97382.2,97382.2,97259.8,97272.3,54.706
2024-12-21 13:11:00,97272.3,97400.0,97272.0,97395.4,94.833
2024-12-21 13:12:00,97395.4,97427.7,97332.0,97364.2,75.004
2024-12-21 13:13:00,97364.2,97400.0,97331.6,97399.9,58.81
2024-12-21 13:14:00,97399.9,97400.0,97336.4,97366.0,30.921
2024-12-21 13:15:00,97366.0,97380.6,97299.1,97319.7,35.107
2024-12-21 13:16:00,97319.7,97380.5,97100.0,97176.8,231.777
2024-12-21 13:17:00,97176.8,97219.2,97100.0,97136.4,551.142
2024-12-21 13:18:00,97136.4,97251.1,97114.5,97145.9,263.529
2024-12-21 13:19:00,97145.9,97194.1,97109.7,97126.9,138.001
2024-12-21 13:20:00,97126.9,97152.5,97109.9,97120.3,236.593
2024-12-21 13:21:00,97120.3,97136.4,97005.9,97005.9,183.239
2024-12-21 13:22:00,97005.9,97100.0,96760.6,96774.9,1162.425
2024-12-21 13:23:00,96774.9,96822.0,96715.9,96729.2,719.559
2024-12-21 13:24:00,96729.2,96870.6,96671.4,96869.7,668.362
2024-12-21 13:25:00,96869.7,96869.7,96750.0,96750.0,512.958
2024-12-21 13:26:00,96750.0,96856.1,96748.4,96801.7,202.849
2024-12-21 13:27:00,96801.7,96833.2,96620.1,96622.8,152.422
2024-12-21 13:28:00,96622.8,96708.3,96577.9,96577.9,224.946
2024-12-21 13:29:00,96577.9,96639.1,96511.0,96631.1,300.872
2024-12-21 13:30:00,96631.1,96660.2,96498.7,96500.1,362.529
2024-12-21 13:31:00,96500.1,96560.4,96424.0,96478.0,522.066
2024-12-21 13:32:00,96478.0,96573.4,96443.4,96515.1,578.745
2024-12-21 13:33:00,96515.1,96667.1,96375.0,96663.4,268.955
2024-12-21 13:34:00,96663.4,96782.4,96663.4,96769.5,521.004
2024-12-21 13:35:00,96769.5,96911.7,96739.3,96895.8,589.564
2024-12-21 13:36:00,96895.8,97040.5,96847.5,97030.0,347.329
2024-12-21 13:37:00,97030.0,97172.1,97021.7,97159.4,457.059
2024-12-21 13:38:00,97159.4,97199.6,97036.8,97191.6,406.922
2024-12-21 13:39:00,97191.6,97209.3,97072.5,97113.6,272.785
2024-12-21 13:40:00,97113.6,97200.6,97031.8,97196.0,352.007
2024-12-21 13:41:00,97196.0,97343.9,97179.1,97261.1,528.031
2024-12-21 13:42:00,97261.1,97332.1,97210.0,97326.6,412.854
2024-12-21 13:43:00,97326.6,97345.2,97256.4,97345.2,196.536
2024-12-21 13:44:00,97345.2,97384.0,97254.0,97262.0,214.91
2024-12-21 13:45:00,97262.0,97411.3,97262.0,97411.1,209.373
2024-12-21 13:46:00,97411.1,97422.2,97368.0,97386.7,192.831
2024-12-21 13:47:00,97386.7,97412.2,97350.0,97380.4,129.008
2024-12-21 13:48:00,97380.4,97382.9,97250.0,97269.0,163.023
2024-12-21 13:49:00,97269.0,97335.4,97249.9,97320.0,136.643
2024-12-21 13:50:00,97320.0,97320.3,97138.2,97151.3,80.739
2024-12-21 13:51:00,97151.3,97188.4,97015.3,97178.5,166.593
2024-12-21 13:52:00,97178.5,97324.9,97141.9,97290.4,238.062
2024-12-21 13:53:00,97290.4,97299.2,97220.2,97240.4,249.271
2024-12-21 13:54:00,97240.4,97351.0,97236.1,97240.0,79.848
2024-12-21 13:55:00,97240.0,97315.4,97195.4,97315.4,95.437
2024-12-21 13:56:00,97315.4,97350.0,97253.7,97317.4,114.575
2024-12-21 13:57:00,97317.4,97356.5,97279.7,97348.3,238.688
2024-12-21 13:58:00,97348.3,97425.0,97318.8,97424.9,82.599
2024-12-21 13:59:00,97424.9,97424.9,97300.6,97300.6,129.658
2024-12-21 14:00:00,97300.6,97415.4,97270.4,97402.2,116.096
2024-12-21 14:01:00,97402.2,97498.1,97402.2,97486.2,262.408
2024-12-21 14:02:00,97486.2,97588.4,97480.0,97560.1,333.396
2024-12-21 14:03:00,97560.1,97581.8,97504.3,97561.5,429.69
2024-12-21 14:04:00,97561.5,97600.2,97510.9,97520.9,228.173
2024-12-21 14:05:00,97520.9,97521.2,97350.0,97402.5,319.068
2024-12-21 14:06:00,97402.5,97439.3,97334.8,97439.3,235.228
2024-12-21 14:07:00,97439.3,97534.8,97417.8,97531.6,171.54
2024-12-21 14:08:00,97531.6,97562.4,97419.7,97419.8,183.196
2024-12-21 14:09:00,97419.8,97481.0,97405.5,97457.3,105.233
2024-12-21 14:10:00,97457.3,97499.8,97434.0,97461.8,154.448
2024-12-21 14:11:00,97461.8,97524.0,97457.5,97480.5,75.919
2024-12-21 14:12:00,97480.5,97534.8,97462.3,97513.4,180.682
2024-12-21 14:13:00,97513.4,97520.8,97480.3,97508.6,42.511
2024-12-21 14:14:00,97508.6,97578.3,97508.3,97526.3,43.511
2024-12-21 14:15:00,97526.3,97633.9,97492.4,97597.7,53.243
2024-12-21 14:16:00,97597.7,97644.9,97573.3,97635.2,101.857
2024-12-21 14:17:00,97635.2,97669.2,97596.5,97653.0,133.728
2024-12-21 14:18:00,97653.0,97723.7,97646.9,97716.2,139.63
2024-12-21 14:19:00,97716.2,97719.0,97663.6,97682.8,182.235
2024-12-21 14:20:00,97682.8,97704.4,97621.3,97624.2,117.54
2024-12-21 14:21:00,97624.2,97654.9,97558.8,97583.6,172.104
2024-12-21 14:22:00,97583.6,97594.9,97521.9,97546.0,146.231
2024-12-21 14:23:00,97546.0,97580.4,97495.3,97495.3,248.516
2024-12-21 14:24:00,97495.3,97495.3,97403.0,97421.4,289.547
2024-12-21 14:25:00,97421.4,97426.3,97339.3,97400.0,322.845
2024-12-21 14:26:00,97400.0,97421.1,97325.0,97342.9,147.4
2024-12-21 14:27:00,97342.9,97455.2,97341.2,97410.5,96.747
2024-12-21 14:28:00,97410.5,97497.7,97410.5,97436.0,76.252
2024-12-21 14:29:00,97436.0,97459.0,97394.8,97458.4,70.756
2024-12-21 14:30:00,97458.4,97465.9,97409.7,97428.4,34.694
2024-12-21 14:31:00,97428.4,97607.7,97428.4,97581.6,47.314
2024-12-21 14:32:00,97581.6,97627.4,97553.7,97590.2,103.682
2024-12-21 14:33:00,97590.2,97599.9,97490.1,97490.4,55.273
2024-12-21 14:34:00,97490.4,97546.1,97490.4,97510.7,36.453
2024-12-21 14:35:00,97510.7,97535.1,97503.9,97535.1,11.403
2024-12-21 14:36:00,97535.1,97550.0,97450.4,97474.7,27.444
2024-12-21 14:37:00,97474.7,97474.7,97358.9,97365.9,69.361
2024-12-21 14:38:00,97365.9,97387.5,97328.3,97330.6,70.193
2024-12-21 14:39:00,97330.6,97330.8,97249.8,97280.6,89.449
2024-12-21 14:40:00,97280.6,97340.0,97270.3,97340.0,140.91
2024-12-21 14:41:00,97340.0,97340.0,97287.0,97307.0,103.187
2024-12-21 14:42:00,97307.0,97316.6,97227.4,97245.8,55.018
2024-12-21 14:43:00,97245.8,97245.8,97176.6,97243.3,213.945
2024-12-21 14:44:00,97243.3,97371.5,97230.9,97334.3,356.425
2024-12-21 14:45:00,97334.3,97465.7,97310.8,97361.8,221.262
2024-12-21 14:46:00,97361.8,97489.1,97361.8,97473.4,301.746
2024-12-21 14:47:00,97473.4,97521.2,97426.0,97520.8,461.699
2024-12-21 14:48:00,97520.8,97586.2,97489.9,97585.9,121.694
2024-12-21 14:49:00,97585.9,97610.7,97542.0,97542.0,179.566
2024-12-21 14:50:00,97542.0,97542.1,97406.9,97420.1,187.384
2024-12-21 14:51:00,97420.1,97420.2,97264.0,97347.9,147.204
2024-12-21 14:52:00,97347.9,97472.5,97347.9,97399.9,100.634
2024-12-21 14:53:00,97399.9,97417.7,97328.1,97371.4,43.169
2024-12-21 14:54:00,97371.4,97371.5,97220.0,97255.3,87.946
2024-12-21 14:55:00,97255.3,97255.3,97145.0,97188.0,196.823
2024-12-21 14:56:00,97188.0,97192.0,97052.0,97068.7,459.233
2024-12-21 14:57:00,97068.7,97175.1,97068.4,97174.8,541.198
2024-12-21 14:58:00,97174.8,97180.9,97060.8,97060.8,133.012
2024-12-21 14:59:00,97060.8,97069.2,97033.6,97049.8,125.148
2024-12-21 15:00:00,97049.8,97124.9,97035.3,97100.2,108.915
2024-12-21 15:01:00,97100.2,97157.5,97044.5,97066.5,80.069
2024-12-21 15:02:00,97066.5,97134.0,97066.2,97132.6,69.882
2024-12-21 15:03:00,97132.6,97171.7,97100.1,97105.0,44.777
2024-12-21 15:04:00,97105.0,97203.8,97083.6,97203.8,99.051
2024-12-21 15:05:00,97203.8,97277.3,97176.2,97253.8,156.946
2024-12-21 15:06:00,97253.8,97395.8,97245.3,97344.4,164.399
2024-12-21 15:07:00,97344.4,97379.9,97344.1,97379.9,286.069
2024-12-21 15:08:00,97379.9,97408.3,97288.7,97295.5,122.829
2024-12-21 15:09:00,97295.5,97340.2,97223.4,97338.3,186.388
2024-12-21 15:10:00,97338.3,97406.2,97277.9,97400.0,75.186
2024-12-21 15:11:00,97400.0,97409.5,97327.3,97328.1,110.085
2024-12-21 15:12:00,97328.1,97360.3,97257.5,97263.7,59.484
2024-12-21 15:13:00,97263.7,97263.7,97216.7,97229.6,37.077
2024-12-21 15:14:00,97229.6,97300.3,97201.1,97295.2,334.625
2024-12-21 15:15:00,97295.2,97410.0,97288.0,97386.3,544.88
2024-12-21 15:16:00,97386.3,97415.2,97356.7,97414.9,74.486
2024-12-21 15:17:00,97414.9,97415.2,97375.5,97404.9,36.084
2024-12-21 15:18:00,97404.9,97404.9,97354.7,97392.9,34.289
2024-12-21 15:19:00,97392.9,97396.4,97330.2,97330.2,18.431
2024-12-21 15:20:00,97330.2,97404.2,97311.6,97392.8,31.339
2024-12-21 15:21:00,97392.8,97415.2,97376.9,97415.2,47.926
2024-12-21 15:22:00,97415.2,97415.2,97380.1,97413.4,37.224
2024-12-21 15:23:00,97413.4,97415.3,97403.3,97414.8,43.112
2024-12-21 15:24:00,97414.8,97460.0,97414.8,97460.0,44.407
2024-12-21 15:25:00,97460.0,97500.0,97459.8,97470.9,83.428
2024-12-21 15:26:00,97470.9,97542.2,97470.9,97541.0,47.393
2024-12-21 15:27:00,97541.0,97541.0,97463.4,97478.8,47.835
2024-12-21 15:28:00,97478.8,97487.5,97414.1,97487.0,40.897
2024-12-21 15:29:00,97487.0,97487.1,97463.4,97463.8,53.561
2024-12-21 15:30:00,97463.8,97500.2,97463.5,97480.4,28.037
2024-12-21 15:31:00,97480.4,97542.4,97456.1,97488.2,41.062
2024-12-21 15:32:00,97488.2,97488.3,97412.0,97412.1,45.012
2024-12-21 15:33:00,97412.1,97441.3,97367.4,97367.4,53.582
2024-12-21 15:34:00,97367.4,97406.7,97365.7,97394.1,72.159
2024-12-21 15:35:00,97394.1,97448.5,97362.5,97440.3,37.454
2024-12-21 15:36:00,97440.3,97440.3,97390.0,97409.4,42.216
2024-12-21 15:37:00,97409.4,97409.7,97365.0,97369.3,22.838
2024-12-21 15:38:00,97369.3,97403.0,97369.3,97392.8,31.135
2024-12-21 15:39:00,97392.8,97451.8,97378.8,97417.2,17.263
2024-12-21 15:40:00,97417.2,97454.2,97400.0,97400.0,46.899
2024-12-21 15:41:00,97400.0,97400.1,97375.0,97375.0,71.021
2024-12-21 15:42:00,97375.0,97375.1,97361.4,97370.1,35.317
2024-12-21 15:43:00,97370.1,97375.1,97370.1,97374.2,29.371
2024-12-21 15:44:00,97374.2,97374.2,97360.0,97360.0,18.631
2024-12-21 15:45:00,97360.0,97442.3,97360.0,97442.3,22.864
2024-12-21 15:46:00,97442.3,97466.2,97422.9,97437.3,24.534
2024-12-21 15:47:00,97437.3,97480.2,97431.4,97467.6,27.794
2024-12-21 15:48:00,97467.6,97532.0,97467.6,97531.9,19.809
2024-12-21 15:49:00,97531.9,97589.3,97531.9,97576.3,39.99
2024-12-21 15:50:00,97576.3,97654.2,97576.3,97635.1,100.65
2024-12-21 15:51:00,97635.1,97692.5,97627.2,97665.1,116.2
2024-12-21 15:52:00,97665.1,97665.4,97599.9,97650.0,56.654
2024-12-21 15:53:00,97650.0,97653.7,97571.5,97571.5,67.773
2024-12-21 15:54:00,97571.5,97571.6,97461.5,97483.2,53.741
2024-12-21 15:55:00,97483.2,97524.2,97450.5,97523.9,86.941
2024-12-21 15:56:00,97523.9,97523.9,97486.4,97486.5,39.813
2024-12-21 15:57:00,97486.5,97486.5,97450.0,97467.5,32.398
2024-12-21 15:58:00,97467.5,97506.8,97458.3,97468.1,17.118
2024-12-21 15:59:00,97468.1,97489.3,97451.0,97489.3,25.367
2024-12-21 16:00:00,97489.3,97489.3,97408.5,97408.8,16.317
2024-12-21 16:01:00,97408.8,97438.8,97360.0,97360.0,58.708
2024-12-21 16:02:00,97360.0,97404.7,97360.0,97370.5,100.285
2024-12-21 16:03:00,97370.5,97370.6,97270.0,97270.0,42.316
2024-12-21 16:04:00,97270.0,97270.0,97200.0,97200.2,124.589
2024-12-21 16:05:00,97200.2,97200.3,97111.0,97179.2,119.868
2024-12-21 16:06:00,97179.2,97258.2,97115.6,97115.9,162.689
2024-12-21 16:07:00,97115.9,97115.9,97000.0,97067.6,165.997
2024-12-21 16:08:00,97067.6,97069.2,97013.0,97027.2,199.965
2024-12-21 16:09:00,97027.2,97083.2,96912.0,96930.7,163.066
2024-12-21 16:10:00,96930.7,97012.4,96912.1,96979.1,237.297
2024-12-21 16:11:00,96979.1,97014.0,96938.0,96938.6,134.157
2024-12-21 16:12:00,96938.6,97160.5,96938.6,97156.5,166.54
2024-12-21 16:13:00,97156.5,97330.4,97156.5,97316.2,369.449
2024-12-21 16:14:00,97316.2,97467.8,97316.2,97466.7,296.074
2024-12-21 16:15:00,97466.7,97565.7,97394.6,97439.1,128.38
2024-12-21 16:16:00,97439.1,97559.6,97439.1,97536.2,159.349
2024-12-21 16:17:00,97536.2,97645.9,97536.2,97645.8,102.571
2024-12-21 16:18:00,97645.8,97687.4,97600.9,97601.3,178.052
2024-12-21 16:19:00,97601.3,97617.5,97449.8,97520.5,381.467
2024-12-21 16:20:00,97520.5,97570.4,97477.6,97570.4,158.814
2024-12-21 16:21:00,97570.4,97674.7,97570.1,97650.0,54.643
2024-12-21 16:22:00,97650.0,97670.7,97572.2,97590.0,88.888
2024-12-21 16:23:00,97590.0,97590.0,97521.1,97580.1,50.03
2024-12-21 16:24:00,97580.1,97610.0,97530.4,97530.4,21.825
2024-12-21 16:25:00,97530.4,97555.7,97475.5,97529.0,31.727
2024-12-21 16:26:00,97529.0,97534.2,97472.5,97484.9,46.233
2024-12-21 16:27:00,97484.9,97559.2,97484.6,97531.4,52.059
2024-12-21 16:28:00,97531.4,97553.3,97500.6,97500.6,15.741
2024-12-21 16:29:00,97500.6,97552.5,97480.6,97540.5,22.667
2024-12-21 16:30:00,97540.5,97600.0,97493.9,97550.6,64.358
2024-12-21 16:31:00,97550.6,97585.0,97510.3,97528.7,84.343
2024-12-21 16:32:00,97528.7,97582.1,97438.6,97438.6,38.755
2024-12-21 16:33:00,97438.6,97438.7,97268.7,97370.2,141.244
2024-12-21 16:34:00,97370.2,97370.2,97289.6,97320.9,290.054
2024-12-21 16:35:00,97320.9,97321.0,97265.2,97284.1,64.498
2024-12-21 16:36:00,97284.1,97309.8,97203.3,97216.3,39.942
2024-12-21 16:37:00,97216.3,97372.8,97189.0,97323.9,115.065
2024-12-21 16:38:00,97323.9,97550.2,97311.9,97517.0,255.356
2024-12-21 16:39:00,97517.0,97517.4,97399.5,97407.4,163.731
2024-12-21 16:40:00,97407.4,97407.4,97267.0,97277.7,393.72
2024-12-21 16:41:00,97277.7,97312.2,97231.2,97304.5,636.327
2024-12-21 16:42:00,97304.5,97338.2,97225.7,97225.7,366.269
2024-12-21 16:43:00,97225.7,97245.8,97180.0,97180.8,25.751
2024-12-21 16:44:00,97180.8,97185.3,97124.5,97141.0,86.91
2024-12-21 16:45:00,97141.0,97190.3,97098.7,97174.8,213.507
2024-12-21 16:46:00,97174.8,97251.6,97168.1,97190.0,284.17
2024-12-21 16:47:00,97190.0,97222.7,97168.0,97190.5,245.883
2024-12-21 16:48:00,97190.5,97219.4,97142.7,97200.1,25.298
2024-12-21 16:49:00,97200.1,97276.8,97171.8,97219.7,83.719
2024-12-21 16:50:00,97219.7,97327.3,97219.7,97280.0,172.2
2024-12-21 16:51:00,97280.0,97386.5,97279.9,97351.7,144.08
2024-12-21 16:52:00,97351.7,97453.4,97340.6,97340.9,212.337
2024-12-21 16:53:00,97340.9,97340.9,97204.5,97219.5,167.24
2024-12-21 16:54:00,97219.5,97229.4,97202.4,97229.4,132.193
2024-12-21 16:55:00,97229.4,97278.1,97217.1,97240.3,13.772
2024-12-21 16:56:00,97240.3,97250.1,97166.6,97189.5,14.392
2024-12-21 16:57:00,97189.5,97295.1,97185.8,97277.7,19.17
2024-12-21 16:58:00,97277.7,97337.9,97277.7,97300.3,34.352
2024-12-21 16:59:00,97300.3,97300.3,97228.0,97259.1,35.042
2024-12-21 17:00:00,97259.1,97337.1,97205.1,97305.8,60.13
2024-12-21 17:01:00,97305.8,97340.8,97181.1,97181.2,83.14
2024-12-21 17:02:00,97181.2,97324.8,97155.0,97283.5,35.792
2024-12-21 17:03:00,97283.5,97368.6,97253.8,97340.6,126.949
2024-12-21 17:04:00,97340.6,97458.8,97340.0,97454.5,165.508
2024-12-21 17:05:00,97454.5,97514.9,97377.2,97380.0,60.883
2024-12-21 17:06:00,97380.0,97380.0,97278.0,97292.2,93.732
2024-12-21 17:07:00,97292.2,97309.9,97220.9,97231.5,68.202
2024-12-21 17:08:00,97231.5,97231.5,97049.2,97196.0,135.619
2024-12-21 17:09:00,97196.0,97248.9,97093.2,97093.2,345.98
2024-12-21 17:10:00,97093.2,97129.6,97050.0,97068.8,132.49
2024-12-21 17:11:00,97068.8,97099.0,97010.0,97066.4,267.568
2024-12-21 17:12:00,97066.4,97164.5,97030.0,97144.1,125.826
2024-12-21 17:13:00,97144.1,97199.8,97139.7,97195.2,80.008
2024-12-21 17:14:00,97195.2,97381.2,97195.2,97371.1,478.33
2024-12-21 17:15:00,97371.1,97540.0,97344.0,97540.0,817.963
2024-12-21 17:16:00,97540.0,97588.2,97472.7,97499.0,751.005
2024-12-21 17:17:00,97499.0,97509.4,97431.9,97475.7,537.257
2024-12-21 17:18:00,97475.7,97525.8,97414.0,97414.0,327.812
2024-12-21 17:19:00,97414.0,97485.4,97400.6,97483.8,526.994
2024-12-21 17:20:00,97483.8,97499.0,97419.6,97459.0,41.061
2024-12-21 17:21:00,97459.0,97548.9,97445.4,97445.6,46.278
2024-12-21 17:22:00,97445.6,97474.7,97380.0,97380.6,100.031
2024-12-21 17:23:00,97380.6,97406.1,97215.0,97236.7,332.127
2024-12-21 17:24:00,97236.7,97300.5,97224.3,97282.6,567.796
2024-12-21 17:25:00,97282.6,97388.5,97253.6,97346.0,102.414
2024-12-21 17:26:00,97346.0,97408.5,97325.2,97375.1,38.933
2024-12-21 17:27:00,97375.1,97480.2,97375.1,97426.6,72.032
2024-12-21 17:28:00,97426.6,97463.0,97404.4,97418.7,14.363
2024-12-21 17:29:00,97418.7,97437.9,97399.9,97428.9,107.813
2024-12-21 17:30:00,97428.9,97500.2,97426.0,97443.3,322.328
2024-12-21 17:31:00,97443.3,97482.9,97428.6,97433.9,44.488
2024-12-21 17:32:00,97433.9,97436.4,97276.4,97276.5,29.531
2024-12-21 17:33:00,97276.5,97278.0,97240.0,97275.8,56.269
2024-12-21 17:34:00,97275.8,97326.2,97269.1,97276.8,26.535
2024-12-21 17:35:00,97276.8,97300.3,97181.6,97205.0,33.683
2024-12-21 17:36:00,97205.0,97240.9,97145.0,97230.5,107.394
2024-12-21 17:37:00,97230.5,97340.2,97200.3,97320.6,174.74
2024-12-21 17:38:00,97320.6,97391.4,97320.6,97324.4,67.11
2024-12-21 17:39:00,97324.4,97413.1,97324.4,97407.4,155.154
2024-12-21 17:40:00,97407.4,97452.9,97407.4,97432.3,46.335
2024-12-21 17:41:00,97432.3,97458.9,97432.2,97439.9,12.59
2024-12-21 17:42:00,97439.9,97446.2,97332.2,97399.2,20.449
2024-12-21 17:43:00,97399.2,97446.4,97382.6,97382.6,36.862
2024-12-21 17:44:00,97382.6,97427.2,97382.6,97404.5,30.296
2024-12-21 17:45:00,97404.5,97474.7,97404.5,97474.6,29.766
2024-12-21 17:46:00,97474.6,97500.0,97464.0,97484.1,55.791
2024-12-21 17:47:00,97484.1,97585.2,97477.4,97585.2,32.527
2024-12-21 17:48:00,97585.2,97600.0,97527.9,97555.7,68.843
2024-12-21 17:49:00,97555.7,97592.5,97525.6,97554.6,105.704
2024-12-21 17:50:00,97554.6,97599.9,97543.6,97599.8,123.068
2024-12-21 17:51:00,97599.8,97649.6,97531.1,97540.8,350.736
2024-12-21 17:52:00,97540.8,97610.4,97536.7,97610.4,70.101
2024-12-21 17:53:00,97610.4,97636.4,97594.6,97617.0,47.1
2024-12-21 17:54:00,97617.0,97642.9,97593.6,97635.3,197.077
2024-12-21 17:55:00,97635.3,97670.0,97634.9,97653.8,367.855
2024-12-21 17:56:00,97653.8,97654.1,97638.4,97650.2,32.403
2024-12-21 17:57:00,97650.2,97650.2,97590.0,97604.4,14.703
2024-12-21 17:58:00,97604.4,97624.3,97604.4,97611.0,24.815
2024-12-21 17:59:00,97611.0,97611.3,97560.3,97563.3,38.88
2024-12-21 18:00:00,97563.3,97563.6,97502.0,97542.1,626.131
2024-12-21 18:01:00,97542.1,97604.4,97497.1,97565.0,1018.644
2024-12-21 18:02:00,97565.0,97654.1,97556.2,97626.0,517.341
2024-12-21 18:03:00,97626.0,97666.2,97597.4,97597.4,19.314
2024-12-21 18:04:00,97597.4,97621.2,97566.0,97579.1,24.827
2024-12-21 18:05:00,97579.1,97618.7,97579.1,97580.7,25.053
2024-12-21 18:06:00,97580.7,97688.8,97579.2,97640.3,23.313
2024-12-21 18:07:00,97640.3,97648.3,97497.0,97500.7,40.184
2024-12-21 18:08:00,97500.7,97555.1,97466.6,97555.1,63.396
2024-12-21 18:09:00,97555.1,97584.9,97510.1,97529.0,60.409
2024-12-21 18:10:00,97529.0,97549.9,97478.3,97478.7,38.035
2024-12-21 18:11:00,97478.7,97500.1,97437.1,97448.4,18.903
2024-12-21 18:12:00,97448.4,97511.0,97443.0,97510.9,34.138
2024-12-21 18:13:00,97510.9,97511.0,97432.3,97432.6,26.453
2024-12-21 18:14:00,97432.6,97432.6,97400.0,97400.0,35.463
2024-12-21 18:15:00,97400.0,97445.2,97359.6,97404.5,62.684
2024-12-21 18:16:00,97404.5,97448.0,97377.1,97448.0,20.497
2024-12-21 18:17:00,97448.0,97521.9,97448.0,97509.1,24.739
2024-12-21 18:18:00,97509.1,97598.7,97506.8,97572.1,70.083
2024-12-21 18:19:00,97572.1,97619.0,97572.1,97572.1,148.715
2024-12-21 18:20:00,97572.1,97605.6,97549.0,97584.2,67.782
2024-12-21 18:21:00,97584.2,97606.1,97553.6,97606.1,16.461
2024-12-21 18:22:00,97606.1,97650.0,97606.1,97618.5,15.916
2024-12-21 18:23:00,97618.5,97640.2,97583.9,97589.7,23.932
2024-12-21 18:24:00,97589.7,97589.8,97511.1,97569.0,10.985
2024-12-21 18:25:00,97569.0,97589.8,97518.3,97518.3,21.151
2024-12-21 18:26:00,97518.3,97575.2,97510.4,97575.2,11.143
2024-12-21 18:27:00,97575.2,97591.3,97553.0,97572.4,9.475
2024-12-21 18:28:00,97572.4,97619.0,97561.0,97571.4,7.12
2024-12-21 18:29:00,97571.4,97571.7,97500.0,97509.7,10.047
2024-12-21 18:30:00,97509.7,97557.0,97496.0,97516.5,10.533
2024-12-21 18:31:00,97516.5,97529.1,97502.0,97502.3,8.179
2024-12-21 18:32:00,97502.3,97502.3,97405.5,97405.5,10.932
2024-12-21 18:33:00,97405.5,97405.6,97372.0,97379.5,32.406
2024-12-21 18:34:00,97379.5,97489.9,97379.5,97449.9,33.395
2024-12-21 18:35:00,97449.9,97529.4,97436.0,97498.9,23.4
2024-12-21 18:36:00,97498.9,97498.9,97402.1,97454.9,11.366
2024-12-21 18:37:00,97454.9,97454.9,97394.4,97420.0,15.098
2024-12-21 18:38:00,97420.0,97420.0,97383.9,97409.2,12.406
2024-12-21 18:39:00,97409.2,97417.0,97301.8,97301.8,41.119
2024-12-21 18:40:00,97301.8,97433.7,97301.8,97419.1,88.585
2024-12-21 18:41:00,97419.1,97473.8,97405.3,97445.5,36.107
2024-12-21 18:42:00,97445.5,97471.0,97420.0,97465.3,22.796
2024-12-21 18:43:00,97465.3,97512.0,97457.9,97497.7,27.788
2024-12-21 18:44:00,97497.7,97508.2,97485.6,97500.1,28.692
2024-12-21 18:45:00,97500.1,97500.1,97355.9,97355.9,19.935
2024-12-21 18:46:00,97355.9,97399.3,97355.9,97372.6,21.249
2024-12-21 18:47:00,97372.6,97372.6,97304.6,97331.5,18.055
2024-12-21 18:48:00,97331.5,97347.9,97331.2,97332.2,28.36
2024-12-21 18:49:00,97332.2,97359.0,97331.5,97343.9,23.104
2024-12-21 18:50:00,97343.9,97343.9,97332.5,97332.8,18.528
2024-12-21 18:51:00,97332.8,97372.7,97330.0,97331.7,4.438
2024-12-21 18:52:00,97331.7,97360.7,97274.9,97280.2,9.768
2024-12-21 18:53:00,97280.2,97319.4,97280.0,97291.3,22.411
2024-12-21 18:54:00,97291.3,97330.2,97280.0,97280.0,20.812
2024-12-21 18:55:00,97280.0,97308.6,97260.8,97302.4,15.709
2024-12-21 18:56:00,97302.4,97350.0,97283.0,97334.7,18.581
2024-12-21 18:57:00,97334.7,97377.2,97313.0,97354.0,17.509
2024-12-21 18:58:00,97354.0,97390.2,97353.9,97385.0,13.056
2024-12-21 18:59:00,97385.0,97385.0,97364.6,97382.3,11.335
2024-12-21 19:00:00,97382.3,97420.7,97320.1,97339.8,12.318
2024-12-21 19:01:00,97339.8,97340.1,97233.1,97233.1,34.976
2024-12-21 19:02:00,97233.1,97352.1,97225.2,97282.5,75.747
2024-12-21 19:03:00,97282.5,97282.5,97229.3,97251.8,23.974
2024-12-21 19:04:00,97251.8,97251.8,97220.0,97227.3,17.591
2024-12-21 19:05:00,97227.3,97228.4,97120.1,97120.1,100.599
2024-12-21 19:06:00,97120.1,97120.2,97062.7,97085.2,286.578
2024-12-21 19:07:00,97085.2,97108.8,97030.0,97070.3,116.684
2024-12-21 19:08:00,97070.3,97070.4,97015.1,97015.2,114.98
2024-12-21 19:09:00,97015.2,97102.7,97015.0,97015.1,51.071
2024-12-21 19:10:00,97015.1,97015.1,96946.3,96969.4,220.523
2024-12-21 19:11:00,96969.4,97030.3,96928.3,97030.3,472.213
2024-12-21 19:12:00,97030.3,97147.8,97024.1,97093.3,83.88
2024-12-21 19:13:00,97093.3,97143.7,97057.2,97080.3,104.804
2024-12-21 19:14:00,97080.3,97119.4,97020.3,97118.9,33.907
2024-12-21 19:15:00,97118.9,97161.2,97020.3,97026.6,21.538
2024-12-21 19:16:00,97026.6,97048.0,96932.8,97032.6,34.356
2024-12-21 19:17:00,97032.6,97032.6,96944.2,97001.0,44.324
2024-12-21 19:18:00,97001.0,97060.3,97000.0,97000.0,36.749
2024-12-21 19:19:00,97000.0,97007.2,96954.9,96981.5,14.069
2024-12-21 19:20:00,96981.5,96983.3,96903.6,96976.9,28.587
2024-12-21 19:21:00,96976.9,96976.9,96803.1,96841.9,100.964
2024-12-21 19:22:00,96841.9,96845.0,96800.0,96803.0,196.222
2024-12-21 19:23:00,96803.0,96912.6,96803.0,96909.0,140.847
2024-12-21 19:24:00,96909.0,97073.5,96908.7,97073.2,104.727
2024-12-21 19:25:00,97073.2,97141.7,96999.7,97096.8,143.386
2024-12-21 19:26:00,97096.8,97127.6,97089.0,97089.2,69.83
2024-12-21 19:27:00,97089.2,97093.4,96973.8,96973.8,43.516
2024-12-21 19:28:00,96973.8,96996.2,96911.2,96911.2,46.918
2024-12-21 19:29:00,96911.2,96931.2,96860.6,96910.6,33.153
2024-12-21 19:30:00,96910.6,96981.6,96855.0,96855.0,35.191
2024-12-21 19:31:00,96855.0,96937.4,96852.7,96852.7,22.248
2024-12-21 19:32:00,96852.7,96884.7,96818.1,96825.3,31.252
2024-12-21 19:33:00,96825.3,96930.8,96824.2,96907.3,36.454
2024-12-21 19:34:00,96907.3,97054.9,96873.7,96873.7,39.069
2024-12-21 19:35:00,96873.7,96956.5,96849.7,96861.9,30.579
2024-12-21 19:36:00,96861.9,96912.6,96859.9,96861.8,20.576
2024-12-21 19:37:00,96861.8,96899.0,96828.7,96835.0,25.476
2024-12-21 19:38:00,96835.0,96861.9,96828.7,96828.7,33.659
2024-12-21 19:39:00,96828.7,96861.2,96805.6,96851.1,17.625
2024-12-21 19:40:00,96851.1,97000.0,96836.4,96969.8,33.462
2024-12-21 19:41:00,96969.8,97066.2,96955.9,97012.6,48.967
2024-12-21 19:42:00,97012.6,97045.0,96970.2,97044.8,28.32
2024-12-21 19:43:00,97044.8,97090.2,96996.1,96996.4,21.44
2024-12-21 19:44:00,96996.4,97030.2,96955.7,97017.9,16.85
2024-12-21 19:45:00,97017.9,97059.8,97001.0,97021.6,10.632
2024-12-21 19:46:00,97021.6,97058.5,96974.5,96984.2,18.808
2024-12-21 19:47:00,96984.2,97072.0,96980.0,97059.3,25.804
2024-12-21 19:48:00,97059.3,97061.1,96922.2,96950.2,15.166
2024-12-21 19:49:00,96950.2,96966.8,96911.2,96940.4,100.652
2024-12-21 19:50:00,96940.4,97063.2,96940.4,97012.3,265.171
2024-12-21 19:51:00,97012.3,97066.7,96982.9,97029.2,21.318
2024-12-21 19:52:00,97029.2,97059.2,97000.0,97009.4,6.8
2024-12-21 19:53:00,97009.4,97118.6,97009.4,97096.8,13.699
2024-12-21 19:54:00,97096.8,97124.5,97071.2,97121.5,35.521
2024-12-21 19:55:00,97121.5,97145.0,97055.7,97070.9,25.803
2024-12-21 19:56:00,97070.9,97150.0,97070.9,97106.8,21.267
2024-12-21 19:57:00,97106.8,97160.3,97106.8,97151.4,14.116
2024-12-21 19:58:00,97151.4,97249.5,97151.4,97244.6,35.026
2024-12-21 19:59:00,97244.6,97249.9,97240.9,97249.1,61.366
2024-12-21 20:00:00,97249.1,97351.1,97242.2,97270.7,48.136
2024-12-21 20:01:00,97270.7,97327.7,97240.3,97327.7,89.607
2024-12-21 20:02:00,97327.7,97330.2,97206.9,97238.0,54.735
2024-12-21 20:03:00,97238.0,97299.3,97198.9,97299.3,50.687
2024-12-21 20:04:00,97299.3,97349.1,97280.0,97280.0,37.616
2024-12-21 20:05:00,97280.0,97386.8,97280.0,97358.5,46.064
2024-12-21 20:06:00,97358.5,97466.7,97350.0,97466.6,70.19
2024-12-21 20:07:00,97466.6,97600.0,97463.8,97533.0,93.977
2024-12-21 20:08:00,97533.0,97616.3,97493.5,97614.8,144.897
2024-12-21 20:09:00,97614.8,97616.5,97560.2,97582.0,101.184
2024-12-21 20:10:00,97582.0,97672.8,97581.9,97615.4,102.442
2024-12-21 20:11:00,97615.4,97798.6,97615.4,97770.5,270.534
2024-12-21 20:12:00,97770.5,97879.1,97750.0,97823.9,297.515
2024-12-21 20:13:00,97823.9,97880.2,97804.8,97829.2,209.884
2024-12-21 20:14:00,97829.2,97829.2,97773.5,97824.3,72.503
2024-12-21 20:15:00,97824.3,97868.3,97769.7,97769.7,63.895
2024-12-21 20:16:00,97769.7,97770.0,97627.2,97648.9,83.825
2024-12-21 20:17:00,97648.9,97822.6,97648.9,97818.1,119.835
2024-12-21 20:18:00,97818.1,97920.6,97809.3,97917.2,70.862
2024-12-21 20:19:00,97917.2,98044.0,97881.2,97937.0,449.659
2024-12-21 20:20:00,97937.0,97950.3,97892.7,97897.6,538.724
2024-12-21 20:21:00,97897.6,98000.0,97897.5,97915.3,470.517
2024-12-21 20:22:00,97915.3,97915.3,97851.9,97877.7,577.44
2024-12-21 20:23:00,97877.7,97898.2,97848.2,97848.2,198.4
2024-12-21 20:24:00,97848.2,97914.8,97794.4,97799.7,80.799
2024-12-21 20:25:00,97799.7,97829.5,97743.2,97781.3,185.839
2024-12-21 20:26:00,97781.3,97799.7,97775.6,97794.0,51.247
2024-12-21 20:27:00,97794.0,97799.7,97755.4,97765.6,42.954
2024-12-21 20:28:00,97765.6,97774.3,97730.0,97730.0,58.69
2024-12-21 20:29:00,97730.0,97800.0,97711.3,97799.9,41.638
2024-12-21 20:30:00,97799.9,97799.9,97712.9,97712.9,34.985
2024-12-21 20:31:00,97712.9,97712.9,97667.1,97676.3,52.377
2024-12-21 20:32:00,97676.3,97731.7,97676.3,97692.3,33.439
2024-12-21 20:33:00,97692.3,97700.0,97636.0,97644.9,43.981
2024-12-21 20:34:00,97644.9,97647.1,97579.3,97643.7,54.694
2024-12-21 20:35:00,97643.7,97644.8,97573.9,97598.0,157.578
2024-12-21 20:36:00,97598.0,97598.3,97552.8,97558.7,69.728
2024-12-21 20:37:00,97558.7,97597.3,97550.0,97584.6,52.087
2024-12-21 20:38:00,97584.6,97638.4,97530.0,97638.4,75.948
2024-12-21 20:39:00,97638.4,97666.0,97603.9,97603.9,69.184
2024-12-21 20:40:00,97603.9,97603.9,97528.0,97538.7,109.125
2024-12-21 20:41:00,97538.7,97555.8,97514.7,97529.5,110.774
2024-12-21 20:42:00,97529.5,97536.2,97511.0,97511.0,68.775
2024-12-21 20:43:00,97511.0,97538.0,97503.6,97503.6,16.765
2024-12-21 20:44:00,97503.6,97515.9,97495.6,97510.0,27.234
2024-12-21 20:45:00,97510.0,97554.0,97509.5,97537.9,18.874
2024-12-21 20:46:00,97537.9,97537.9,97361.0,97361.0,117.451
2024-12-21 20:47:00,97361.0,97426.5,97330.3,97426.5,321.3
2024-12-21 20:48:00,97426.5,97426.5,97352.9,97352.9,73.88
2024-12-21 20:49:00,97352.9,97487.6,97342.1,97487.3,104.672
2024-12-21 20:50:00,97487.3,97505.6,97438.3,97480.5,43.306
2024-12-21 20:51:00,97480.5,97491.8,97474.2,97483.3,25.967
2024-12-21 20:52:00,97483.3,97518.2,97442.7,97473.9,21.887
2024-12-21 20:53:00,97473.9,97489.7,97399.8,97428.1,45.088
2024-12-21 20:54:00,97428.1,97428.1,97368.0,97371.7,33.757
2024-12-21 20:55:00,97371.7,97407.0,97357.8,97358.0,14.622
2024-12-21 20:56:00,97358.0,97407.0,97357.8,97357.8,9.991
2024-12-21 20:57:00,97357.8,97465.1,97357.8,97465.1,14.355
2024-12-21 20:58:00,97465.1,97465.1,97391.2,97391.2,28.529
2024-12-21 20:59:00,97391.2,97435.4,97391.2,97435.1,4.564
2024-12-21 21:00:00,97435.1,97507.5,97435.1,97507.5,35.8
2024-12-21 21:01:00,97507.5,97536.9,97492.1,97507.4,100.38
2024-12-21 21:02:00,97507.4,97507.4,97489.5,97505.3,26.689
2024-12-21 21:03:00,97505.3,97530.0,97479.8,97506.7,10.916
2024-12-21 21:04:00,97506.7,97551.2,97466.0,97489.7,23.591
2024-12-21 21:05:00,97489.7,97545.6,97489.7,97535.9,15.747
2024-12-21 21:06:00,97535.9,97560.4,97400.0,97400.0,20.308
2024-12-21 21:07:00,97400.0,97419.8,97368.9,97378.6,34.041
2024-12-21 21:08:00,97378.6,97402.6,97355.0,97376.6,25.115
2024-12-21 21:09:00,97376.6,97419.7,97356.6,97357.9,32.485
2024-12-21 21:10:00,97357.9,97373.4,97330.1,97330.1,34.856
2024-12-21 21:11:00,97330.1,97405.2,97323.3,97363.0,39.828
2024-12-21 21:12:00,97363.0,97403.7,97363.0,97373.2,67.926
2024-12-21 21:13:00,97373.2,97399.4,97296.0,97296.0,13.045
2024-12-21 21:14:00,97296.0,97338.2,97273.6,97335.7,59.581
2024-12-21 21:15:00,97335.7,97377.6,97305.8,97311.6,162.965
2024-12-21 21:16:00,97311.6,97332.3,97235.8,97238.7,23.231
2024-12-21 21:17:00,97238.7,97249.9,97215.0,97229.4,46.916
2024-12-21 21:18:00,97229.4,97272.7,97219.3,97229.1,26.663
2024-12-21 21:19:00,97229.1,97229.1,97160.3,97170.1,29.56
2024-12-21 21:20:00,97170.1,97193.5,97102.4,97151.0,68.019
2024-12-21 21:21:00,97151.0,97223.0,97120.6,97207.0,59.134
2024-12-21 21:22:00,97207.0,97239.7,97189.2,97198.3,62.018
2024-12-21 21:23:00,97198.3,97250.2,97190.6,97190.8,86.545
2024-12-21 21:24:00,97190.8,97265.8,97151.5,97258.4,85.405
2024-12-21 21:25:00,97258.4,97265.7,97176.0,97176.3,106.402
2024-12-21 21:26:00,97176.3,97200.0,97147.7,97185.5,24.746
2024-12-21 21:27:00,97185.5,97248.7,97185.5,97237.7,42.442
2024-12-21 21:28:00,97237.7,97237.7,97195.9,97216.1,28.621
2024-12-21 21:29:00,97216.1,97250.2,97216.1,97249.8,10.73
2024-12-21 21:30:00,97249.8,97249.8,97159.5,97194.9,10.593
2024-12-21 21:31:00,97194.9,97274.2,97158.0,97158.0,14.516
2024-12-21 21:32:00,97158.0,97192.3,97125.0,97175.2,24.623
2024-12-21 21:33:00,97175.2,97223.7,97170.6,97203.6,62.603
2024-12-21 21:34:00,97203.6,97296.1,97184.0,97296.0,20.458
2024-12-21 21:35:00,97296.0,97313.3,97224.8,97239.2,24.304
2024-12-21 21:36:00,97239.2,97239.2,97155.2,97165.2,19.712
2024-12-21 21:37:00,97165.2,97174.7,97013.1,97020.3,58.09
2024-12-21 21:38:00,97020.3,97047.3,96860.0,96865.0,168.097
2024-12-21 21:39:00,96865.0,96891.8,96833.6,96837.2,258.101
2024-12-21 21:40:00,96837.2,96981.0,96837.1,96929.8,190.321
2024-12-21 21:41:00,96929.8,97006.2,96928.7,96958.0,88.256
2024-12-21 21:42:00,96958.0,96977.8,96900.4,96957.3,37.375
2024-12-21 21:43:00,96957.3,96993.3,96932.9,96973.9,21.411
2024-12-21 21:44:00,96973.9,96976.6,96933.1,96938.7,28.408
2024-12-21 21:45:00,96938.7,96962.2,96906.0,96962.2,34.112
2024-12-21 21:46:00,96962.2,96996.2,96920.0,96920.1,23.836
2024-12-21 21:47:00,96920.1,96920.1,96850.0,96859.6,39.47
2024-12-21 21:48:00,96859.6,96882.0,96822.3,96822.6,94.898
2024-12-21 21:49:00,96822.6,96848.1,96816.9,96848.1,55.424
2024-12-21 21:50:00,96848.1,96909.6,96844.9,96860.5,25.168
2024-12-21 21:51:00,96860.5,96860.5,96831.2,96831.7,35.322
2024-12-21 21:52:00,96831.7,96850.1,96666.6,96668.0,204.941
2024-12-21 21:53:00,96668.0,96668.0,96579.9,96617.9,532.05
2024-12-21 21:54:00,96617.9,96673.2,96525.5,96648.2,201.32
2024-12-21 21:55:00,96648.2,96777.4,96648.1,96703.5,251.919
2024-12-21 21:56:00,96703.5,96844.5,96703.5,96843.4,129.95
2024-12-21 21:57:00,96843.4,96872.0,96800.0,96869.0,79.939
2024-12-21 21:58:00,96869.0,96980.6,96861.2,96980.2,55.897
2024-12-21 21:59:00,96980.2,97000.2,96876.9,96876.9,51.68
2024-12-21 22:00:00,96876.9,96941.1,96840.7,96940.8,70.995
2024-12-21 22:01:00,96940.8,96975.0,96881.5,96898.0,56.851
2024-12-21 22:02:00,96898.0,96912.9,96781.0,96805.9,25.949
2024-12-21 22:03:00,96805.9,96820.0,96750.0,96804.7,45.292
2024-12-21 22:04:00,96804.7,96855.7,96752.4,96752.4,34.306
2024-12-21 22:05:00,96752.4,96882.3,96750.0,96851.8,29.528
2024-12-21 22:06:00,96851.8,96930.1,96840.2,96852.5,28.362
2024-12-21 22:07:00,96852.5,96897.8,96816.6,96845.7,45.638
2024-12-21 22:08:00,96845.7,96845.7,96766.1,96768.4,16.032
2024-12-21 22:09:00,96768.4,96826.3,96754.4,96777.9,15.498
2024-12-21 22:10:00,96777.9,96794.1,96740.5,96742.1,20.746
2024-12-21 22:11:00,96742.1,96742.1,96667.1,96691.7,38.907
2024-12-21 22:12:00,96691.7,96691.8,96620.3,96620.3,76.479
2024-12-21 22:13:00,96620.3,96644.3,96600.0,96615.6,50.738
2024-12-21 22:14:00,96615.6,96730.0,96600.0,96666.8,52.274
2024-12-21 22:15:00,96666.8,96769.2,96606.8,96719.3,47.457
2024-12-21 22:16:00,96719.3,96813.9,96710.4,96750.8,36.475
2024-12-21 22:17:00,96750.8,96885.0,96750.8,96885.0,24.335
2024-12-21 22:18:00,96885.0,97007.4,96877.9,97007.3,44.816
2024-12-21 22:19:00,97007.3,97069.1,96929.0,96930.3,93.503
2024-12-21 22:20:00,96930.3,97031.2,96930.2,96969.6,156.68
2024-12-21 22:21:00,96969.6,96992.0,96969.6,96991.4,75.471
2024-12-21 22:22:00,96991.4,97090.9,96991.4,97033.2,55.305
2024-12-21 22:23:00,97033.2,97033.3,97000.0,97020.0,54.479
2024-12-21 22:24:00,97020.0,97061.3,97019.7,97024.9,28.18
2024-12-21 22:25:00,97024.9,97085.0,97020.0,97077.1,61.335
2024-12-21 22:26:00,97077.1,97156.1,97076.8,97142.1,155.39
2024-12-21 22:27:00,97142.1,97184.2,97115.8,97115.8,49.568
2024-12-21 22:28:00,97115.8,97195.5,97109.4,97177.6,48.896
2024-12-21 22:29:00,97177.6,97184.7,97157.3,97184.7,45.751
2024-12-21 22:30:00,97184.7,97184.7,97041.6,97076.0,133.455
2024-12-21 22:31:00,97076.0,97076.0,96935.3,97007.9,299.752
2024-12-21 22:32:00,97007.9,97082.0,96981.7,97029.8,165.883
2024-12-21 22:33:00,97029.8,97068.6,97011.8,97027.5,59.816
2024-12-21 22:34:00,97027.5,97112.6,97027.5,97096.1,23.189
2024-12-21 22:35:00,97096.1,97098.1,97039.4,97060.2,30.388
2024-12-21 22:36:00,97060.2,97130.5,97060.1,97121.6,41.679
2024-12-21 22:37:00,97121.6,97185.4,97121.6,97164.5,110.41
2024-12-21 22:38:00,97164.5,97172.3,97129.1,97172.0,285.255
2024-12-21 22:39:00,97172.0,97181.7,97107.5,97143.3,74.035
2024-12-21 22:40:00,97143.3,97143.3,97082.0,97082.3,55.58
2024-12-21 22:41:00,97082.3,97150.2,97037.0,97150.2,177.894
2024-12-21 22:42:00,97150.2,97374.5,97150.2,97365.1,645.357
2024-12-21 22:43:00,97365.1,97366.1,97350.0,97350.0,547.334
2024-12-21 22:44:00,97350.0,97350.0,97340.0,97348.1,170.435
2024-12-21 22:45:00,97348.1,97350.2,97340.0,97340.3,58.911
2024-12-21 22:46:00,97340.3,97340.3,97340.0,97340.0,80.183
2024-12-21 22:47:00,97340.0,97340.3,97340.0,97340.0,31.34
2024-12-21 22:48:00,97340.0,97340.1,97338.5,97340.0,53.995
2024-12-21 22:49:00,97340.0,97340.3,97340.0,97340.3,123.166
2024-12-21 22:50:00,97340.3,97340.3,97266.3,97300.8,107.459
2024-12-21 22:51:00,97300.8,97301.0,97261.3,97261.3,293.507
2024-12-21 22:52:00,97261.3,97261.6,97261.3,97261.3,10.157
2024-12-21 22:53:00,97261.3,97261.6,97170.2,97171.5,32.956
2024-12-21 22:54:00,97171.5,97261.7,97162.5,97250.3,84.581
2024-12-21 22:55:00,97250.3,97250.3,97107.7,97140.7,199.894
2024-12-21 22:56:00,97140.7,97143.3,97052.8,97091.9,217.287
2024-12-21 22:57:00,97091.9,97091.9,97018.2,97035.9,102.026
2024-12-21 22:58:00,97035.9,97088.1,97035.8,97087.3,167.042
2024-12-21 22:59:00,97087.3,97128.2,97082.1,97120.7,133.777
2024-12-21 23:00:00,97120.7,97120.7,97060.0,97098.4,73.134
2024-12-21 23:01:00,97098.4,97127.1,97098.4,97127.1,15.701
2024-12-21 23:02:00,97127.1,97155.4,97097.3,97143.6,57.895
2024-12-21 23:03:00,97143.6,97184.5,97143.5,97146.3,167.768
2024-12-21 23:04:00,97146.3,97146.6,96983.7,96983.8,168.807
2024-12-21 23:05:00,96983.8,96983.8,96906.0,96906.0,167.965
2024-12-21 23:06:00,96906.0,96981.5,96906.0,96927.9,82.031
2024-12-21 23:07:00,96927.9,96939.9,96903.9,96905.4,25.274
2024-12-21 23:08:00,96905.4,96966.5,96871.9,96934.9,16.854
2024-12-21 23:09:00,96934.9,96954.9,96889.2,96949.9,26.498
2024-12-21 23:10:00,96949.9,97086.4,96949.9,96992.0,45.254
2024-12-21 23:11:00,96992.0,97029.9,96952.3,96999.4,72.408
2024-12-21 23:12:00,96999.4,97021.9,96976.8,97014.2,68.074
2024-12-21 23:13:00,97014.2,97093.4,97005.0,97083.2,24.775
2024-12-21 23:14:00,97083.2,97133.7,97063.8,97111.5,61.781
2024-12-21 23:15:00,97111.5,97111.5,96995.1,97009.2,38.543
2024-12-21 23:16:00,97009.2,97071.2,97007.2,97057.8,18.357
2024-12-21 23:17:00,97057.8,97164.1,97057.8,97164.1,47.399
2024-12-21 23:18:00,97164.1,97164.1,97026.6,97051.1,176.251
2024-12-21 23:19:00,97051.1,97088.0,97049.1,97066.1,177.197
2024-12-21 23:20:00,97066.1,97067.6,97022.4,97057.9,23.73
2024-12-21 23:21:00,97057.9,97104.7,97041.0,97104.7,28.436
2024-12-21 23:22:00,97104.7,97107.7,97058.9,97097.1,13.524
2024-12-21 23:23:00,97097.1,97112.5,97076.8,97105.7,63.372
2024-12-21 23:24:00,97105.7,97150.0,97105.4,97149.5,129.638
2024-12-21 23:25:00,97149.5,97153.5,97133.6,97153.3,13.559
2024-12-21 23:26:00,97153.3,97153.3,97082.1,97111.0,18.758
2024-12-21 23:27:00,97111.0,97112.5,97076.1,97112.2,39.68
2024-12-21 23:28:00,97112.2,97155.0,97112.2,97143.3,13.458
2024-12-21 23:29:00,97143.3,97148.4,97116.5,97121.6,13.897
2024-12-21 23:30:00,97121.6,97152.3,97048.3,97056.2,31.55
2024-12-21 23:31:00,97056.2,97082.2,97010.8,97011.1,50.805
2024-12-21 23:32:00,97011.1,97037.0,96975.0,96975.0,60.615
2024-12-21 23:33:00,96975.0,96982.3,96920.3,96931.8,123.532
2024-12-21 23:34:00,96931.8,97005.8,96931.8,97005.5,50.48
2024-12-21 23:35:00,97005.5,97039.4,96998.0,97007.4,73.486
2024-12-21 23:36:00,97007.4,97007.4,96968.5,96999.9,252.08
2024-12-21 23:37:00,96999.9,97102.0,96991.3,97093.2,207.471
2024-12-21 23:38:00,97093.2,97151.6,97090.1,97092.5,108.983
2024-12-21 23:39:00,97092.5,97155.0,97092.5,97151.8,204.578
2024-12-21 23:40:00,97151.8,97152.2,97107.0,97119.2,17.983
2024-12-21 23:41:00,97119.2,97119.2,97085.8,97088.0,9.433
2024-12-21 23:42:00,97088.0,97088.1,97045.1,97045.1,8.435
2024-12-21 23:43:00,97045.1,97045.1,96962.1,96962.1,11.055
2024-12-21 23:44:00,96962.1,97059.7,96961.8,97032.2,38.959
2024-12-21 23:45:00,97032.2,97075.3,97004.5,97030.5,54.521
2024-12-21 23:46:00,97030.5,97058.8,97008.1,97050.2,33.609
2024-12-21 23:47:00,97050.2,97141.3,97050.2,97125.4,97.371
2024-12-21 23:48:00,97125.4,97127.9,97097.5,97111.5,83.263
2024-12-21 23:49:00,97111.5,97163.5,97111.5,97140.0,16.445
2024-12-21 23:50:00,97140.0,97150.0,97111.7,97111.7,17.726
2024-12-21 23:51:00,97111.7,97125.9,97092.1,97119.1,14.845
2024-12-21 23:52:00,97119.1,97181.5,97119.1,97181.4,24.23
2024-12-21 23:53:00,97181.4,97270.5,97181.4,97203.2,131.032
2024-12-21 23:54:00,97203.2,97234.1,97202.9,97219.1,249.646
2024-12-21 23:55:00,97219.1,97228.6,97204.8,97209.4,34.405
2024-12-21 23:56:00,97209.4,97266.9,97209.4,97266.9,19.19
2024-12-21 23:57:00,97266.9,97286.4,97243.5,97248.0,30.211
2024-12-21 23:58:00,97248.0,97270.9,97219.4,97232.4,75.034
2024-12-21 23:59:00,97232.4,97253.4,97225.2,97244.4,89.786
2024-12-22 00:00:00,97244.4,97299.5,97244.3,97269.1,74.758
2024-12-22 00:01:00,97269.1,97300.0,97239.5,97253.0,217.983
2024-12-22 00:02:00,97253.0,97253.3,97117.4,97117.5,126.953
2024-12-22 00:03:00,97117.5,97117.5,97043.6,97044.3,79.204
2024-12-22 00:04:00,97044.3,97155.2,97034.1,97155.1,158.322
2024-12-22 00:05:00,97155.1,97248.0,97155.1,97237.4,136.756
2024-12-22 00:06:00,97237.4,97237.4,97179.9,97186.5,239.495
2024-12-22 00:07:00,97186.5,97315.5,97186.5,97311.1,128.235
2024-12-22 00:08:00,97311.1,97320.2,97262.7,97276.1,35.276
2024-12-22 00:09:00,97276.1,97284.7,97238.1,97272.0,26.313
2024-12-22 00:10:00,97272.0,97313.8,97267.7,97284.0,11.818
2024-12-22 00:11:00,97284.0,97340.2,97280.6,97340.2,26.53
2024-12-22 00:12:00,97340.2,97340.2,97235.5,97235.5,38.051
2024-12-22 00:13:00,97235.5,97236.6,97166.6,97166.6,22.417
2024-12-22 00:14:00,97166.6,97186.9,97149.0,97154.3,28.202
2024-12-22 00:15:00,97154.3,97209.2,97149.0,97162.8,25.676
2024-12-22 00:16:00,97162.8,97162.8,97083.9,97150.4,16.702
2024-12-22 00:17:00,97150.4,97150.4,97060.0,97060.0,37.918
2024-12-22 00:18:00,97060.0,97127.4,97060.0,97093.2,36.236
2024-12-22 00:19:00,97093.2,97127.1,97068.0,97127.1,19.803
2024-12-22 00:20:00,97127.1,97217.6,97127.1,97130.8,11.822
2024-12-22 00:21:00,97130.8,97132.5,97044.2,97044.3,14.175
2024-12-22 00:22:00,97044.3,97063.1,97030.8,97054.2,20.241
2024-12-22 00:23:00,97054.2,97112.5,97047.7,97070.0,16.191
2024-12-22 00:24:00,97070.0,97141.8,97069.7,97141.7,21.398
2024-12-22 00:25:00,97141.7,97209.6,97138.5,97209.6,15.491
2024-12-22 00:26:00,97209.6,97211.1,97101.2,97125.1,21.378
2024-12-22 00:27:00,97125.1,97180.9,97124.8,97180.9,16.563
2024-12-22 00:28:00,97180.9,97197.8,97150.1,97166.1,4.893
2024-12-22 00:29:00,97166.1,97216.7,97150.0,97190.2,8.019
2024-12-22 00:30:00,97190.2,97266.2,97183.2,97244.3,12.737
2024-12-22 00:31:00,97244.3,97244.3,97133.3,97133.3,15.448
2024-12-22 00:32:00,97133.3,97151.0,97097.5,97097.5,15.238
2024-12-22 00:33:00,97097.5,97144.7,97074.5,97100.1,18.742
2024-12-22 00:34:00,97100.1,97218.3,97100.1,97218.3,7.107
2024-12-22 00:35:00,97218.3,97335.2,97218.3,97299.9,21.388
2024-12-22 00:36:00,97299.9,97317.7,97299.9,97317.6,47.748
2024-12-22 00:37:00,97317.6,97317.6,97286.7,97311.6,26.578
2024-12-22 00:38:00,97311.6,97431.9,97311.6,97403.1,45.098
2024-12-22 00:39:00,97403.1,97403.2,97342.8,97365.2,91.748
2024-12-22 00:40:00,97365.2,97365.3,97301.8,97310.9,51.206
2024-12-22 00:41:00,97310.9,97326.4,97277.0,97277.0,38.73
2024-12-22 00:42:00,97277.0,97313.2,97277.0,97313.1,24.164
2024-12-22 00:43:00,97313.1,97370.7,97310.0,97363.7,12.644
2024-12-22 00:44:00,97363.7,97375.3,97321.8,97322.0,20.639
2024-12-22 00:45:00,97322.0,97322.1,97277.0,97296.3,26.322
2024-12-22 00:46:00,97296.3,97330.0,97271.2,97287.2,236.426
2024-12-22 00:47:00,97287.2,97311.8,97237.9,97237.9,684.673
2024-12-22 00:48:00,97237.9,97251.8,97171.5,97180.6,516.803
2024-12-22 00:49:00,97180.6,97193.6,97106.8,97127.0,33.243
2024-12-22 00:50:00,97127.0,97189.9,97110.0,97110.1,62.53
2024-12-22 00:51:00,97110.1,97127.0,97076.8,97121.0,43.953
2024-12-22 00:52:00,97121.0,97214.1,97121.0,97213.9,68.616
2024-12-22 00:53:00,97213.9,97214.3,97198.0,97198.0,35.635
2024-12-22 00:54:00,97198.0,97228.6,97198.0,97199.1,14.084
2024-12-22 00:55:00,97199.1,97219.7,97157.6,97157.6,10.682
2024-12-22 00:56:00,97157.6,97185.3,97153.0,97185.3,11.509
2024-12-22 00:57:00,97185.3,97185.3,97120.5,97148.8,4.764
2024-12-22 00:58:00,97148.8,97200.2,97127.8,97200.2,5.898
2024-12-22 00:59:00,97200.2,97240.2,97200.2,97218.0,24.561
2024-12-22 01:00:00,97218.0,97218.0,97142.1,97142.1,65.349
2024-12-22 01:01:00,97142.1,97180.2,97109.3,97178.3,20.202
2024-12-22 01:02:00,97178.3,97240.5,97145.9,97240.5,11.163
2024-12-22 01:03:00,97240.5,97279.4,97220.0,97265.3,12.503
2024-12-22 01:04:00,97265.3,97299.8,97265.1,97279.5,16.13
2024-12-22 01:05:00,97279.5,97300.2,97245.5,97296.2,20.453
2024-12-22 01:06:00,97296.2,97413.8,97296.2,97395.1,54.767
2024-12-22 01:07:00,97395.1,97395.4,97315.3,97369.5,79.993
2024-12-22 01:08:00,97369.5,97391.2,97350.4,97379.7,38.645
2024-12-22 01:09:00,97379.7,97384.5,97355.5,97378.1,23.773
2024-12-22 01:10:00,97378.1,97378.4,97321.7,97331.7,15.978
2024-12-22 01:11:00,97331.7,97331.7,97300.0,97320.7,17.556
2024-12-22 01:12:00,97320.7,97354.9,97280.0,97301.5,13.63
2024-12-22 01:13:00,97301.5,97329.9,97274.9,97276.0,23.291
2024-12-22 01:14:00,97276.0,97325.8,97275.7,97321.5,31.814
2024-12-22 01:15:00,97321.5,97321.5,97293.4,97307.1,12.44
2024-12-22 01:16:00,97307.1,97307.1,97267.1,97275.0,24.043
2024-12-22 01:17:00,97275.0,97275.0,97221.0,97245.1,26.758
2024-12-22 01:18:00,97245.1,97245.1,97175.0,97175.2,44.107
2024-12-22 01:19:00,97175.2,97220.2,97175.1,97212.7,31.465
2024-12-22 01:20:00,97212.7,97272.1,97206.5,97246.0,15.321
2024-12-22 01:21:00,97246.0,97390.0,97246.0,97378.5,14.643
2024-12-22 01:22:00,97378.5,97384.2,97337.1,97365.3,24.864
2024-12-22 01:23:00,97365.3,97392.9,97359.9,97392.9,41.152
2024-12-22 01:24:00,97392.9,97392.9,97280.9,97306.9,35.706
2024-12-22 01:25:00,97306.9,97341.6,97306.9,97328.1,18.786
2024-12-22 01:26:00,97328.1,97360.4,97299.2,97333.9,24.305
2024-12-22 01:27:00,97333.9,97334.0,97298.0,97316.0,5.719
2024-12-22 01:28:00,97316.0,97316.0,97289.9,97297.8,3.872
2024-12-22 01:29:00,97297.8,97328.5,97297.8,97300.0,5.259
2024-12-22 01:30:00,97300.0,97300.0,97200.0,97200.1,12.972
2024-12-22 01:31:00,97200.1,97257.4,97194.2,97210.8,25.707
2024-12-22 01:32:00,97210.8,97250.2,97206.3,97218.4,29.952
2024-12-22 01:33:00,97218.4,97229.0,97147.6,97153.8,25.819
2024-12-22 01:34:00,97153.8,97180.6,97115.4,97115.5,39.369
2024-12-22 01:35:00,97115.5,97115.5,97050.0,97050.0,29.93
2024-12-22 01:36:00,97050.0,97090.2,97025.0,97071.0,63.607
2024-12-22 01:37:00,97071.0,97084.9,97045.2,97049.9,70.963
2024-12-22 01:38:00,97049.9,97049.9,97022.5,97027.5,26.577
2024-12-22 01:39:00,97027.5,97034.1,96840.7,96845.5,129.267
2024-12-22 01:40:00,96845.5,96901.6,96821.1,96836.4,295.652
2024-12-22 01:41:00,96836.4,96836.5,96700.0,96705.6,144.895
2024-12-22 01:42:00,96705.6,96774.5,96685.8,96756.9,191.776
2024-12-22 01:43:00,96756.9,96765.1,96721.0,96730.0,95.283
2024-12-22 01:44:00,96730.0,96827.6,96729.8,96819.3,54.167
2024-12-22 01:45:00,96819.3,96819.3,96695.5,96762.3,109.391
2024-12-22 01:46:00,96762.3,96855.1,96730.9,96845.4,51.05
2024-12-22 01:47:00,96845.4,96908.9,96833.5,96866.3,36.244
2024-12-22 01:48:00,96866.3,96909.6,96866.0,96866.3,43.049
2024-12-22 01:49:00,96866.3,96866.6,96834.7,96835.0,24.548
2024-12-22 01:50:00,96835.0,96888.2,96833.5,96887.9,11.411
2024-12-22 01:51:00,96887.9,96954.0,96876.9,96928.6,29.143
2024-12-22 01:52:00,96928.6,97060.3,96928.6,97060.1,57.913
2024-12-22 01:53:00,97060.1,97140.4,97060.0,97135.5,107.347
2024-12-22 01:54:00,97135.5,97136.7,97040.5,97040.5,102.757
2024-12-22 01:55:00,97040.5,97134.7,97040.5,97134.4,72.226
2024-12-22 01:56:00,97134.4,97134.5,97046.0,97080.8,32.759
2024-12-22 01:57:00,97080.8,97115.2,97061.4,97066.5,22.202
2024-12-22 01:58:00,97066.5,97066.8,97040.0,97050.1,50.199
2024-12-22 01:59:00,97050.1,97050.1,97030.0,97030.0,48.807
2024-12-22 02:00:00,97030.0,97052.3,97022.8,97050.0,24.299
2024-12-22 02:01:00,97050.0,97108.4,97047.6,97047.6,18.079
2024-12-22 02:02:00,97047.6,97101.7,97047.6,97099.5,19.07
2024-12-22 02:03:00,97099.5,97105.8,97077.7,97077.7,17.631
2024-12-22 02:04:00,97077.7,97078.0,96970.9,96970.9,12.722
2024-12-22 02:05:00,96970.9,96977.7,96823.5,96875.9,34.83
2024-12-22 02:06:00,96875.9,96939.8,96839.9,96903.6,77.737
2024-12-22 02:07:00,96903.6,96933.9,96872.7,96907.3,31.075
2024-12-22 02:08:00,96907.3,97026.2,96907.3,97000.0,16.93
2024-12-22 02:09:00,97000.0,97032.8,96995.2,97017.6,40.024
2024-12-22 02:10:00,97017.6,97084.7,97017.6,97072.6,19.216
2024-12-22 02:11:00,97072.6,97097.2,97062.3,97065.5,14.775
2024-12-22 02:12:00,97065.5,97073.6,97049.9,97073.6,15.275
2024-12-22 02:13:00,97073.6,97090.5,97050.0,97050.0,16.63
2024-12-22 02:14:00,97050.0,97087.9,97040.0,97087.9,14.677
2024-12-22 02:15:00,97087.9,97132.8,97087.8,97132.8,20.77
2024-12-22 02:16:00,97132.8,97160.2,97132.5,97160.2,25.527
2024-12-22 02:17:00,97160.2,97215.0,97139.4,97139.4,30.259
2024-12-22 02:18:00,97139.4,97145.7,97050.0,97050.0,55.9
2024-12-22 02:19:00,97050.0,97050.0,97000.0,97020.2,17.915
2024-12-22 02:20:00,97020.2,97020.2,96940.8,96970.6,15.761
2024-12-22 02:21:00,96970.6,96972.7,96950.0,96972.4,21.675
2024-12-22 02:22:00,96972.4,96972.6,96930.9,96931.2,13.33
2024-12-22 02:23:00,96931.2,96931.2,96835.2,96835.5,30.368
2024-12-22 02:24:00,96835.5,96835.5,96750.0,96814.6,62.963
2024-12-22 02:25:00,96814.6,96915.4,96814.3,96909.6,82.38
2024-12-22 02:26:00,96909.6,97006.1,96909.6,96957.1,39.24
2024-12-22 02:27:00,96957.1,96957.1,96868.5,96868.8,23.42
2024-12-22 02:28:00,96868.8,96941.0,96868.5,96934.0,19.271
2024-12-22 02:29:00,96934.0,96948.2,96902.1,96948.2,9.433
2024-12-22 02:30:00,96948.2,96979.4,96910.3,96932.2,12.914
2024-12-22 02:31:00,96932.2,96937.8,96880.0,96880.0,30.215
2024-12-22 02:32:00,96880.0,96883.1,96826.2,96850.2,11.81
2024-12-22 02:33:00,96850.2,96880.0,96825.0,96880.0,13.85
2024-12-22 02:34:00,96880.0,96900.0,96852.6,96852.6,14.007
2024-12-22 02:35:00,96852.6,96900.0,96838.0,96838.4,9.475
2024-12-22 02:36:00,96838.4,96838.4,96750.0,96750.0,10.902
2024-12-22 02:37:00,96750.0,96784.2,96742.5,96742.8,31.179
2024-12-22 02:38:00,96742.8,96758.4,96685.0,96687.7,240.666
2024-12-22 02:39:00,96687.7,96758.8,96680.0,96739.6,526.925
2024-12-22 02:40:00,96739.6,96778.7,96700.2,96762.3,60.605
2024-12-22 02:41:00,96762.3,96818.7,96754.1,96754.1,54.895
2024-12-22 02:42:00,96754.1,96780.5,96754.1,96755.0,75.19
2024-12-22 02:43:00,96755.0,96755.7,96727.1,96727.4,31.505
2024-12-22 02:44:00,96727.4,96766.0,96690.1,96690.4,35.024
2024-12-22 02:45:00,96690.4,96751.2,96685.9,96690.9,19.024
2024-12-22 02:46:00,96690.9,96729.3,96685.8,96710.3,29.423
2024-12-22 02:47:00,96710.3,96736.8,96700.7,96735.2,32.793
2024-12-22 02:48:00,96735.2,96738.3,96645.1,96656.1,31.252
2024-12-22 02:49:00,96656.1,96679.3,96655.6,96674.0,49.908
2024-12-22 02:50:00,96674.0,96674.0,96634.0,96634.2,24.235
2024-12-22 02:51:00,96634.2,96751.2,96627.3,96751.2,38.08
2024-12-22 02:52:00,96751.2,96793.7,96741.9,96758.7,80.792
2024-12-22 02:53:00,96758.7,96759.1,96719.9,96759.1,57.102
2024-12-22 02:54:00,96759.1,96763.4,96710.2,96763.4,11.003
2024-12-22 02:55:00,96763.4,96768.3,96685.1,96690.6,16.347
2024-12-22 02:56:00,96690.6,96712.5,96690.0,96690.0,15.14
2024-12-22 02:57:00,96690.0,96690.1,96600.0,96611.3,41.175
2024-12-22 02:58:00,96611.3,96658.3,96611.2,96637.6,87.846
2024-12-22 02:59:00,96637.6,96691.7,96637.6,96691.4,23.342
2024-12-22 03:00:00,96691.4,96742.2,96691.4,96709.2,24.276
2024-12-22 03:01:00,96709.2,96714.3,96533.1,96553.5,50.331
2024-12-22 03:02:00,96553.5,96638.3,96553.2,96618.4,109.583
2024-12-22 03:03:00,96618.4,96646.2,96593.5,96643.1,43.736
2024-12-22 03:04:00,96643.1,96699.2,96628.5,96642.6,15.328
2024-12-22 03:05:00,96642.6,96660.2,96605.2,96610.4,28.399
2024-12-22 03:06:00,96610.4,96629.9,96589.6,96598.2,22.858
2024-12-22 03:07:00,96598.2,96598.8,96560.9,96583.3,23.97
2024-12-22 03:08:00,96583.3,96670.8,96565.4,96650.0,33.398
2024-12-22 03:09:00,96650.0,96661.7,96573.2,96573.2,20.123
2024-12-22 03:10:00,96573.2,96588.1,96555.4,96576.9,24.63
2024-12-22 03:11:00,96576.9,96641.8,96564.7,96624.2,19.179
2024-12-22 03:12:00,96624.2,96650.2,96611.9,96650.2,14.932
2024-12-22 03:13:00,96650.2,96682.2,96560.9,96579.9,19.875
2024-12-22 03:14:00,96579.9,96643.6,96563.8,96622.9,36.211
2024-12-22 03:15:00,96622.9,96660.5,96580.1,96656.5,41.179
2024-12-22 03:16:00,96656.5,96735.6,96633.2,96735.3,28.32
2024-12-22 03:17:00,96735.3,96921.6,96719.7,96921.5,62.164
2024-12-22 03:18:00,96921.5,96990.2,96914.5,96917.1,111.049
2024-12-22 03:19:00,96917.1,97041.8,96917.1,97005.5,142.188
2024-12-22 03:20:00,97005.5,97087.1,97000.6,97083.0,145.28
2024-12-22 03:21:00,97083.0,97198.8,97070.9,97185.3,72.158
2024-12-22 03:22:00,97185.3,97185.3,97139.6,97183.0,104.944
2024-12-22 03:23:00,97183.0,97244.2,97182.9,97199.6,127.486
2024-12-22 03:24:00,97199.6,97200.0,97124.3,97199.9,135.486
2024-12-22 03:25:00,97199.9,97287.0,97199.9,97265.9,102.752
2024-12-22 03:26:00,97265.9,97291.4,97255.7,97281.5,93.648
2024-12-22 03:27:00,97281.5,97281.8,97232.5,97232.5,44.882
2024-12-22 03:28:00,97232.5,97238.4,97140.7,97143.0,93.939
2024-12-22 03:29:00,97143.0,97149.9,97103.3,97133.5,111.165
2024-12-22 03:30:00,97133.5,97200.0,97106.1,97178.9,51.588
2024-12-22 03:31:00,97178.9,97179.0,97110.0,97142.0,30.36
2024-12-22 03:32:00,97142.0,97161.0,97123.0,97123.3,34.492
2024-12-22 03:33:00,97123.3,97178.6,97120.0,97120.1,34.723
2024-12-22 03:34:00,97120.1,97133.5,97100.0,97132.9,68.066
2024-12-22 03:35:00,97132.9,97154.2,97103.7,97154.2,34.842
2024-12-22 03:36:00,97154.2,97214.8,97137.6,97193.8,35.181
2024-12-22 03:37:00,97193.8,97193.8,97134.8,97147.6,40.328
2024-12-22 03:38:00,97147.6,97150.2,97111.8,97111.8,15.211
2024-12-22 03:39:00,97111.8,97146.9,97095.0,97095.0,12.708
2024-12-22 03:40:00,97095.0,97095.3,96982.3,96982.3,28.099
2024-12-22 03:41:00,96982.3,97046.2,96979.7,96979.7,61.493
2024-12-22 03:42:00,96979.7,96993.5,96941.9,96993.5,43.962
2024-12-22 03:43:00,96993.5,96993.5,96950.0,96950.3,39.297
2024-12-22 03:44:00,96950.3,96960.3,96940.0,96947.5,33.351
2024-12-22 03:45:00,96947.5,96993.5,96931.2,96931.2,42.827
2024-12-22 03:46:00,96931.2,96942.7,96886.0,96935.9,44.681
2024-12-22 03:47:00,96935.9,96940.0,96894.0,96922.9,97.389
2024-12-22 03:48:00,96922.9,96922.9,96839.5,96840.8,26.374
2024-12-22 03:49:00,96840.8,96847.7,96792.4,96795.9,69.24
2024-12-22 03:50:00,96795.9,96821.5,96784.1,96800.0,43.543
2024-12-22 03:51:00,96800.0,96944.1,96790.1,96903.8,61.512
2024-12-22 03:52:00,96903.8,96949.2,96898.7,96949.2,70.083
2024-12-22 03:53:00,96949.2,96949.2,96900.0,96900.3,24.854
2024-12-22 03:54:00,96900.3,96917.0,96881.6,96916.3,49.151
2024-12-22 03:55:00,96916.3,96949.1,96890.9,96891.0,54.371
2024-12-22 03:56:00,96891.0,96932.2,96876.2,96932.0,10.27
2024-12-22 03:57:00,96932.0,96950.2,96919.6,96931.0,15.16
2024-12-22 03:58:00,96931.0,96931.0,96908.2,96922.6,48.441
2024-12-22 03:59:00,96922.6,96972.1,96922.6,96965.4,36.368
2024-12-22 04:00:00,96965.4,97020.0,96955.3,97002.5,33.828
2024-12-22 04:01:00,97002.5,97002.5,96920.5,96931.9,49.849
2024-12-22 04:02:00,96931.9,96932.9,96888.4,96888.7,41.53
2024-12-22 04:03:00,96888.7,96959.8,96887.6,96959.8,14.921
2024-12-22 04:04:00,96959.8,96986.0,96940.1,96940.2,13.424
2024-12-22 04:05:00,96940.2,96941.2,96891.2,96891.5,4.391
2024-12-22 04:06:00,96891.5,96896.9,96871.0,96880.0,8.943
2024-12-22 04:07:00,96880.0,96934.1,96879.9,96934.1,9.533
2024-12-22 04:08:00,96934.1,97005.6,96934.1,97005.6,17.067
2024-12-22 04:09:00,97005.6,97041.6,96984.5,97041.6,31.409
2024-12-22 04:10:00,97041.6,97042.0,96985.8,97010.5,30.025
2024-12-22 04:11:00,97010.5,97010.5,96959.8,96961.4,9.457
2024-12-22 04:12:00,96961.4,96980.1,96960.0,96960.0,11.556
2024-12-22 04:13:00,96960.0,96977.3,96960.0,96966.9,12.203
2024-12-22 04:14:00,96966.9,96966.9,96930.0,96930.1,11.685
2024-12-22 04:15:00,96930.1,96945.2,96880.0,96880.0,19.462
2024-12-22 04:16:00,96880.0,96881.7,96830.0,96881.7,24.527
2024-12-22 04:17:00,96881.7,96888.2,96856.3,96860.0,21.022
2024-12-22 04:18:00,96860.0,96888.2,96855.6,96887.9,19.955
2024-12-22 04:19:00,96887.9,96942.0,96885.6,96900.0,8.111
2024-12-22 04:20:00,96900.0,96929.2,96881.8,96881.8,10.04
2024-12-22 04:21:00,96881.8,96881.8,96817.5,96817.9,9.915
2024-12-22 04:22:00,96817.9,96849.9,96813.8,96820.0,11.936
2024-12-22 04:23:00,96820.0,96822.2,96814.3,96814.3,14.102
2024-12-22 04:24:00,96814.3,96814.4,96761.6,96761.6,18.044
2024-12-22 04:25:00,96761.6,96787.2,96761.6,96778.3,36.697
2024-12-22 04:26:00,96778.3,96778.3,96748.6,96748.6,20.659
2024-12-22 04:27:00,96748.6,96804.6,96748.6,96777.0,20.486
2024-12-22 04:28:00,96777.0,96814.3,96777.0,96795.4,17.74
2024-12-22 04:29:00,96795.4,96845.0,96795.1,96845.0,30.46
2024-12-22 04:30:00,96845.0,96848.7,96800.0,96800.0,7.385
2024-12-22 04:31:00,96800.0,96849.2,96800.0,96828.6,9.084
2024-12-22 04:32:00,96828.6,96869.6,96828.3,96869.6,12.893
2024-12-22 04:33:00,96869.6,96869.6,96813.3,96813.3,8.381
2024-12-22 04:34:00,96813.3,96813.3,96651.0,96651.1,44.059
2024-12-22 04:35:00,96651.1,96707.5,96651.0,96704.5,103.842
2024-12-22 04:36:00,96704.5,96707.4,96630.0,96630.1,45.221
2024-12-22 04:37:00,96630.1,96642.2,96610.0,96627.8,48.564
2024-12-22 04:38:00,96627.8,96638.2,96601.6,96601.6,61.858
2024-12-22 04:39:00,96601.6,96602.2,96580.6,96580.7,25.503
2024-12-22 04:40:00,96580.7,96638.0,96579.6,96611.6,42.364
2024-12-22 04:41:00,96611.6,96618.7,96578.0,96578.3,57.421
2024-12-22 04:42:00,96578.3,96590.2,96573.0,96589.7,24.819
2024-12-22 04:43:00,96589.7,96589.7,96440.0,96458.7,74.283
2024-12-22 04:44:00,96458.7,96459.1,96331.7,96373.1,319.148
2024-12-22 04:45:00,96373.1,96410.8,96300.0,96300.1,400.412
2024-12-22 04:46:00,96300.1,96415.2,96288.0,96396.5,343.055
2024-12-22 04:47:00,96396.5,96409.8,96300.0,96364.9,523.015
2024-12-22 04:48:00,96364.9,96393.0,96313.0,96354.5,82.476
2024-12-22 04:49:00,96354.5,96385.2,96296.8,96297.0,93.365
2024-12-22 04:50:00,96297.0,96297.0,96269.5,96269.5,60.338
2024-12-22 04:51:00,96269.5,96274.6,96205.8,96273.0,132.634
2024-12-22 04:52:00,96273.0,96273.0,96157.0,96186.7,160.419
2024-12-22 04:53:00,96186.7,96203.1,96150.0,96172.2,271.84
2024-12-22 04:54:00,96172.2,96224.0,96102.1,96155.8,393.404
2024-12-22 04:55:00,96155.8,96280.5,96155.5,96215.9,114.653
2024-12-22 04:56:00,96215.9,96277.8,96215.9,96251.1,106.746
2024-12-22 04:57:00,96251.1,96379.0,96251.1,96322.6,104.702
2024-12-22 04:58:00,96322.6,96323.2,96136.2,96137.2,99.165
2024-12-22 04:59:00,96137.2,96156.2,96066.8,96066.9,133.734
2024-12-22 05:00:00,96066.9,96181.8,96066.8,96165.5,280.573
2024-12-22 05:01:00,96165.5,96196.2,96117.0,96195.9,163.789
2024-12-22 05:02:00,96195.9,96232.1,96111.0,96155.7,71.941
2024-12-22 05:03:00,96155.7,96155.7,96055.0,96058.7,58.506
2024-12-22 05:04:00,96058.7,96139.9,96058.4,96084.3,59.771
2024-12-22 05:05:00,96084.3,96084.3,96063.9,96063.9,41.7
2024-12-22 05:06:00,96063.9,96118.8,96055.0,96055.0,157.705
2024-12-22 05:07:00,96055.0,96055.0,96000.0,96000.3,526.686
2024-12-22 05:08:00,96000.3,96016.0,95957.6,95982.5,458.026
2024-12-22 05:09:00,95982.5,95982.8,95879.3,95879.6,242.482
2024-12-22 05:10:00,95879.6,95983.1,95867.3,95944.5,339.324
2024-12-22 05:11:00,95944.5,95969.0,95898.1,95926.8,97.829
2024-12-22 05:12:00,95926.8,96078.9,95926.7,96048.1,78.2
2024-12-22 05:13:00,96048.1,96048.1,95891.7,95891.7,162.0
2024-12-22 05:14:00,95891.7,95966.8,95891.0,95944.0,136.549
2024-12-22 05:15:00,95944.0,96026.2,95912.9,95961.6,78.959
2024-12-22 05:16:00,95961.6,96055.0,95961.6,96035.2,128.416
2024-12-22 05:17:00,96035.2,96189.6,96002.3,96169.0,92.328
2024-12-22 05:18:00,96169.0,96185.5,96155.9,96160.6,137.495
2024-12-22 05:19:00,96160.6,96272.2,96149.5,96230.0,121.97
2024-12-22 05:20:00,96230.0,96271.1,96189.2,96252.1,115.468
2024-12-22 05:21:00,96252.1,96264.9,96123.3,96128.1,63.585
2024-12-22 05:22:00,96128.1,96174.0,96089.8,96089.8,39.402
2024-12-22 05:23:00,96089.8,96090.1,96020.3,96020.3,50.362
2024-12-22 05:24:00,96020.3,96270.0,96000.0,96270.0,92.287
2024-12-22 05:25:00,96270.0,96292.9,96186.7,96200.1,133.55
2024-12-22 05:26:00,96200.1,96255.8,96191.9,96222.3,53.164
2024-12-22 05:27:00,96222.3,96251.0,96201.5,96201.5,29.826
2024-12-22 05:28:00,96201.5,96272.3,96165.8,96262.2,41.746
2024-12-22 05:29:00,96262.2,96300.4,96261.9,96274.5,54.356
2024-12-22 05:30:00,96274.5,96298.8,96274.5,96285.5,93.85
2024-12-22 05:31:00,96285.5,96324.5,96281.1,96309.6,111.172
2024-12-22 05:32:00,96309.6,96316.0,96224.2,96224.4,75.76
2024-12-22 05:33:00,96224.4,96256.5,96196.3,96213.6,79.684
2024-12-22 05:34:00,96213.6,96340.7,96213.6,96323.9,22.769
2024-12-22 05:35:00,96323.9,96357.4,96293.5,96293.6,35.695
2024-12-22 05:36:00,96293.6,96307.8,96267.3,96306.6,54.219
2024-12-22 05:37:00,96306.6,96334.9,96255.8,96292.5,42.01
2024-12-22 05:38:00,96292.5,96324.2,96230.0,96281.7,33.144
2024-12-22 05:39:00,96281.7,96385.6,96281.7,96375.6,44.494
2024-12-22 05:40:00,96375.6,96384.9,96317.9,96317.9,37.939
2024-12-22 05:41:00,96317.9,96342.9,96248.4,96265.7,21.397
2024-12-22 05:42:00,96265.7,96315.8,96190.4,96220.8,32.792
2024-12-22 05:43:00,96220.8,96245.2,96154.9,96164.2,60.788
2024-12-22 05:44:00,96164.2,96188.4,96140.2,96169.7,40.349
2024-12-22 05:45:00,96169.7,96240.9,96169.7,96211.2,46.615
2024-12-22 05:46:00,96211.2,96232.7,96183.5,96227.6,23.676
2024-12-22 05:47:00,96227.6,96268.0,96188.0,96190.1,22.458
2024-12-22 05:48:00,96190.1,96214.2,96150.0,96153.7,34.789
2024-12-22 05:49:00,96153.7,96153.7,96050.4,96091.1,56.039
2024-12-22 05:50:00,96091.1,96147.8,96078.5,96145.8,95.165
2024-12-22 05:51:00,96145.8,96200.0,96145.8,96200.0,22.834
2024-12-22 05:52:00,96200.0,96244.0,96200.0,96244.0,27.614
2024-12-22 05:53:00,96244.0,96300.0,96243.9,96299.9,51.215
2024-12-22 05:54:00,96299.9,96337.0,96270.0,96319.1,94.942
2024-12-22 05:55:00,96319.1,96319.2,96234.3,96240.8,54.798
2024-12-22 05:56:00,96240.8,96241.3,96164.3,96214.6,52.707
2024-12-22 05:57:00,96214.6,96224.8,96186.7,96224.8,35.208
2024-12-22 05:58:00,96224.8,96224.8,96181.1,96181.1,22.479
2024-12-22 05:59:00,96181.1,96181.4,96130.1,96139.0,22.421
2024-12-22 06:00:00,96139.0,96165.3,96125.1,96125.2,45.192
2024-12-22 06:01:00,96125.2,96163.4,96105.0,96160.2,24.387
2024-12-22 06:02:00,96160.2,96160.2,96097.3,96143.5,25.338
2024-12-22 06:03:00,96143.5,96161.1,96111.1,96133.0,29.153
2024-12-22 06:04:00,96133.0,96169.2,96099.9,96144.1,33.183
2024-12-22 06:05:00,96144.1,96206.0,96143.8,96143.8,82.638
2024-12-22 06:06:00,96143.8,96237.2,96143.8,96232.3,38.302
2024-12-22 06:07:00,96232.3,96265.4,96220.8,96265.4,16.342
2024-12-22 06:08:00,96265.4,96349.9,96265.2,96349.6,32.039
2024-12-22 06:09:00,96349.6,96364.7,96306.3,96359.2,40.025
2024-12-22 06:10:00,96359.2,96365.5,96345.7,96360.1,51.56
2024-12-22 06:11:00,96360.1,96360.1,96301.4,96305.4,58.749
2024-12-22 06:12:00,96305.4,96349.1,96275.8,96276.1,80.698
2024-12-22 06:13:00,96276.1,96289.5,96276.0,96289.3,21.939
2024-12-22 06:14:00,96289.3,96337.1,96289.3,96303.7,8.383
2024-12-22 06:15:00,96303.7,96336.7,96242.4,96242.5,11.373
2024-12-22 06:16:00,96242.5,96268.1,96226.3,96267.8,9.277
2024-12-22 06:17:00,96267.8,96291.7,96252.8,96291.7,13.468
2024-12-22 06:18:00,96291.7,96295.1,96266.8,96279.9,15.651
2024-12-22 06:19:00,96279.9,96339.3,96279.9,96339.2,11.34
2024-12-22 06:20:00,96339.2,96370.1,96325.5,96355.6,21.3
2024-12-22 06:21:00,96355.6,96365.3,96334.1,96365.3,35.827
2024-12-22 06:22:00,96365.3,96453.8,96365.0,96441.4,53.26
2024-12-22 06:23:00,96441.4,96549.8,96441.0,96492.4,128.984
2024-12-22 06:24:00,96492.4,96545.9,96474.9,96545.9,113.19
2024-12-22 06:25:00,96545.9,96576.0,96528.2,96528.6,74.089
2024-12-22 06:26:00,96528.6,96555.0,96489.7,96554.5,112.634
2024-12-22 06:27:00,96554.5,96555.5,96500.2,96515.2,57.2
2024-12-22 06:28:00,96515.2,96517.4,96500.0,96517.0,61.491
2024-12-22 06:29:00,96517.0,96531.3,96501.3,96530.3,44.624
2024-12-22 06:30:00,96530.3,96530.3,96469.1,96490.3,46.32
2024-12-22 06:31:00,96490.3,96490.6,96445.1,96449.4,52.208
2024-12-22 06:32:00,96449.4,96500.0,96449.4,96479.8,49.468
2024-12-22 06:33:00,96479.8,96557.3,96472.5,96557.3,33.521
2024-12-22 06:34:00,96557.3,96578.9,96502.6,96522.1,77.13
2024-12-22 06:35:00,96522.1,96563.4,96500.0,96562.5,97.11
2024-12-22 06:36:00,96562.5,96614.6,96562.5,96614.4,40.907
2024-12-22 06:37:00,96614.4,96614.4,96583.3,96598.4,60.225
2024-12-22 06:38:00,96598.4,96598.4,96521.5,96549.9,40.076
2024-12-22 06:39:00,96549.9,96566.0,96543.3,96543.4,43.053
2024-12-22 06:40:00,96543.4,96598.0,96543.4,96560.9,36.425
2024-12-22 06:41:00,96560.9,96560.9,96542.0,96542.3,21.248
2024-12-22 06:42:00,96542.3,96558.6,96511.0,96511.0,28.126
2024-12-22 06:43:00,96511.0,96569.2,96511.0,96569.2,45.962
2024-12-22 06:44:00,96569.2,96573.9,96551.0,96573.9,24.318
2024-12-22 06:45:00,96573.9,96688.0,96573.8,96687.9,160.065
2024-12-22 06:46:00,96687.9,96726.2,96663.8,96670.8,445.48
2024-12-22 06:47:00,96670.8,96670.9,96650.5,96655.3,92.448
2024-12-22 06:48:00,96655.3,96700.0,96655.2,96662.0,38.495
2024-12-22 06:49:00,96662.0,96673.7,96636.2,96662.6,53.324
2024-12-22 06:50:00,96662.6,96700.3,96655.1,96700.2,45.478
2024-12-22 06:51:00,96700.2,96700.2,96665.0,96674.7,71.719
2024-12-22 06:52:00,96674.7,96675.2,96648.9,96649.2,67.031
2024-12-22 06:53:00,96649.2,96656.8,96647.7,96647.9,40.962
2024-12-22 06:54:00,96647.9,96691.2,96640.9,96689.6,62.313
2024-12-22 06:55:00,96689.6,96693.8,96684.9,96684.9,29.062
2024-12-22 06:56:00,96684.9,96704.3,96684.9,96704.3,22.165
2024-12-22 06:57:00,96704.3,96704.3,96673.0,96696.6,33.984
2024-12-22 06:58:00,96696.6,96700.0,96686.1,96700.0,37.423
2024-12-22 06:59:00,96700.0,96704.3,96683.3,96703.9,8.53
2024-12-22 07:00:00,96703.9,96739.0,96693.0,96739.0,24.226
2024-12-22 07:01:00,96739.0,96763.0,96664.5,96696.2,61.516
2024-12-22 07:02:00,96696.2,96726.0,96651.3,96726.0,56.971
2024-12-22 07:03:00,96726.0,96728.8,96660.6,96660.6,48.883
2024-12-22 07:04:00,96660.6,96666.4,96652.5,96666.3,49.411
2024-12-22 07:05:00,96666.3,96670.0,96655.1,96658.4,23.549
2024-12-22 07:06:00,96658.4,96658.4,96638.5,96640.9,23.435
2024-12-22 07:07:00,96640.9,96700.1,96640.9,96700.0,117.682
2024-12-22 07:08:00,96700.0,96708.4,96700.0,96706.2,227.572
2024-12-22 07:09:00,96706.2,96757.5,96699.8,96757.2,224.774
2024-12-22 07:10:00,96757.2,96808.6,96757.2,96808.5,524.78
2024-12-22 07:11:00,96808.5,96808.5,96794.2,96805.0,77.988
2024-12-22 07:12:00,96805.0,96808.5,96729.2,96729.5,30.62
2024-12-22 07:13:00,96729.5,96773.0,96729.2,96729.5,24.145
2024-12-22 07:14:00,96729.5,96729.5,96704.3,96704.3,20.986
2024-12-22 07:15:00,96704.3,96704.6,96645.0,96645.3,43.044
2024-12-22 07:16:00,96645.3,96645.3,96590.3,96590.6,34.188
2024-12-22 07:17:00,96590.6,96590.6,96574.5,96574.6,60.99
2024-12-22 07:18:00,96574.6,96574.6,96540.8,96546.0,39.542
2024-12-22 07:19:00,96546.0,96546.2,96469.3,96495.2,99.257
2024-12-22 07:20:00,96495.2,96512.0,96482.0,96489.9,174.092
2024-12-22 07:21:00,96489.9,96573.0,96483.6,96519.0,39.679
2024-12-22 07:22:00,96519.0,96524.0,96495.9,96509.2,47.218
2024-12-22 07:23:00,96509.2,96509.2,96480.0,96490.3,25.486
2024-12-22 07:24:00,96490.3,96490.4,96468.1,96471.7,40.229
2024-12-22 07:25:00,96471.7,96480.0,96464.5,96474.9,25.923
2024-12-22 07:26:00,96474.9,96494.9,96474.9,96488.8,28.532
2024-12-22 07:27:00,96488.8,96520.0,96486.3,96486.4,22.221
2024-12-22 07:28:00,96486.4,96486.4,96480.0,96485.4,17.907
2024-12-22 07:29:00,96485.4,96508.3,96485.4,96500.0,21.355
2024-12-22 07:30:00,96500.0,96500.0,96484.9,96484.9,47.86
2024-12-22 07:31:00,96484.9,96539.9,96468.1,96539.5,17.742
2024-12-22 07:32:00,96539.5,96539.5,96485.4,96503.4,32.455
2024-12-22 07:33:00,96503.4,96508.2,96468.3,96468.7,18.365
2024-12-22 07:34:00,96468.7,96468.7,96375.0,96384.3,51.684
2024-12-22 07:35:00,96384.3,96384.5,96327.0,96329.5,149.628
2024-12-22 07:36:00,96329.5,96346.4,96314.0,96328.0,122.008
2024-12-22 07:37:00,96328.0,96341.7,96239.2,96239.2,77.013
2024-12-22 07:38:00,96239.2,96240.3,96200.0,96200.1,199.997
2024-12-22 07:39:00,96200.1,96200.1,96165.0,96194.1,133.319
2024-12-22 07:40:00,96194.1,96199.9,96180.9,96181.2,50.24
2024-12-22 07:41:00,96181.2,96181.2,96067.8,96076.1,68.318
2024-12-22 07:42:00,96076.1,96160.8,96075.0,96134.3,212.524
2024-12-22 07:43:00,96134.3,96241.6,96134.3,96233.8,352.119
2024-12-22 07:44:00,96233.8,96233.8,96155.0,96180.2,69.577
2024-12-22 07:45:00,96180.2,96204.5,96165.7,96174.0,36.709
2024-12-22 07:46:00,96174.0,96263.3,96173.7,96262.7,35.803
2024-12-22 07:47:00,96262.7,96263.3,96188.0,96262.3,58.835
2024-12-22 07:48:00,96262.3,96283.2,96262.2,96282.9,31.783
2024-12-22 07:49:00,96282.9,96283.0,96180.0,96195.1,28.986
2024-12-22 07:50:00,96195.1,96196.5,96120.0,96141.0,46.154
2024-12-22 07:51:00,96141.0,96142.7,96107.3,96112.9,76.314
2024-12-22 07:52:00,96112.9,96150.2,96112.9,96116.4,62.508
2024-12-22 07:53:00,96116.4,96135.8,96112.9,96124.8,41.571
2024-12-22 07:54:00,96124.8,96135.7,96068.9,96073.1,25.352
2024-12-22 07:55:00,96073.1,96113.0,96073.0,96109.8,55.436
2024-12-22 07:56:00,96109.8,96130.3,96100.8,96130.3,61.363
2024-12-22 07:57:00,96130.3,96130.3,96069.2,96101.6,38.046
2024-12-22 07:58:00,96101.6,96135.3,96085.4,96135.3,19.751
2024-12-22 07:59:00,96135.3,96190.0,96119.0,96190.0,17.651
2024-12-22 08:00:00,96190.0,96300.0,96190.0,96300.0,47.158
2024-12-22 08:01:00,96300.0,96300.0,96233.3,96266.8,96.126
2024-12-22 08:02:00,96266.8,96375.6,96266.5,96373.5,99.805
2024-12-22 08:03:00,96373.5,96378.4,96350.2,96374.9,104.75
2024-12-22 08:04:00,96374.9,96430.0,96374.9,96425.0,46.67
2024-12-22 08:05:00,96425.0,96482.3,96412.4,96481.9,49.711
2024-12-22 08:06:00,96481.9,96481.9,96383.5,96405.1,55.972
2024-12-22 08:07:00,96405.1,96405.4,96309.8,96318.9,55.582
2024-12-22 08:08:00,96318.9,96371.5,96318.9,96351.1,68.755
2024-12-22 08:09:00,96351.1,96440.2,96350.8,96395.0,45.288
2024-12-22 08:10:00,96395.0,96404.2,96353.5,96389.8,77.515
2024-12-22 08:11:00,96389.8,96389.8,96353.8,96377.1,48.871
2024-12-22 08:12:00,96377.1,96420.0,96362.3,96362.3,37.984
2024-12-22 08:13:00,96362.3,96362.5,96325.9,96330.5,20.271
2024-12-22 08:14:00,96330.5,96400.9,96330.5,96400.9,18.457
2024-12-22 08:15:00,96400.9,96434.8,96368.4,96375.9,21.636
2024-12-22 08:16:00,96375.9,96381.7,96300.0,96300.0,32.246
2024-12-22 08:17:00,96300.0,96360.2,96295.5,96360.2,25.792
2024-12-22 08:18:00,96360.2,96488.5,96360.1,96480.5,29.251
2024-12-22 08:19:00,96480.5,96600.2,96480.1,96565.4,73.287
2024-12-22 08:20:00,96565.4,96594.1,96552.8,96558.3,75.414
2024-12-22 08:21:00,96558.3,96579.0,96518.9,96545.8,42.759
2024-12-22 08:22:00,96545.8,96577.5,96510.0,96577.5,40.746
2024-12-22 08:23:00,96577.5,96630.4,96577.4,96624.5,37.827
2024-12-22 08:24:00,96624.5,96666.8,96547.4,96547.4,74.243
2024-12-22 08:25:00,96547.4,96547.4,96500.0,96519.8,45.055
2024-12-22 08:26:00,96519.8,96519.9,96476.4,96490.6,23.813
2024-12-22 08:27:00,96490.6,96519.0,96485.0,96490.6,32.613
2024-12-22 08:28:00,96490.6,96590.4,96490.6,96589.9,44.93
2024-12-22 08:29:00,96589.9,96589.9,96541.5,96541.5,13.317
2024-12-22 08:30:00,96541.5,96541.8,96488.0,96495.3,11.745
2024-12-22 08:31:00,96495.3,96539.4,96471.6,96537.3,23.257
2024-12-22 08:32:00,96537.3,96609.8,96529.5,96603.4,28.457
2024-12-22 08:33:00,96603.4,96626.1,96596.1,96626.1,16.043
2024-12-22 08:34:00,96626.1,96633.5,96594.1,96610.8,20.297
2024-12-22 08:35:00,96610.8,96610.8,96562.2,96591.3,10.705
2024-12-22 08:36:00,96591.3,96595.0,96570.9,96580.8,18.869
2024-12-22 08:37:00,96580.8,96588.5,96539.1,96539.4,15.762
2024-12-22 08:38:00,96539.4,96562.7,96518.6,96525.3,12.256
2024-12-22 08:39:00,96525.3,96525.3,96458.3,96458.3,26.359
2024-12-22 08:40:00,96458.3,96458.6,96385.0,96407.4,38.11
2024-12-22 08:41:00,96407.4,96440.2,96405.7,96439.9,48.971
2024-12-22 08:42:00,96439.9,96441.2,96399.0,96399.1,26.337
2024-12-22 08:43:00,96399.1,96399.3,96386.0,96399.0,18.03
2024-12-22 08:44:00,96399.0,96433.0,96399.0,96433.0,18.695
2024-12-22 08:45:00,96433.0,96480.0,96430.8,96475.4,20.695
2024-12-22 08:46:00,96475.4,96477.3,96441.1,96441.2,16.582
2024-12-22 08:47:00,96441.2,96452.2,96427.1,96451.2,23.198
2024-12-22 08:48:00,96451.2,96500.0,96451.2,96483.1,12.983
2024-12-22 08:49:00,96483.1,96555.8,96431.8,96549.4,26.794
2024-12-22 08:50:00,96549.4,96575.9,96511.6,96575.6,36.218
2024-12-22 08:51:00,96575.6,96575.6,96552.6,96568.6,28.726
2024-12-22 08:52:00,96568.6,96579.7,96568.3,96572.5,33.179
2024-12-22 08:53:00,96572.5,96579.3,96562.2,96563.2,12.422
2024-12-22 08:54:00,96563.2,96600.0,96560.5,96560.5,12.014
2024-12-22 08:55:00,96560.5,96577.8,96560.5,96577.6,25.692
2024-12-22 08:56:00,96577.6,96577.6,96532.8,96541.1,37.26
2024-12-22 08:57:00,96541.1,96541.5,96514.9,96520.8,28.706
2024-12-22 08:58:00,96520.8,96520.8,96479.5,96520.0,111.513
2024-12-22 08:59:00,96520.0,96520.2,96505.4,96505.8,388.313
2024-12-22 09:00:00,96505.8,96555.3,96492.6,96548.1,283.41
2024-12-22 09:01:00,96548.1,96570.1,96527.6,96527.9,19.927
2024-12-22 09:02:00,96527.9,96547.2,96523.1,96530.6,15.132
2024-12-22 09:03:00,96530.6,96530.6,96461.9,96461.9,4.778
2024-12-22 09:04:00,96461.9,96461.9,96370.5,96370.5,19.266
2024-12-22 09:05:00,96370.5,96404.6,96327.1,96327.4,65.692
2024-12-22 09:06:00,96327.4,96350.6,96327.1,96340.4,78.548
2024-12-22 09:07:00,96340.4,96340.4,96299.8,96299.9,45.172
2024-12-22 09:08:00,96299.9,96310.0,96299.9,96300.4,40.765
2024-12-22 09:09:00,96300.4,96305.2,96300.4,96301.8,22.439
2024-12-22 09:10:00,96301.8,96350.2,96299.6,96349.8,18.467
2024-12-22 09:11:00,96349.8,96357.4,96349.8,96357.1,16.154
2024-12-22 09:12:00,96357.1,96399.7,96357.1,96384.5,11.998
2024-12-22 09:13:00,96384.5,96390.0,96360.0,96360.0,25.832
2024-12-22 09:14:00,96360.0,96388.0,96360.0,96388.0,24.038
2024-12-22 09:15:00,96388.0,96455.4,96387.9,96436.3,28.569
2024-12-22 09:16:00,96436.3,96436.3,96398.8,96398.8,32.172
2024-12-22 09:17:00,96398.8,96441.3,96393.3,96441.3,10.593
2024-12-22 09:18:00,96441.3,96477.3,96420.0,96420.1,13.341
2024-12-22 09:19:00,96420.1,96455.8,96420.1,96455.8,22.465
2024-12-22 09:20:00,96455.8,96520.9,96449.1,96520.7,19.029
2024-12-22 09:21:00,96520.7,96535.5,96520.6,96533.8,26.023
2024-12-22 09:22:00,96533.8,96556.4,96513.0,96556.1,19.256
2024-12-22 09:23:00,96556.1,96578.5,96556.1,96564.2,33.45
2024-12-22 09:24:00,96564.2,96620.0,96563.8,96620.0,40.175
2024-12-22 09:25:00,96620.0,96766.4,96619.8,96766.3,107.564
2024-12-22 09:26:00,96766.3,96783.7,96724.3,96754.3,175.87
2024-12-22 09:27:00,96754.3,96768.0,96713.8,96726.4,114.735
2024-12-22 09:28:00,96726.4,96740.2,96718.1,96718.4,65.577
2024-12-22 09:29:00,96718.4,96721.0,96680.8,96682.9,38.052
2024-12-22 09:30:00,96682.9,96742.0,96682.9,96702.5,39.682
2024-12-22 09:31:00,96702.5,96712.7,96650.8,96651.0,54.015
2024-12-22 09:32:00,96651.0,96689.6,96639.9,96639.9,30.781
2024-12-22 09:33:00,96639.9,96716.3,96639.9,96716.2,17.718
2024-12-22 09:34:00,96716.2,96759.0,96716.2,96756.4,20.448
2024-12-22 09:35:00,96756.4,96772.1,96748.4,96772.1,26.896
2024-12-22 09:36:00,96772.1,96784.7,96737.1,96784.7,129.199
2024-12-22 09:37:00,96784.7,96947.0,96781.4,96944.3,391.324
2024-12-22 09:38:00,96944.3,97009.9,96927.2,96937.8,353.519
2024-12-22 09:39:00,96937.8,96970.2,96885.9,96970.0,360.043
2024-12-22 09:40:00,96970.0,97035.0,96970.0,97026.6,293.687
2024-12-22 09:41:00,97026.6,97062.1,96976.1,96976.1,312.02
2024-12-22 09:42:00,96976.1,97010.0,96955.7,96985.0,132.327
2024-12-22 09:43:00,96985.0,97092.1,96981.0,97065.1,199.398
2024-12-22 09:44:00,97065.1,97155.2,97043.8,97149.9,426.743
2024-12-22 09:45:00,97149.9,97150.2,97072.6,97072.6,301.29
2024-12-22 09:46:00,97072.6,97181.5,97059.5,97179.9,277.016
2024-12-22 09:47:00,97179.9,97200.0,97131.3,97143.9,274.165
2024-12-22 09:48:00,97143.9,97144.2,97006.2,97043.2,92.422
2024-12-22 09:49:00,97043.2,97079.6,96983.7,97079.6,98.312
2024-12-22 09:50:00,97079.6,97079.6,97011.4,97017.7,91.819
2024-12-22 09:51:00,97017.7,97022.4,96938.7,96939.1,41.692
2024-12-22 09:52:00,96939.1,96996.5,96939.0,96995.0,59.779
2024-12-22 09:53:00,96995.0,96996.1,96933.3,96949.2,55.722
2024-12-22 09:54:00,96949.2,96977.6,96937.3,96977.6,36.621
2024-12-22 09:55:00,96977.6,96987.4,96945.2,96945.2,25.953
2024-12-22 09:56:00,96945.2,96969.9,96937.3,96966.4,29.694
2024-12-22 09:57:00,96966.4,96969.9,96937.1,96940.3,30.45
2024-12-22 09:58:00,96940.3,96946.2,96931.6,96931.6,49.187
2024-12-22 09:59:00,96931.6,96933.0,96894.6,96895.3,23.022
2024-12-22 10:00:00,96895.3,96940.2,96894.6,96937.5,32.548
2024-12-22 10:01:00,96937.5,96966.9,96908.8,96966.2,44.735
2024-12-22 10:02:00,96966.2,96969.4,96894.6,96911.2,54.302
2024-12-22 10:03:00,96911.2,96911.5,96894.6,96899.9,36.495
2024-12-22 10:04:00,96899.9,96899.9,96842.4,96842.5,34.397
2024-12-22 10:05:00,96842.5,96937.5,96817.5,96919.6,80.165
2024-12-22 10:06:00,96919.6,97027.3,96919.6,97023.5,80.523
2024-12-22 10:07:00,97023.5,97057.1,96971.3,96981.2,42.498
2024-12-22 10:08:00,96981.2,97023.2,96972.1,97019.9,53.216
2024-12-22 10:09:00,97019.9,97079.0,97012.5,97040.0,69.368
2024-12-22 10:10:00,97040.0,97077.0,97035.2,97061.2,33.145
2024-12-22 10:11:00,97061.2,97061.2,97025.5,97025.8,21.613
2024-12-22 10:12:00,97025.8,97025.8,97000.0,97000.3,16.784
2024-12-22 10:13:00,97000.3,97012.4,97000.3,97009.5,19.036
2024-12-22 10:14:00,97009.5,97009.5,96917.0,96921.0,19.983
2024-12-22 10:15:00,96921.0,96980.5,96920.7,96980.5,34.601
2024-12-22 10:16:00,96980.5,97047.3,96980.5,97027.8,10.352
2024-12-22 10:17:00,97027.8,97070.0,97027.8,97063.3,12.822
2024-12-22 10:18:00,97063.3,97092.8,97061.5,97061.5,19.333
2024-12-22 10:19:00,97061.5,97112.3,97061.4,97091.5,37.331
2024-12-22 10:20:00,97091.5,97097.6,97071.9,97079.1,24.898
2024-12-22 10:21:00,97079.1,97112.6,97079.0,97104.9,16.909
2024-12-22 10:22:00,97104.9,97142.1,97080.8,97117.3,48.451
2024-12-22 10:23:00,97117.3,97142.9,97114.5,97142.6,75.99
2024-12-22 10:24:00,97142.6,97142.9,97104.3,97120.0,25.781
2024-12-22 10:25:00,97120.0,97120.0,97061.0,97061.0,19.024
2024-12-22 10:26:00,97061.0,97114.6,97058.1,97066.8,28.589
2024-12-22 10:27:00,97066.8,97066.8,97020.1,97020.1,25.094
2024-12-22 10:28:00,97020.1,97059.2,97020.0,97057.9,25.844
2024-12-22 10:29:00,97057.9,97083.0,97057.9,97083.0,7.296
2024-12-22 10:30:00,97083.0,97114.4,97039.3,97039.3,10.329
2024-12-22 10:31:00,97039.3,97110.2,97039.3,97110.0,19.773
2024-12-22 10:32:00,97110.0,97165.1,97109.9,97149.4,40.426
2024-12-22 10:33:00,97149.4,97149.4,97094.9,97131.4,81.848
2024-12-22 10:34:00,97131.4,97131.7,97129.5,97131.6,36.85
2024-12-22 10:35:00,97131.6,97188.2,97120.5,97156.0,16.799
2024-12-22 10:36:00,97156.0,97195.6,97149.7,97150.0,40.458
2024-12-22 10:37:00,97150.0,97282.3,97150.0,97273.5,143.69
2024-12-22 10:38:00,97273.5,97299.0,97222.7,97291.8,273.739
2024-12-22 10:39:00,97291.8,97302.4,97250.8,97269.4,180.718
2024-12-22 10:40:00,97269.4,97278.4,97171.5,97171.5,92.678
2024-12-22 10:41:00,97171.5,97231.5,97160.8,97219.6,90.307
2024-12-22 10:42:00,97219.6,97219.6,97180.0,97219.5,46.042
2024-12-22 10:43:00,97219.5,97219.6,97157.1,97157.1,27.278
2024-12-22 10:44:00,97157.1,97180.4,97123.7,97123.7,29.417
2024-12-22 10:45:00,97123.7,97166.0,97123.7,97151.5,25.127
2024-12-22 10:46:00,97151.5,97151.5,97060.6,97060.6,31.278
2024-12-22 10:47:00,97060.6,97074.0,97044.3,97072.4,43.601
2024-12-22 10:48:00,97072.4,97072.4,97021.5,97026.3,35.193
2024-12-22 10:49:00,97026.3,97049.2,97019.4,97049.2,46.317
2024-12-22 10:50:00,97049.2,97095.8,97038.1,97038.3,28.432
2024-12-22 10:51:00,97038.3,97099.2,97038.3,97099.0,22.752
2024-12-22 10:52:00,97099.0,97139.1,97080.0,97080.3,19.583
2024-12-22 10:53:00,97080.3,97107.4,97066.2,97107.4,20.959
2024-12-22 10:54:00,97107.4,97122.0,97055.7,97055.7,18.41
2024-12-22 10:55:00,97055.7,97097.4,97049.6,97063.7,19.652
2024-12-22 10:56:00,97063.7,97063.7,97036.9,97036.9,19.659
2024-12-22 10:57:00,97036.9,97040.0,97000.0,97000.0,33.687
2024-12-22 10:58:00,97000.0,97000.1,96973.1,96981.1,42.596
2024-12-22 10:59:00,96981.1,96981.1,96973.4,96979.2,58.738
2024-12-22 11:00:00,96979.2,96979.3,96965.5,96978.2,21.978
2024-12-22 11:01:00,96978.2,96978.5,96945.0,96945.0,37.03
2024-12-22 11:02:00,96945.0,97000.5,96945.0,97000.5,36.28
2024-12-22 11:03:00,97000.5,97033.3,97000.2,97006.9,38.963
2024-12-22 11:04:00,97006.9,97020.0,97000.0,97000.4,32.151
2024-12-22 11:05:00,97000.4,97042.0,97000.1,97042.0,16.248
2024-12-22 11:06:00,97042.0,97064.2,97041.7,97043.9,17.67
2024-12-22 11:07:00,97043.9,97067.2,97009.9,97066.9,16.036
2024-12-22 11:08:00,97066.9,97100.0,97066.9,97099.9,27.198
2024-12-22 11:09:00,97099.9,97100.2,97053.6,97100.0,20.858
2024-12-22 11:10:00,97100.0,97100.1,97069.0,97069.9,19.747
2024-12-22 11:11:00,97069.9,97069.9,97069.0,97069.0,18.512
2024-12-22 11:12:00,97069.0,97080.2,97054.3,97080.2,8.741
2024-12-22 11:13:00,97080.2,97142.8,97080.1,97142.8,15.174
2024-12-22 11:14:00,97142.8,97172.9,97142.5,97171.8,30.748
2024-12-22 11:15:00,97171.8,97195.4,97124.2,97124.2,44.079
2024-12-22 11:16:00,97124.2,97124.6,97067.0,97067.1,22.752
2024-12-22 11:17:00,97067.1,97067.1,97025.7,97025.8,24.598
2024-12-22 11:18:00,97025.8,97062.0,97017.3,97062.0,25.366
2024-12-22 11:19:00,97062.0,97069.9,97041.7,97048.1,17.902
2024-12-22 11:20:00,97048.1,97098.1,97047.8,97098.1,10.528
2024-12-22 11:21:00,97098.1,97150.2,97098.0,97134.7,18.7
2024-12-22 11:22:00,97134.7,97188.8,97132.4,97177.5,33.363
2024-12-22 11:23:00,97177.5,97196.0,97118.4,97118.4,32.483
2024-12-22 11:24:00,97118.4,97154.3,97112.3,97147.1,23.79
2024-12-22 11:25:00,97147.1,97161.7,97146.1,97159.0,9.494
2024-12-22 11:26:00,97159.0,97213.1,97159.0,97200.0,27.493
2024-12-22 11:27:00,97200.0,97270.5,97180.0,97270.5,58.756
2024-12-22 11:28:00,97270.5,97285.6,97263.4,97277.0,33.707
2024-12-22 11:29:00,97277.0,97277.3,97225.3,97225.3,49.514
2024-12-22 11:30:00,97225.3,97225.6,97185.7,97200.1,39.079
2024-12-22 11:31:00,97200.1,97206.3,97181.2,97181.2,19.865
2024-12-22 11:32:00,97181.2,97181.5,97162.1,97171.9,15.106
2024-12-22 11:33:00,97171.9,97206.4,97166.2,97206.3,32.332
2024-12-22 11:34:00,97206.3,97206.3,97162.4,97186.3,24.396
2024-12-22 11:35:00,97186.3,97198.2,97121.7,97140.1,116.324
2024-12-22 11:36:00,97140.1,97140.2,97110.6,97121.1,288.204
2024-12-22 11:37:00,97121.1,97191.5,97121.1,97191.5,22.911
2024-12-22 11:38:00,97191.5,97200.9,97165.2,97178.9,37.953
2024-12-22 11:39:00,97178.9,97288.2,97178.9,97287.8,54.298
2024-12-22 11:40:00,97287.8,97300.2,97278.9,97298.2,55.817
2024-12-22 11:41:00,97298.2,97298.2,97219.0,97219.0,60.937
2024-12-22 11:42:00,97219.0,97228.8,97207.0,97209.2,26.857
2024-12-22 11:43:00,97209.2,97228.1,97200.3,97228.1,9.201
2024-12-22 11:44:00,97228.1,97248.5,97215.7,97230.5,7.424
2024-12-22 11:45:00,97230.5,97248.8,97211.1,97211.4,20.094
2024-12-22 11:46:00,97211.4,97211.7,97179.0,97179.1,47.326
2024-12-22 11:47:00,97179.1,97179.1,97150.0,97155.7,7.173
2024-12-22 11:48:00,97155.7,97156.2,97145.0,97145.0,10.321
2024-12-22 11:49:00,97145.0,97156.1,97117.2,97156.1,19.929
2024-12-22 11:50:00,97156.1,97194.1,97155.8,97180.3,25.758
2024-12-22 11:51:00,97180.3,97181.9,97130.0,97138.9,16.827
2024-12-22 11:52:00,97138.9,97138.9,97127.8,97128.0,19.69
2024-12-22 11:53:00,97128.0,97128.1,97113.2,97117.9,35.466
2024-12-22 11:54:00,97117.9,97182.4,97117.9,97158.1,82.005
2024-12-22 11:55:00,97158.1,97158.7,97157.8,97157.8,18.737
2024-12-22 11:56:00,97157.8,97157.9,97157.8,97157.8,8.474
2024-12-22 11:57:00,97157.8,97172.9,97150.0,97150.0,16.32
2024-12-22 11:58:00,97150.0,97157.1,97122.1,97150.0,428.601
2024-12-22 11:59:00,97150.0,97150.0,97057.3,97069.9,534.104
2024-12-22 12:00:00,97069.9,97100.0,97057.3,97086.7,39.502
2024-12-22 12:01:00,97086.7,97100.2,97086.7,97100.2,26.637
2024-12-22 12:02:00,97100.2,97118.0,97057.7,97058.6,29.631
2024-12-22 12:03:00,97058.6,97113.2,97058.5,97112.6,35.579
2024-12-22 12:04:00,97112.6,97160.2,97055.3,97055.3,49.437
2024-12-22 12:05:00,97055.3,97090.2,97055.3,97090.2,39.811
2024-12-22 12:06:00,97090.2,97090.2,97045.2,97045.2,26.897
2024-12-22 12:07:00,97045.2,97045.3,96941.5,96941.5,54.614
2024-12-22 12:08:00,96941.5,97000.0,96941.5,96957.1,105.873
2024-12-22 12:09:00,96957.1,96996.6,96956.8,96979.5,29.703
2024-12-22 12:10:00,96979.5,96979.8,96886.0,96888.0,48.813
2024-12-22 12:11:00,96888.0,96888.0,96796.6,96827.1,130.793
2024-12-22 12:12:00,96827.1,96850.2,96800.3,96836.7,170.888
2024-12-22 12:13:00,96836.7,96856.5,96796.8,96809.9,91.271
2024-12-22 12:14:00,96809.9,96895.5,96809.9,96895.5,137.412
2024-12-22 12:15:00,96895.5,96920.6,96872.5,96886.7,74.455
2024-12-22 12:16:00,96886.7,96954.1,96882.1,96944.7,77.023
2024-12-22 12:17:00,96944.7,96980.0,96936.2,96980.0,42.07
2024-12-22 12:18:00,96980.0,96980.0,96938.1,96938.5,50.409
2024-12-22 12:19:00,96938.5,96938.5,96889.0,96889.0,51.459
2024-12-22 12:20:00,96889.0,96948.5,96886.3,96946.6,103.404
2024-12-22 12:21:00,96946.6,97020.2,96910.3,97015.0,48.104
2024-12-22 12:22:00,97015.0,97015.0,96956.6,96988.5,46.624
2024-12-22 12:23:00,96988.5,97020.2,96967.3,97010.3,32.404
2024-12-22 12:24:00,97010.3,97045.7,97000.0,97045.3,31.27
2024-12-22 12:25:00,97045.3,97045.6,96991.1,97024.6,37.869
2024-12-22 12:26:00,97024.6,97030.2,97000.2,97029.9,53.261
2024-12-22 12:27:00,97029.9,97050.5,97020.9,97025.3,13.975
2024-12-22 12:28:00,97025.3,97073.9,97025.3,97073.9,22.32
2024-12-22 12:29:00,97073.9,97096.8,97073.9,97096.8,32.466
2024-12-22 12:30:00,97096.8,97165.8,97090.1,97153.2,71.378
2024-12-22 12:31:00,97153.2,97189.0,97152.9,97165.1,100.724
2024-12-22 12:32:00,97165.1,97247.5,97165.0,97247.3,63.185
2024-12-22 12:33:00,97247.3,97250.0,97203.2,97234.9,57.5
2024-12-22 12:34:00,97234.9,97257.9,97198.0,97200.0,67.367
2024-12-22 12:35:00,97200.0,97212.4,97151.9,97175.1,104.106
2024-12-22 12:36:00,97175.1,97222.7,97165.6,97188.1,64.502
2024-12-22 12:37:00,97188.1,97207.1,97179.0,97179.0,16.375
2024-12-22 12:38:00,97179.0,97198.0,97178.1,97179.3,17.046
2024-12-22 12:39:00,97179.3,97182.4,97107.8,97138.1,31.439
2024-12-22 12:40:00,97138.1,97139.1,97103.6,97103.9,37.08
2024-12-22 12:41:00,97103.9,97103.9,97077.4,97077.4,44.137
2024-12-22 12:42:00,97077.4,97088.3,97077.4,97087.9,60.101
2024-12-22 12:43:00,97087.9,97133.1,97087.9,97133.1,23.901
2024-12-22 12:44:00,97133.1,97133.1,97109.7,97109.7,17.897
2024-12-22 12:45:00,97109.7,97133.1,97109.7,97133.1,13.6
2024-12-22 12:46:00,97133.1,97133.1,97091.5,97091.5,19.254
2024-12-22 12:47:00,97091.5,97099.3,97070.0,97070.0,18.284
2024-12-22 12:48:00,97070.0,97070.3,97061.0,97068.4,13.254
2024-12-22 12:49:00,97068.4,97116.9,97063.4,97080.1,24.914
2024-12-22 12:50:00,97080.1,97080.1,97036.7,97068.9,12.23
2024-12-22 12:51:00,97068.9,97078.2,97058.9,97078.2,18.631
2024-12-22 12:52:00,97078.2,97080.1,97030.0,97030.0,10.905
2024-12-22 12:53:00,97030.0,97030.0,96990.0,96990.0,43.283
2024-12-22 12:54:00,96990.0,96990.2,96966.5,96989.9,72.171
2024-12-22 12:55:00,96989.9,96996.2,96966.7,96966.7,22.505
2024-12-22 12:56:00,96966.7,96967.0,96948.3,96948.3,25.251
2024-12-22 12:57:00,96948.3,97012.2,96948.3,97009.9,45.086
2024-12-22 12:58:00,97009.9,97012.2,97005.0,97005.1,42.483
2024-12-22 12:59:00,97005.1,97005.7,96948.3,96948.3,14.971
2024-12-22 13:00:00,96948.3,97035.2,96948.3,96994.5,12.799
2024-12-22 13:01:00,96994.5,97014.4,96953.0,96953.1,20.802
2024-12-22 13:02:00,96953.1,96953.1,96901.0,96910.5,47.667
2024-12-22 13:03:00,96910.5,96920.5,96901.0,96901.4,87.895
2024-12-22 13:04:00,96901.4,96949.2,96883.9,96927.7,29.01
2024-12-22 13:05:00,96927.7,96948.0,96911.5,96919.9,26.003
2024-12-22 13:06:00,96919.9,96943.5,96890.5,96890.8,16.276
2024-12-22 13:07:00,96890.8,96937.7,96850.0,96850.0,32.799
2024-12-22 13:08:00,96850.0,96850.1,96803.8,96803.8,63.417
2024-12-22 13:09:00,96803.8,96899.5,96803.8,96898.7,84.004
2024-12-22 13:10:00,96898.7,97002.1,96898.7,96981.6,80.438
2024-12-22 13:11:00,96981.6,97033.5,96981.6,97033.3,91.458
2024-12-22 13:12:00,97033.3,97041.6,97029.4,97040.1,59.899
2024-12-22 13:13:00,97040.1,97059.8,97000.0,97035.0,63.936
2024-12-22 13:14:00,97035.0,97050.2,97034.9,97040.0,67.819
2024-12-22 13:15:00,97040.0,97068.1,97025.9,97067.5,22.857
2024-12-22 13:16:00,97067.5,97067.6,96974.5,96996.3,44.569
2024-12-22 13:17:00,96996.3,96996.3,96959.3,96984.1,20.924
2024-12-22 13:18:00,96984.1,96984.2,96948.8,96952.9,10.917
2024-12-22 13:19:00,96952.9,96971.7,96940.8,96940.8,9.199
2024-12-22 13:20:00,96940.8,97006.6,96940.8,97006.3,17.999
2024-12-22 13:21:00,97006.3,97047.2,96999.2,97044.0,9.267
2024-12-22 13:22:00,97044.0,97088.6,97044.0,97088.6,14.219
2024-12-22 13:23:00,97088.6,97136.5,97088.3,97135.4,27.735
2024-12-22 13:24:00,97135.4,97181.4,97113.7,97179.9,41.948
2024-12-22 13:25:00,97179.9,97193.2,97179.9,97184.2,34.776
2024-12-22 13:26:00,97184.2,97195.1,97139.7,97188.8,831.136
2024-12-22 13:27:00,97188.8,97200.0,97188.7,97199.9,533.589
2024-12-22 13:28:00,97199.9,97208.1,97146.7,97201.1,133.395
2024-12-22 13:29:00,97201.1,97213.9,97176.9,97185.0,152.53
2024-12-22 13:30:00,97185.0,97185.0,97135.3,97135.9,77.839
2024-12-22 13:31:00,97135.9,97135.9,97100.0,97116.8,60.434
2024-12-22 13:32:00,97116.8,97171.8,97099.4,97171.8,34.877
2024-12-22 13:33:00,97171.8,97206.6,97171.5,97200.7,24.105
2024-12-22 13:34:00,97200.7,97213.0,97172.3,97172.3,39.075
2024-12-22 13:35:00,97172.3,97172.6,97160.4,97162.0,26.763
2024-12-22 13:36:00,97162.0,97180.9,97161.9,97180.3,15.881
2024-12-22 13:37:00,97180.3,97199.6,97180.0,97185.3,17.554
2024-12-22 13:38:00,97185.3,97185.3,97112.5,97152.4,15.682
2024-12-22 13:39:00,97152.4,97152.8,97113.7,97113.8,25.308
2024-12-22 13:40:00,97113.8,97131.9,97100.7,97131.0,25.137
2024-12-22 13:41:00,97131.0,97141.0,97128.3,97139.9,36.924
2024-12-22 13:42:00,97139.9,97146.5,97139.9,97140.4,10.337
2024-12-22 13:43:00,97140.4,97183.1,97140.4,97183.1,6.856
2024-12-22 13:44:00,97183.1,97183.1,97139.0,97139.3,12.579
2024-12-22 13:45:00,97139.3,97155.9,97065.0,97065.0,22.057
2024-12-22 13:46:00,97065.0,97065.0,97022.0,97035.8,43.499
2024-12-22 13:47:00,97035.8,97070.8,97035.8,97053.4,52.396
2024-12-22 13:48:00,97053.4,97053.4,97036.1,97036.2,42.635
2024-12-22 13:49:00,97036.2,97036.2,96925.1,96940.6,79.015
2024-12-22 13:50:00,96940.6,96940.6,96875.7,96876.0,138.074
2024-12-22 13:51:00,96876.0,96915.3,96820.0,96829.5,113.815
2024-12-22 13:52:00,96829.5,96849.5,96818.2,96818.5,195.685
2024-12-22 13:53:00,96818.5,96935.6,96818.5,96891.7,99.292
2024-12-22 13:54:00,96891.7,96970.6,96891.7,96932.3,129.131
2024-12-22 13:55:00,96932.3,96932.3,96900.0,96900.0,39.781
2024-12-22 13:56:00,96900.0,96986.9,96898.0,96986.8,19.095
2024-12-22 13:57:00,96986.8,96986.8,96949.9,96951.4,37.397
2024-12-22 13:58:00,96951.4,96951.4,96928.3,96949.9,30.121
2024-12-22 13:59:00,96949.9,96957.6,96916.5,96943.9,39.258
2024-12-22 14:00:00,96943.9,96948.5,96915.2,96948.0,31.143
2024-12-22 14:01:00,96948.0,97007.0,96920.8,97007.0,22.349
2024-12-22 14:02:00,97007.0,97018.4,96955.2,96989.8,32.829
2024-12-22 14:03:00,96989.8,96997.0,96969.0,96971.5,24.711
2024-12-22 14:04:00,96971.5,96971.5,96850.0,96850.0,28.123
2024-12-22 14:05:00,96850.0,96898.3,96728.8,96750.6,148.14
2024-12-22 14:06:00,96750.6,96766.2,96708.1,96736.0,313.392
2024-12-22 14:07:00,96736.0,96736.3,96670.9,96706.6,162.254
2024-12-22 14:08:00,96706.6,96706.6,96631.0,96631.3,138.685
2024-12-22 14:09:00,96631.3,96697.0,96574.9,96683.0,184.465
2024-12-22 14:10:00,96683.0,96697.8,96560.6,96605.9,238.529
2024-12-22 14:11:00,96605.9,96680.0,96605.9,96675.7,155.467
2024-12-22 14:12:00,96675.7,96684.6,96562.2,96600.2,164.009
2024-12-22 14:13:00,96600.2,96697.2,96600.1,96682.4,143.484
2024-12-22 14:14:00,96682.4,96694.2,96650.0,96650.0,89.002
2024-12-22 14:15:00,96650.0,96669.7,96572.0,96575.7,45.55
2024-12-22 14:16:00,96575.7,96575.7,96545.3,96556.1,79.466
2024-12-22 14:17:00,96556.1,96637.3,96555.7,96636.6,105.969
2024-12-22 14:18:00,96636.6,96636.6,96551.3,96551.6,66.235
2024-12-22 14:19:00,96551.6,96551.6,96478.0,96487.6,127.561
2024-12-22 14:20:00,96487.6,96487.6,96291.9,96291.9,327.598
2024-12-22 14:21:00,96291.9,96291.9,96151.5,96200.2,464.772
2024-12-22 14:22:00,96200.2,96279.0,96095.9,96095.9,419.923
2024-12-22 14:23:00,96095.9,96111.4,95939.7,95961.0,305.397
2024-12-22 14:24:00,95961.0,96105.4,95934.0,96063.7,719.37
2024-12-22 14:25:00,96063.7,96068.2,95946.2,96041.4,567.635
2024-12-22 14:26:00,96041.4,96046.4,95966.4,95986.8,288.327
2024-12-22 14:27:00,95986.8,96038.1,95769.7,95804.0,629.367
2024-12-22 14:28:00,95804.0,95866.4,95706.5,95733.8,965.648
2024-12-22 14:29:00,95733.8,95829.9,95733.8,95820.0,601.934
2024-12-22 14:30:00,95820.0,95820.2,95620.0,95628.7,326.867
2024-12-22 14:31:00,95628.7,95896.7,95608.0,95872.3,484.29
2024-12-22 14:32:00,95872.3,95997.5,95750.0,95750.1,471.439
2024-12-22 14:33:00,95750.1,95769.5,95632.7,95733.4,386.927
2024-12-22 14:34:00,95733.4,95783.7,95661.2,95668.1,200.955
2024-12-22 14:35:00,95668.1,95742.4,95654.9,95675.0,174.76
2024-12-22 14:36:00,95675.0,95686.3,95607.0,95629.5,126.974
2024-12-22 14:37:00,95629.5,95728.0,95613.6,95682.7,153.35
2024-12-22 14:38:00,95682.7,95896.6,95682.2,95889.4,127.694
2024-12-22 14:39:00,95889.4,95889.7,95676.2,95706.7,193.306
2024-12-22 14:40:00,95706.7,95757.4,95651.9,95733.1,110.808
2024-12-22 14:41:00,95733.1,95780.2,95700.0,95780.2,93.023
2024-12-22 14:42:00,95780.2,95900.2,95750.4,95768.1,102.05
2024-12-22 14:43:00,95768.1,95789.2,95730.0,95768.2,216.418
2024-12-22 14:44:00,95768.2,95852.9,95763.4,95776.5,114.808
2024-12-22 14:45:00,95776.5,95847.3,95758.9,95824.6,129.552
2024-12-22 14:46:00,95824.6,95857.8,95801.6,95840.3,72.197
2024-12-22 14:47:00,95840.3,96005.5,95840.0,95958.0,242.439
2024-12-22 14:48:00,95958.0,96058.6,95958.0,96049.5,591.272
2024-12-22 14:49:00,96049.5,96168.0,95976.5,95976.5,388.714
2024-12-22 14:50:00,95976.5,95976.5,95614.0,95656.7,549.228
2024-12-22 14:51:00,95656.7,95719.9,95523.8,95707.5,502.739
2024-12-22 14:52:00,95707.5,95817.7,95613.4,95627.7,563.703
2024-12-22 14:53:00,95627.7,95685.2,95530.0,95600.0,221.593
2024-12-22 14:54:00,95600.0,95617.2,95456.1,95526.9,208.821
2024-12-22 14:55:00,95526.9,95539.9,95413.7,95465.7,369.302
2024-12-22 14:56:00,95465.7,95500.7,95427.0,95500.4,329.849
2024-12-22 14:57:00,95500.4,95500.7,95320.0,95435.0,424.69
