timestamp,open,high,low,close,volume,turnover
2024-12-24 03:58:00,94304.9,94360.2,94304.9,94354.9,24.686,2328416.5396
2024-12-24 03:59:00,94354.9,94360.3,94331.9,94332.0,61.639,5815368.2262
2024-12-24 04:00:00,94332.0,94356.1,94285.2,94285.2,88.142,8314333.0078
2024-12-24 04:01:00,94285.2,94292.4,94257.9,94267.4,52.912,4988049.9506
2024-12-24 04:02:00,94267.4,94306.2,94267.4,94306.2,26.874,2533958.1899
2024-12-24 04:03:00,94306.2,94306.6,94266.1,94300.2,39.863,3758790.3666
2024-12-24 04:04:00,94300.2,94300.2,94299.9,94300.0,67.793,6392876.6209
2024-12-24 04:05:00,94300.0,94304.8,94258.8,94259.0,20.075,1892625.7386
2024-12-24 04:06:00,94259.0,94259.1,94224.0,94224.0,27.496,2591455.4372
2024-12-24 04:07:00,94224.0,94244.9,94216.0,94244.8,42.704,4023875.1384
2024-12-24 04:08:00,94244.8,94244.8,94184.1,94184.1,85.541,8059610.026
2024-12-24 04:09:00,94184.1,94184.4,94148.2,94148.2,36.053,3395132.0963
2024-12-24 04:10:00,94148.2,94153.9,94106.5,94106.5,78.095,7351522.4096
2024-12-24 04:11:00,94106.5,94141.5,94069.1,94141.3,114.691,10795053.5184
2024-12-24 04:12:00,94141.3,94180.5,94141.2,94146.5,52.927,4983468.5389
2024-12-24 04:13:00,94146.5,94187.2,94146.4,94187.0,36.251,3413449.0503
2024-12-24 04:14:00,94187.0,94240.8,94186.9,94195.2,39.206,3694029.4717
2024-12-24 04:15:00,94195.2,94250.0,94194.9,94230.7,50.024,4713186.0682
2024-12-24 04:16:00,94230.7,94250.0,94211.3,94211.6,19.261,1815148.9443
2024-12-24 04:17:00,94211.6,94246.6,94196.4,94246.6,30.667,2889517.4328
2024-12-24 04:18:00,94246.6,94270.6,94246.3,94257.5,14.518,1368460.9643
2024-12-24 04:19:00,94257.5,94260.2,94229.1,94229.4,20.088,1893338.1773
2024-12-24 04:20:00,94229.4,94276.2,94214.6,94253.4,19.174,1807473.7548
2024-12-24 04:21:00,94253.4,94276.0,94240.5,94272.8,50.037,4716339.0305
2024-12-24 04:22:00,94272.8,94300.0,94272.8,94300.0,45.113,4253892.3296
2024-12-24 04:23:00,94300.0,94358.4,94299.9,94358.2,30.882,2913471.5622
2024-12-24 04:24:00,94358.2,94370.2,94300.0,94300.0,79.062,7459240.0465
2024-12-24 04:25:00,94300.0,94300.1,94280.6,94290.1,112.599,10616888.8832
2024-12-24 19:26:00,98450.0,98450.3,98330.0,98331.9,68.829,6771881.5536
2024-12-24 19:27:00,98331.9,98337.2,98200.5,98205.8,246.984,24273261.6862
2024-12-24 19:28:00,98205.8,98269.2,98190.3,98268.9,319.764,31414989.546
2024-12-24 19:29:00,98268.9,98269.2,98170.0,98173.4,149.211,14650777.9743
2024-12-24 19:30:00,98173.4,98231.1,98100.0,98136.7,149.479,14670955.1672
2024-12-24 19:31:00,98136.7,98264.2,98134.0,98258.5,286.605,28144862.0263
2024-12-24 19:32:00,98258.5,98297.1,98209.2,98276.4,122.047,11992331.5296
2024-12-24 19:33:00,98276.4,98350.0,98251.8,98350.0,88.143,8663617.4942
2024-12-24 19:34:00,98350.0,98386.7,98271.5,98271.5,137.476,13517838.1115
2024-12-24 19:35:00,98271.5,98271.6,98212.3,98223.0,62.076,6097942.1749
2024-12-24 19:36:00,98223.0,98264.5,98178.6,98225.6,64.808,6365836.3983
2024-12-24 19:37:00,98225.6,98225.6,98050.0,98062.0,73.819,7242550.777
2024-12-24 19:38:00,98062.0,98062.0,97904.0,97982.0,219.209,21481437.4144
2024-12-24 19:39:00,97982.0,98000.2,97935.5,97935.5,391.085,38316569.0035
2024-12-24 19:40:00,97935.5,98005.2,97931.0,98005.2,117.812,11542621.7796
2024-12-24 19:41:00,98005.2,98027.2,97920.0,97989.9,77.932,7634252.4261
2024-12-24 19:42:00,97989.9,98029.1,97968.5,98029.1,86.367,8462569.6447
2024-12-24 19:43:00,98029.1,98040.8,97926.0,97971.5,40.708,3987610.1106
2024-12-24 19:44:00,97971.5,98061.1,97933.3,98060.4,63.112,6185739.0244
2024-12-24 19:45:00,98060.4,98060.4,97971.5,98019.6,236.389,23168001.2391
2024-12-24 19:46:00,98019.6,98078.7,97982.1,98050.0,456.046,44699317.7379
2024-12-24 19:47:00,98050.0,98050.0,97975.0,97980.6,26.816,2627685.0446
2024-12-24 19:48:00,97980.6,97980.6,97900.0,97904.1,60.357,5910127.1424
2024-12-24 19:49:00,97904.1,97904.4,97900.0,97900.3,143.487,14047599.4672
2024-12-24 19:50:00,97900.3,97980.2,97900.3,97962.6,52.369,5128924.8869
2024-12-24 19:51:00,97962.6,97962.7,97908.9,97909.2,41.598,4073745.8259
2024-12-24 19:52:00,97909.2,97909.2,97730.1,97816.4,179.39,17541909.0968
2024-12-24 19:53:00,97816.4,97863.0,97790.0,97859.9,439.009,42941935.2047
2024-12-24 19:54:00,97859.9,97859.9,97755.0,97755.0,82.002,8017929.8655
2024-12-24 19:55:00,97755.0,97790.0,97640.0,97663.9,122.532,11971997.4688
2024-12-24 19:56:00,97663.9,97664.2,97588.0,97588.3,228.375,22295943.7094
2024-12-24 19:57:00,97588.3,97606.8,97522.5,97543.8,235.812,23009104.8762
2024-12-24 19:58:00,97543.8,97676.4,97543.8,97650.8,354.355,34601686.7553
2024-12-24 19:59:00,97650.8,97650.8,97558.7,97558.7,213.282,20818093.1644
2024-12-24 20:00:00,97558.7,97664.4,97558.4,97649.6,82.055,8010564.8808
2024-12-24 20:01:00,97649.6,97737.9,97630.0,97630.3,148.609,14516114.5885
2024-12-24 20:02:00,97630.3,97630.3,97517.8,97534.7,156.203,15237039.731
2024-12-24 20:03:00,97534.7,97637.6,97534.7,97554.6,93.969,9169090.2133
2024-12-24 20:04:00,97554.6,97569.8,97524.0,97544.3,81.191,7919942.528
2024-12-24 20:05:00,97544.3,97544.6,97467.8,97480.0,210.807,20553141.0019
2024-12-24 20:06:00,97480.0,97480.3,97456.6,97479.9,411.101,40071112.9677
2024-12-24 20:07:00,97479.9,97479.9,97450.0,97450.3,109.768,10698175.4629
2024-12-24 20:08:00,97450.3,97450.3,97263.1,97350.3,326.77,31803494.3294
2024-12-24 20:09:00,97350.3,97598.1,97228.7,97573.0,654.785,63760541.8991
2024-12-24 20:10:00,97573.0,97582.2,97460.4,97526.8,374.874,36549486.4321
2024-12-24 20:11:00,97526.8,97544.0,97320.0,97320.3,113.757,11079062.1113
2024-12-24 20:12:00,97320.3,97425.7,97300.0,97390.4,90.346,8798062.5514
2024-12-24 20:13:00,97390.4,97410.4,97330.0,97336.8,64.209,6251840.5958
2024-12-24 20:14:00,97336.8,97586.1,97313.7,97581.4,53.711,5233070.7871
2024-12-24 20:15:00,97581.4,97581.4,97443.6,97491.4,77.005,7509730.917
2024-12-24 20:16:00,97491.4,97640.2,97411.7,97640.1,95.423,9309225.6684
2024-12-24 20:17:00,97640.1,97888.0,97579.1,97888.0,272.575,26645127.7551
2024-12-24 20:18:00,97888.0,97920.2,97771.1,97812.7,475.714,46542893.3752
2024-12-24 20:19:00,97812.7,97953.6,97812.7,97892.2,225.347,22065494.0747
2024-12-24 20:20:00,97892.2,98031.0,97867.9,97938.2,226.563,22193360.9936
2024-12-24 20:21:00,97938.2,97945.4,97764.4,97835.3,165.631,16205788.5202
2024-12-24 20:22:00,97835.3,97847.0,97725.9,97847.0,124.679,12191522.9444
2024-12-24 20:23:00,97847.0,97943.9,97815.6,97840.3,103.731,10152109.9173
2024-12-24 20:24:00,97840.3,97840.4,97788.4,97810.3,83.801,8197403.3854
2024-12-24 20:25:00,97810.3,97892.0,97800.0,97800.0,77.092,7542874.1348
2024-12-24 20:26:00,97800.0,97875.2,97800.0,97860.5,75.256,7362277.6737
2024-12-24 20:27:00,97860.5,97860.8,97761.0,97774.3,41.176,4027470.6663
2024-12-24 20:28:00,97774.3,97814.7,97719.5,97798.9,47.497,4643589.8886
2024-12-24 20:29:00,97798.9,97798.9,97758.5,97786.1,47.001,4595877.9772
2024-12-24 20:30:00,97786.1,97875.3,97774.0,97857.5,30.345,2968508.9502
2024-12-24 20:31:00,97857.5,97857.5,97764.3,97777.3,71.888,7031375.8053
2024-12-24 20:32:00,97777.3,97869.6,97750.0,97859.3,116.817,11425977.7905
2024-12-24 20:33:00,97859.3,97935.4,97849.8,97916.5,64.43,6307035.2932
2024-12-24 20:34:00,97916.5,97952.9,97906.2,97928.7,70.93,6946223.9291
2024-12-24 20:35:00,97928.7,97928.7,97823.9,97877.5,86.742,8490775.3505
2024-12-24 20:36:00,97877.5,97877.5,97781.0,97812.4,52.151,5101631.5367
2024-12-24 20:37:00,97812.4,97830.4,97790.7,97797.8,23.351,2284044.0214
2024-12-24 20:38:00,97797.8,97825.9,97761.8,97800.1,23.199,2268353.5517
2024-12-24 20:39:00,97800.1,97850.8,97790.0,97830.3,44.591,4362004.1706
2024-12-24 20:40:00,97830.3,97830.6,97724.8,97768.4,35.794,3499345.5146
2024-12-24 20:41:00,97768.4,97810.5,97637.1,97637.4,59.174,5783216.3914
2024-12-24 20:42:00,97637.4,97679.9,97600.0,97600.0,75.061,7329232.5035
2024-12-24 20:43:00,97600.0,97709.2,97600.0,97708.9,75.968,7419931.0249
2024-12-24 20:44:00,97708.9,97713.0,97664.7,97670.8,41.227,4027252.4908
2024-12-24 20:45:00,97670.8,97749.8,97647.2,97747.5,50.296,4914548.6271
2024-12-24 20:46:00,97747.5,97787.4,97701.7,97701.7,58.251,5693914.8839
2024-12-24 20:47:00,97701.7,97748.6,97698.2,97728.1,51.353,5018923.3676
2024-12-24 20:48:00,97728.1,97760.3,97674.1,97682.7,20.101,1964366.9532
2024-12-24 20:49:00,97682.7,97727.7,97639.2,97641.6,12.525,1223474.5044
2024-12-24 20:50:00,97641.6,97641.6,97606.6,97626.7,25.588,2497949.9553
2024-12-24 20:51:00,97626.7,97684.4,97540.0,97540.2,55.652,5432376.266
2024-12-24 20:52:00,97540.2,97592.0,97513.5,97540.0,61.627,6011562.0723
2024-12-24 20:53:00,97540.0,97565.3,97536.0,97548.0,74.801,7297360.5471
2024-12-24 20:54:00,97548.0,97573.2,97471.0,97475.0,62.349,6079382.7745
2024-12-24 20:55:00,97475.0,97475.0,97350.0,97397.8,128.503,12516286.4145
2024-12-24 20:56:00,97397.8,97402.9,97323.0,97327.1,105.671,10288094.9232
2024-12-24 20:57:00,97327.1,97343.6,97265.0,97343.6,119.268,11607385.0862
2024-12-24 20:58:00,97343.6,97396.9,97280.0,97280.3,110.784,10783919.4749
2024-12-24 20:59:00,97280.3,97327.0,97260.0,97266.2,59.143,5755082.7177
2024-12-24 21:00:00,97266.2,97387.9,97250.4,97345.7,47.122,4586805.2342
2024-12-24 21:01:00,97345.7,97416.5,97345.4,97395.7,52.661,5129014.6442
2024-12-24 21:02:00,97395.7,97467.2,97395.7,97450.3,54.859,5345593.9873
2024-12-24 21:03:00,97450.3,97501.4,97440.0,97467.7,85.306,8313329.6594
2024-12-24 21:04:00,97467.7,97560.1,97457.8,97542.6,125.256,12213601.0014
2024-12-24 21:05:00,97542.6,97560.2,97500.0,97532.0,132.262,12900802.8295
2024-12-25 12:06:00,97640.3,97825.1,97634.8,97657.1,170.231,16641248.2085
2024-12-25 12:07:00,97657.1,97732.6,97650.0,97707.0,240.909,23534078.4037
2024-12-25 12:08:00,97707.0,97850.0,97704.8,97850.0,132.246,12932170.3141
2024-12-25 12:09:00,97850.0,97914.4,97776.0,97802.2,172.924,16918735.9233
2024-12-25 12:10:00,97802.2,97985.3,97784.2,97978.3,204.501,20022704.4343
2024-12-25 12:11:00,97978.3,98065.9,97960.8,98064.9,288.95,28321298.3899
2024-12-25 12:12:00,98064.9,98068.4,97975.6,98028.9,394.369,38653254.5394
2024-12-25 12:13:00,98028.9,98113.5,97988.3,98004.8,186.699,18305085.5761
2024-12-25 12:14:00,98004.8,98047.3,97984.8,98013.1,158.662,15550548.862
2024-12-25 12:15:00,98013.1,98106.2,98009.5,98088.1,143.227,14044020.0096
2024-12-25 12:16:00,98088.1,98105.9,98049.4,98097.2,114.938,11273144.3901
2024-12-25 12:17:00,98097.2,98180.2,98069.4,98074.3,117.359,11516192.298
2024-12-25 12:18:00,98074.3,98104.0,97967.4,98044.2,166.592,16333454.9168
2024-12-25 12:19:00,98044.2,98087.6,98000.0,98067.0,116.67,11439830.8996
2024-12-25 12:20:00,98067.0,98135.5,98035.0,98135.5,97.379,9551239.2696
2024-12-25 12:21:00,98135.5,98155.2,98071.6,98147.6,62.745,6156600.5294
2024-12-25 12:22:00,98147.6,98223.3,98147.6,98147.6,129.42,12707888.3392
2024-12-25 12:23:00,98147.6,98152.7,98014.4,98024.9,179.243,17578845.8227
2024-12-25 12:24:00,98024.9,98103.1,98009.0,98079.4,70.995,6962769.8169
2024-12-25 12:25:00,98079.4,98105.6,98062.4,98062.7,27.176,2665328.8055
2024-12-25 12:26:00,98062.7,98111.0,98030.5,98077.5,20.039,1965332.7353
2024-12-25 12:27:00,98077.5,98213.2,98077.4,98183.5,37.587,3690389.7985
2024-12-25 12:28:00,98183.5,98245.8,98137.2,98148.5,72.763,7145419.7848
2024-12-25 12:29:00,98148.5,98171.4,98111.6,98117.7,58.544,5745568.6553
2024-12-25 12:30:00,98117.7,98142.1,98082.8,98105.7,53.47,5245727.603
2024-12-25 12:31:00,98105.7,98164.8,98100.0,98138.1,40.562,3980617.7166
2024-12-25 12:32:00,98138.1,98190.2,98138.1,98173.0,36.554,3588380.7388
2024-12-25 12:33:00,98173.0,98242.1,98173.0,98228.8,37.07,3640741.6502
2024-12-25 12:34:00,98228.8,98255.2,98152.8,98207.3,61.756,6065053.2888
2024-12-25 12:35:00,98207.3,98208.2,98142.1,98156.4,65.475,6427065.1574
2024-12-25 12:36:00,98156.4,98170.8,98065.2,98076.3,40.513,3974169.7284
2024-12-25 12:37:00,98076.3,98172.2,98021.1,98171.9,108.704,10662518.2246
2024-12-25 12:38:00,98171.9,98173.2,98125.9,98146.6,88.419,8678672.4526
2024-12-25 12:39:00,98146.6,98146.9,98084.0,98088.0,18.72,1836385.0429
2024-12-25 12:40:00,98088.0,98125.4,97972.3,97976.8,26.069,2555565.5649
2024-12-25 12:41:00,97976.8,98028.7,97965.0,98028.4,54.603,5351033.9861
2024-12-25 12:42:00,98028.4,98050.0,98002.9,98049.9,70.272,6887585.0358
2024-12-25 12:43:00,98049.9,98050.0,98018.8,98044.3,60.62,5942734.8432
2024-12-25 12:44:00,98044.3,98592.2,97995.8,98504.6,1720.504,169081469.5927
2024-12-25 12:45:00,98504.6,98582.0,98127.3,98283.3,843.942,83127892.566
2024-12-25 12:46:00,98283.3,98367.5,98121.4,98194.6,670.823,65890333.2064
2024-12-25 12:47:00,98194.6,98212.5,98038.8,98038.8,511.501,50170790.4635
2024-12-25 12:48:00,98038.8,98174.4,98038.8,98169.3,225.826,22161960.734
2024-12-25 12:49:00,98169.3,98169.5,98080.4,98114.2,93.9,9214555.4489
2024-12-25 12:50:00,98114.2,98169.5,98032.0,98121.9,143.423,14069038.974
2024-12-25 12:51:00,98121.9,98149.1,98099.9,98109.2,85.438,8382602.9181
2024-12-25 12:52:00,98109.2,98165.0,98108.9,98122.2,68.384,6709678.0644
2024-12-25 12:53:00,98122.2,98190.8,98120.7,98126.7,99.182,9736649.2649
2024-12-25 12:54:00,98126.7,98171.7,98126.4,98152.1,132.462,13001583.1376
2024-12-25 12:55:00,98152.1,98165.1,98101.9,98102.0,85.995,8438448.2933
2024-12-25 12:56:00,98102.0,98183.3,98078.8,98183.3,56.523,5547957.8028
2024-12-25 12:57:00,98183.3,98186.6,98106.2,98143.0,73.874,7251678.5517
2024-12-25 12:58:00,98143.0,98200.0,98143.0,98200.0,96.404,9465066.4214
2024-12-25 12:59:00,98200.0,98200.0,98150.0,98150.0,63.719,6254958.8377
2024-12-25 13:00:00,98150.0,98188.2,98100.0,98100.1,40.974,4020813.3656
2024-12-25 13:01:00,98100.1,98170.0,98100.1,98169.8,50.764,4981403.0862
2024-12-25 13:02:00,98169.8,98285.6,98169.8,98233.3,45.734,4492977.6392
2024-12-25 13:03:00,98233.3,98260.2,98200.9,98209.9,80.217,7878803.3416
2024-12-25 13:04:00,98209.9,98281.0,98209.8,98273.0,40.404,3970185.6932
2024-12-25 13:05:00,98273.0,98333.5,98209.4,98333.5,76.077,7476090.5847
2024-12-25 13:06:00,98333.5,98378.8,98300.0,98369.9,112.24,11036852.8681
2024-12-25 13:07:00,98369.9,98450.2,98351.3,98449.9,124.655,12268178.41
2024-12-25 13:08:00,98449.9,98450.0,98281.3,98298.3,101.365,9966957.7046
2024-12-25 13:09:00,98298.3,98410.8,98298.2,98392.5,90.636,8916352.4947
2024-12-25 13:10:00,98392.5,98408.1,98351.4,98390.0,102.359,10071291.287
2024-12-25 13:11:00,98390.0,98500.2,98385.5,98493.9,85.459,8414553.2298
2024-12-25 13:12:00,98493.9,98494.2,98427.7,98451.1,84.9,8358588.5456
2024-12-25 13:13:00,98451.1,98451.1,98355.5,98355.5,65.395,6434898.2297
2024-12-25 13:14:00,98355.5,98400.2,98352.5,98400.2,64.944,6388907.0413
2024-12-25 13:15:00,98400.2,98438.8,98360.0,98438.8,44.861,4413493.2949
2024-12-25 13:16:00,98438.8,98484.2,98431.5,98454.9,38.962,3836249.3452
2024-12-25 13:17:00,98454.9,98469.9,98400.0,98439.2,56.771,5588204.6748
2024-12-25 13:18:00,98439.2,98439.5,98394.1,98422.3,41.547,4088845.8255
2024-12-25 13:19:00,98422.3,98422.3,98400.0,98400.1,11.752,1156539.5843
2024-12-25 13:20:00,98400.1,98400.3,98368.2,98379.8,32.528,3200170.4122
2024-12-25 13:21:00,98379.8,98401.0,98350.0,98350.0,47.345,4657343.8529
2024-12-25 13:22:00,98350.0,98401.0,98328.3,98400.0,56.63,5570456.5656
2024-12-25 13:23:00,98400.0,98444.6,98400.0,98444.6,124.502,12255396.8958
2024-12-25 13:24:00,98444.6,98444.6,98382.7,98392.0,64.9,6386576.3753
2024-12-25 13:25:00,98392.0,98392.1,98315.0,98324.1,85.097,8367651.5441
2024-12-25 13:26:00,98324.1,98346.5,98291.9,98291.9,128.038,12590315.5161
2024-12-25 13:27:00,98291.9,98306.4,98282.0,98294.4,111.645,10973940.3657
2024-12-25 13:28:00,98294.4,98319.4,98287.5,98292.6,51.522,5064397.7938
2024-12-25 13:29:00,98292.6,98292.7,98262.2,98280.0,38.405,3774089.2381
2024-12-25 13:30:00,98280.0,98288.4,98231.1,98231.1,53.327,5239435.8567
2024-12-25 13:31:00,98231.1,98231.1,98092.4,98181.3,146.363,14366449.8362
2024-12-25 13:32:00,98181.3,98224.3,98141.3,98143.0,222.923,21888908.8927
2024-12-25 13:33:00,98143.0,98223.8,98142.9,98195.1,75.714,7434083.7557
2024-12-25 13:34:00,98195.1,98294.3,98194.2,98292.6,44.761,4397824.568
2024-12-25 13:35:00,98292.6,98358.0,98273.7,98347.0,72.1,7088452.7955
2024-12-25 13:36:00,98347.0,98352.5,98291.7,98301.9,90.642,8911677.4915
2024-12-25 13:37:00,98301.9,98327.8,98301.9,98323.0,49.997,4915890.9927
2024-12-25 13:38:00,98323.0,98388.2,98323.0,98365.9,23.284,2290544.6998
2024-12-25 13:39:00,98365.9,98453.0,98365.6,98425.0,61.378,6041820.7326
2024-12-25 13:40:00,98425.0,98439.7,98369.3,98369.3,116.284,11443123.6228
2024-12-25 13:41:00,98369.3,98394.4,98331.3,98332.0,42.257,4156611.146
2024-12-25 13:42:00,98332.0,98341.7,98332.0,98335.0,19.883,1955253.4326
2024-12-25 13:43:00,98335.0,98356.9,98300.0,98307.4,13.412,1318743.2143
2024-12-25 13:44:00,98307.4,98372.1,98307.1,98364.7,14.761,1451837.7231
2024-12-25 13:45:00,98364.7,98384.6,98327.0,98346.4,21.032,2068639.979
2024-12-26 04:46:00,98359.0,98387.9,98356.1,98387.6,64.571,6352225.3721
2024-12-26 04:47:00,98387.6,98387.9,98333.3,98333.4,28.869,2839432.7137
2024-12-26 04:48:00,98333.4,98363.2,98307.5,98362.9,29.541,2905032.2056
2024-12-26 04:49:00,98362.9,98385.1,98307.4,98307.4,69.207,6807219.755
2024-12-26 04:50:00,98307.4,98332.0,98302.6,98332.0,81.092,7971854.1357
2024-12-26 04:51:00,98332.0,98376.2,98321.3,98375.9,62.544,6150576.5195
2024-12-26 04:52:00,98375.9,98399.8,98335.9,98335.9,26.62,2618975.5907
2024-12-26 04:53:00,98335.9,98341.1,98325.2,98325.2,32.017,3148245.7811
2024-12-26 04:54:00,98325.2,98325.3,98301.0,98316.6,27.901,2742882.4903
2024-12-26 04:55:00,98316.6,98326.6,98301.0,98301.0,44.707,4395166.1989
2024-12-26 04:56:00,98301.0,98301.2,98301.0,98301.0,26.556,2610482.8706
2024-12-26 04:57:00,98301.0,98310.0,98269.6,98269.6,29.32,2881960.4724
2024-12-26 04:58:00,98269.6,98272.5,98255.2,98270.3,30.92,3038328.796
2024-12-26 04:59:00,98270.3,98287.1,98250.0,98250.1,39.014,3833533.6813
2024-12-26 05:00:00,98250.1,98286.2,98233.3,98286.2,70.067,6884234.9845
2024-12-26 05:01:00,98286.2,98319.6,98273.4,98287.1,77.153,7583835.7867
2024-12-26 05:02:00,98287.1,98287.1,98266.6,98279.0,49.161,4831587.0048
2024-12-26 05:03:00,98279.0,98279.0,98174.4,98254.5,69.4,6816908.6056
2024-12-26 05:04:00,98254.5,98353.8,98254.2,98337.6,142.21,13981565.677
2024-12-26 05:05:00,98337.6,98337.6,98213.0,98220.9,81.577,8015923.9114
2024-12-26 05:06:00,98220.9,98331.0,98220.6,98330.2,66.523,6539510.4473
2024-12-26 05:07:00,98330.2,98348.3,98329.9,98330.0,65.483,6439145.3058
2024-12-26 05:08:00,98330.0,98330.1,98165.0,98175.6,66.296,6511498.5669
2024-12-26 05:09:00,98175.6,98194.6,98150.0,98194.3,104.906,10298670.4488
2024-12-26 05:10:00,98194.3,98206.0,98138.5,98138.8,121.034,11880563.7943
2024-12-26 05:11:00,98138.8,98151.4,98106.6,98127.4,148.452,14567121.5738
2024-12-26 05:12:00,98127.4,98138.8,98033.3,98063.1,162.378,15927963.2703
2024-12-26 05:13:00,98063.1,98098.2,98049.6,98049.9,242.81,23812847.0739
2024-12-26 05:14:00,98049.9,98076.7,98045.3,98076.7,121.134,11878572.8961
2024-12-26 05:15:00,98076.7,98144.7,98076.7,98105.3,111.263,10916595.4501
2024-12-26 05:16:00,98105.3,98163.7,98105.3,98145.3,100.125,9826874.5891
2024-12-26 05:17:00,98145.3,98180.9,98108.8,98180.6,43.502,4269684.3631
2024-12-26 05:18:00,98180.6,98180.7,98113.5,98113.8,49.366,4844703.4659
2024-12-26 05:19:00,98113.8,98285.0,98113.7,98259.8,84.389,8287671.3509
2024-12-26 05:20:00,98259.8,98272.3,98246.9,98256.1,176.463,17340242.8427
2024-12-26 05:21:00,98256.1,98297.1,98255.8,98263.2,47.819,4699063.6506
2024-12-26 05:22:00,98263.2,98263.2,98191.4,98198.0,44.748,4394915.1778
2024-12-26 05:23:00,98198.0,98248.1,98197.7,98227.0,37.901,3723045.4317
2024-12-26 05:24:00,98227.0,98279.9,98227.0,98258.3,24.089,2366609.5753
2024-12-26 05:25:00,98258.3,98287.8,98258.3,98260.3,59.74,5871203.0292
2024-12-26 05:26:00,98260.3,98280.0,98250.0,98278.2,84.215,8275209.7492
2024-12-26 05:27:00,98278.2,98323.4,98262.4,98262.7,44.003,4325509.9958
2024-12-26 05:28:00,98262.7,98262.7,98233.6,98243.3,59.919,5886725.9278
2024-12-26 05:29:00,98243.3,98243.7,98222.5,98240.0,21.849,2146378.2333
2024-12-26 05:30:00,98240.0,98284.1,98239.9,98284.1,20.421,2006739.7412
2024-12-26 05:31:00,98284.1,98312.6,98279.0,98282.2,21.098,2073704.1239
2024-12-26 05:32:00,98282.2,98282.2,98233.1,98233.1,29.903,2937995.6249
2024-12-26 05:33:00,98233.1,98233.2,98188.0,98227.3,20.92,2054624.3399
2024-12-26 05:34:00,98227.3,98227.3,98191.4,98203.1,25.741,2528008.8783
2024-12-26 05:35:00,98203.1,98203.4,98193.0,98198.8,54.328,5334835.7847
2024-12-26 05:36:00,98198.8,98238.0,98198.7,98225.3,39.707,3899794.7245
2024-12-26 05:37:00,98225.3,98261.2,98199.5,98260.2,39.633,3892984.6379
2024-12-26 05:38:00,98260.2,98303.0,98250.0,98284.2,36.689,3606023.1356
2024-12-26 05:39:00,98284.2,98284.5,98233.1,98240.9,21.839,2145823.2016
2024-12-26 05:40:00,98240.9,98273.3,98226.0,98273.3,19.214,1887659.405
2024-12-26 05:41:00,98273.3,98275.0,98250.0,98261.0,31.764,3121083.7215
2024-12-26 05:42:00,98261.0,98261.3,98260.0,98261.3,35.48,3486301.5219
2024-12-26 05:43:00,98261.3,98315.0,98261.3,98315.0,35.211,3461100.6919
2024-12-26 05:44:00,98315.0,98348.3,98314.5,98347.2,93.416,9186129.0355
2024-12-26 05:45:00,98347.2,98358.2,98334.9,98335.2,116.114,11419841.3009
2024-12-26 05:46:00,98335.2,98357.6,98307.2,98307.5,60.801,5977908.2468
2024-12-26 05:47:00,98307.5,98311.9,98304.7,98310.0,48.191,4737546.3915
2024-12-26 05:48:00,98310.0,98343.5,98309.9,98343.5,33.574,3301289.3159
2024-12-26 05:49:00,98343.5,98366.9,98343.4,98366.5,18.725,1841798.6383
2024-12-26 05:50:00,98366.5,98394.1,98366.5,98389.5,35.142,3457087.8884
2024-12-26 05:51:00,98389.5,98389.7,98370.4,98370.4,44.627,4390696.8156
2024-12-26 05:52:00,98370.4,98393.8,98355.0,98388.1,35.411,3483745.6678
2024-12-26 05:53:00,98388.1,98424.6,98387.9,98397.3,42.359,4168130.0344
2024-12-26 05:54:00,98397.3,98416.0,98397.3,98400.6,27.487,2704829.1297
2024-12-26 05:55:00,98400.6,98400.7,98337.1,98337.4,23.655,2326852.0594
2024-12-26 05:56:00,98337.4,98366.8,98334.7,98363.9,49.43,4862087.462
2024-12-26 05:57:00,98363.9,98388.7,98363.9,98365.6,19.674,1935414.5613
2024-12-26 05:58:00,98365.6,98367.7,98365.0,98367.7,13.292,1307484.3446
2024-12-26 05:59:00,98367.7,98367.7,98321.5,98322.9,15.154,1490192.2086
2024-12-26 06:00:00,98322.9,98346.4,98270.0,98270.2,44.801,4403997.4422
2024-12-26 06:01:00,98270.2,98270.3,98172.3,98172.6,99.35,9758742.083
2024-12-26 06:02:00,98172.6,98195.9,98146.5,98192.0,46.669,4581110.5164
2024-12-26 06:03:00,98192.0,98207.0,98174.7,98207.0,49.119,4823102.3616
2024-12-26 06:04:00,98207.0,98328.0,98206.7,98327.9,33.9,3331542.8174
2024-12-26 06:05:00,98327.9,98444.2,98327.9,98408.5,68.259,6716475.0678
2024-12-26 06:06:00,98408.5,98419.9,98346.6,98346.6,81.642,8032648.7864
2024-12-26 06:07:00,98346.6,98351.0,98300.0,98300.2,22.641,2226362.3225
2024-12-26 06:08:00,98300.2,98300.3,98265.6,98268.8,30.189,2966999.1348
2024-12-26 06:09:00,98268.8,98335.5,98259.1,98335.4,45.144,4437297.729
2024-12-26 06:10:00,98335.4,98400.0,98334.2,98393.4,22.779,2240804.8255
2024-12-26 06:11:00,98393.4,98393.4,98367.7,98367.8,18.595,1829371.5778
2024-12-26 06:12:00,98367.8,98368.0,98315.7,98320.5,24.581,2417015.5104
2024-12-26 06:13:00,98320.5,98334.2,98308.5,98315.1,15.509,1524905.648
2024-12-26 06:14:00,98315.1,98326.1,98299.9,98300.0,14.04,1380280.688
2024-12-26 06:15:00,98300.0,98321.5,98300.0,98321.5,16.301,1602607.0154
2024-12-26 06:16:00,98321.5,98344.6,98306.4,98306.4,18.123,1781890.7526
2024-12-26 06:17:00,98306.4,98308.2,98251.0,98252.8,15.129,1486693.5593
2024-12-26 06:18:00,98252.8,98252.8,98219.2,98230.0,22.7,2229757.6724
2024-12-26 06:19:00,98230.0,98300.2,98222.4,98258.7,31.38,3083355.491
2024-12-26 06:20:00,98258.7,98258.7,98231.5,98231.8,25.482,2503484.8746
2024-12-26 06:21:00,98231.8,98231.8,98175.4,98175.4,14.304,1404728.4973
2024-12-26 06:22:00,98175.4,98175.8,98107.0,98107.1,31.958,3136525.8483
2024-12-26 06:23:00,98107.1,98107.1,98100.0,98103.8,62.48,6129528.9395
2024-12-26 06:24:00,98103.8,98157.4,98103.5,98139.5,60.66,5952557.1144
2024-12-26 06:25:00,98139.5,98139.6,98106.9,98107.6,21.822,2141146.8989
2024-12-26 21:26:00,95661.1,95686.0,95629.7,95685.9,63.521,6076713.8038
2024-12-26 21:27:00,95685.9,95790.8,95685.9,95758.6,46.084,4412283.9308
2024-12-26 21:28:00,95758.6,95766.6,95701.6,95701.6,67.454,6458027.7261
2024-12-26 21:29:00,95701.6,95725.2,95700.9,95724.9,45.649,4369598.1024
2024-12-26 21:30:00,95724.9,95741.5,95702.5,95741.3,35.725,3419752.1554
2024-12-26 21:31:00,95741.3,95790.0,95714.5,95742.1,39.352,3768305.045
2024-12-26 21:32:00,95742.1,95742.2,95537.0,95564.0,56.876,5436934.5112
2024-12-26 21:33:00,95564.0,95625.7,95554.9,95612.1,86.022,8224085.6818
2024-12-26 21:34:00,95612.1,95702.0,95612.1,95702.0,16.001,1530874.5324
2024-12-26 21:35:00,95702.0,95717.2,95588.2,95588.2,26.416,2526907.0807
2024-12-26 21:36:00,95588.2,95659.9,95588.2,95659.9,18.821,1800009.3869
2024-12-26 21:37:00,95659.9,95693.6,95659.9,95691.2,12.186,1166075.6725
2024-12-26 21:38:00,95691.2,95720.2,95677.9,95712.5,9.968,953914.8879
2024-12-26 21:39:00,95712.5,95763.5,95693.5,95760.9,12.491,1195796.7766
2024-12-26 21:40:00,95760.9,95771.5,95633.4,95633.6,14.324,1371042.7554
2024-12-26 21:41:00,95633.6,95664.8,95615.5,95664.4,22.461,2148564.7834
2024-12-26 21:42:00,95664.4,95716.3,95664.4,95699.9,12.174,1164975.3038
2024-12-26 21:43:00,95699.9,95723.4,95688.7,95698.3,5.982,572468.6264
2024-12-26 21:44:00,95698.3,95845.1,95691.9,95831.4,116.965,11203328.4728
2024-12-26 21:45:00,95831.4,95842.8,95795.9,95841.8,319.754,30637484.0871
2024-12-26 21:46:00,95841.8,95842.5,95802.0,95817.8,87.624,8396257.2292
2024-12-26 21:47:00,95817.8,95841.2,95768.5,95830.0,68.475,6560907.6783
2024-12-26 21:48:00,95830.0,95857.3,95818.6,95845.9,79.382,7608293.03
2024-12-26 21:49:00,95845.9,95914.9,95828.6,95878.4,109.596,10506842.8325
2024-12-26 21:50:00,95878.4,95878.4,95821.8,95822.1,44.734,4287606.7998
2024-12-26 21:51:00,95822.1,95831.6,95710.0,95715.3,20.176,1931973.1592
2024-12-26 21:52:00,95715.3,95739.8,95666.7,95739.8,27.075,2590993.269
2024-12-26 21:53:00,95739.8,95739.8,95706.1,95706.1,33.039,3162570.4854
2024-12-26 21:54:00,95706.1,95706.5,95650.0,95657.0,17.009,1627445.4567
2024-12-26 21:55:00,95657.0,95664.2,95654.3,95657.1,13.189,1261621.625
2024-12-26 21:56:00,95657.1,95729.9,95657.1,95729.9,15.974,1528861.015
2024-12-26 21:57:00,95729.9,95782.9,95729.9,95782.9,18.667,1787605.3474
2024-12-26 21:58:00,95782.9,95848.6,95782.9,95794.3,25.708,2463561.7559
2024-12-26 21:59:00,95794.3,95794.3,95755.5,95787.6,22.132,2119440.0531
2024-12-26 22:00:00,95787.6,95821.9,95786.0,95798.7,28.552,2735520.7723
2024-12-26 22:01:00,95798.7,95803.7,95714.4,95714.4,14.213,1360729.0409
2024-12-26 22:02:00,95714.4,95784.7,95714.4,95755.5,6.975,667903.7265
2024-12-26 22:03:00,95755.5,95758.0,95687.0,95687.0,6.107,584446.1194
2024-12-26 22:04:00,95687.0,95742.2,95686.8,95741.9,9.157,876658.6266
2024-12-26 22:05:00,95741.9,95810.3,95741.9,95810.3,9.345,894950.5145
2024-12-26 22:06:00,95810.3,95874.7,95810.3,95861.5,17.235,1652118.0015
2024-12-26 22:07:00,95861.5,95861.8,95774.5,95774.6,30.602,2932468.1653
2024-12-26 22:08:00,95774.6,95774.9,95768.5,95768.6,25.33,2425859.4224
2024-12-26 22:09:00,95768.6,95780.0,95768.5,95768.6,11.315,1083621.7115
2024-12-26 22:10:00,95768.6,95778.6,95759.0,95778.6,5.478,524585.1753
2024-12-26 22:11:00,95778.6,95778.6,95734.7,95735.0,5.465,523241.6974
2024-12-26 22:12:00,95735.0,95755.1,95734.7,95755.1,8.372,801605.0026
2024-12-26 22:13:00,95755.1,95821.4,95755.0,95805.7,19.35,1853610.484
2024-12-26 22:14:00,95805.7,95821.3,95805.7,95821.0,26.419,2531352.8783
2024-12-26 22:15:00,95821.0,95821.3,95806.5,95806.8,13.652,1308042.7802
2024-12-26 22:16:00,95806.8,95823.3,95806.8,95823.3,22.28,2134826.1412
2024-12-26 22:17:00,95823.3,95837.2,95782.8,95782.8,4.342,416066.8964
2024-12-26 22:18:00,95782.8,95784.7,95782.8,95784.7,4.46,427199.1174
2024-12-26 22:19:00,95784.7,95909.2,95784.7,95909.2,23.669,2269082.2448
2024-12-26 22:20:00,95909.2,95909.2,95876.0,95876.9,58.314,5591131.7191
2024-12-26 22:21:00,95876.9,95890.7,95876.0,95890.6,15.443,1480693.427
2024-12-26 22:22:00,95890.6,95937.4,95890.5,95913.6,23.189,2224234.2628
2024-12-26 22:23:00,95913.6,95938.5,95913.6,95914.0,32.55,3122161.1799
2024-12-26 22:24:00,95914.0,95918.9,95913.3,95913.6,17.664,1694218.6109
2024-12-26 22:25:00,95913.6,95913.6,95876.5,95876.5,9.86,945592.2184
2024-12-26 22:26:00,95876.5,95876.5,95761.7,95761.7,17.851,1709983.6705
2024-12-26 22:27:00,95761.7,95762.9,95735.9,95735.9,29.721,2846000.3065
2024-12-26 22:28:00,95735.9,95736.2,95688.7,95689.0,27.555,2637405.2927
2024-12-26 22:29:00,95689.0,95746.3,95679.3,95746.2,45.81,4384089.6164
2024-12-26 22:30:00,95746.2,95746.6,95726.9,95727.0,11.597,1110273.7896
2024-12-26 22:31:00,95727.0,95727.0,95663.8,95663.8,18.558,1775863.5937
2024-12-26 22:32:00,95663.8,95700.7,95650.4,95700.4,43.207,4134328.6059
2024-12-26 22:33:00,95700.4,95746.5,95700.4,95746.2,32.748,3134883.6657
2024-12-26 22:34:00,95746.2,95775.0,95731.0,95731.7,14.86,1422871.4419
2024-12-26 22:35:00,95731.7,95731.7,95720.0,95720.0,30.317,2901943.3513
2024-12-26 22:36:00,95720.0,95720.1,95700.0,95700.0,4.668,446769.3656
2024-12-26 22:37:00,95700.0,95714.1,95679.4,95714.1,8.316,795781.0192
2024-12-26 22:38:00,95714.1,95714.1,95713.8,95714.0,5.598,535806.7664
2024-12-26 22:39:00,95714.0,95714.0,95694.8,95694.8,4.652,445190.1883
2024-12-26 22:40:00,95694.8,95704.9,95680.0,95704.8,3.502,335154.7611
2024-12-26 22:41:00,95704.8,95704.8,95674.6,95674.7,5.142,491985.5013
2024-12-26 22:42:00,95674.7,95674.7,95648.5,95658.8,8.444,807751.7709
2024-12-26 22:43:00,95658.8,95658.9,95626.6,95626.6,12.72,1216676.0651
2024-12-26 22:44:00,95626.6,95627.1,95601.0,95601.3,18.972,1813911.312
2024-12-26 22:45:00,95601.3,95649.8,95601.0,95649.8,32.009,3061331.9306
2024-12-26 22:46:00,95649.8,95649.8,95648.4,95648.4,18.997,1817052.4436
2024-12-26 22:47:00,95648.4,95650.4,95635.9,95650.4,2.799,267720.3117
2024-12-26 22:48:00,95650.4,95650.4,95650.0,95650.0,3.7,353905.409
2024-12-26 22:49:00,95650.0,95650.1,95637.2,95642.8,6.363,608549.3022
2024-12-26 22:50:00,95642.8,95680.9,95642.8,95680.9,27.73,2652291.7865
2024-12-26 22:51:00,95680.9,95719.2,95680.9,95719.1,53.312,5102573.7046
2024-12-26 22:52:00,95719.1,95720.0,95718.9,95719.2,18.703,1790236.4496
2024-12-26 22:53:00,95719.2,95719.8,95718.9,95719.7,31.413,3006838.8525
2024-12-26 22:54:00,95719.7,95847.0,95719.7,95832.3,34.444,3300256.5833
2024-12-26 22:55:00,95832.3,95835.4,95798.1,95798.2,44.417,4255476.9096
2024-12-26 22:56:00,95798.2,95875.5,95798.1,95875.5,14.708,1409501.2282
2024-12-26 22:57:00,95875.5,95888.9,95875.2,95888.9,13.608,1304826.987
2024-12-26 22:58:00,95888.9,95922.0,95888.9,95888.9,27.386,2626366.6897
2024-12-26 22:59:00,95888.9,95888.9,95767.5,95782.7,63.262,6060880.6586
2024-12-26 23:00:00,95782.7,95856.6,95776.2,95822.6,38.394,3679284.7037
2024-12-26 23:01:00,95822.6,95822.9,95650.0,95655.1,27.117,2595345.4288
2024-12-26 23:02:00,95655.1,95669.0,95602.8,95669.0,39.905,3816366.2202
2024-12-26 23:03:00,95669.0,95676.0,95600.0,95640.3,47.99,4588457.2154
2024-12-26 23:04:00,95640.3,95663.0,95423.0,95435.0,312.302,29837255.3621
2024-12-26 23:05:00,95435.0,95509.6,95397.1,95424.6,637.751,60863188.7317
2024-12-27 14:06:00,96166.8,96354.6,96166.7,96267.8,538.566,51853931.531
2024-12-27 14:07:00,96267.8,96400.0,96267.8,96397.9,126.868,12224366.8535
2024-12-27 14:08:00,96397.9,96410.2,96279.7,96297.7,84.202,8111833.8274
2024-12-27 14:09:00,96297.7,96297.7,96167.5,96264.2,72.259,6952284.641
2024-12-27 14:10:00,96264.2,96286.5,96201.5,96235.6,70.82,6815161.4779
2024-12-27 14:11:00,96235.6,96252.6,96181.9,96181.9,23.71,2281277.7612
2024-12-27 14:12:00,96181.9,96269.2,96181.9,96269.2,25.557,2459260.3005
2024-12-27 14:13:00,96269.2,96271.6,96130.1,96145.6,55.334,5321838.5249
2024-12-27 14:14:00,96145.6,96163.0,96087.6,96094.5,81.78,7859607.1566
2024-12-27 14:15:00,96094.5,96195.2,96055.7,96162.6,122.283,11756161.2606
2024-12-27 14:16:00,96162.6,96257.3,96148.0,96234.2,120.37,11580335.6969
2024-12-27 14:17:00,96234.2,96260.8,96181.1,96260.6,80.912,7785382.3169
2024-12-27 14:18:00,96260.6,96287.7,96231.0,96275.9,97.949,9428210.3993
2024-12-27 14:19:00,96275.9,96319.4,96250.0,96319.4,54.566,5253495.5894
2024-12-27 14:20:00,96319.4,96323.2,96290.6,96300.9,40.676,3917537.5644
2024-12-27 14:21:00,96300.9,96300.9,96153.3,96216.8,80.824,7775961.358
2024-12-27 14:22:00,96216.8,96256.2,96216.8,96255.9,82.446,7934824.1982
2024-12-27 14:23:00,96255.9,96349.6,96255.9,96320.3,32.887,3167372.443
2024-12-27 14:24:00,96320.3,96360.3,96272.6,96359.9,60.49,5826548.2709
2024-12-27 14:25:00,96359.9,96385.1,96310.7,96340.7,43.47,4187676.0699
2024-12-27 14:26:00,96340.7,96374.5,96306.9,96372.9,37.101,3574091.8469
2024-12-27 14:27:00,96372.9,96450.2,96357.9,96372.1,46.147,4448859.6358
2024-12-27 14:28:00,96372.1,96372.3,96250.0,96250.0,86.364,8317801.1359
2024-12-27 14:29:00,96250.0,96296.6,96229.0,96296.5,51.231,4932311.7225
2024-12-27 14:30:00,96296.5,96338.6,96201.5,96228.8,54.423,5239930.7527
2024-12-27 14:31:00,96228.8,96228.8,96100.0,96124.1,138.764,13340681.0974
2024-12-27 14:32:00,96124.1,96143.7,96083.4,96128.6,210.247,20207348.8536
2024-12-27 14:33:00,96128.6,96128.6,95888.8,95913.0,296.141,28415492.2246
2024-12-27 14:34:00,95913.0,95985.4,95843.0,95857.9,644.004,61768456.7531
2024-12-27 14:35:00,95857.9,96015.2,95850.7,95881.0,662.196,63531809.9738
2024-12-27 14:36:00,95881.0,95881.0,95710.0,95759.9,689.951,66089660.4805
2024-12-27 14:37:00,95759.9,95833.2,95730.0,95807.4,456.666,43741324.1963
2024-12-27 14:38:00,95807.4,95817.3,95650.0,95650.4,287.199,27487359.4925
2024-12-27 14:39:00,95650.4,95701.0,95531.0,95531.0,488.837,46734562.6432
2024-12-27 14:40:00,95531.0,95538.9,95365.0,95488.7,705.825,67362971.9677
2024-12-27 14:41:00,95488.7,95621.9,95488.7,95577.2,615.551,58840303.0258
2024-12-27 14:42:00,95577.2,95577.4,95349.4,95409.0,349.907,33385835.3957
2024-12-27 14:43:00,95409.0,95518.6,95354.7,95389.5,314.361,29997583.8531
2024-12-27 14:44:00,95389.5,95418.5,95333.0,95350.7,222.068,21177473.2324
2024-12-27 14:45:00,95350.7,95370.3,95220.7,95299.6,437.146,41653374.9258
2024-12-27 14:46:00,95299.6,95348.3,95210.0,95345.6,498.86,47515663.6434
2024-12-27 14:47:00,95345.6,95348.6,95222.0,95226.2,288.377,27470167.8448
2024-12-27 14:48:00,95226.2,95444.0,95200.0,95425.8,234.295,22331690.721
2024-12-27 14:49:00,95425.8,95444.0,95165.0,95197.4,481.321,45864804.7833
2024-12-27 14:50:00,95197.4,95301.3,95165.0,95257.2,349.345,33259414.322
2024-12-27 14:51:00,95257.2,95376.9,95233.5,95367.3,259.897,24767294.3066
2024-12-27 14:52:00,95367.3,95487.4,95300.0,95475.4,237.233,22624221.1248
2024-12-27 14:53:00,95475.4,95550.0,95344.8,95367.9,332.967,31788865.4666
2024-12-27 14:54:00,95367.9,95520.1,95367.9,95520.0,317.81,30336366.3631
2024-12-27 14:55:00,95520.0,95676.5,95484.4,95534.4,260.835,24929998.9274
2024-12-27 14:56:00,95534.4,95660.2,95515.3,95660.0,427.307,40849011.7926
2024-12-27 14:57:00,95660.0,95660.6,95520.0,95520.0,238.373,22779389.8096
2024-12-27 14:58:00,95520.0,95660.0,95500.1,95653.9,141.698,13543504.0936
2024-12-27 14:59:00,95653.9,95698.1,95602.1,95648.9,141.673,13550772.6719
2024-12-27 15:00:00,95648.9,95688.4,95515.8,95515.8,159.025,15203502.6477
2024-12-27 15:01:00,95515.8,95523.4,95265.7,95278.7,217.013,20695005.5503
2024-12-27 15:02:00,95278.7,95396.6,95278.7,95396.3,278.354,26539400.7478
2024-12-27 15:03:00,95396.3,95485.7,95302.6,95310.0,149.533,14263912.8809
2024-12-27 15:04:00,95310.0,95369.1,95277.2,95290.0,138.498,13203662.9009
2024-12-27 15:05:00,95290.0,95375.5,95254.1,95375.5,81.062,7725774.7415
2024-12-27 15:06:00,95375.5,95477.6,95275.5,95454.5,134.032,12785315.7104
2024-12-27 15:07:00,95454.5,95625.5,95424.8,95425.1,132.483,12659753.5011
2024-12-27 15:08:00,95425.1,95505.7,95382.9,95411.4,144.876,13826501.2329
2024-12-27 15:09:00,95411.4,95594.4,95382.6,95578.6,74.625,7125464.6794
2024-12-27 15:10:00,95578.6,95653.7,95348.8,95348.8,87.487,8355288.4592
2024-12-27 15:11:00,95348.8,95385.7,95280.0,95284.9,169.031,16113263.7079
2024-12-27 15:12:00,95284.9,95367.9,95251.8,95280.2,133.977,12768325.5829
2024-12-27 15:13:00,95280.2,95360.2,95215.5,95305.1,145.161,13832821.4703
2024-12-27 15:14:00,95305.1,95317.9,95270.0,95294.6,204.601,19495161.5373
2024-12-27 15:15:00,95294.6,95294.6,95153.4,95155.0,121.934,11608347.8376
2024-12-27 15:16:00,95155.0,95169.2,95085.9,95085.9,355.636,33831214.4005
2024-12-27 15:17:00,95085.9,95091.5,94850.0,94908.7,926.458,87951502.2385
2024-12-27 15:18:00,94908.7,94983.1,94759.2,94761.6,697.503,66168897.6533
2024-12-27 15:19:00,94761.6,94769.3,94529.5,94620.3,824.481,78031448.2174
2024-12-27 15:20:00,94620.3,94708.7,94572.6,94674.3,674.377,63830900.0113
2024-12-27 15:21:00,94674.3,94773.5,94615.6,94771.8,539.755,51108671.0819
2024-12-27 15:22:00,94771.8,94851.3,94700.4,94839.8,447.363,42392989.0448
2024-12-27 15:23:00,94839.8,94882.7,94741.6,94796.0,294.794,27949967.9321
2024-12-27 15:24:00,94796.0,94797.4,94674.7,94700.2,252.719,23936885.677
2024-12-27 15:25:00,94700.2,94816.5,94626.6,94639.6,132.587,12559147.8823
2024-12-27 15:26:00,94639.6,94762.7,94639.6,94700.1,155.469,14724998.6855
2024-12-27 15:27:00,94700.1,94800.0,94651.6,94749.3,106.802,10118079.7299
2024-12-27 15:28:00,94749.3,94791.5,94681.2,94745.4,121.182,11480897.268
2024-12-27 15:29:00,94745.4,94760.7,94638.8,94638.8,90.448,8564896.7656
2024-12-27 15:30:00,94638.8,94737.3,94564.0,94569.9,146.543,13870408.9658
2024-12-27 15:31:00,94569.9,94719.3,94569.9,94658.1,195.875,18544338.1618
2024-12-27 15:32:00,94658.1,94658.1,94361.0,94374.1,622.914,58882729.4382
2024-12-27 15:33:00,94374.1,94374.1,94220.7,94242.5,800.427,75468707.2773
2024-12-27 15:34:00,94242.5,94290.9,94150.2,94155.6,684.954,64547599.7552
2024-12-27 15:35:00,94155.6,94293.4,94148.5,94150.1,474.274,44678886.8507
2024-12-27 15:36:00,94150.1,94187.2,94057.8,94165.7,372.261,35042190.6846
2024-12-27 15:37:00,94165.7,94327.4,94094.7,94251.8,694.471,65432419.913
2024-12-27 15:38:00,94251.8,94271.8,94185.0,94188.3,580.606,54703902.8285
2024-12-27 15:39:00,94188.3,94207.3,94073.5,94094.0,307.528,28944082.3572
2024-12-27 15:40:00,94094.0,94138.7,94000.5,94006.7,541.997,50980480.3718
2024-12-27 15:41:00,94006.7,94249.9,93980.3,94153.9,468.434,44083546.946
2024-12-27 15:42:00,94153.9,94154.2,94008.8,94044.4,525.334,49415967.5889
2024-12-27 15:43:00,94044.4,94158.3,94044.4,94140.0,238.475,22441930.7634
2024-12-27 15:44:00,94140.0,94239.5,94075.0,94239.3,134.431,12657829.7232
2024-12-27 15:45:00,94239.3,94354.7,94168.9,94291.2,207.808,19592752.9777
2024-12-28 06:46:00,94412.3,94448.4,94412.2,94420.0,28.063,2650154.4226
2024-12-28 06:47:00,94420.0,94427.4,94394.8,94413.8,39.306,3711040.8811
2024-12-28 06:48:00,94413.8,94419.7,94395.5,94395.6,26.819,2531958.3829
2024-12-28 06:49:00,94395.6,94420.0,94395.5,94418.1,10.71,1011076.6412
2024-12-28 06:50:00,94418.1,94420.0,94394.8,94394.8,8.448,797514.86
2024-12-28 06:51:00,94394.8,94399.5,94375.2,94395.1,9.567,903065.1171
2024-12-28 06:52:00,94395.1,94395.3,94395.1,94395.3,8.53,805191.2886
2024-12-28 06:53:00,94395.3,94400.0,94370.7,94399.9,11.483,1083884.6434
2024-12-28 06:54:00,94399.9,94470.0,94399.9,94460.8,22.237,2100086.0064
2024-12-28 06:55:00,94460.8,94461.0,94440.3,94442.1,25.025,2363429.4954
2024-12-28 06:56:00,94442.1,94446.6,94417.3,94420.5,28.937,2732541.2754
2024-12-28 06:57:00,94420.5,94420.6,94420.0,94420.1,27.648,2610533.3299
2024-12-28 06:58:00,94420.1,94423.1,94416.0,94423.1,17.552,1657273.4077
2024-12-28 06:59:00,94423.1,94424.8,94423.0,94424.8,4.959,468248.0827
2024-12-28 07:00:00,94424.8,94462.2,94424.8,94453.7,9.094,858955.4769
2024-12-28 07:01:00,94453.7,94500.3,94436.3,94500.2,18.555,1752919.8731
2024-12-28 07:02:00,94500.2,94528.7,94498.4,94498.4,19.279,1822248.7403
2024-12-28 07:03:00,94498.4,94513.4,94479.6,94509.4,26.698,2522933.7428
2024-12-28 07:04:00,94509.4,94530.3,94508.0,94530.3,14.408,1361894.8151
2024-12-28 07:05:00,94530.3,94546.5,94512.6,94512.6,20.553,1942942.5082
2024-12-28 07:06:00,94512.6,94512.6,94472.4,94472.4,19.997,1889743.219
2024-12-28 07:07:00,94472.4,94474.2,94452.8,94465.0,14.988,1415823.7465
2024-12-28 07:08:00,94465.0,94485.7,94454.8,94485.3,21.498,2030910.4266
2024-12-28 07:09:00,94485.3,94520.0,94485.3,94520.0,20.656,1952095.3191
2024-12-28 07:10:00,94520.0,94530.4,94519.0,94528.0,6.426,607434.3548
2024-12-28 07:11:00,94528.0,94530.1,94528.0,94528.0,6.262,591939.6788
2024-12-28 07:12:00,94528.0,94528.2,94506.7,94507.6,10.913,1031511.6531
2024-12-28 07:13:00,94507.6,94512.2,94507.6,94511.9,11.169,1055564.1774
2024-12-28 07:14:00,94511.9,94512.2,94511.9,94512.2,4.49,424359.115
2024-12-28 07:15:00,94512.2,94512.2,94468.5,94468.8,7.001,661475.6609
2024-12-28 07:16:00,94468.8,94468.8,94451.1,94461.0,7.436,702383.337
2024-12-28 07:17:00,94461.0,94487.7,94458.7,94481.5,10.291,972297.2415
2024-12-28 07:18:00,94481.5,94500.2,94481.5,94500.0,7.126,673404.8724
2024-12-28 07:19:00,94500.0,94545.5,94500.0,94545.4,5.563,525909.3083
2024-12-28 07:20:00,94545.4,94584.2,94545.3,94577.2,17.678,1671850.9839
2024-12-28 07:21:00,94577.2,94577.5,94564.8,94565.0,36.514,3453162.0188
2024-12-28 07:22:00,94565.0,94565.1,94564.8,94564.9,27.591,2609140.8346
2024-12-28 07:23:00,94564.9,94573.6,94564.9,94567.2,15.007,1419155.9223
2024-12-28 07:24:00,94567.2,94567.5,94556.0,94558.1,10.14,958846.9177
2024-12-28 07:25:00,94558.1,94558.1,94555.0,94555.3,3.173,300026.1245
2024-12-28 07:26:00,94555.3,94563.8,94539.8,94563.8,3.359,317598.0231
2024-12-28 07:27:00,94563.8,94563.8,94516.6,94516.6,6.665,630144.8891
2024-12-28 07:28:00,94516.6,94522.2,94502.3,94517.8,8.407,794523.4584
2024-12-28 07:29:00,94517.8,94522.2,94486.2,94510.4,15.451,1460172.7763
2024-12-28 07:30:00,94510.4,94522.2,94480.0,94480.1,10.502,992423.8196
2024-12-28 07:31:00,94480.1,94480.1,94423.0,94423.0,23.487,2218168.1438
2024-12-28 07:32:00,94423.0,94451.5,94422.2,94439.4,25.046,2365278.4976
2024-12-28 07:33:00,94439.4,94439.7,94421.0,94421.0,12.368,1167892.8545
2024-12-28 07:34:00,94421.0,94448.7,94421.0,94448.7,16.596,1567363.8328
2024-12-28 07:35:00,94448.7,94448.7,94447.0,94447.1,11.024,1041192.7304
2024-12-28 07:36:00,94447.1,94447.1,94421.0,94421.0,6.527,616363.8259
2024-12-28 07:37:00,94421.0,94445.7,94421.0,94445.7,8.348,788356.1196
2024-12-28 07:38:00,94445.7,94445.7,94434.3,94434.5,7.842,740610.1883
2024-12-28 07:39:00,94434.5,94434.6,94421.0,94421.1,7.02,662876.8003
2024-12-28 07:40:00,94421.1,94421.4,94408.8,94409.0,14.975,1413872.1034
2024-12-28 07:41:00,94409.0,94409.1,94351.0,94369.4,27.025,2550865.7821
2024-12-28 07:42:00,94369.4,94369.5,94364.0,94364.0,38.748,3656456.3731
2024-12-28 07:43:00,94364.0,94364.1,94304.1,94313.3,48.22,4548430.9932
2024-12-28 07:44:00,94313.3,94343.5,94313.1,94334.3,52.288,4932231.5152
2024-12-28 07:45:00,94334.3,94357.9,94304.3,94352.2,35.437,3342368.0493
2024-12-28 07:46:00,94352.2,94352.7,94323.8,94338.4,39.026,3681859.1032
2024-12-28 07:47:00,94338.4,94369.0,94317.1,94323.8,49.207,4641610.6762
2024-12-28 07:48:00,94323.8,94323.9,94300.0,94300.3,103.024,9715971.5369
2024-12-28 07:49:00,94300.3,94317.0,94270.4,94270.4,63.744,6011279.0761
2024-12-28 07:50:00,94270.4,94330.2,94270.4,94330.0,96.476,9097621.9692
2024-12-28 07:51:00,94330.0,94330.2,94267.2,94270.9,64.028,6037878.9866
2024-12-28 07:52:00,94270.9,94285.5,94269.6,94285.4,34.527,3255206.537
2024-12-28 07:53:00,94285.4,94285.5,94285.4,94285.5,30.043,2832618.0802
2024-12-28 07:54:00,94285.5,94305.2,94256.9,94305.2,31.031,2925539.0345
2024-12-28 07:55:00,94305.2,94309.9,94292.4,94292.4,61.638,5812889.7512
2024-12-28 07:56:00,94292.4,94331.8,94292.4,94302.6,25.513,2406080.6173
2024-12-28 07:57:00,94302.6,94310.2,94302.5,94305.8,20.291,1913520.4391
2024-12-28 07:58:00,94305.8,94350.1,94305.5,94343.0,7.652,721840.6698
2024-12-28 07:59:00,94343.0,94343.4,94334.5,94334.7,17.233,1625725.5925
2024-12-28 08:00:00,94334.7,94394.3,94334.6,94383.8,34.943,3297628.1128
2024-12-28 08:01:00,94383.8,94416.7,94383.8,94416.4,52.755,4979950.6307
2024-12-28 08:02:00,94416.4,94424.7,94401.1,94411.0,19.144,1807463.4393
2024-12-28 08:03:00,94411.0,94414.5,94369.2,94369.2,20.921,1974692.5918
2024-12-28 08:04:00,94369.2,94413.2,94369.2,94402.4,11.662,1100891.5048
2024-12-28 08:05:00,94402.4,94424.7,94402.4,94417.0,14.333,1353279.8636
2024-12-28 08:06:00,94417.0,94431.2,94417.0,94427.2,8.243,778322.2721
2024-12-28 08:07:00,94427.2,94429.4,94419.7,94423.7,9.39,886637.233
2024-12-28 08:08:00,94423.7,94444.4,94423.4,94444.0,10.768,1016862.1044
2024-12-28 08:09:00,94444.0,94446.7,94394.6,94394.6,8.894,839874.9676
2024-12-28 08:10:00,94394.6,94394.7,94338.5,94363.6,15.963,1506143.6774
2024-12-28 08:11:00,94363.6,94363.7,94350.0,94350.0,14.256,1345183.0637
2024-12-28 08:12:00,94350.0,94378.4,94350.0,94378.1,8.572,808921.1313
2024-12-28 08:13:00,94378.1,94385.6,94370.9,94370.9,7.1,670096.3248
2024-12-28 08:14:00,94370.9,94394.8,94370.9,94394.5,10.225,965105.3594
2024-12-28 08:15:00,94394.5,94404.0,94368.1,94403.9,12.591,1188381.3333
2024-12-28 08:16:00,94403.9,94404.0,94403.9,94404.0,26.497,2501420.8393
2024-12-28 08:17:00,94404.0,94404.0,94343.8,94344.1,18.321,1728627.329
2024-12-28 08:18:00,94344.1,94367.2,94344.1,94357.2,40.288,3801575.7225
2024-12-28 08:19:00,94357.2,94369.0,94357.2,94366.4,6.72,634136.0992
2024-12-28 08:20:00,94366.4,94366.6,94330.4,94330.4,5.735,541113.5532
2024-12-28 08:21:00,94330.4,94330.5,94270.9,94283.8,12.663,1193966.5523
2024-12-28 08:22:00,94283.8,94321.5,94283.7,94291.5,19.007,1792483.1362
2024-12-28 08:23:00,94291.5,94319.8,94291.5,94296.2,12.225,1152813.6481
2024-12-28 08:24:00,94296.2,94317.7,94296.2,94305.7,15.129,1426754.2435
2024-12-28 08:25:00,94305.7,94325.6,94305.4,94325.6,12.655,1193527.7072
2024-12-28 23:26:00,95188.8,95196.7,95188.8,95188.9,36.057,3432225.4489
2024-12-28 23:27:00,95188.9,95255.3,95188.8,95255.0,13.889,1322819.6797
2024-12-28 23:28:00,95255.0,95278.7,95254.9,95278.7,21.076,2007696.0321
2024-12-28 23:29:00,95278.7,95327.9,95278.7,95289.6,34.257,3265101.3621
2024-12-28 23:30:00,95289.6,95330.0,95275.2,95330.0,33.84,3225352.5295
2024-12-28 23:31:00,95330.0,95333.0,95312.7,95333.0,20.424,1946986.9522
2024-12-28 23:32:00,95333.0,95340.0,95332.8,95339.9,17.295,1648800.5389
2024-12-28 23:33:00,95339.9,95350.0,95300.0,95300.3,22.327,2128536.3134
2024-12-28 23:34:00,95300.3,95300.3,95255.0,95286.7,20.949,1996027.0397
2024-12-28 23:35:00,95286.7,95349.9,95286.6,95343.0,19.587,1867223.4212
2024-12-28 23:36:00,95343.0,95343.0,95283.3,95283.3,8.406,801213.6532
2024-12-28 23:37:00,95283.3,95283.3,95166.8,95167.1,20.582,1959679.1376
2024-12-28 23:38:00,95167.1,95200.3,95150.0,95191.6,45.365,4317796.7507
2024-12-28 23:39:00,95191.6,95228.5,95185.8,95188.7,26.538,2526531.5773
2024-12-28 23:40:00,95188.7,95189.6,95131.6,95150.2,35.52,3380226.3709
2024-12-28 23:41:00,95150.2,95186.2,95130.7,95130.9,9.674,920698.3377
2024-12-28 23:42:00,95130.9,95174.8,95120.0,95174.7,13.699,1303408.7692
2024-12-28 23:43:00,95174.7,95205.9,95174.7,95180.5,25.806,2456562.2658
2024-12-28 23:44:00,95180.5,95193.0,95167.2,95192.6,27.832,2649313.7612
2024-12-28 23:45:00,95192.6,95260.2,95192.6,95259.9,33.222,3163955.4913
2024-12-28 23:46:00,95259.9,95280.2,95229.3,95229.3,48.264,4596390.3898
2024-12-28 23:47:00,95229.3,95233.6,95206.7,95233.6,8.071,768539.9816
2024-12-28 23:48:00,95233.6,95271.6,95233.4,95268.3,8.458,805618.7528
2024-12-28 23:49:00,95268.3,95324.6,95268.3,95289.6,15.156,1444421.2475
2024-12-28 23:50:00,95289.6,95322.6,95289.6,95316.8,22.176,2113828.3655
2024-12-28 23:51:00,95316.8,95350.0,95315.7,95347.6,9.843,938315.8215
2024-12-28 23:52:00,95347.6,95347.6,95314.0,95329.6,17.453,1663769.0229
2024-12-28 23:53:00,95329.6,95336.2,95329.6,95332.0,21.076,2009221.8284
2024-12-28 23:54:00,95332.0,95332.0,95314.0,95314.3,19.889,1895791.5667
2024-12-28 23:55:00,95314.3,95332.5,95295.2,95332.5,7.23,689145.3305
2024-12-28 23:56:00,95332.5,95348.3,95332.5,95340.0,12.214,1164512.9093
2024-12-28 23:57:00,95340.0,95342.2,95330.1,95330.5,29.445,2807097.8781
2024-12-28 23:58:00,95330.5,95331.7,95273.5,95273.8,21.587,2057522.6668
2024-12-28 23:59:00,95273.8,95273.8,95255.0,95255.3,8.939,851565.2155
2024-12-29 00:00:00,95255.3,95300.2,95226.3,95226.3,16.707,1591781.8775
2024-12-29 00:01:00,95226.3,95226.3,95199.0,95199.0,20.76,1976523.8757
2024-12-29 00:02:00,95199.0,95245.6,95199.0,95230.2,29.224,2782568.3828
2024-12-29 00:03:00,95230.2,95245.9,95195.0,95195.0,43.151,4108164.0768
2024-12-29 00:04:00,95195.0,95195.0,95129.6,95129.6,17.173,1633919.7109
2024-12-29 00:05:00,95129.6,95195.0,95124.7,95144.6,47.802,4548340.4809
2024-12-29 00:06:00,95144.6,95176.5,95131.7,95176.2,32.602,3101991.1591
2024-12-29 00:07:00,95176.2,95176.5,95126.1,95153.9,20.271,1928745.3258
2024-12-29 00:08:00,95153.9,95153.9,95101.7,95105.9,16.51,1570384.1739
2024-12-29 00:09:00,95105.9,95218.5,95105.9,95183.1,22.262,2118821.4239
2024-12-29 00:10:00,95183.1,95183.1,95132.7,95177.2,23.977,2281554.0217
2024-12-29 00:11:00,95177.2,95197.7,95166.9,95197.7,33.87,3223796.0444
2024-12-29 00:12:00,95197.7,95197.7,95152.0,95171.9,19.124,1819974.6987
2024-12-29 00:13:00,95171.9,95172.0,95140.6,95140.9,8.151,775616.926
2024-12-29 00:14:00,95140.9,95152.4,95123.7,95150.0,13.857,1318335.2043
2024-12-29 00:15:00,95150.0,95183.8,95149.7,95179.3,11.585,1102589.9653
2024-12-29 00:16:00,95179.3,95179.3,95160.0,95179.3,10.829,1030560.3349
2024-12-29 00:17:00,95179.3,95179.3,95115.2,95115.2,7.797,741861.3856
2024-12-29 00:18:00,95115.2,95177.3,95115.0,95177.3,14.973,1424450.3533
2024-12-29 00:19:00,95177.3,95183.1,95160.8,95169.6,21.725,2067503.4038
2024-12-29 00:20:00,95169.6,95169.6,95157.2,95157.2,8.124,773102.2575
2024-12-29 00:21:00,95157.2,95157.2,95125.0,95125.0,8.094,770105.6252
2024-12-29 00:22:00,95125.0,95135.3,95122.2,95135.2,12.704,1208562.2688
2024-12-29 00:23:00,95135.2,95135.2,95101.6,95131.1,12.405,1179929.8723
2024-12-29 00:24:00,95131.1,95131.2,95108.1,95108.2,26.457,2516279.7806
2024-12-29 00:25:00,95108.2,95134.5,95107.4,95120.4,8.946,850924.0098
2024-12-29 00:26:00,95120.4,95120.7,95108.0,95120.3,16.374,1557421.2614
2024-12-29 00:27:00,95120.3,95135.3,95113.9,95135.1,11.319,1076747.6781
2024-12-29 00:28:00,95135.1,95135.1,95104.9,95105.8,20.462,1946084.5674
2024-12-29 00:29:00,95105.8,95105.9,95104.9,95105.0,22.39,2129400.1126
2024-12-29 00:30:00,95105.0,95105.0,95064.4,95072.7,33.126,3149865.523
2024-12-29 00:31:00,95072.7,95145.6,95068.3,95145.6,60.267,5732170.3622
2024-12-29 00:32:00,95145.6,95145.6,95128.7,95128.9,26.828,2552386.0902
2024-12-29 00:33:00,95128.9,95144.5,95107.9,95144.5,25.439,2419932.2248
2024-12-29 00:34:00,95144.5,95144.5,95052.9,95062.1,17.266,1641743.262
2024-12-29 00:35:00,95062.1,95151.2,95061.8,95131.3,42.803,4071390.1665
2024-12-29 00:36:00,95131.3,95152.3,95106.4,95106.4,12.018,1143320.0526
2024-12-29 00:37:00,95106.4,95130.2,95090.6,95102.4,3.836,364875.0558
2024-12-29 00:38:00,95102.4,95102.4,95055.1,95100.2,7.337,697573.3503
2024-12-29 00:39:00,95100.2,95100.2,95055.6,95056.4,10.998,1045489.5199
2024-12-29 00:40:00,95056.4,95135.0,95051.3,95135.0,13.771,1309701.2064
2024-12-29 00:41:00,95135.0,95162.4,95125.3,95160.5,36.26,3450162.2521
2024-12-29 00:42:00,95160.5,95195.5,95150.0,95167.4,71.918,6844284.0831
2024-12-29 00:43:00,95167.4,95167.4,95118.4,95118.4,21.673,2062088.9518
2024-12-29 00:44:00,95118.4,95128.5,95106.1,95127.0,14.822,1409802.74
2024-12-29 00:45:00,95127.0,95127.0,95106.1,95106.2,12.19,1159495.0285
2024-12-29 00:46:00,95106.2,95106.2,95050.0,95060.1,11.091,1054362.5759
2024-12-29 00:47:00,95060.1,95060.1,95014.9,95020.2,39.409,3744984.2148
2024-12-29 00:48:00,95020.2,95048.1,95018.8,95040.0,61.925,5884758.0632
2024-12-29 00:49:00,95040.0,95043.8,95040.0,95040.4,22.369,2125991.083
2024-12-29 00:50:00,95040.4,95063.7,95033.3,95047.2,6.772,643663.9773
2024-12-29 00:51:00,95047.2,95054.2,95047.0,95054.2,14.986,1424402.0037
2024-12-29 00:52:00,95054.2,95054.2,95040.0,95040.0,22.111,2101650.3937
2024-12-29 00:53:00,95040.0,95057.4,95036.8,95057.3,18.047,1715286.0084
2024-12-29 00:54:00,95057.3,95057.4,95026.1,95026.1,12.11,1150900.9238
2024-12-29 00:55:00,95026.1,95057.4,95014.1,95047.5,6.707,637429.9098
2024-12-29 00:56:00,95047.5,95058.0,95047.5,95057.9,17.782,1690290.73
2024-12-29 00:57:00,95057.9,95108.3,95057.9,95108.1,19.865,1889136.6427
2024-12-29 00:58:00,95108.1,95108.3,95095.4,95099.9,16.802,1597864.7809
2024-12-29 00:59:00,95099.9,95100.0,95085.7,95095.0,20.238,1924499.1958
2024-12-29 01:00:00,95095.0,95142.2,95094.9,95141.9,5.819,553509.105
2024-12-29 01:01:00,95141.9,95170.2,95141.9,95166.8,13.924,1324937.3044
2024-12-29 01:02:00,95166.8,95175.0,95161.7,95174.9,18.686,1778307.1564
2024-12-29 01:03:00,95174.9,95176.9,95169.9,95170.4,25.238,2401954.8274
2024-12-29 01:04:00,95170.4,95177.7,95169.9,95174.6,17.077,1625263.6432
2024-12-29 01:05:00,95174.6,95174.6,95062.1,95066.9,20.747,1972890.7587
2024-12-29 16:06:00,94350.0,94376.4,94243.2,94257.3,616.583,58148533.2584
2024-12-29 16:07:00,94257.3,94300.1,94248.3,94258.5,440.258,41502231.9625
2024-12-29 16:08:00,94258.5,94267.2,94194.3,94255.0,163.289,15388762.0039
2024-12-29 16:09:00,94255.0,94327.4,94254.9,94267.1,191.828,18085288.1151
2024-12-29 16:10:00,94267.1,94267.1,94166.9,94168.3,80.717,7605582.5135
2024-12-29 16:11:00,94168.3,94204.9,94164.0,94180.3,110.763,10432166.1776
2024-12-29 16:12:00,94180.3,94191.5,94168.0,94170.7,75.786,7138034.0764
2024-12-29 16:13:00,94170.7,94200.9,94168.0,94200.8,49.937,4703649.8182
2024-12-29 16:14:00,94200.8,94200.8,94151.9,94172.7,58.583,5516888.5808
2024-12-29 16:15:00,94172.7,94210.2,94165.9,94166.3,62.158,5855119.0444
2024-12-29 16:16:00,94166.3,94166.3,94066.4,94070.8,69.084,6502480.6932
2024-12-29 16:17:00,94070.8,94091.2,93977.1,93993.9,184.018,17300794.1889
2024-12-29 16:18:00,93993.9,94091.3,93989.0,94055.3,343.806,32326817.6042
2024-12-29 16:19:00,94055.3,94055.7,93978.1,93978.3,133.782,12577933.1459
2024-12-29 16:20:00,93978.3,94014.1,93935.0,93964.6,332.78,31273346.9298
2024-12-29 16:21:00,93964.6,93971.0,93915.3,93944.3,615.741,57850374.0524
2024-12-29 16:22:00,93944.3,93944.3,93850.0,93866.0,307.466,28860525.5514
2024-12-29 16:23:00,93866.0,93892.1,93854.2,93854.3,424.706,39866129.2785
2024-12-29 16:24:00,93854.3,93977.1,93850.0,93949.4,270.15,25376854.384
2024-12-29 16:25:00,93949.4,93969.2,93922.5,93936.1,318.087,29882350.6305
2024-12-29 16:26:00,93936.1,94000.2,93936.1,93995.0,118.389,11126161.2788
2024-12-29 16:27:00,93995.0,94000.2,93961.1,93961.1,100.614,9455964.4431
2024-12-29 16:28:00,93961.1,93985.1,93961.0,93965.7,78.232,7351256.5614
2024-12-29 16:29:00,93965.7,93965.7,93913.9,93936.7,62.804,5899826.132
2024-12-29 16:30:00,93936.7,93994.5,93895.0,93994.5,96.686,9083355.2245
2024-12-29 16:31:00,93994.5,93999.1,93904.5,93932.7,95.0,8924750.6434
2024-12-29 16:32:00,93932.7,93983.0,93921.8,93921.8,399.938,37575704.6633
2024-12-29 16:33:00,93921.8,93921.8,93759.3,93760.8,691.391,64861680.6486
2024-12-29 16:34:00,93760.8,93852.3,93760.7,93795.3,542.634,50907099.0433
2024-12-29 16:35:00,93795.3,93809.2,93768.6,93774.9,245.118,22989704.5588
2024-12-29 16:36:00,93774.9,93781.4,93701.0,93761.3,110.126,10323642.9969
2024-12-29 16:37:00,93761.3,93827.7,93735.7,93811.4,132.037,12384057.5755
2024-12-29 16:38:00,93811.4,93814.4,93650.0,93717.1,170.903,16014507.8223
2024-12-29 16:39:00,93717.1,93729.8,93596.0,93614.6,468.157,43858927.3673
2024-12-29 16:40:00,93614.6,93649.9,93577.0,93592.1,590.614,55296657.1164
2024-12-29 16:41:00,93592.1,93686.0,93591.4,93664.9,216.847,20306535.6373
2024-12-29 16:42:00,93664.9,93664.9,93553.0,93644.2,149.385,13982875.1895
2024-12-29 16:43:00,93644.2,93764.4,93590.8,93744.1,160.039,14993748.4949
2024-12-29 16:44:00,93744.1,93744.2,93646.9,93683.2,159.731,14965155.5819
2024-12-29 16:45:00,93683.2,93736.3,93680.0,93736.3,119.209,11170597.4402
2024-12-29 16:46:00,93736.3,93755.3,93701.5,93754.4,112.173,10515109.4864
2024-12-29 16:47:00,93754.4,93784.1,93716.9,93723.0,53.32,4999126.0996
2024-12-29 16:48:00,93723.0,93758.6,93693.5,93746.9,73.378,6876706.4838
2024-12-29 16:49:00,93746.9,93780.2,93746.9,93755.1,57.056,5349903.389
2024-12-29 16:50:00,93755.1,93829.6,93746.7,93763.7,104.223,9776822.6717
2024-12-29 16:51:00,93763.7,93865.9,93763.6,93853.9,241.262,22636123.0315
2024-12-29 16:52:00,93853.9,93859.8,93800.0,93800.0,184.989,17355911.6251
2024-12-29 16:53:00,93800.0,93821.4,93784.8,93821.2,81.335,7629301.7687
2024-12-29 16:54:00,93821.2,93838.8,93818.6,93832.5,64.933,6092716.6964
2024-12-29 16:55:00,93832.5,93859.4,93811.9,93845.1,72.634,6816486.3489
2024-12-29 16:56:00,93845.1,93845.1,93791.1,93809.3,60.414,5667344.8933
2024-12-29 16:57:00,93809.3,93875.3,93809.3,93859.7,210.261,19734919.7326
2024-12-29 16:58:00,93859.7,93859.7,93812.1,93820.4,401.777,37697955.3669
2024-12-29 16:59:00,93820.4,93900.0,93810.4,93850.3,339.519,31870414.3942
2024-12-29 17:00:00,93850.3,93855.7,93771.3,93777.7,563.539,52869248.7321
2024-12-29 17:01:00,93777.7,93855.7,93777.7,93799.5,123.066,11545242.1404
2024-12-29 17:02:00,93799.5,93805.9,93754.6,93783.8,53.124,4982123.5805
2024-12-29 17:03:00,93783.8,93791.1,93740.4,93752.3,39.778,3729619.0572
2024-12-29 17:04:00,93752.3,93864.8,93752.3,93845.9,41.643,3907394.9987
2024-12-29 17:05:00,93845.9,93845.9,93772.6,93772.6,35.488,3329479.9022
2024-12-29 17:06:00,93772.6,93790.9,93768.0,93777.3,42.52,3987536.4674
2024-12-29 17:07:00,93777.3,93826.2,93777.3,93825.9,52.38,4913608.2544
2024-12-29 17:08:00,93825.9,93942.5,93825.9,93921.5,76.435,7177352.9627
2024-12-29 17:09:00,93921.5,93976.0,93915.3,93948.3,130.051,12217267.9854
2024-12-29 17:10:00,93948.3,94023.3,93948.0,94012.5,179.582,16877539.4166
2024-12-29 17:11:00,94012.5,94072.0,93975.1,93999.9,270.441,25427652.238
2024-12-29 17:12:00,93999.9,94000.0,93960.9,93979.6,153.13,14391837.0123
2024-12-29 17:13:00,93979.6,94038.1,93979.6,94024.1,29.894,2810566.5324
2024-12-29 17:14:00,94024.1,94032.7,93987.9,94032.7,35.414,3329043.2133
2024-12-29 17:15:00,94032.7,94055.6,93974.8,93983.6,47.901,4502529.8217
2024-12-29 17:16:00,93983.6,94002.2,93980.7,93985.5,88.618,8329638.6044
2024-12-29 17:17:00,93985.5,93985.6,93827.5,93867.3,44.197,4149411.1307
2024-12-29 17:18:00,93867.3,93929.1,93842.5,93929.1,220.962,20743237.9817
2024-12-29 17:19:00,93929.1,94000.0,93928.9,93948.4,350.369,32922643.0154
2024-12-29 17:20:00,93948.4,93948.4,93900.0,93901.7,29.361,2757362.8191
2024-12-29 17:21:00,93901.7,93971.0,93901.7,93970.9,28.339,2662352.4269
2024-12-29 17:22:00,93970.9,94000.0,93948.2,93967.7,12.944,1216430.4328
2024-12-29 17:23:00,93967.7,93976.2,93943.3,93951.5,19.166,1800839.8369
2024-12-29 17:24:00,93951.5,94000.0,93944.8,93981.9,11.348,1066514.1476
2024-12-29 17:25:00,93981.9,93981.9,93975.9,93975.9,23.867,2242994.5753
2024-12-29 17:26:00,93975.9,93976.2,93875.3,93887.2,37.402,3513922.9944
2024-12-29 17:27:00,93887.2,93887.2,93809.4,93819.8,25.033,2348968.2798
2024-12-29 17:28:00,93819.8,93819.8,93749.9,93785.9,53.567,5024258.6146
2024-12-29 17:29:00,93785.9,93865.7,93785.9,93812.6,59.825,5612876.2497
2024-12-29 17:30:00,93812.6,93839.0,93812.3,93830.8,30.065,2820619.0551
2024-12-29 17:31:00,93830.8,93830.8,93770.5,93770.5,27.632,2591558.0937
2024-12-29 17:32:00,93770.5,93896.2,93770.5,93896.2,23.994,2251954.0599
2024-12-29 17:33:00,93896.2,93920.2,93871.5,93889.3,19.087,1791877.0229
2024-12-29 17:34:00,93889.3,93903.8,93847.9,93896.5,13.18,1237419.1761
2024-12-29 17:35:00,93896.5,93904.1,93871.6,93895.9,10.873,1020874.715
2024-12-29 17:36:00,93895.9,93896.0,93871.6,93872.5,9.499,891819.9502
2024-12-29 17:37:00,93872.5,93872.5,93836.6,93839.7,261.11,24506705.4175
2024-12-29 17:38:00,93839.7,93893.0,93818.3,93893.0,580.4,54477696.7822
2024-12-29 17:39:00,93893.0,93932.1,93885.9,93910.7,69.6,6536223.3365
2024-12-29 17:40:00,93910.7,93938.8,93896.8,93927.0,14.312,1344208.1285
2024-12-29 17:41:00,93927.0,93992.3,93915.8,93985.3,17.414,1636194.5134
2024-12-29 17:42:00,93985.3,94000.0,93947.1,93947.1,28.824,2708672.012
2024-12-29 17:43:00,93947.1,93955.6,93944.6,93944.7,26.326,2473206.2265
2024-12-29 17:44:00,93944.7,93962.1,93934.1,93945.6,106.813,10034830.1731
2024-12-29 17:45:00,93945.6,93980.7,93920.0,93920.4,336.339,31602222.5707
2024-12-30 08:46:00,93883.1,93927.7,93880.0,93920.1,50.388,4731259.7747
2024-12-30 08:47:00,93920.1,93920.4,93850.7,93880.2,37.815,3550410.5481
2024-12-30 08:48:00,93880.2,93895.6,93846.8,93847.0,41.712,3916086.14
2024-12-30 08:49:00,93847.0,93864.9,93840.0,93840.0,27.554,2585841.6406
2024-12-30 08:50:00,93840.0,93840.1,93804.0,93823.9,27.409,2571437.6838
2024-12-30 08:51:00,93823.9,93850.2,93811.3,93849.9,7.675,720097.2571
2024-12-30 08:52:00,93849.9,93876.5,93840.0,93847.2,16.554,1553631.0185
2024-12-30 08:53:00,93847.2,93856.0,93847.2,93856.0,17.27,1620826.7022
2024-12-30 08:54:00,93856.0,93877.8,93833.6,93844.2,12.627,1184995.4603
2024-12-30 08:55:00,93844.2,93886.6,93843.9,93868.1,15.472,1452275.9098
2024-12-30 08:56:00,93868.1,93900.0,93852.9,93857.4,10.119,949956.7268
2024-12-30 08:57:00,93857.4,93876.1,93857.4,93867.6,15.613,1465507.4705
2024-12-30 08:58:00,93867.6,93867.9,93830.5,93834.2,15.22,1428263.8934
2024-12-30 08:59:00,93834.2,93838.3,93811.4,93811.4,6.834,641165.2143
2024-12-30 09:00:00,93811.4,93825.6,93777.1,93777.1,7.573,710386.9273
2024-12-30 09:01:00,93777.1,93780.0,93704.4,93704.4,39.597,3711501.2087
2024-12-30 09:02:00,93704.4,93731.3,93704.4,93731.3,91.045,8533374.5953
2024-12-30 09:03:00,93731.3,93855.2,93731.0,93855.2,34.767,3261652.7959
2024-12-30 09:04:00,93855.2,93871.1,93810.2,93843.3,76.052,7136595.6582
2024-12-30 09:05:00,93843.3,93848.4,93800.0,93800.0,90.037,8448173.0772
2024-12-30 09:06:00,93800.0,93800.0,93723.3,93741.7,14.54,1363048.524
2024-12-30 09:07:00,93741.7,93752.0,93700.0,93720.4,56.416,5286764.744
2024-12-30 09:08:00,93720.4,93750.0,93720.4,93726.0,113.286,10618642.7505
2024-12-30 09:09:00,93726.0,93744.7,93726.0,93743.1,6.982,654487.6655
2024-12-30 09:10:00,93743.1,93743.1,93700.0,93700.3,19.691,1845357.384
2024-12-30 09:11:00,93700.3,93758.9,93700.0,93716.0,42.649,3997348.9904
2024-12-30 09:12:00,93716.0,93734.8,93700.0,93734.8,26.394,2473401.4268
2024-12-30 09:13:00,93734.8,93777.2,93718.4,93772.2,14.0,1312610.5885
2024-12-30 09:14:00,93772.2,93777.5,93736.0,93777.5,35.693,3346433.852
2024-12-30 09:15:00,93777.5,93866.8,93777.5,93866.8,53.175,4988882.2462
2024-12-30 09:16:00,93866.8,93868.1,93775.0,93819.3,28.66,2689030.3053
2024-12-30 09:17:00,93819.3,93819.9,93774.2,93774.2,37.385,3506572.6688
2024-12-30 09:18:00,93774.2,93796.3,93722.0,93722.1,44.125,4136494.8136
2024-12-30 09:19:00,93722.1,93722.1,93643.6,93660.0,61.65,5774893.2237
2024-12-30 09:20:00,93660.0,93686.9,93646.3,93686.9,87.311,8178224.4633
2024-12-30 09:21:00,93686.9,93720.3,93672.9,93680.9,44.903,4207056.6967
2024-12-30 09:22:00,93680.9,93699.9,93656.0,93668.7,34.192,3202894.4139
2024-12-30 09:23:00,93668.7,93706.0,93660.2,93692.9,67.998,6370519.5799
2024-12-30 09:24:00,93692.9,93710.2,93675.5,93675.5,52.95,4960467.5715
2024-12-30 09:25:00,93675.5,93693.0,93655.0,93666.1,16.99,1591309.9881
2024-12-30 09:26:00,93666.1,93691.5,93666.1,93680.9,31.407,2942262.1366
2024-12-30 09:27:00,93680.9,93888.6,93680.9,93878.5,72.013,6755383.0432
2024-12-30 09:28:00,93878.5,93920.4,93869.5,93869.8,117.747,11055530.8951
2024-12-30 09:29:00,93869.8,93875.4,93852.5,93874.0,42.079,3949752.4908
2024-12-30 09:30:00,93874.0,93898.0,93848.5,93848.8,29.309,2751293.1524
2024-12-30 09:31:00,93848.8,93854.0,93833.3,93852.1,21.063,1976642.5379
2024-12-30 09:32:00,93852.1,93852.1,93833.9,93842.2,18.441,1730503.662
2024-12-30 09:33:00,93842.2,93874.6,93824.6,93866.5,21.04,1974476.821
2024-12-30 09:34:00,93866.5,93875.0,93857.0,93875.0,45.648,4284898.5648
2024-12-30 09:35:00,93875.0,93875.0,93863.5,93863.5,13.662,1282414.7997
2024-12-30 09:36:00,93863.5,93900.0,93857.0,93883.3,11.035,1035868.2329
2024-12-30 09:37:00,93883.3,93914.7,93864.4,93867.0,28.728,2696976.4224
2024-12-30 09:38:00,93867.0,93915.4,93858.2,93915.4,61.102,5737394.6915
2024-12-30 09:39:00,93915.4,93920.4,93880.8,93913.3,52.812,4959593.4742
2024-12-30 09:40:00,93913.3,93929.8,93902.6,93921.3,54.294,5099040.8155
2024-12-30 09:41:00,93921.3,93957.9,93914.9,93953.0,48.762,4580556.8044
2024-12-30 09:42:00,93953.0,93970.0,93953.0,93969.9,106.174,9977144.9335
2024-12-30 09:43:00,93969.9,93985.0,93904.0,93915.5,170.068,15978550.6233
2024-12-30 09:44:00,93915.5,93950.2,93915.4,93950.2,62.719,5890732.7397
2024-12-30 09:45:00,93950.2,93975.8,93932.2,93932.2,60.78,5710732.1816
2024-12-30 09:46:00,93932.2,93940.3,93875.2,93875.2,25.031,2350616.8445
2024-12-30 09:47:00,93875.2,93940.0,93868.6,93909.0,34.065,3199246.516
2024-12-30 09:48:00,93909.0,93915.3,93850.0,93850.3,19.086,1791375.8028
2024-12-30 09:49:00,93850.3,93867.5,93834.0,93834.0,17.777,1668402.4755
2024-12-30 09:50:00,93834.0,93861.9,93834.0,93850.9,11.626,1091018.7587
2024-12-30 09:51:00,93850.9,93850.9,93826.3,93842.9,24.524,2301230.4343
2024-12-30 09:52:00,93842.9,93898.3,93842.9,93898.2,35.769,3358155.2949
2024-12-30 09:53:00,93898.2,93909.1,93871.6,93908.0,14.636,1374327.8597
2024-12-30 09:54:00,93908.0,93922.0,93868.7,93898.0,29.237,2745215.5188
2024-12-30 09:55:00,93898.0,93916.6,93893.9,93916.6,15.976,1500235.1018
2024-12-30 09:56:00,93916.6,93920.0,93891.8,93892.0,5.501,516583.4079
2024-12-30 09:57:00,93892.0,93908.3,93854.7,93854.7,13.009,1221357.5576
2024-12-30 09:58:00,93854.7,93855.0,93847.7,93851.6,16.687,1566120.8006
2024-12-30 09:59:00,93851.6,93856.3,93851.6,93855.3,5.834,547538.2935
2024-12-30 10:00:00,93855.3,93884.1,93855.3,93883.9,12.122,1137890.5452
2024-12-30 10:01:00,93883.9,93884.0,93849.4,93849.6,4.474,419910.1602
2024-12-30 10:02:00,93849.6,93871.3,93844.7,93846.4,8.395,787890.2582
2024-12-30 10:03:00,93846.4,93875.7,93846.3,93858.6,5.053,474283.1558
2024-12-30 10:04:00,93858.6,93860.8,93850.0,93857.7,9.271,870134.1385
2024-12-30 10:05:00,93857.7,93906.2,93851.1,93905.9,19.153,1797864.4578
2024-12-30 10:06:00,93905.9,93907.0,93903.7,93907.0,16.664,1564840.9429
2024-12-30 10:07:00,93907.0,93916.8,93899.2,93908.8,10.218,959591.7164
2024-12-30 10:08:00,93908.8,93927.0,93897.7,93920.5,21.191,1990326.4613
2024-12-30 10:09:00,93920.5,93920.5,93872.8,93909.9,31.722,2978672.0
2024-12-30 10:10:00,93909.9,93922.0,93900.0,93909.9,17.845,1675928.6254
2024-12-30 10:11:00,93909.9,93923.8,93893.3,93916.6,25.493,2394201.7585
2024-12-30 10:12:00,93916.6,94048.4,93904.9,94013.6,329.532,30968645.1629
2024-12-30 10:13:00,94013.6,94021.1,94005.0,94005.1,539.586,50724544.4802
2024-12-30 10:14:00,94005.1,94005.4,93992.3,93992.3,53.609,5038862.1686
2024-12-30 10:15:00,93992.3,93992.6,93946.0,93946.0,64.913,6099583.9305
2024-12-30 10:16:00,93946.0,93954.9,93946.0,93946.0,117.189,11009458.5435
2024-12-30 10:17:00,93946.0,93982.9,93946.0,93982.9,38.916,3656717.5491
2024-12-30 10:18:00,93982.9,93989.7,93982.6,93988.4,82.422,7746521.8727
2024-12-30 10:19:00,93988.4,93988.4,93945.0,93945.1,32.935,3094300.718
2024-12-30 10:20:00,93945.1,93962.7,93945.0,93962.7,65.198,6125910.293
2024-12-30 10:21:00,93962.7,93988.2,93962.6,93963.8,13.525,1271091.3735
2024-12-30 10:22:00,93963.8,93963.8,93900.0,93900.2,15.484,1454303.2091
2024-12-30 10:23:00,93900.2,93922.2,93888.8,93888.8,23.656,2221361.206
2024-12-30 10:24:00,93888.8,93889.1,93875.3,93875.3,50.175,4710420.4391
2024-12-30 10:25:00,93875.3,93875.3,93865.0,93865.3,45.302,4252299.8289
2024-12-31 01:26:00,92279.9,92279.9,92135.0,92155.9,66.15,6095801.0158
2024-12-31 01:27:00,92155.9,92176.3,92150.0,92159.7,65.406,6028224.3273
2024-12-31 01:28:00,92159.7,92160.1,92065.2,92126.9,91.564,8433592.0469
2024-12-31 01:29:00,92126.9,92150.2,92073.3,92119.7,204.169,18808393.3243
2024-12-31 01:30:00,92119.7,92130.8,92026.0,92026.3,58.301,5369084.6513
2024-12-31 01:31:00,92026.3,92067.8,92016.3,92066.9,71.003,6535359.7998
2024-12-31 01:32:00,92066.9,92200.2,92066.8,92193.7,95.018,8751388.7488
2024-12-31 01:33:00,92193.7,92202.8,92142.2,92176.7,82.486,7602446.8953
2024-12-31 01:34:00,92176.7,92241.0,92168.8,92168.8,71.57,6598975.634
2024-12-31 01:35:00,92168.8,92275.0,92168.8,92275.0,86.327,7961114.1564
2024-12-31 01:36:00,92275.0,92380.2,92275.0,92311.7,62.689,5788585.4419
2024-12-31 01:37:00,92311.7,92358.9,92243.8,92354.9,82.335,7598892.1235
2024-12-31 01:38:00,92354.9,92355.0,92316.5,92316.6,36.666,3385285.965
2024-12-31 01:39:00,92316.6,92316.6,92259.8,92299.9,31.244,2883369.2664
2024-12-31 01:40:00,92299.9,92344.0,92262.8,92317.4,34.673,3200545.2781
2024-12-31 01:41:00,92317.4,92328.3,92269.7,92320.6,16.668,1538506.866
2024-12-31 01:42:00,92320.6,92410.0,92320.3,92398.1,27.866,2573960.7466
2024-12-31 01:43:00,92398.1,92445.9,92398.1,92432.2,67.104,6202118.9478
2024-12-31 01:44:00,92432.2,92450.0,92400.0,92417.3,82.188,7595367.8873
2024-12-31 01:45:00,92417.3,92425.4,92400.0,92414.9,44.628,4124226.2457
2024-12-31 01:46:00,92414.9,92440.4,92380.0,92380.5,30.557,2823948.4715
2024-12-31 01:47:00,92380.5,92449.2,92380.1,92440.9,43.581,4027883.4964
2024-12-31 01:48:00,92440.9,92493.0,92435.0,92493.0,60.575,5600746.6916
2024-12-31 01:49:00,92493.0,92524.5,92453.0,92473.9,130.619,12080241.8495
2024-12-31 01:50:00,92473.9,92510.0,92420.5,92485.5,171.827,15887977.4159
2024-12-31 01:51:00,92485.5,92520.4,92455.0,92520.4,81.021,7493125.5767
2024-12-31 01:52:00,92520.4,92525.0,92451.5,92474.7,61.162,5656335.5045
2024-12-31 01:53:00,92474.7,92483.1,92452.8,92473.5,44.642,4128236.1573
2024-12-31 01:54:00,92473.5,92473.5,92423.0,92425.9,34.97,3232989.0734
2024-12-31 01:55:00,92425.9,92436.5,92390.0,92426.2,39.191,3621822.3641
2024-12-31 01:56:00,92426.2,92449.8,92418.6,92426.0,36.262,3351824.6222
2024-12-31 01:57:00,92426.0,92432.2,92404.5,92404.6,18.897,1746332.523
2024-12-31 01:58:00,92404.6,92404.6,92333.5,92340.4,25.705,2374502.4838
2024-12-31 01:59:00,92340.4,92399.9,92340.4,92391.8,54.611,5045162.7494
2024-12-31 02:00:00,92391.8,92404.5,92347.5,92364.6,23.723,2191883.8338
2024-12-31 02:01:00,92364.6,92390.6,92342.2,92378.1,19.929,1840739.7012
2024-12-31 02:02:00,92378.1,92519.0,92377.8,92519.0,45.192,4178924.1116
2024-12-31 02:03:00,92519.0,92549.5,92455.2,92455.2,91.311,8447064.9606
2024-12-31 02:04:00,92455.2,92506.4,92439.0,92469.7,106.911,9887790.8911
2024-12-31 02:05:00,92469.7,92484.7,92365.8,92436.9,25.22,2330425.2253
2024-12-31 02:06:00,92436.9,92474.7,92436.8,92448.5,40.798,3772167.3051
2024-12-31 02:07:00,92448.5,92449.0,92385.0,92399.4,24.745,2286409.2244
2024-12-31 02:08:00,92399.4,92414.7,92320.7,92321.1,24.573,2269531.9167
2024-12-31 02:09:00,92321.1,92326.1,92260.1,92260.1,44.843,4138935.6909
2024-12-31 02:10:00,92260.1,92366.8,92260.1,92312.1,55.952,5166262.7512
2024-12-31 02:11:00,92312.1,92361.5,92288.0,92361.5,31.975,2952276.0898
2024-12-31 02:12:00,92361.5,92435.3,92358.2,92410.0,22.234,2054563.876
2024-12-31 02:13:00,92410.0,92480.2,92400.2,92452.0,29.963,2770557.146
2024-12-31 02:14:00,92452.0,92500.0,92451.9,92460.1,60.143,5562230.1879
2024-12-31 02:15:00,92460.1,92564.2,92460.0,92563.1,25.248,2336298.1232
2024-12-31 02:16:00,92563.1,92563.5,92478.1,92515.6,54.768,5066609.8348
2024-12-31 02:17:00,92515.6,92519.9,92483.6,92497.1,26.185,2422169.239
2024-12-31 02:18:00,92497.1,92535.3,92497.1,92530.2,14.997,1387694.6833
2024-12-31 02:19:00,92530.2,92530.2,92462.9,92477.7,27.15,2511294.7119
2024-12-31 02:20:00,92477.7,92500.0,92442.1,92450.5,27.91,2580634.9014
2024-12-31 02:21:00,92450.5,92468.9,92410.0,92418.3,36.435,3368066.0124
2024-12-31 02:22:00,92418.3,92475.6,92388.0,92475.6,54.34,5021667.1939
2024-12-31 02:23:00,92475.6,92500.0,92466.6,92499.9,24.353,2252343.4467
2024-12-31 02:24:00,92499.9,92499.9,92459.6,92471.0,20.627,1907353.977
2024-12-31 02:25:00,92471.0,92473.8,92445.4,92445.7,19.72,1823313.3235
2024-12-31 02:26:00,92445.7,92515.1,92440.0,92515.1,13.026,1204770.4376
2024-12-31 02:27:00,92515.1,92581.2,92514.1,92571.7,28.1,2600720.2747
2024-12-31 02:28:00,92571.7,92580.3,92560.3,92566.8,45.772,4237057.5385
2024-12-31 02:29:00,92566.8,92568.3,92552.2,92568.0,37.35,3457124.8479
2024-12-31 02:30:00,92568.0,92640.2,92568.0,92639.8,62.924,5827955.3608
2024-12-31 02:31:00,92639.8,92685.2,92607.8,92607.8,180.05,16682355.0362
2024-12-31 02:32:00,92607.8,92646.8,92584.1,92607.9,99.419,9207462.8272
2024-12-31 02:33:00,92607.9,92654.3,92607.9,92650.1,23.523,2179214.6391
2024-12-31 02:34:00,92650.1,92658.7,92606.5,92610.2,34.157,3163682.3548
2024-12-31 02:35:00,92610.2,92640.1,92602.2,92602.5,32.749,3033236.0804
2024-12-31 02:36:00,92602.5,92608.2,92554.5,92572.2,22.295,2064157.4531
2024-12-31 02:37:00,92572.2,92590.4,92494.5,92496.1,26.569,2458713.7319
2024-12-31 02:38:00,92496.1,92547.0,92470.4,92546.7,37.532,3471672.6911
2024-12-31 02:39:00,92546.7,92550.3,92525.9,92533.4,61.946,5732150.6398
2024-12-31 02:40:00,92533.4,92576.9,92500.0,92529.1,31.791,2941426.6153
2024-12-31 02:41:00,92529.1,92539.3,92489.0,92494.6,20.847,1928652.1936
2024-12-31 02:42:00,92494.6,92522.5,92449.4,92461.4,32.769,3031038.2236
2024-12-31 02:43:00,92461.4,92520.1,92456.3,92515.1,18.867,1745336.3215
2024-12-31 02:44:00,92515.1,92515.1,92475.1,92475.1,10.96,1013789.8318
2024-12-31 02:45:00,92475.1,92480.3,92466.0,92479.9,7.371,681644.5753
2024-12-31 02:46:00,92479.9,92527.9,92462.5,92527.8,12.338,1141056.646
2024-12-31 02:47:00,92527.8,92560.5,92500.0,92500.0,14.645,1355206.1764
2024-12-31 02:48:00,92500.0,92525.4,92478.1,92494.1,22.216,2055051.7852
2024-12-31 02:49:00,92494.1,92506.0,92487.4,92496.9,15.229,1408636.2003
2024-12-31 02:50:00,92496.9,92515.1,92495.3,92499.0,9.601,888102.4815
2024-12-31 02:51:00,92499.0,92540.2,92498.9,92539.6,18.74,1733746.0211
2024-12-31 02:52:00,92539.6,92563.7,92519.1,92544.0,13.225,1223862.4789
2024-12-31 02:53:00,92544.0,92557.0,92535.2,92539.3,15.993,1480105.8005
2024-12-31 02:54:00,92539.3,92539.3,92468.9,92484.0,16.694,1544033.478
2024-12-31 02:55:00,92484.0,92522.4,92461.5,92462.8,13.173,1218295.8229
2024-12-31 02:56:00,92462.8,92473.7,92460.1,92473.6,17.916,1656613.4241
2024-12-31 02:57:00,92473.6,92490.0,92464.0,92490.0,10.819,1000481.107
2024-12-31 02:58:00,92490.0,92496.6,92438.0,92468.5,18.802,1738349.8922
2024-12-31 02:59:00,92468.5,92493.4,92438.0,92438.1,37.999,3513349.9002
2024-12-31 03:00:00,92438.1,92483.0,92434.1,92459.5,24.016,2220421.7705
2024-12-31 03:01:00,92459.5,92462.2,92360.0,92387.2,56.101,5184023.9732
2024-12-31 03:02:00,92387.2,92392.6,92333.0,92379.4,56.182,5189008.7274
2024-12-31 03:03:00,92379.4,92379.4,92289.0,92302.2,58.387,5390259.4544
2024-12-31 03:04:00,92302.2,92308.2,92284.4,92288.8,61.479,5674151.9283
2024-12-31 03:05:00,92288.8,92289.1,92217.5,92217.8,85.254,7864719.0325
2024-12-31 18:06:00,94049.8,94200.0,94049.8,94199.9,86.566,8148874.0218
2024-12-31 18:07:00,94199.9,94375.8,94199.9,94322.0,930.762,87782973.1602
2024-12-31 18:08:00,94322.0,94322.1,94192.2,94266.6,707.178,66645535.9471
2024-12-31 18:09:00,94266.6,94283.1,94232.6,94278.5,599.311,56490714.9532
2024-12-31 18:10:00,94278.5,94286.9,94205.0,94247.0,739.503,69687716.3217
2024-12-31 18:11:00,94247.0,94258.3,94180.7,94180.7,557.894,52574612.6676
2024-12-31 18:12:00,94180.7,94230.0,94177.1,94213.6,56.58,5329745.0795
2024-12-31 18:13:00,94213.6,94216.1,94134.0,94152.9,33.074,3114029.444
2024-12-31 18:14:00,94152.9,94197.9,94145.6,94180.2,39.908,3757789.5909
2024-12-31 18:15:00,94180.2,94180.2,94082.0,94150.5,44.415,4180439.7707
2024-12-31 18:16:00,94150.5,94232.1,94117.3,94218.6,79.9,7523967.2112
2024-12-31 18:17:00,94218.6,94250.0,94171.6,94240.9,164.132,15465039.3996
2024-12-31 18:18:00,94240.9,94259.0,94213.3,94213.3,305.788,28818125.3287
2024-12-31 18:19:00,94213.3,94213.3,94124.3,94171.3,45.501,4284195.7515
2024-12-31 18:20:00,94171.3,94194.7,94080.2,94080.2,44.956,4232270.8016
2024-12-31 18:21:00,94080.2,94080.2,93939.7,93997.1,691.692,65012818.2796
2024-12-31 18:22:00,93997.1,93997.1,93917.0,93930.1,548.51,51533709.9843
2024-12-31 18:23:00,93930.1,93931.4,93866.0,93896.2,107.147,10060522.1338
2024-12-31 18:24:00,93896.2,93917.2,93840.0,93893.9,174.219,16355386.1969
2024-12-31 18:25:00,93893.9,94016.8,93874.0,94004.6,100.338,9424589.4745
2024-12-31 18:26:00,94004.6,94004.6,93903.2,93903.2,75.651,7109033.2883
2024-12-31 18:27:00,93903.2,93903.4,93781.3,93830.0,88.948,8344707.092
2024-12-31 18:28:00,93830.0,93951.9,93819.1,93951.9,130.282,12234910.2526
2024-12-31 18:29:00,93951.9,93978.0,93901.1,93966.9,44.734,4202188.9218
2024-12-31 18:30:00,93966.9,94027.6,93929.7,94019.3,35.97,3380988.2767
2024-12-31 18:31:00,94019.3,94119.6,94019.3,94100.0,61.591,5794614.3738
2024-12-31 18:32:00,94100.0,94154.2,94100.0,94134.9,87.382,8224964.2882
2024-12-31 18:33:00,94134.9,94150.8,94110.5,94120.9,68.857,6481369.3761
2024-12-31 18:34:00,94120.9,94176.3,94058.3,94058.3,31.539,2969056.4601
2024-12-31 18:35:00,94058.3,94075.5,93969.0,93969.0,64.874,6099927.9051
2024-12-31 18:36:00,93969.0,94044.3,93954.5,93954.5,33.315,3131599.2958
2024-12-31 18:37:00,93954.5,93964.1,93870.8,93915.0,51.358,4823533.1764
2024-12-31 18:38:00,93915.0,93999.9,93912.8,93992.5,100.755,9468564.8366
2024-12-31 18:39:00,93992.5,94029.4,93976.1,94028.5,55.31,5198577.4686
2024-12-31 18:40:00,94028.5,94087.6,94028.5,94077.0,23.75,2234031.6391
2024-12-31 18:41:00,94077.0,94077.4,93986.3,94012.7,21.033,1977442.1436
2024-12-31 18:42:00,94012.7,94051.6,93965.0,93965.0,16.557,1556505.216
2024-12-31 18:43:00,93965.0,94097.9,93950.0,94033.3,19.255,1811070.9018
2024-12-31 18:44:00,94033.3,94070.7,94000.1,94070.4,28.77,2705027.0968
2024-12-31 18:45:00,94070.4,94084.6,94000.0,94000.2,250.917,23595133.1854
2024-12-31 18:46:00,94000.2,94117.6,94000.0,94106.5,589.728,55488067.0728
2024-12-31 18:47:00,94106.5,94129.0,94069.5,94100.6,172.269,16210409.2343
2024-12-31 18:48:00,94100.6,94230.0,94100.6,94139.0,160.754,15141056.2189
2024-12-31 18:49:00,94139.0,94139.0,94113.0,94113.0,384.956,36234945.8518
2024-12-31 18:50:00,94113.0,94190.5,94098.0,94108.1,30.778,2897288.087
2024-12-31 18:51:00,94108.1,94108.1,94022.1,94070.1,27.062,2545668.9953
2024-12-31 18:52:00,94070.1,94070.1,93955.6,93978.3,38.074,3579082.3867
2024-12-31 18:53:00,93978.3,93978.7,93911.9,93914.9,76.922,7224824.1643
2024-12-31 18:54:00,93914.9,93920.6,93859.5,93917.5,51.779,4862061.9165
2024-12-31 18:55:00,93917.5,93943.6,93807.3,93838.5,79.407,7452008.0179
2024-12-31 18:56:00,93838.5,93874.3,93824.6,93865.4,126.92,11911165.9609
2024-12-31 18:57:00,93865.4,93883.0,93800.0,93804.6,51.124,4796953.505
2024-12-31 18:58:00,93804.6,93892.1,93803.8,93875.0,35.283,3311926.1672
2024-12-31 18:59:00,93875.0,93888.1,93861.5,93865.1,30.945,2905165.4722
2024-12-31 19:00:00,93865.1,93937.4,93851.0,93908.2,30.655,2878016.1046
2024-12-31 19:01:00,93908.2,93950.6,93908.2,93939.7,32.802,3081096.1548
2024-12-31 19:02:00,93939.7,93950.0,93872.4,93900.3,22.433,2106644.5043
2024-12-31 19:03:00,93900.3,93924.6,93842.4,93918.8,19.382,1819740.5153
2024-12-31 19:04:00,93918.8,93921.9,93885.2,93900.1,9.974,936574.0551
2024-12-31 19:05:00,93900.1,93979.2,93874.9,93948.7,8.653,812662.9749
2024-12-31 19:06:00,93948.7,93968.9,93875.1,93967.9,17.974,1688128.9626
2024-12-31 19:07:00,93967.9,93999.9,93917.5,93999.9,24.491,2301244.9138
2024-12-31 19:08:00,93999.9,94055.1,93999.9,94011.8,29.197,2745315.1834
2024-12-31 19:09:00,94011.8,94050.6,93983.6,94050.6,50.779,4774331.0745
2024-12-31 19:10:00,94050.6,94168.5,94050.6,94150.7,83.623,7869314.4236
2024-12-31 19:11:00,94150.7,94242.0,94139.9,94239.9,496.815,46799537.7352
2024-12-31 19:12:00,94239.9,94245.5,94217.8,94220.6,591.243,55708597.8083
2024-12-31 19:13:00,94220.6,94266.0,94205.8,94251.9,183.84,17326621.7171
2024-12-31 19:14:00,94251.9,94257.2,94216.8,94230.7,77.911,7341680.7348
2024-12-31 19:15:00,94230.7,94230.7,94132.1,94154.5,114.548,10787742.3706
2024-12-31 19:16:00,94154.5,94161.7,94120.3,94141.2,82.491,7764646.5322
2024-12-31 19:17:00,94141.2,94142.8,94042.0,94046.6,24.623,2316949.4336
2024-12-31 19:18:00,94046.6,94092.1,94000.0,94000.2,45.185,4249139.2841
2024-12-31 19:19:00,94000.2,94034.3,93992.5,94014.2,25.806,2425980.6232
2024-12-31 19:20:00,94014.2,94034.3,93916.0,93916.0,51.784,4865508.2346
2024-12-31 19:21:00,93916.0,93962.6,93912.1,93920.0,86.491,8123807.5765
2024-12-31 19:22:00,93920.0,93931.8,93913.0,93931.7,58.887,5530768.0351
2024-12-31 19:23:00,93931.7,93978.7,93918.9,93930.2,158.746,14911408.1504
2024-12-31 19:24:00,93930.2,93941.8,93900.0,93941.5,302.153,28379247.2397
2024-12-31 19:25:00,93941.5,93987.3,93940.6,93967.8,18.811,1767537.2573
2024-12-31 19:26:00,93967.8,94017.3,93945.4,93973.7,29.104,2735363.2709
2024-12-31 19:27:00,93973.7,93995.1,93968.7,93968.8,8.439,793100.8501
2024-12-31 19:28:00,93968.8,93972.1,93945.1,93958.7,4.142,389152.8577
2024-12-31 19:29:00,93958.7,93959.0,93922.1,93922.2,5.559,522219.6992
2024-12-31 19:30:00,93922.2,93991.5,93922.1,93950.1,9.462,888986.4125
2024-12-31 19:31:00,93950.1,93988.5,93920.1,93920.2,25.573,2403133.5923
2024-12-31 19:32:00,93920.2,93982.7,93920.1,93966.6,53.655,5041606.2132
2024-12-31 19:33:00,93966.6,93972.0,93900.0,93912.9,10.948,1028240.8004
2024-12-31 19:34:00,93912.9,93913.0,93900.0,93903.3,4.097,384724.694
2024-12-31 19:35:00,93903.3,93940.8,93901.9,93930.2,3.175,298182.3338
2024-12-31 19:36:00,93930.2,93934.8,93868.0,93871.9,8.668,813832.2706
2024-12-31 19:37:00,93871.9,93884.4,93857.7,93875.3,8.381,786709.4994
2024-12-31 19:38:00,93875.3,93932.5,93870.0,93922.5,4.376,410870.6924
2024-12-31 19:39:00,93922.5,93922.8,93891.3,93910.7,2.571,241446.8336
2024-12-31 19:40:00,93910.7,93910.7,93890.9,93890.9,7.012,658419.0537
2024-12-31 19:41:00,93890.9,93891.1,93875.0,93875.0,6.056,568576.2882
2024-12-31 19:42:00,93875.0,93876.9,93813.5,93813.5,6.69,627870.8381
2024-12-31 19:43:00,93813.5,93837.7,93686.5,93757.6,67.21,6300274.1049
2024-12-31 19:44:00,93757.6,93812.5,93753.5,93812.5,38.933,3651429.5588
2024-12-31 19:45:00,93812.5,93924.7,93812.2,93924.5,14.952,1403550.3872
2025-01-01 10:46:00,93389.3,93399.8,93380.1,93388.7,52.146,4869793.4405
2025-01-01 10:47:00,93388.7,93389.3,93368.4,93368.4,8.356,780272.8369
2025-01-01 10:48:00,93368.4,93378.3,93321.0,93321.0,13.18,1230478.961
2025-01-01 10:49:00,93321.0,93338.5,93316.1,93338.1,20.663,1928354.1339
2025-01-01 10:50:00,93338.1,93338.1,93304.1,93304.1,20.116,1877165.4733
2025-01-01 10:51:00,93304.1,93310.3,93297.0,93306.3,20.897,1949762.64
2025-01-01 10:52:00,93306.3,93306.6,93295.3,93298.0,29.07,2712381.156
2025-01-01 10:53:00,93298.0,93302.3,93279.9,93279.9,11.898,1109879.5858
2025-01-01 10:54:00,93279.9,93310.2,93279.9,93296.0,23.591,2201025.5532
2025-01-01 10:55:00,93296.0,93328.7,93296.0,93328.1,26.162,2441123.8146
2025-01-01 10:56:00,93328.1,93328.4,93272.0,93272.1,17.699,1651226.3669
2025-01-01 10:57:00,93272.1,93277.9,93271.0,93271.3,16.006,1492990.3091
2025-01-01 10:58:00,93271.3,93271.4,93262.7,93270.8,18.578,1732705.7379
2025-01-01 10:59:00,93270.8,93303.4,93270.5,93303.4,25.644,2392203.3168
2025-01-01 11:00:00,93303.4,93332.4,93303.4,93332.1,25.836,2410769.361
2025-01-01 11:01:00,93332.1,93337.5,93285.5,93285.6,23.119,2157388.7914
2025-01-01 11:02:00,93285.6,93285.6,93214.7,93214.7,52.547,4899555.6639
2025-01-01 11:03:00,93214.7,93260.2,93211.1,93242.2,78.655,7334602.8493
2025-01-01 11:04:00,93242.2,93242.3,93170.5,93183.9,40.536,3777367.3604
2025-01-01 11:05:00,93183.9,93218.8,93163.7,93164.0,105.751,9855069.6019
2025-01-01 11:06:00,93164.0,93190.0,93160.0,93189.9,133.539,12442954.3759
2025-01-01 11:07:00,93189.9,93299.9,93189.7,93293.7,58.782,5481012.5443
2025-01-01 11:08:00,93293.7,93360.1,93274.0,93327.1,158.449,14787067.8187
2025-01-01 11:09:00,93327.1,93330.5,93320.0,93330.2,304.283,28398144.9949
2025-01-01 11:10:00,93330.2,93367.4,93329.9,93362.6,40.164,3749410.5615
2025-01-01 11:11:00,93362.6,93373.9,93300.0,93300.0,188.828,17626325.2285
2025-01-01 11:12:00,93300.0,93300.1,93272.0,93291.9,341.924,31896424.6631
2025-01-01 11:13:00,93291.9,93326.8,93280.6,93326.8,22.349,2085219.0985
2025-01-01 11:14:00,93326.8,93326.8,93299.2,93302.7,10.856,1012971.8374
2025-01-01 11:15:00,93302.7,93376.1,93302.7,93361.8,34.921,3259950.7216
2025-01-01 11:16:00,93361.8,93372.9,93335.0,93335.0,77.523,7236235.8814
2025-01-01 11:17:00,93335.0,93377.3,93335.0,93377.2,18.834,1758260.0947
2025-01-01 11:18:00,93377.2,93444.5,93377.2,93444.2,37.216,3476493.382
2025-01-01 11:19:00,93444.2,93447.6,93378.7,93379.4,63.866,5966282.3913
2025-01-01 11:20:00,93379.4,93403.7,93359.8,93360.1,87.498,8170052.5748
2025-01-01 11:21:00,93360.1,93397.6,93360.0,93384.7,24.997,2334531.7814
2025-01-01 11:22:00,93384.7,93399.9,93384.4,93399.9,21.633,2020335.1067
2025-01-01 11:23:00,93399.9,93450.0,93399.9,93449.8,29.156,2724006.0627
2025-01-01 11:24:00,93449.8,93461.2,93425.2,93430.0,28.12,2627765.8
2025-01-01 11:25:00,93430.0,93448.1,93429.8,93447.8,23.534,2199005.1501
2025-01-01 11:26:00,93447.8,93448.1,93425.7,93425.7,15.035,1404736.6633
2025-01-01 11:27:00,93425.7,93429.2,93402.0,93429.2,21.547,2012746.5743
2025-01-01 11:28:00,93429.2,93435.7,93429.2,93435.4,26.358,2462752.3976
2025-01-01 11:29:00,93435.4,93476.2,93435.0,93474.9,21.173,1978694.9528
2025-01-01 11:30:00,93474.9,93475.2,93435.0,93438.7,31.553,2948297.0653
2025-01-01 11:31:00,93438.7,93438.7,93429.1,93433.7,17.198,1606931.1776
2025-01-01 11:32:00,93433.7,93434.3,93410.7,93427.6,13.765,1285994.0825
2025-01-01 11:33:00,93427.6,93434.0,93410.6,93411.4,24.681,2305708.5654
2025-01-01 11:34:00,93411.4,93424.5,93399.6,93419.5,20.68,1931768.9443
2025-01-01 11:35:00,93419.5,93419.5,93392.5,93406.6,22.098,2064024.4376
2025-01-01 11:36:00,93406.6,93406.9,93378.5,93384.3,32.598,3044059.6636
2025-01-01 11:37:00,93384.3,93419.0,93373.7,93412.0,20.495,1914326.6019
2025-01-01 11:38:00,93412.0,93412.3,93402.1,93402.1,34.956,3265265.4231
2025-01-01 11:39:00,93402.1,93411.1,93393.1,93404.7,11.882,1109842.3904
2025-01-01 11:40:00,93404.7,93517.6,93392.5,93517.3,37.662,3520750.5939
2025-01-01 11:41:00,93517.3,93558.6,93483.5,93520.9,112.354,10507688.8229
2025-01-01 11:42:00,93520.9,93524.9,93499.9,93520.8,123.41,11540507.8768
2025-01-01 11:43:00,93520.8,93539.7,93500.0,93514.0,179.008,16741078.036
2025-01-01 11:44:00,93514.0,93581.9,93500.0,93575.9,428.49,40085430.755
2025-01-01 11:45:00,93575.9,93680.6,93575.3,93649.3,333.389,31205021.315
2025-01-01 11:46:00,93649.3,93683.5,93634.0,93634.0,556.224,52096775.6564
2025-01-01 11:47:00,93634.0,93634.0,93560.0,93593.6,133.224,12466859.2613
2025-01-01 11:48:00,93593.6,93595.8,93521.8,93523.6,99.143,9274979.4438
2025-01-01 11:49:00,93523.6,93529.6,93500.0,93509.2,61.757,5775537.1083
2025-01-01 11:50:00,93509.2,93515.3,93500.0,93514.3,40.914,3825766.9813
2025-01-01 11:51:00,93514.3,93514.3,93462.0,93496.0,46.164,4315193.6205
2025-01-01 11:52:00,93496.0,93499.9,93484.5,93484.5,52.471,4905598.1677
2025-01-01 11:53:00,93484.5,93484.8,93457.3,93457.3,31.434,2938118.2963
2025-01-01 11:54:00,93457.3,93457.6,93457.0,93457.6,59.962,5603882.994
2025-01-01 11:55:00,93457.6,93457.6,93418.0,93418.3,24.234,2264222.6305
2025-01-01 11:56:00,93418.3,93449.5,93418.0,93433.3,30.692,2867967.933
2025-01-01 11:57:00,93433.3,93435.0,93409.6,93409.6,16.424,1534364.5349
2025-01-01 11:58:00,93409.6,93433.3,93409.6,93433.1,15.618,1459057.291
2025-01-01 11:59:00,93433.1,93444.4,93421.6,93421.9,23.17,2164902.4686
2025-01-01 12:00:00,93421.9,93425.9,93414.6,93414.6,28.149,2629663.3554
2025-01-01 12:01:00,93414.6,93425.9,93414.6,93425.5,31.623,2954403.221
2025-01-01 12:02:00,93425.5,93425.8,93375.2,93375.5,29.858,2788494.0829
2025-01-01 12:03:00,93375.5,93397.0,93375.1,93389.3,41.413,3867220.3901
2025-01-01 12:04:00,93389.3,93481.0,93389.0,93473.1,28.241,2638945.6642
2025-01-01 12:05:00,93473.1,93493.4,93472.8,93493.4,44.845,4192316.261
2025-01-01 12:06:00,93493.4,93493.8,93450.0,93450.2,47.351,4425876.7162
2025-01-01 12:07:00,93450.2,93450.8,93435.3,93435.3,36.761,3435173.382
2025-01-01 12:08:00,93435.3,93452.5,93435.3,93452.5,11.173,1043989.7731
2025-01-01 12:09:00,93452.5,93462.9,93440.3,93454.3,12.322,1151490.8585
2025-01-01 12:10:00,93454.3,93454.6,93440.4,93441.3,18.847,1761216.6174
2025-01-01 12:11:00,93441.3,93441.3,93383.6,93383.6,18.939,1769009.2275
2025-01-01 12:12:00,93383.6,93384.1,93383.6,93383.6,34.585,3229678.2134
2025-01-01 12:13:00,93383.6,93395.2,93383.1,93383.1,22.399,2091785.7716
2025-01-01 12:14:00,93383.1,93429.8,93383.1,93419.7,18.156,1696118.7768
2025-01-01 12:15:00,93419.7,93464.4,93419.4,93464.2,17.915,1674081.745
2025-01-01 12:16:00,93464.2,93464.2,93425.2,93455.0,40.222,3758902.1871
2025-01-01 12:17:00,93455.0,93485.1,93453.1,93476.5,85.044,7948782.8582
2025-01-01 12:18:00,93476.5,93536.5,93457.2,93536.4,27.539,2574492.7976
2025-01-01 12:19:00,93536.4,93550.2,93518.6,93523.8,42.706,3994422.3489
2025-01-01 12:20:00,93523.8,93633.9,93523.5,93591.7,66.186,6193998.7032
2025-01-01 12:21:00,93591.7,93620.5,93578.6,93620.3,100.906,9445044.1986
2025-01-01 12:22:00,93620.3,93730.3,93620.3,93729.9,95.634,8960035.9832
2025-01-01 12:23:00,93729.9,93768.4,93717.1,93768.4,203.195,19046345.9316
2025-01-01 12:24:00,93768.4,93822.7,93718.9,93749.9,210.365,19721798.1323
2025-01-01 12:25:00,93749.9,93813.7,93746.3,93782.5,177.304,16630808.5952
2025-01-02 03:26:00,95108.5,95108.5,95090.0,95090.1,10.001,951084.695
2025-01-02 03:27:00,95090.1,95090.1,95060.0,95060.0,10.496,997807.0716
2025-01-02 03:28:00,95060.0,95067.2,95060.0,95066.9,8.703,827356.8951
2025-01-02 03:29:00,95066.9,95067.0,95057.7,95057.9,3.687,350500.205
2025-01-02 03:30:00,95057.9,95077.4,95051.7,95073.8,9.818,933321.6318
2025-01-02 03:31:00,95073.8,95078.9,95007.0,95007.0,21.468,2040897.1858
2025-01-02 03:32:00,95007.0,95007.0,94990.4,94997.2,16.659,1582491.8544
2025-01-02 03:33:00,94997.2,95008.8,94990.4,94994.5,33.124,3146787.1826
2025-01-02 03:34:00,94994.5,95001.7,94952.7,94952.7,51.767,4917334.1564
2025-01-02 03:35:00,94952.7,94972.7,94940.0,94972.4,43.369,4118278.3285
2025-01-02 03:36:00,94972.4,95000.8,94955.3,95000.5,17.07,1621244.7132
2025-01-02 03:37:00,95000.5,95000.5,94987.7,94987.7,7.312,694556.2133
2025-01-02 03:38:00,94987.7,94988.0,94955.3,94955.3,10.449,992305.5622
2025-01-02 03:39:00,94955.3,94955.6,94941.0,94941.0,19.39,1841005.2101
2025-01-02 03:40:00,94941.0,94982.1,94941.0,94981.8,10.62,1008589.647
2025-01-02 03:41:00,94981.8,94990.0,94981.8,94987.4,14.652,1391732.3888
2025-01-02 03:42:00,94987.4,94993.7,94987.4,94987.5,10.866,1032172.8774
2025-01-02 03:43:00,94987.5,94987.5,94956.1,94956.1,11.443,1086612.0493
2025-01-02 03:44:00,94956.1,94959.6,94908.5,94908.5,19.835,1883075.6345
2025-01-02 03:45:00,94908.5,94945.7,94908.5,94945.4,35.532,3373074.3969
2025-01-02 03:46:00,94945.4,94950.0,94901.0,94901.0,23.02,2185242.8215
2025-01-02 03:47:00,94901.0,94930.8,94900.0,94901.4,21.562,2046334.0232
2025-01-02 03:48:00,94901.4,94949.7,94900.8,94945.1,29.307,2782314.619
2025-01-02 03:49:00,94945.1,94945.1,94913.8,94917.7,20.595,1955161.3197
2025-01-02 03:50:00,94917.7,94963.7,94917.7,94952.8,13.374,1269672.9289
2025-01-02 03:51:00,94952.8,94969.6,94915.3,94920.6,12.616,1197624.3905
2025-01-02 03:52:00,94920.6,94979.8,94915.5,94979.8,19.325,1834804.1641
2025-01-02 03:53:00,94979.8,95006.3,94979.6,94998.6,23.686,2250059.6737
2025-01-02 03:54:00,94998.6,94998.6,94995.0,94995.0,8.67,823623.2978
2025-01-02 03:55:00,94995.0,95001.8,94995.0,95000.0,22.969,2182050.0909
2025-01-02 03:56:00,95000.0,95009.8,94999.9,95002.4,56.046,5324685.908
2025-01-02 03:57:00,95002.4,95015.5,95002.4,95007.0,31.583,3000738.1842
2025-01-02 03:58:00,95007.0,95007.0,94987.6,95000.0,21.011,1995892.8593
2025-01-02 03:59:00,95000.0,95006.7,94999.9,95006.6,25.93,2463450.4106
2025-01-02 04:00:00,95006.6,95187.2,95006.6,95140.5,33.203,3158858.6138
2025-01-02 04:01:00,95140.5,95140.5,95019.9,95020.5,100.18,9523899.2749
2025-01-02 04:02:00,95020.5,95034.3,95002.8,95006.4,107.954,10256972.3745
2025-01-02 04:03:00,95006.4,95071.3,95006.4,95071.2,13.858,1317178.77
2025-01-02 04:04:00,95071.2,95100.0,95003.8,95004.1,14.262,1355723.3748
2025-01-02 04:05:00,95004.1,95006.6,95004.1,95006.6,5.751,546382.21
2025-01-02 04:06:00,95006.6,95012.6,94971.3,94971.3,9.633,915188.004
2025-01-02 04:07:00,94971.3,95130.9,94971.3,95105.7,27.921,2654644.144
2025-01-02 04:08:00,95105.7,95150.0,95105.7,95145.1,27.061,2574571.103
2025-01-02 04:09:00,95145.1,95163.0,95145.1,95162.6,29.806,2836378.2009
2025-01-02 04:10:00,95162.6,95200.0,95146.6,95199.9,31.448,2993568.7323
2025-01-02 04:11:00,95199.9,95219.8,95137.9,95200.6,69.874,6650967.2236
2025-01-02 04:12:00,95200.6,95271.1,95200.5,95270.8,131.405,12513875.8796
2025-01-02 04:13:00,95270.8,95270.9,95184.6,95195.4,102.813,9790008.2801
2025-01-02 04:14:00,95195.4,95196.8,95134.6,95146.5,89.483,8515011.9733
2025-01-02 04:15:00,95146.5,95169.4,95146.2,95169.4,44.254,4211030.9473
2025-01-02 04:16:00,95169.4,95200.9,95153.1,95153.1,22.136,2106985.2243
2025-01-02 04:17:00,95153.1,95153.9,95105.7,95120.5,48.108,4576479.7106
2025-01-02 04:18:00,95120.5,95120.5,95084.5,95084.5,67.022,6373479.5784
2025-01-02 04:19:00,95084.5,95111.8,95084.4,95102.9,34.038,3237289.219
2025-01-02 04:20:00,95102.9,95117.1,95071.0,95079.0,26.729,2541672.934
2025-01-02 04:21:00,95079.0,95080.5,95041.7,95041.7,40.106,3812983.5607
2025-01-02 04:22:00,95041.7,95091.7,95041.7,95091.7,65.25,6203900.2446
2025-01-02 04:23:00,95091.7,95135.3,95091.4,95116.9,29.346,2791281.2347
2025-01-02 04:24:00,95116.9,95117.2,95111.5,95111.8,17.203,1636209.8547
2025-01-02 04:25:00,95111.8,95158.3,95111.5,95158.3,12.698,1208047.5097
2025-01-02 04:26:00,95158.3,95175.7,95149.7,95154.8,19.141,1821636.7968
2025-01-02 04:27:00,95154.8,95155.1,95135.9,95145.0,19.938,1897124.3293
2025-01-02 04:28:00,95145.0,95168.7,95144.7,95151.5,10.512,1000256.9281
2025-01-02 04:29:00,95151.5,95151.5,95150.2,95151.4,3.929,373849.193
2025-01-02 04:30:00,95151.4,95195.8,95151.4,95182.1,8.598,818340.1079
2025-01-02 04:31:00,95182.1,95286.5,95181.8,95279.0,40.961,3900840.2702
2025-01-02 04:32:00,95279.0,95351.2,95278.7,95351.1,99.479,9480436.2818
2025-01-02 04:33:00,95351.1,95351.1,95301.0,95305.7,130.827,12469955.8539
2025-01-02 04:34:00,95305.7,95305.7,95259.9,95303.9,77.131,7349743.7434
2025-01-02 04:35:00,95303.9,95349.9,95303.9,95349.0,72.553,6917517.3642
2025-01-02 04:36:00,95349.0,95374.1,95329.5,95373.6,85.293,8132978.9429
2025-01-02 04:37:00,95373.6,95445.0,95373.6,95437.7,130.588,12459598.8453
2025-01-02 04:38:00,95437.7,95723.6,95421.4,95640.1,549.185,52523089.4468
2025-01-02 04:39:00,95640.1,95742.9,95640.0,95718.1,636.9,60942929.926
2025-01-02 04:40:00,95718.1,95718.1,95677.4,95677.4,334.773,32038039.021
2025-01-02 04:41:00,95677.4,95949.4,95677.4,95887.8,501.558,48064331.282
2025-01-02 04:42:00,95887.8,95961.7,95865.4,95907.4,670.206,64292310.7917
2025-01-02 04:43:00,95907.4,95907.7,95829.0,95894.5,448.982,43052597.8149
2025-01-02 04:44:00,95894.5,95895.1,95795.8,95795.8,184.708,17704274.4173
2025-01-02 04:45:00,95795.8,95909.7,95795.7,95881.2,197.335,18917127.8916
2025-01-02 04:46:00,95881.2,95969.0,95880.9,95932.8,212.834,20417954.8385
2025-01-02 04:47:00,95932.8,96000.0,95894.8,95999.9,295.485,28350150.8591
2025-01-02 04:48:00,95999.9,96000.0,95922.8,95957.2,193.368,18557267.4959
2025-01-02 04:49:00,95957.2,95967.4,95880.0,95903.2,189.299,18155018.7715
2025-01-02 04:50:00,95903.2,95974.3,95886.9,95959.9,185.507,17801844.6148
2025-01-02 04:51:00,95959.9,95959.9,95800.0,95880.7,88.681,8500470.6863
2025-01-02 04:52:00,95880.7,95880.7,95706.5,95812.1,176.446,16899447.6733
2025-01-02 04:53:00,95812.1,95869.7,95770.6,95842.9,165.928,15898168.4162
2025-01-02 04:54:00,95842.9,95842.9,95710.9,95773.7,103.971,9956572.5613
2025-01-02 04:55:00,95773.7,95795.0,95750.0,95750.1,108.69,10410240.9902
2025-01-02 04:56:00,95750.1,95756.7,95690.4,95708.7,71.206,6814937.8991
2025-01-02 04:57:00,95708.7,95715.2,95678.5,95698.7,107.982,10333396.4221
2025-01-02 04:58:00,95698.7,95702.5,95659.2,95685.3,84.148,8051590.8025
2025-01-02 04:59:00,95685.3,95698.9,95673.9,95698.6,99.001,9472775.6007
2025-01-02 05:00:00,95698.6,95716.4,95543.1,95543.1,101.453,9701125.7335
2025-01-02 05:01:00,95543.1,95600.2,95536.2,95589.0,163.704,15647261.5484
2025-01-02 05:02:00,95589.0,95623.3,95507.9,95528.0,141.787,13546082.1268
2025-01-02 05:03:00,95528.0,95592.2,95528.0,95550.3,245.958,23504899.286
2025-01-02 05:04:00,95550.3,95562.8,95513.4,95516.4,340.01,32484086.2202
2025-01-02 05:05:00,95516.4,95516.4,95448.0,95448.1,231.215,22078488.38
2025-01-02 20:06:00,97576.0,97590.4,97516.2,97516.2,61.542,6004302.7254
2025-01-02 20:07:00,97516.2,97550.0,97505.0,97549.3,29.75,2901347.9199
2025-01-02 20:08:00,97549.3,97607.1,97509.6,97602.0,38.333,3739475.3648
2025-01-02 20:09:00,97602.0,97653.2,97570.3,97592.6,90.426,8826422.9771
2025-01-02 20:10:00,97592.6,97646.5,97579.3,97639.8,84.578,8255483.4947
2025-01-02 20:11:00,97639.8,97642.7,97542.3,97607.2,67.65,6601779.5548
2025-01-02 20:12:00,97607.2,97666.0,97607.2,97666.0,60.35,5893187.2091
2025-01-02 20:13:00,97666.0,97678.7,97650.2,97676.5,34.087,3329079.1827
2025-01-02 20:14:00,97676.5,97720.0,97631.1,97720.0,53.846,5259148.1676
2025-01-02 20:15:00,97720.0,97720.0,97588.6,97638.7,53.027,5177867.0265
2025-01-02 20:16:00,97638.7,97655.6,97591.5,97600.0,55.363,5404164.0598
2025-01-02 20:17:00,97600.0,97629.0,97580.0,97629.0,33.336,3253693.7271
2025-01-02 20:18:00,97629.0,97713.7,97629.0,97704.5,25.631,2503773.2124
2025-01-02 20:19:00,97704.5,97738.0,97683.0,97734.0,58.906,5756653.577
2025-01-02 20:20:00,97734.0,97793.2,97701.6,97787.8,137.829,13474511.4334
2025-01-02 20:21:00,97787.8,97797.5,97705.9,97773.9,169.907,16608222.7412
2025-01-02 20:22:00,97773.9,97797.5,97724.3,97731.7,79.563,7778079.665
2025-01-02 20:23:00,97731.7,97792.3,97731.4,97756.9,48.356,4727380.1966
2025-01-02 20:24:00,97756.9,97784.4,97755.1,97784.3,29.511,2885454.5657
2025-01-02 20:25:00,97784.3,97784.3,97723.7,97723.7,18.211,1780369.5147
2025-01-02 20:26:00,97723.7,97740.0,97645.6,97660.2,42.36,4138490.8582
2025-01-02 20:27:00,97660.2,97691.0,97623.3,97650.8,59.943,5853280.0407
2025-01-02 20:28:00,97650.8,97692.4,97648.8,97692.0,35.18,3436473.3789
2025-01-02 20:29:00,97692.0,97692.4,97555.0,97555.5,59.476,5804190.8017
2025-01-02 20:30:00,97555.5,97588.1,97478.5,97495.1,122.797,11973772.517
2025-01-02 20:31:00,97495.1,97659.3,97479.2,97659.3,63.173,6164807.2845
2025-01-02 20:32:00,97659.3,97692.4,97573.1,97576.5,59.696,5827198.5621
2025-01-02 20:33:00,97576.5,97590.6,97511.0,97565.0,38.257,3732198.3908
2025-01-02 20:34:00,97565.0,97565.0,97488.0,97488.1,23.516,2293065.045
2025-01-02 20:35:00,97488.1,97499.4,97385.4,97411.7,67.341,6561425.7498
2025-01-02 20:36:00,97411.7,97420.2,97299.9,97321.0,139.047,13538657.0055
2025-01-02 20:37:00,97321.0,97342.7,97320.1,97336.9,73.335,7137125.6988
2025-01-02 20:38:00,97336.9,97432.1,97330.0,97432.1,81.944,7978845.7008
2025-01-02 20:39:00,97432.1,97432.1,97343.7,97377.7,58.123,5659686.2777
2025-01-02 20:40:00,97377.7,97464.7,97377.6,97444.5,25.99,2531587.477
2025-01-02 20:41:00,97444.5,97462.5,97381.5,97447.5,17.705,1724833.8225
2025-01-02 20:42:00,97447.5,97465.9,97387.0,97402.8,21.697,2113352.454
2025-01-02 20:43:00,97402.8,97419.1,97355.0,97379.6,24.424,2378475.4111
2025-01-02 20:44:00,97379.6,97460.2,97379.6,97420.3,28.491,2775762.0211
2025-01-02 20:45:00,97420.3,97439.9,97361.1,97406.5,36.825,3586884.6108
2025-01-02 20:46:00,97406.5,97514.9,97400.3,97432.0,37.083,3614309.4621
2025-01-02 20:47:00,97432.0,97485.8,97400.0,97485.8,43.683,4256708.8649
2025-01-02 20:48:00,97485.8,97560.0,97485.8,97525.3,32.894,3208210.1685
2025-01-02 20:49:00,97525.3,97580.6,97525.3,97576.7,45.534,4442285.76
2025-01-02 20:50:00,97576.7,97657.9,97576.7,97602.6,44.05,4300026.8929
2025-01-02 20:51:00,97602.6,97674.6,97558.0,97558.0,55.249,5394103.1289
2025-01-02 20:52:00,97558.0,97558.0,97472.0,97501.8,28.925,2819800.1273
2025-01-02 20:53:00,97501.8,97516.5,97470.0,97470.1,40.204,3919776.1451
2025-01-02 20:54:00,97470.1,97470.1,97338.5,97338.7,18.773,1828631.7791
2025-01-02 20:55:00,97338.7,97390.4,97265.0,97384.3,39.935,3886507.7714
2025-01-02 20:56:00,97384.3,97400.2,97356.2,97356.2,54.248,5282048.7197
2025-01-02 20:57:00,97356.2,97357.5,97319.5,97338.8,27.885,2714296.7535
2025-01-02 20:58:00,97338.8,97338.8,97265.0,97280.6,40.329,3923598.0276
2025-01-02 20:59:00,97280.6,97360.0,97266.7,97269.9,41.564,4043816.9581
2025-01-02 21:00:00,97269.9,97316.0,97259.9,97290.4,36.177,3519758.6874
2025-01-02 21:01:00,97290.4,97315.9,97290.1,97307.2,33.767,3285583.4024
2025-01-02 21:02:00,97307.2,97315.7,97264.5,97271.0,10.036,976405.4453
2025-01-02 21:03:00,97271.0,97317.4,97262.1,97302.6,19.416,1889043.6007
2025-01-02 21:04:00,97302.6,97308.2,97274.9,97275.2,15.523,1510270.9934
2025-01-02 21:05:00,97275.2,97275.2,97161.0,97197.3,41.064,3991501.6915
2025-01-02 21:06:00,97197.3,97197.3,97168.2,97188.9,88.282,8578987.229
2025-01-02 21:07:00,97188.9,97188.9,97153.4,97153.4,39.134,3802320.2076
2025-01-02 21:08:00,97153.4,97163.5,97150.0,97163.5,28.865,2804269.1078
2025-01-02 21:09:00,97163.5,97188.8,97163.2,97187.1,26.955,2619512.4733
2025-01-02 21:10:00,97187.1,97187.1,97154.0,97154.0,28.515,2770591.4733
2025-01-02 21:11:00,97154.0,97189.3,97154.0,97189.0,24.133,2344964.1468
2025-01-02 21:12:00,97189.0,97263.4,97189.0,97225.3,57.851,5625049.222
2025-01-02 21:13:00,97225.3,97225.3,97196.6,97196.6,55.932,5437420.7408
2025-01-02 21:14:00,97196.6,97199.5,97184.5,97184.5,14.509,1410177.0377
2025-01-02 21:15:00,97184.5,97184.8,97152.6,97152.6,18.908,1837264.0651
2025-01-02 21:16:00,97152.6,97180.3,97132.0,97170.5,21.917,2129230.0077
2025-01-02 21:17:00,97170.5,97188.0,97159.5,97184.6,34.118,3315268.8678
2025-01-02 21:18:00,97184.6,97237.8,97163.5,97224.5,21.573,2096897.9946
2025-01-02 21:19:00,97224.5,97227.1,97184.0,97184.0,15.519,1508511.2896
2025-01-02 21:20:00,97184.0,97184.0,97154.7,97166.0,15.655,1521132.1302
2025-01-02 21:21:00,97166.0,97166.1,97087.9,97087.9,32.569,3162853.4262
2025-01-02 21:22:00,97087.9,97088.2,97046.0,97046.3,70.066,6800806.6764
2025-01-02 21:23:00,97046.3,97080.3,97025.1,97080.0,55.41,5377878.8735
2025-01-02 21:24:00,97080.0,97118.2,97080.0,97118.1,32.513,3156936.0393
2025-01-02 21:25:00,97118.1,97127.6,97118.1,97127.4,22.76,2210583.7815
2025-01-02 21:26:00,97127.4,97150.2,97127.3,97141.3,14.61,1419297.3658
2025-01-02 21:27:00,97141.3,97141.3,97118.1,97134.5,12.32,1196568.5371
2025-01-02 21:28:00,97134.5,97144.9,97100.0,97100.2,12.828,1245920.4074
2025-01-02 21:29:00,97100.2,97100.2,97088.7,97089.0,15.594,1514109.342
2025-01-02 21:30:00,97089.0,97099.0,97077.1,97098.7,16.644,1616003.5541
2025-01-02 21:31:00,97098.7,97098.7,97027.9,97027.9,22.951,2227564.6713
2025-01-02 21:32:00,97027.9,97027.9,97012.7,97026.0,41.351,4012076.1205
2025-01-02 21:33:00,97026.0,97055.4,97025.9,97055.3,90.073,8740159.826
2025-01-02 21:34:00,97055.3,97117.5,97055.3,97086.4,94.582,9182681.5363
2025-01-02 21:35:00,97086.4,97125.2,97086.4,97120.1,20.034,1945558.2943
2025-01-02 21:36:00,97120.1,97153.6,97113.4,97113.7,30.921,3003533.5042
2025-01-02 21:37:00,97113.7,97171.7,97111.8,97171.7,19.041,1849771.0542
2025-01-02 21:38:00,97171.7,97210.0,97152.2,97209.9,21.287,2068757.4534
2025-01-02 21:39:00,97209.9,97220.2,97196.0,97215.5,45.875,4459183.4149
2025-01-02 21:40:00,97215.5,97246.0,97215.5,97223.6,45.258,4400447.6989
2025-01-02 21:41:00,97223.6,97229.2,97203.5,97210.1,21.623,2102087.1938
2025-01-02 21:42:00,97210.1,97229.2,97192.7,97192.7,13.444,1306769.0625
2025-01-02 21:43:00,97192.7,97231.9,97192.7,97231.6,8.343,811018.9365
2025-01-02 21:44:00,97231.6,97231.9,97155.0,97173.7,10.281,999244.7697
2025-01-02 21:45:00,97173.7,97173.7,97108.2,97150.7,19.161,1861189.8709
2025-01-03 12:46:00,96659.3,96659.6,96630.5,96634.1,43.997,4252015.2981
2025-01-03 12:47:00,96634.1,96692.4,96589.4,96692.3,163.433,15792640.625
2025-01-03 12:48:00,96692.3,96692.3,96669.2,96674.3,419.704,40576478.494
2025-01-03 12:49:00,96674.3,96674.3,96674.0,96674.0,57.488,5557599.1738
2025-01-03 12:50:00,96674.0,96695.7,96674.0,96695.7,15.38,1487062.7207
2025-01-03 12:51:00,96695.7,96710.2,96689.6,96689.8,29.618,2864198.8619
2025-01-03 12:52:00,96689.8,96689.8,96648.0,96648.0,23.456,2267484.8144
2025-01-03 12:53:00,96648.0,96648.1,96624.6,96624.6,34.448,3328651.6743
2025-01-03 12:54:00,96624.6,96675.8,96624.6,96675.7,22.464,2171545.8468
2025-01-03 12:55:00,96675.7,96675.8,96626.2,96626.2,12.498,1207871.1653
2025-01-03 12:56:00,96626.2,96626.3,96620.3,96620.3,17.909,1730393.6834
2025-01-03 12:57:00,96620.3,96662.8,96620.3,96634.0,21.906,2116967.099
2025-01-03 12:58:00,96634.0,96634.0,96625.3,96632.4,33.739,3260124.459
2025-01-03 12:59:00,96632.4,96632.5,96619.3,96619.4,14.409,1392283.5443
2025-01-03 13:00:00,96619.4,96638.6,96612.0,96622.5,12.519,1209626.627
2025-01-03 13:01:00,96622.5,96622.5,96610.0,96610.0,24.123,2330651.7086
2025-01-03 13:02:00,96610.0,96610.3,96550.0,96555.0,56.348,5442024.48
2025-01-03 13:03:00,96555.0,96600.2,96550.0,96576.1,136.023,13135692.6898
2025-01-03 13:04:00,96576.1,96580.0,96538.8,96538.9,48.873,4719389.8313
2025-01-03 13:05:00,96538.9,96650.0,96495.6,96650.0,78.785,7606013.5419
2025-01-03 13:06:00,96650.0,96731.2,96650.0,96673.5,88.839,8589252.9688
2025-01-03 13:07:00,96673.5,96682.8,96616.0,96658.8,64.29,6213837.6363
2025-01-03 13:08:00,96658.8,96740.2,96658.8,96740.0,35.116,3395927.8258
2025-01-03 13:09:00,96740.0,96740.0,96695.8,96710.1,45.239,4374798.8542
2025-01-03 13:10:00,96710.1,96794.3,96710.0,96783.4,58.227,5633935.9514
2025-01-03 13:11:00,96783.4,96797.8,96769.9,96775.9,75.802,7336139.7444
2025-01-03 13:12:00,96775.9,96776.2,96627.7,96628.0,39.994,3866529.2273
2025-01-03 13:13:00,96628.0,96688.8,96600.0,96600.0,52.065,5031384.1719
2025-01-03 13:14:00,96600.0,96617.4,96565.2,96580.6,50.539,4881513.1241
2025-01-03 13:15:00,96580.6,96581.5,96475.0,96505.5,54.939,5302601.5146
2025-01-03 13:16:00,96505.5,96505.6,96430.4,96439.7,136.8,13195597.1408
2025-01-03 13:17:00,96439.7,96509.0,96439.7,96466.3,164.559,15874664.4886
2025-01-03 13:18:00,96466.3,96500.2,96460.0,96460.1,96.863,9345179.5122
2025-01-03 13:19:00,96460.1,96463.4,96447.3,96447.6,43.315,4177861.5374
2025-01-03 13:20:00,96447.6,96586.2,96447.3,96584.3,39.924,3853832.6185
2025-01-03 13:21:00,96584.3,96600.0,96505.5,96544.2,50.635,4889121.5267
2025-01-03 13:22:00,96544.2,96651.0,96543.9,96650.7,33.775,3262446.0076
2025-01-03 13:23:00,96650.7,96672.0,96610.0,96610.0,58.098,5615059.5794
2025-01-03 13:24:00,96610.0,96621.1,96572.7,96621.1,69.319,6695474.8821
2025-01-03 13:25:00,96621.1,96628.3,96569.2,96570.3,20.503,1980048.2719
2025-01-03 13:26:00,96570.3,96619.9,96545.7,96597.2,53.214,5139155.8942
2025-01-03 13:27:00,96597.2,96597.2,96548.5,96548.8,137.83,13310234.8602
2025-01-03 13:28:00,96548.8,96571.3,96490.3,96490.3,26.751,2582535.4015
2025-01-03 13:29:00,96490.3,96517.4,96489.4,96496.3,41.996,4052597.5807
2025-01-03 13:30:00,96496.3,96550.0,96473.0,96520.7,59.502,5743349.554
2025-01-03 13:31:00,96520.7,96570.8,96495.5,96545.0,73.194,7064525.8077
2025-01-03 13:32:00,96545.0,96556.1,96510.0,96556.1,41.737,4029322.0808
2025-01-03 13:33:00,96556.1,96600.0,96521.0,96585.5,28.771,2778514.1944
2025-01-03 13:34:00,96585.5,96594.2,96505.4,96505.4,59.938,5785563.0815
2025-01-03 13:35:00,96505.4,96545.5,96471.2,96521.0,35.705,3446206.3368
2025-01-03 13:36:00,96521.0,96547.4,96521.0,96529.5,55.202,5328567.9332
2025-01-03 13:37:00,96529.5,96544.5,96505.1,96505.4,34.685,3348092.5163
2025-01-03 13:38:00,96505.4,96541.7,96500.0,96501.1,18.194,1755972.8049
2025-01-03 13:39:00,96501.1,96527.1,96486.1,96511.5,29.727,2868612.6725
2025-01-03 13:40:00,96511.5,96527.1,96509.9,96509.9,43.343,4183171.0599
2025-01-03 13:41:00,96509.9,96512.5,96476.0,96512.5,10.62,1024758.9079
2025-01-03 13:42:00,96512.5,96596.2,96512.5,96596.2,23.037,2224391.5363
2025-01-03 13:43:00,96596.2,96653.2,96596.1,96611.7,36.123,3490231.0294
2025-01-03 13:44:00,96611.7,96612.0,96570.6,96570.6,58.37,5638082.6568
2025-01-03 13:45:00,96570.6,96600.2,96565.0,96592.7,20.5,1979889.2888
2025-01-03 13:46:00,96592.7,96610.5,96545.5,96606.1,36.288,3504792.4654
2025-01-03 13:47:00,96606.1,96606.1,96572.2,96576.0,57.777,5580020.2592
2025-01-03 13:48:00,96576.0,96576.0,96538.2,96553.3,8.932,862438.7076
2025-01-03 13:49:00,96553.3,96555.1,96516.0,96550.0,14.694,1418561.1427
2025-01-03 13:50:00,96550.0,96555.0,96500.0,96513.3,18.431,1778946.3091
2025-01-03 13:51:00,96513.3,96538.4,96507.0,96527.0,29.331,2831084.3032
2025-01-03 13:52:00,96527.0,96527.0,96514.8,96515.0,17.32,1671701.4909
2025-01-03 13:53:00,96515.0,96527.0,96507.3,96507.3,9.192,887175.1265
2025-01-03 13:54:00,96507.3,96531.7,96507.3,96518.6,11.407,1101068.0272
2025-01-03 13:55:00,96518.6,96518.6,96461.4,96489.0,46.28,4465073.8004
2025-01-03 13:56:00,96489.0,96489.1,96488.0,96488.3,107.642,10386227.475
2025-01-03 13:57:00,96488.3,96489.1,96488.3,96489.0,12.193,1176490.9068
2025-01-03 13:58:00,96489.0,96493.0,96489.0,96492.8,12.495,1205645.5799
2025-01-03 13:59:00,96492.8,96493.0,96458.0,96464.0,13.245,1277803.3034
2025-01-03 14:00:00,96464.0,96536.7,96464.0,96497.0,35.647,3440320.5023
2025-01-03 14:01:00,96497.0,96559.4,96497.0,96558.0,28.143,2716834.6111
2025-01-03 14:02:00,96558.0,96580.2,96558.0,96558.2,16.994,1640978.103
2025-01-03 14:03:00,96558.2,96574.2,96558.0,96569.5,19.441,1877352.01
2025-01-03 14:04:00,96569.5,96575.7,96560.0,96575.1,9.989,964624.8766
2025-01-03 14:05:00,96575.1,96580.8,96570.0,96575.3,18.554,1791900.8008
2025-01-03 14:06:00,96575.3,96600.0,96572.3,96599.7,20.416,1971866.6982
2025-01-03 14:07:00,96599.7,96600.0,96578.2,96593.8,37.033,3576686.0414
2025-01-03 14:08:00,96593.8,96745.7,96593.8,96742.2,61.942,5989667.7633
2025-01-03 14:09:00,96742.2,96771.6,96718.7,96771.6,162.235,15694270.7956
2025-01-03 14:10:00,96771.6,96858.2,96771.3,96857.9,153.665,14877414.7247
2025-01-03 14:11:00,96857.9,96863.4,96809.6,96845.6,226.951,21978727.3901
2025-01-03 14:12:00,96845.6,96864.5,96810.7,96817.0,132.594,12839226.836
2025-01-03 14:13:00,96817.0,96822.7,96791.9,96822.4,107.048,10363974.3273
2025-01-03 14:14:00,96822.4,96830.0,96735.0,96736.2,49.517,4792460.781
2025-01-03 14:15:00,96736.2,96784.3,96735.9,96784.1,54.869,5309206.2812
2025-01-03 14:16:00,96784.1,96784.1,96723.8,96732.3,52.583,5087234.4351
2025-01-03 14:17:00,96732.3,96744.2,96650.8,96689.7,41.397,4002755.2877
2025-01-03 14:18:00,96689.7,96809.8,96687.9,96807.4,59.598,5767717.9245
2025-01-03 14:19:00,96807.4,96924.3,96807.4,96878.9,102.122,9894964.0031
2025-01-03 14:20:00,96878.9,96878.9,96787.0,96803.4,210.202,20352463.1849
2025-01-03 14:21:00,96803.4,96850.0,96803.1,96850.0,66.623,6451249.271
2025-01-03 14:22:00,96850.0,96895.7,96850.0,96881.3,51.319,4971258.8723
2025-01-03 14:23:00,96881.3,96895.6,96862.9,96887.7,37.61,3643652.4683
2025-01-03 14:24:00,96887.7,96981.1,96887.4,96970.0,78.269,7587798.9723
2025-01-03 14:25:00,96970.0,97045.1,96959.2,97027.4,257.378,24970134.487
2025-01-04 05:26:00,98120.0,98132.6,98119.9,98131.7,12.099,1187292.7064
2025-01-04 05:27:00,98131.7,98131.7,98093.4,98098.6,24.198,2373958.891
2025-01-04 05:28:00,98098.6,98108.3,98098.3,98108.2,25.369,2488745.4321
2025-01-04 05:29:00,98108.2,98108.5,98108.2,98108.2,13.523,1326718.8414
2025-01-04 05:30:00,98108.2,98108.5,98098.3,98098.3,10.343,1014732.9531
2025-01-04 05:31:00,98098.3,98128.3,98098.3,98128.0,10.087,989757.2226
2025-01-04 05:32:00,98128.0,98149.0,98122.2,98148.5,18.962,1860936.1192
2025-01-04 05:33:00,98148.5,98150.2,98119.0,98122.7,33.747,3311537.9112
2025-01-04 05:34:00,98122.7,98122.9,98116.1,98118.5,19.775,1940325.8482
2025-01-04 05:35:00,98118.5,98147.4,98118.5,98131.5,14.612,1433985.5308
2025-01-04 05:36:00,98131.5,98131.5,98111.9,98112.2,11.648,1142962.5826
2025-01-04 05:37:00,98112.2,98126.5,98111.9,98112.9,17.578,1724758.789
2025-01-04 05:38:00,98112.9,98113.2,98088.0,98090.5,15.173,1488512.3694
2025-01-04 05:39:00,98090.5,98097.6,98088.0,98097.4,13.244,1299140.6295
2025-01-04 05:40:00,98097.4,98160.2,98088.0,98160.0,35.893,3522106.3223
2025-01-04 05:41:00,98160.0,98160.0,98149.5,98150.3,82.579,8105334.575
2025-01-04 05:42:00,98150.3,98150.3,98147.7,98148.0,38.155,3744855.9784
2025-01-04 05:43:00,98148.0,98155.6,98147.7,98155.6,16.259,1595798.9748
2025-01-04 05:44:00,98155.6,98155.9,98149.0,98149.1,6.398,627982.1858
2025-01-04 05:45:00,98149.1,98149.1,98149.0,98149.0,10.344,1015254.2479
2025-01-04 05:46:00,98149.0,98149.1,98148.0,98148.1,4.43,434798.8369
2025-01-04 05:47:00,98148.1,98148.1,98126.9,98131.6,7.928,778040.4198
2025-01-04 05:48:00,98131.6,98131.9,98127.1,98127.1,12.048,1182250.7859
2025-01-04 05:49:00,98127.1,98127.4,98125.0,98125.1,23.254,2281819.9595
2025-01-04 05:50:00,98125.1,98125.1,98116.4,98116.7,11.778,1155662.645
2025-01-04 05:51:00,98116.7,98116.7,98116.4,98116.4,6.784,665622.7386
2025-01-04 05:52:00,98116.4,98116.4,98028.0,98031.1,19.487,1911387.1399
2025-01-04 05:53:00,98031.1,98096.7,98031.1,98080.1,60.742,5957481.7696
2025-01-04 05:54:00,98080.1,98080.1,98057.8,98057.8,45.44,4456227.4824
2025-01-04 05:55:00,98057.8,98063.3,98046.7,98057.8,37.148,3642749.8356
2025-01-04 05:56:00,98057.8,98122.3,98057.8,98105.5,98.29,9641847.0805
2025-01-04 05:57:00,98105.5,98110.7,98090.5,98090.5,15.315,1502422.9076
2025-01-04 05:58:00,98090.5,98098.2,98090.5,98098.0,25.307,2482493.4451
2025-01-04 05:59:00,98098.0,98102.5,98087.3,98087.3,28.601,2805736.2641
2025-01-04 06:00:00,98087.3,98101.1,98087.3,98088.0,72.073,7070215.8174
2025-01-04 06:01:00,98088.0,98095.5,98067.5,98067.8,23.446,2299638.8236
2025-01-04 06:02:00,98067.8,98067.8,98062.1,98062.1,10.821,1061166.15
2025-01-04 06:03:00,98062.1,98062.7,98041.6,98062.7,7.971,781524.5084
2025-01-04 06:04:00,98062.7,98072.6,98062.7,98068.0,12.692,1244703.1657
2025-01-04 06:05:00,98068.0,98068.0,98034.5,98039.5,6.71,657854.7352
2025-01-04 06:06:00,98039.5,98109.9,98039.5,98109.7,17.525,1718926.1147
2025-01-04 06:07:00,98109.7,98109.9,98085.2,98085.5,11.237,1102325.0454
2025-01-04 06:08:00,98085.5,98094.4,98085.4,98094.3,8.403,824230.3716
2025-01-04 06:09:00,98094.3,98094.4,98085.4,98085.4,3.426,336059.823
2025-01-04 06:10:00,98085.4,98100.3,98041.9,98100.2,6.065,594738.0957
2025-01-04 06:11:00,98100.2,98123.8,98064.5,98064.6,28.231,2769657.7687
2025-01-04 06:12:00,98064.6,98064.6,98061.1,98061.1,66.101,6482085.1604
2025-01-04 06:13:00,98061.1,98061.2,98061.1,98061.2,2.012,197299.0682
2025-01-04 06:14:00,98061.2,98061.2,98023.4,98026.0,5.842,572690.0022
2025-01-04 06:15:00,98026.0,98026.3,98026.0,98026.0,13.026,1276888.1306
2025-01-04 06:16:00,98026.0,98042.8,98026.0,98033.8,8.198,803697.9805
2025-01-04 06:17:00,98033.8,98033.8,98005.4,98010.0,19.372,1898798.6653
2025-01-04 06:18:00,98010.0,98018.5,98009.9,98018.2,25.467,2496138.9182
2025-01-04 06:19:00,98018.2,98020.0,98018.2,98019.9,6.268,614389.06
2025-01-04 06:20:00,98019.9,98020.0,98019.9,98020.0,6.975,683689.2672
2025-01-04 06:21:00,98020.0,98020.0,98017.0,98017.0,2.978,291901.6556
2025-01-04 06:22:00,98017.0,98017.1,98017.0,98017.0,4.314,422845.6739
2025-01-04 06:23:00,98017.0,98044.3,98017.0,98044.3,6.633,650217.4966
2025-01-04 06:24:00,98044.3,98044.3,98030.0,98032.6,11.46,1123545.7211
2025-01-04 06:25:00,98032.6,98070.0,98032.5,98069.7,8.582,841445.1441
2025-01-04 06:26:00,98069.7,98070.0,98048.7,98050.4,13.325,1306587.1308
2025-01-04 06:27:00,98050.4,98050.5,98043.6,98043.9,4.696,460421.3213
2025-01-04 06:28:00,98043.9,98050.7,98035.8,98042.4,12.565,1231841.132
2025-01-04 06:29:00,98042.4,98042.7,98036.0,98042.4,28.316,2776139.6955
2025-01-04 06:30:00,98042.4,98042.8,98038.4,98038.5,8.17,801000.1494
2025-01-04 06:31:00,98038.5,98038.5,98016.5,98029.5,5.916,579928.4568
2025-01-04 06:32:00,98029.5,98038.2,98029.5,98038.2,6.77,663662.4518
2025-01-04 06:33:00,98038.2,98040.7,98029.6,98040.7,4.17,408812.7679
2025-01-04 06:34:00,98040.7,98040.7,98018.3,98020.2,7.367,722151.0107
2025-01-04 06:35:00,98020.2,98040.7,98020.2,98040.7,15.016,1472137.8077
2025-01-04 06:36:00,98040.7,98046.7,98040.4,98046.4,7.364,721980.3381
2025-01-04 06:37:00,98046.4,98047.6,98046.4,98047.4,4.378,429250.1925
2025-01-04 06:38:00,98047.4,98049.2,98047.3,98049.2,6.174,605349.6679
2025-01-04 06:39:00,98049.2,98050.4,98048.9,98049.0,13.965,1369257.9298
2025-01-04 06:40:00,98049.0,98062.1,98049.0,98061.8,35.536,3484506.5406
2025-01-04 06:41:00,98061.8,98062.1,98049.1,98049.1,11.691,1146390.9835
2025-01-04 06:42:00,98049.1,98049.1,98037.6,98044.6,30.132,2954189.8736
2025-01-04 06:43:00,98044.6,98045.5,98043.9,98044.0,52.884,5184971.746
2025-01-04 06:44:00,98044.0,98044.7,98011.6,98011.6,18.709,1833946.6603
2025-01-04 06:45:00,98011.6,98014.1,98003.2,98009.0,14.369,1408255.6913
2025-01-04 06:46:00,98009.0,98017.0,98009.0,98016.7,21.471,2104402.5287
2025-01-04 06:47:00,98016.7,98017.0,98011.0,98011.0,15.755,1544187.9003
2025-01-04 06:48:00,98011.0,98017.0,98011.0,98017.0,9.669,947677.5002
2025-01-04 06:49:00,98017.0,98029.7,98017.0,98029.5,3.326,326044.7531
2025-01-04 06:50:00,98029.5,98044.6,98029.5,98044.6,3.892,381589.1438
2025-01-04 06:51:00,98044.6,98077.7,98044.6,98076.8,5.759,564780.5201
2025-01-04 06:52:00,98076.8,98106.0,98068.1,98104.7,22.013,2159177.2183
2025-01-04 06:53:00,98104.7,98120.2,98104.6,98119.2,45.542,4468397.3755
2025-01-04 06:54:00,98119.2,98144.9,98114.4,98144.6,41.72,4093946.1131
2025-01-04 06:55:00,98144.6,98177.3,98121.0,98121.0,44.13,4330998.0543
2025-01-04 06:56:00,98121.0,98121.2,98094.2,98094.2,32.788,3216589.5046
2025-01-04 06:57:00,98094.2,98094.5,98093.1,98093.4,13.375,1311998.9147
2025-01-04 06:58:00,98093.4,98099.2,98093.1,98099.2,10.163,996955.4941
2025-01-04 06:59:00,98099.2,98099.2,98089.8,98089.8,7.566,742186.6301
2025-01-04 07:00:00,98089.8,98099.3,98089.8,98094.0,13.197,1294582.3662
2025-01-04 07:01:00,98094.0,98094.5,98093.7,98093.8,7.692,754539.0723
2025-01-04 07:02:00,98093.8,98093.8,98068.4,98073.9,2.675,262350.0228
2025-01-04 07:03:00,98073.9,98094.6,98073.9,98074.0,5.574,546745.5148
2025-01-04 07:04:00,98074.0,98074.0,98070.0,98070.1,4.631,454170.303
2025-01-04 07:05:00,98070.1,98106.9,98068.4,98106.6,8.688,852079.2593
2025-01-04 22:06:00,98346.8,98347.0,98302.0,98302.3,30.513,2999718.7387
2025-01-04 22:07:00,98302.3,98303.2,98300.0,98300.2,16.877,1659030.6053
2025-01-04 22:08:00,98300.2,98302.9,98300.0,98300.1,21.537,2117115.5785
2025-01-04 22:09:00,98300.1,98317.2,98300.1,98312.3,16.028,1575735.002
2025-01-04 22:10:00,98312.3,98312.6,98312.3,98312.6,32.981,3242443.2987
2025-01-04 22:11:00,98312.6,98320.2,98312.3,98320.0,9.557,939580.9712
2025-01-04 22:12:00,98320.0,98339.2,98313.7,98338.5,17.727,1743170.3396
2025-01-04 22:13:00,98338.5,98350.2,98321.9,98322.0,27.596,2713872.6738
2025-01-04 22:14:00,98322.0,98322.2,98300.1,98300.4,19.048,1872604.8992
2025-01-04 22:15:00,98300.4,98310.9,98300.1,98310.3,16.403,1612546.6409
2025-01-04 22:16:00,98310.3,98314.3,98304.6,98304.6,10.879,1069510.8745
2025-01-04 22:17:00,98304.6,98304.9,98300.1,98304.8,15.715,1544858.4456
2025-01-04 22:18:00,98304.8,98304.9,98301.0,98301.0,4.84,475784.7507
2025-01-04 22:19:00,98301.0,98301.3,98300.0,98300.3,26.371,2592292.9202
2025-01-04 22:20:00,98300.3,98300.3,98300.0,98300.3,72.657,7142198.322
2025-01-04 22:21:00,98300.3,98300.3,98300.0,98300.2,20.41,2006308.8017
2025-01-04 22:22:00,98300.2,98300.3,98268.2,98268.5,23.294,2289452.4594
2025-01-04 22:23:00,98268.5,98269.2,98255.3,98255.3,55.4,5443685.8711
2025-01-04 22:24:00,98255.3,98264.7,98233.8,98254.2,42.436,4169317.8066
2025-01-04 22:25:00,98254.2,98262.0,98253.9,98261.1,72.867,7160020.0608
2025-01-04 22:26:00,98261.1,98261.2,98237.8,98237.8,14.097,1384931.6051
2025-01-04 22:27:00,98237.8,98238.0,98237.8,98237.9,10.449,1026488.2535
2025-01-04 22:28:00,98237.9,98238.0,98237.8,98237.9,7.42,728925.2763
2025-01-04 22:29:00,98237.9,98238.0,98232.0,98234.0,11.969,1175769.8415
2025-01-04 22:30:00,98234.0,98234.2,98233.9,98234.0,9.281,911709.4522
2025-01-04 22:31:00,98234.0,98316.5,98233.9,98316.5,13.557,1332405.9067
2025-01-04 22:32:00,98316.5,98317.5,98316.5,98317.5,27.161,2670397.4264
2025-01-04 22:33:00,98317.5,98318.1,98316.5,98316.6,11.906,1170560.7181
2025-01-04 22:34:00,98316.6,98357.2,98311.2,98357.2,14.2,1396341.8298
2025-01-04 22:35:00,98357.2,98368.6,98356.9,98360.4,14.595,1435657.3673
2025-01-04 22:36:00,98360.4,98368.6,98324.1,98324.1,18.783,1847040.9935
2025-01-04 22:37:00,98324.1,98324.2,98317.2,98317.5,20.176,1983652.8321
2025-01-04 22:38:00,98317.5,98343.2,98317.5,98341.8,13.999,1376691.2765
2025-01-04 22:39:00,98341.8,98379.2,98341.8,98378.1,26.82,2638304.2644
2025-01-04 22:40:00,98378.1,98411.0,98378.1,98410.0,42.763,4208146.913
2025-01-04 22:41:00,98410.0,98422.1,98410.0,98421.1,86.642,8527368.5121
2025-01-04 22:42:00,98421.1,98421.4,98384.3,98384.3,28.822,2836046.0362
2025-01-04 22:43:00,98384.3,98384.6,98384.3,98384.3,14.603,1436708.278
2025-01-04 22:44:00,98384.3,98384.6,98375.0,98375.0,11.671,1148176.8878
2025-01-04 22:45:00,98375.0,98375.0,98351.7,98351.9,12.14,1194128.328
2025-01-04 22:46:00,98351.9,98351.9,98330.9,98333.2,16.367,1609519.8136
2025-01-04 22:47:00,98333.2,98334.4,98325.1,98334.3,20.121,1978458.6934
2025-01-04 22:48:00,98334.3,98425.2,98334.3,98425.1,39.58,3894037.4373
2025-01-04 22:49:00,98425.1,98426.7,98401.0,98409.9,110.145,10839555.9564
2025-01-04 22:50:00,98409.9,98424.6,98409.8,98423.8,87.76,8637603.5288
2025-01-04 22:51:00,98423.8,98423.9,98410.5,98423.5,6.305,620542.4299
2025-01-04 22:52:00,98423.5,98462.9,98423.5,98461.2,28.143,2770821.9542
2025-01-04 22:53:00,98461.2,98461.2,98447.3,98447.3,58.455,5754781.4468
2025-01-04 22:54:00,98447.3,98447.4,98420.0,98423.3,26.974,2654930.6708
2025-01-04 22:55:00,98423.3,98423.6,98416.3,98416.5,49.187,4840934.9444
2025-01-04 22:56:00,98416.5,98417.0,98416.3,98416.8,5.616,552709.1517
2025-01-04 22:57:00,98416.8,98417.0,98416.5,98416.5,4.042,397800.4579
2025-01-04 22:58:00,98416.5,98416.6,98407.9,98407.9,5.182,509963.0976
2025-01-04 22:59:00,98407.9,98408.0,98372.4,98372.4,17.401,1711961.9939
2025-01-04 23:00:00,98372.4,98372.7,98308.9,98309.2,50.515,4966684.8116
2025-01-04 23:01:00,98309.2,98320.1,98292.3,98314.9,53.942,5303039.7377
2025-01-04 23:02:00,98314.9,98351.5,98292.3,98351.3,27.88,2741214.5974
2025-01-04 23:03:00,98351.3,98386.9,98351.3,98361.8,18.877,1856927.5213
2025-01-04 23:04:00,98361.8,98389.1,98281.2,98311.7,89.054,8756375.2577
2025-01-04 23:05:00,98311.7,98344.8,98311.7,98316.4,202.235,19884771.646
2025-01-04 23:06:00,98316.4,98316.4,98230.4,98261.5,17.609,1730248.4382
2025-01-04 23:07:00,98261.5,98261.5,98198.6,98198.6,58.995,5793698.4568
2025-01-04 23:08:00,98198.6,98200.2,98122.6,98164.9,94.295,9257078.7067
2025-01-04 23:09:00,98164.9,98209.9,98156.0,98209.9,90.012,8837866.3986
2025-01-04 23:10:00,98209.9,98209.9,98088.2,98125.9,58.571,5748710.4371
2025-01-04 23:11:00,98125.9,98141.2,98125.9,98136.7,66.581,6534091.0502
2025-01-04 23:12:00,98136.7,98137.0,98129.8,98130.1,44.056,4323305.8838
2025-01-04 23:13:00,98130.1,98136.7,98129.8,98130.1,43.021,4221761.7854
2025-01-04 23:14:00,98130.1,98135.2,98129.8,98135.1,27.811,2729215.7859
2025-01-04 23:15:00,98135.1,98140.0,98135.1,98135.3,17.62,1729163.6277
2025-01-04 23:16:00,98135.3,98180.3,98135.3,98160.0,27.658,2715027.9174
2025-01-04 23:17:00,98160.0,98169.0,98160.0,98168.9,44.665,4384585.6768
2025-01-04 23:18:00,98168.9,98191.2,98168.9,98174.4,26.858,2636827.3893
2025-01-04 23:19:00,98174.4,98211.4,98174.4,98211.4,22.946,2253313.0087
2025-01-04 23:20:00,98211.4,98229.1,98211.4,98219.9,19.749,1939773.7501
2025-01-04 23:21:00,98219.9,98238.8,98219.9,98229.6,28.324,2782405.5526
2025-01-04 23:22:00,98229.6,98238.0,98219.9,98229.1,13.483,1324387.3229
2025-01-04 23:23:00,98229.1,98229.1,98175.0,98176.4,6.338,622378.8978
2025-01-04 23:24:00,98176.4,98185.7,98175.0,98185.4,18.993,1864685.4416
2025-01-04 23:25:00,98185.4,98201.5,98185.4,98201.5,27.747,2724702.9678
2025-01-04 23:26:00,98201.5,98230.2,98201.4,98207.3,35.903,3525960.925
2025-01-04 23:27:00,98207.3,98213.2,98204.0,98213.2,5.681,557947.8285
2025-01-04 23:28:00,98213.2,98220.9,98213.2,98213.9,4.261,418507.0814
2025-01-04 23:29:00,98213.9,98213.9,98186.4,98186.7,7.179,704967.1508
2025-01-04 23:30:00,98186.7,98202.7,98186.0,98202.7,8.814,865460.878
2025-01-04 23:31:00,98202.7,98217.0,98193.2,98216.7,11.966,1175066.3859
2025-01-04 23:32:00,98216.7,98217.0,98198.1,98198.3,12.961,1272778.5857
2025-01-04 23:33:00,98198.3,98216.5,98198.3,98216.2,5.928,582154.4185
2025-01-04 23:34:00,98216.2,98222.4,98210.0,98222.4,17.7,1738379.1233
2025-01-04 23:35:00,98222.4,98246.4,98221.8,98226.0,26.523,2605359.9026
2025-01-04 23:36:00,98226.0,98226.1,98213.5,98217.7,11.365,1116244.5736
2025-01-04 23:37:00,98217.7,98217.8,98208.8,98208.8,12.897,1266671.3908
2025-01-04 23:38:00,98208.8,98208.9,98190.0,98190.0,5.973,586508.022
2025-01-04 23:39:00,98190.0,98190.1,98189.0,98189.1,9.109,894405.2347
2025-01-04 23:40:00,98189.1,98189.1,98160.1,98160.2,7.078,694802.2621
2025-01-04 23:41:00,98160.2,98179.8,98159.9,98179.5,11.282,1107490.1223
2025-01-04 23:42:00,98179.5,98183.9,98171.0,98171.0,6.562,644255.0143
2025-01-04 23:43:00,98171.0,98185.0,98171.0,98180.3,4.832,474390.8849
2025-01-04 23:44:00,98180.3,98190.7,98174.5,98174.8,7.406,727144.3998
2025-01-04 23:45:00,98174.8,98185.4,98174.5,98183.6,23.53,2310142.2496
2025-01-05 14:46:00,97689.5,97798.0,97689.5,97760.0,159.989,15638765.6681
2025-01-05 14:47:00,97760.0,97784.6,97733.4,97784.6,211.169,20643385.8821
2025-01-05 14:48:00,97784.6,97789.1,97754.8,97788.8,90.846,8881401.328
2025-01-05 14:49:00,97788.8,97844.5,97786.7,97834.1,124.52,12180217.8899
2025-01-05 14:50:00,97834.1,97849.3,97817.0,97817.0,241.604,23636450.213
2025-01-05 14:51:00,97817.0,97820.4,97762.1,97762.1,129.046,12618572.1485
2025-01-05 14:52:00,97762.1,97777.9,97754.7,97758.2,121.948,11922386.8834
2025-01-05 14:53:00,97758.2,97797.1,97758.1,97787.8,69.085,6754775.4473
2025-01-05 14:54:00,97787.8,97797.1,97771.3,97781.7,45.123,4412272.5647
2025-01-05 14:55:00,97781.7,97900.0,97781.7,97899.9,77.739,7606324.9592
2025-01-05 14:56:00,97899.9,97932.9,97870.0,97871.0,157.376,15405827.7624
2025-01-05 14:57:00,97871.0,97871.0,97817.4,97817.7,122.151,11949448.3993
2025-01-05 14:58:00,97817.7,97823.6,97802.9,97818.4,71.436,6987379.3006
2025-01-05 14:59:00,97818.4,97818.5,97803.4,97811.0,33.458,3272651.6346
2025-01-05 15:00:00,97811.0,97848.9,97802.9,97830.0,43.304,4236555.4492
2025-01-05 15:01:00,97830.0,97848.9,97800.0,97800.3,50.158,4906338.3609
2025-01-05 15:02:00,97800.3,97881.0,97787.3,97881.0,74.989,7336731.4279
2025-01-05 15:03:00,97881.0,97881.0,97828.1,97843.2,80.662,7892662.9441
2025-01-05 15:04:00,97843.2,97871.1,97839.1,97860.9,33.564,3284197.5454
2025-01-05 15:05:00,97860.9,97884.6,97860.8,97884.6,75.058,7345540.747
2025-01-05 15:06:00,97884.6,97987.4,97884.6,97959.1,166.017,16263189.1094
2025-01-05 15:07:00,97959.1,97970.0,97904.5,97905.3,292.941,28690547.8042
2025-01-05 15:08:00,97905.3,97959.1,97905.0,97931.6,69.838,6839779.7182
2025-01-05 15:09:00,97931.6,97931.6,97838.9,97840.3,73.557,7200071.0309
2025-01-05 15:10:00,97840.3,97860.2,97790.0,97829.0,124.118,12141554.642
2025-01-05 15:11:00,97829.0,97863.6,97814.4,97863.4,102.549,10033323.602
2025-01-05 15:12:00,97863.4,97863.5,97800.0,97800.0,42.932,4200013.9823
2025-01-05 15:13:00,97800.0,97800.0,97768.2,97775.7,34.57,3380450.5697
2025-01-05 15:14:00,97775.7,97775.8,97751.0,97767.0,91.549,8950894.0761
2025-01-05 15:15:00,97767.0,97774.6,97653.6,97695.4,140.635,13745232.4768
2025-01-05 15:16:00,97695.4,97750.0,97674.1,97743.5,132.116,12911027.6309
2025-01-05 15:17:00,97743.5,97743.5,97679.1,97691.9,59.095,5774136.7756
2025-01-05 15:18:00,97691.9,97733.0,97691.9,97727.8,39.416,3851667.1863
2025-01-05 15:19:00,97727.8,97737.9,97720.0,97720.0,36.417,3558942.4226
2025-01-05 15:20:00,97720.0,97750.0,97720.0,97750.0,18.04,1763148.6064
2025-01-05 15:21:00,97750.0,97750.2,97723.0,97723.3,12.888,1259640.2607
2025-01-05 15:22:00,97723.3,97725.6,97698.0,97718.0,15.295,1494438.193
2025-01-05 15:23:00,97718.0,97799.2,97718.0,97790.0,37.71,3686935.2271
2025-01-05 15:24:00,97790.0,97790.0,97755.0,97762.2,50.824,4968749.7735
2025-01-05 15:25:00,97762.2,97774.6,97762.2,97769.9,17.196,1681238.6663
2025-01-05 15:26:00,97769.9,97817.4,97769.6,97793.7,17.935,1753945.3187
2025-01-05 15:27:00,97793.7,97800.2,97791.9,97792.2,34.637,3387495.8516
2025-01-05 15:28:00,97792.2,97831.2,97791.9,97830.9,23.4,2289087.7937
2025-01-05 15:29:00,97830.9,97871.7,97830.9,97859.8,72.247,7069872.5839
2025-01-05 15:30:00,97859.8,97930.8,97859.8,97930.7,191.947,18792588.8025
2025-01-05 15:31:00,97930.7,98146.1,97930.7,98068.8,286.289,28072625.8995
2025-01-05 15:32:00,98068.8,98114.3,98060.0,98071.0,562.399,55162255.6779
2025-01-05 15:33:00,98071.0,98100.2,98021.5,98043.6,163.445,16025722.7211
2025-01-05 15:34:00,98043.6,98070.2,98022.8,98035.0,154.874,15183762.6785
2025-01-05 15:35:00,98035.0,98076.4,98020.0,98059.8,61.476,6028396.5317
2025-01-05 15:36:00,98059.8,98169.7,98059.8,98123.1,120.794,11853077.1502
2025-01-05 15:37:00,98123.1,98234.0,98123.1,98165.4,338.617,33250733.4251
2025-01-05 15:38:00,98165.4,98169.9,98106.8,98142.3,376.951,36991711.8136
2025-01-05 15:39:00,98142.3,98142.3,98089.4,98089.4,168.516,16532944.2189
2025-01-05 15:40:00,98089.4,98113.8,98059.8,98086.8,113.124,11095858.1521
2025-01-05 15:41:00,98086.8,98105.3,98050.8,98055.7,66.327,6504607.8957
2025-01-05 15:42:00,98055.7,98056.0,98037.7,98042.6,73.695,7225275.26
2025-01-05 15:43:00,98042.6,98057.0,98042.6,98056.9,41.98,4116057.2869
2025-01-05 15:44:00,98056.9,98057.7,98031.9,98031.9,33.586,3292737.2729
2025-01-05 15:45:00,98031.9,98069.0,98004.9,98005.9,33.975,3331072.7314
2025-01-05 15:46:00,98005.9,98033.2,97986.4,98022.6,46.34,4541743.733
2025-01-05 15:47:00,98022.6,98118.3,98022.3,98117.9,66.643,6536358.6421
2025-01-05 15:48:00,98117.9,98117.9,98070.2,98078.0,72.053,7067860.1957
2025-01-05 15:49:00,98078.0,98096.3,98050.0,98050.0,28.901,2834490.2169
2025-01-05 15:50:00,98050.0,98050.1,98007.2,98014.8,37.713,3696655.6867
2025-01-05 15:51:00,98014.8,98015.1,97996.5,98006.7,53.439,5237039.0336
2025-01-05 15:52:00,98006.7,98015.1,98002.0,98002.1,33.922,3324671.0117
2025-01-05 15:53:00,98002.1,98015.0,97999.9,97999.9,31.631,3100166.5416
2025-01-05 15:54:00,97999.9,98015.0,97966.4,97966.4,22.529,2207544.8784
2025-01-05 15:55:00,97966.4,97974.8,97966.4,97974.4,46.412,4547191.7157
2025-01-05 15:56:00,97974.4,97996.1,97974.4,97987.5,51.952,5090386.9635
2025-01-05 15:57:00,97987.5,97987.8,97987.2,97987.2,44.443,4354850.2354
2025-01-05 15:58:00,97987.2,97987.5,97955.5,97955.8,64.425,6312441.4783
2025-01-05 15:59:00,97955.8,97982.0,97950.0,97981.7,66.871,6550895.045
2025-01-05 16:00:00,97981.7,97987.3,97950.0,97950.0,51.893,5084441.595
2025-01-05 16:01:00,97950.0,97997.1,97943.2,97997.1,26.821,2627596.9378
2025-01-05 16:02:00,97997.1,97999.4,97975.8,97996.8,31.495,3086310.2081
2025-01-05 16:03:00,97996.8,98100.0,97996.8,98100.0,48.301,4736367.1903
2025-01-05 16:04:00,98100.0,98133.9,98085.8,98085.8,62.338,6115400.3006
2025-01-05 16:05:00,98085.8,98144.3,98085.8,98135.4,68.335,6705279.1322
2025-01-05 16:06:00,98135.4,98144.3,98121.3,98139.6,81.213,7969973.7154
2025-01-05 16:07:00,98139.6,98229.0,98127.9,98206.9,76.973,7558275.205
2025-01-05 16:08:00,98206.9,98213.9,98161.2,98192.0,102.771,10089873.3026
2025-01-05 16:09:00,98192.0,98193.4,98151.9,98178.3,50.728,4979725.9004
2025-01-05 16:10:00,98178.3,98297.4,98178.3,98240.0,110.568,10861753.6301
2025-01-05 16:11:00,98240.0,98240.0,98217.6,98218.2,170.38,16735558.829
2025-01-05 16:12:00,98218.2,98230.2,98205.8,98205.8,59.046,5799273.5248
2025-01-05 16:13:00,98205.8,98215.0,98119.9,98124.7,52.312,5136171.6136
2025-01-05 16:14:00,98124.7,98152.1,98096.5,98149.2,91.193,8949372.8215
2025-01-05 16:15:00,98149.2,98188.4,98104.4,98130.3,36.891,3620271.9557
2025-01-05 16:16:00,98130.3,98130.3,98090.0,98094.9,21.028,2062913.9618
2025-01-05 16:17:00,98094.9,98095.1,98048.8,98086.5,21.494,2107918.7406
2025-01-05 16:18:00,98086.5,98095.1,98056.2,98073.6,46.784,4588259.8729
2025-01-05 16:19:00,98073.6,98073.6,98026.2,98026.2,21.047,2063562.9467
2025-01-05 16:20:00,98026.2,98045.1,97987.2,98035.8,47.606,4666229.6063
2025-01-05 16:21:00,98035.8,98036.1,98010.6,98019.6,64.994,6370410.4988
2025-01-05 16:22:00,98019.6,98019.8,98010.6,98019.8,13.68,1340869.3677
2025-01-05 16:23:00,98019.8,98088.2,98019.8,98070.8,24.891,2440816.689
2025-01-05 16:24:00,98070.8,98070.8,98050.4,98069.8,27.667,2712827.4689
2025-01-05 16:25:00,98069.8,98089.3,98060.9,98075.1,12.639,1239546.6061
2025-01-06 07:26:00,99256.6,99321.2,99256.6,99304.8,48.927,4857971.989
2025-01-06 07:27:00,99304.8,99327.9,99304.8,99313.7,65.947,6549898.3536
2025-01-06 07:28:00,99313.7,99325.2,99289.3,99289.4,29.627,2942117.1088
2025-01-06 07:29:00,99289.4,99289.4,99283.5,99283.7,41.816,4151674.1456
2025-01-06 07:30:00,99283.7,99350.4,99283.5,99314.5,70.117,6964548.794
2025-01-06 07:31:00,99314.5,99339.7,99303.8,99303.9,37.273,3701747.4185
2025-01-06 07:32:00,99303.9,99303.9,99204.5,99264.3,26.002,2580212.402
2025-01-06 07:33:00,99264.3,99291.6,99254.0,99277.3,49.836,4947488.7102
2025-01-06 07:34:00,99277.3,99277.5,99254.6,99268.9,54.322,5392053.8179
2025-01-06 07:35:00,99268.9,99268.9,99247.7,99254.5,23.93,2375112.9446
2025-01-06 07:36:00,99254.5,99290.2,99240.0,99289.8,25.037,2485283.5942
2025-01-06 07:37:00,99289.8,99289.8,99267.5,99267.7,25.603,2541621.5429
2025-01-06 07:38:00,99267.7,99300.0,99263.1,99291.0,28.373,2817045.3707
2025-01-06 07:39:00,99291.0,99303.2,99278.4,99278.4,24.033,2386274.8176
2025-01-06 07:40:00,99278.4,99278.4,99234.5,99234.5,38.747,3845345.2883
2025-01-06 07:41:00,99234.5,99235.4,99224.2,99233.9,33.188,3293272.0851
2025-01-06 07:42:00,99233.9,99259.9,99228.5,99259.6,19.488,1933930.1829
2025-01-06 07:43:00,99259.6,99264.3,99259.4,99260.4,23.565,2339140.0074
2025-01-06 07:44:00,99260.4,99260.6,99257.3,99257.6,14.57,1446185.0506
2025-01-06 07:45:00,99257.6,99264.3,99240.0,99264.3,17.287,1715814.7763
2025-01-06 07:46:00,99264.3,99311.6,99261.1,99293.5,27.372,2717436.4309
2025-01-06 07:47:00,99293.5,99341.2,99293.5,99341.2,47.852,4752578.4438
2025-01-06 07:48:00,99341.2,99341.2,99337.2,99341.2,69.821,6936090.7502
2025-01-06 07:49:00,99341.2,99346.1,99340.2,99346.1,23.82,2366331.5114
2025-01-06 07:50:00,99346.1,99346.7,99313.3,99336.5,41.509,4122889.6786
2025-01-06 07:51:00,99336.5,99336.7,99311.6,99311.8,61.139,6073074.3849
2025-01-06 07:52:00,99311.8,99350.2,99302.1,99347.2,40.273,4000452.5429
2025-01-06 07:53:00,99347.2,99365.8,99347.2,99365.8,82.811,8228250.8189
2025-01-06 07:54:00,99365.8,99370.0,99316.0,99337.4,35.139,3491305.8663
2025-01-06 07:55:00,99337.4,99337.7,99304.0,99304.0,39.433,3916615.0956
2025-01-06 07:56:00,99304.0,99304.0,99281.0,99284.1,13.889,1379079.7575
2025-01-06 07:57:00,99284.1,99296.5,99264.7,99264.7,19.659,1951777.4461
2025-01-06 07:58:00,99264.7,99270.2,99264.7,99269.9,12.182,1209298.5967
2025-01-06 07:59:00,99269.9,99288.2,99269.9,99280.3,12.508,1241829.7151
2025-01-06 08:00:00,99280.3,99337.7,99280.0,99309.0,25.274,2510091.7389
2025-01-06 08:01:00,99309.0,99340.3,99281.2,99340.1,55.294,5491489.5728
2025-01-06 08:02:00,99340.1,99390.8,99339.9,99380.1,44.644,4436493.7813
2025-01-06 08:03:00,99380.1,99394.0,99374.6,99382.3,39.829,3958260.9966
2025-01-06 08:04:00,99382.3,99439.7,99382.2,99439.7,58.499,5814809.9859
2025-01-06 08:05:00,99439.7,99500.2,99439.5,99499.9,115.72,11512081.3766
2025-01-06 08:06:00,99499.9,99532.0,99478.1,99484.7,161.11,16031113.9924
2025-01-06 08:07:00,99484.7,99484.7,99415.2,99435.0,126.004,12529341.5395
2025-01-06 08:08:00,99435.0,99471.2,99435.0,99466.5,34.126,3394527.8359
2025-01-06 08:09:00,99466.5,99466.5,99450.3,99453.1,32.112,3193859.2822
2025-01-06 08:10:00,99453.1,99581.9,99452.8,99570.0,58.95,5866177.8643
2025-01-06 08:11:00,99570.0,99582.2,99534.6,99546.3,125.963,12541148.9977
2025-01-06 08:12:00,99546.3,99546.4,99504.1,99504.5,126.657,12605138.9648
2025-01-06 08:13:00,99504.5,99518.7,99500.0,99518.7,48.482,4824378.7368
2025-01-06 08:14:00,99518.7,99542.6,99505.3,99525.1,35.742,3557176.0692
2025-01-06 08:15:00,99525.1,99525.1,99512.0,99512.0,39.6,3941051.5244
2025-01-06 08:16:00,99512.0,99512.1,99433.7,99450.0,20.245,2013572.5152
2025-01-06 08:17:00,99450.0,99450.3,99404.0,99429.9,38.057,3784031.2653
2025-01-06 08:18:00,99429.9,99429.9,99420.0,99420.0,38.155,3793606.8991
2025-01-06 08:19:00,99420.0,99420.0,99375.8,99376.1,20.015,1989395.2898
2025-01-06 08:20:00,99376.1,99376.1,99355.7,99373.1,32.634,3242704.2994
2025-01-06 08:21:00,99373.1,99402.2,99370.6,99402.2,24.631,2447684.3114
2025-01-06 08:22:00,99402.2,99438.3,99392.5,99437.4,33.584,3339289.8703
2025-01-06 08:23:00,99437.4,99437.7,99400.0,99400.0,48.783,4849536.9297
2025-01-06 08:24:00,99400.0,99400.0,99333.7,99357.6,22.925,2277917.0318
2025-01-06 08:25:00,99357.6,99357.6,99290.0,99290.0,43.384,4308765.7326
2025-01-06 08:26:00,99290.0,99319.8,99290.0,99319.8,63.869,6342453.7839
2025-01-06 08:27:00,99319.8,99360.2,99319.7,99332.6,52.117,5177167.0474
2025-01-06 08:28:00,99332.6,99400.0,99332.6,99369.8,38.655,3841130.6914
2025-01-06 08:29:00,99369.8,99375.7,99352.1,99352.4,27.047,2687441.1202
2025-01-06 08:30:00,99352.4,99375.7,99350.0,99354.9,17.111,1700149.9761
2025-01-06 08:31:00,99354.9,99359.8,99295.8,99325.9,38.596,3833560.9937
2025-01-06 08:32:00,99325.9,99325.9,99288.8,99303.1,32.486,3225886.6912
2025-01-06 08:33:00,99303.1,99305.0,99288.5,99289.1,30.346,3013208.7523
2025-01-06 08:34:00,99289.1,99289.2,99259.4,99270.8,81.801,8120744.0053
2025-01-06 08:35:00,99270.8,99271.3,99247.3,99258.1,157.894,15672017.7471
2025-01-06 08:36:00,99258.1,99290.0,99258.1,99280.2,81.164,8058277.6728
2025-01-06 08:37:00,99280.2,99280.3,99264.0,99264.1,25.915,2572738.3592
2025-01-06 08:38:00,99264.1,99280.2,99197.0,99197.4,29.727,2950377.9139
2025-01-06 08:39:00,99197.4,99230.8,99197.0,99204.7,72.726,7215119.0723
2025-01-06 08:40:00,99204.7,99209.7,99193.4,99206.1,59.965,5948419.8648
2025-01-06 08:41:00,99206.1,99206.1,98998.2,99017.2,243.437,24117437.6801
2025-01-06 08:42:00,99017.2,99058.6,98940.9,99050.0,603.649,59755306.5429
2025-01-06 08:43:00,99050.0,99050.0,99000.0,99029.1,303.808,30081109.7038
2025-01-06 08:44:00,99029.1,99045.7,99000.0,99011.4,170.984,16930528.4801
2025-01-06 08:45:00,99011.4,99064.5,99011.1,99064.4,220.968,21883113.1208
2025-01-06 08:46:00,99064.4,99064.5,99030.4,99035.3,91.15,9027226.0558
2025-01-06 08:47:00,99035.3,99049.7,99000.0,99000.0,87.515,8665999.7304
2025-01-06 08:48:00,99000.0,99050.3,99000.0,99050.2,93.373,9246529.4933
2025-01-06 08:49:00,99050.2,99075.6,99000.0,99000.0,50.618,5013045.576
2025-01-06 08:50:00,99000.0,99035.7,99000.0,99030.7,49.669,4918759.5018
2025-01-06 08:51:00,99030.7,99064.2,99030.5,99060.6,44.401,4398215.4593
2025-01-06 08:52:00,99060.6,99079.5,99060.5,99070.8,65.543,6493405.1737
2025-01-06 08:53:00,99070.8,99122.5,99070.7,99109.1,211.953,21004851.3983
2025-01-06 08:54:00,99109.1,99127.2,99104.6,99112.5,351.637,34850458.9832
2025-01-06 08:55:00,99112.5,99134.5,99112.5,99134.5,74.628,7397970.0165
2025-01-06 08:56:00,99134.5,99194.6,99134.4,99151.0,51.613,5118612.6969
2025-01-06 08:57:00,99151.0,99151.1,98998.8,99025.0,106.448,10545679.8523
2025-01-06 08:58:00,99025.0,99025.0,98981.4,99000.0,131.263,12995320.5863
2025-01-06 08:59:00,99000.0,99000.1,98969.9,98999.9,53.135,5260079.974
2025-01-06 09:00:00,98999.9,99076.6,98999.9,99026.3,68.134,6748103.4576
2025-01-06 09:01:00,99026.3,99036.4,98972.1,99036.4,58.103,5753090.9545
2025-01-06 09:02:00,99036.4,99120.7,99036.4,99100.1,53.346,5285191.6169
2025-01-06 09:03:00,99100.1,99120.7,99092.7,99099.6,58.89,5836113.5242
2025-01-06 09:04:00,99099.6,99120.7,99099.6,99117.0,18.94,1877145.8408
2025-01-06 09:05:00,99117.0,99120.0,99085.5,99085.5,17.77,1761126.5642
2025-01-07 00:06:00,102057.4,102057.4,102004.2,102004.2,28.702,2928408.4107
2025-01-07 00:07:00,102004.2,102004.2,101929.5,101952.4,55.699,5678536.2426
2025-01-07 00:08:00,101952.4,101978.0,101936.6,101936.6,66.686,6799469.8281
2025-01-07 00:09:00,101936.6,101961.5,101930.6,101961.5,44.331,4519242.3568
2025-01-07 00:10:00,101961.5,102008.9,101961.3,101998.2,84.585,8627202.3773
2025-01-07 00:11:00,101998.2,102027.7,101997.9,102003.2,37.645,3840200.9617
2025-01-07 00:12:00,102003.2,102011.9,101985.1,101985.2,10.243,1044752.8509
2025-01-07 00:13:00,101985.2,101989.8,101974.1,101988.9,15.461,1576767.5875
2025-01-07 00:14:00,101988.9,101990.2,101988.6,101990.2,30.855,3146884.9371
2025-01-07 00:15:00,101990.2,102013.4,101934.4,101934.7,16.709,1703814.8947
2025-01-07 00:16:00,101934.7,101950.2,101890.3,101950.2,49.417,5036490.6002
2025-01-07 00:17:00,101950.2,102000.0,101950.0,102000.0,80.22,8181215.1132
2025-01-07 00:18:00,102000.0,102039.3,101990.8,102034.2,19.737,2013538.8661
2025-01-07 00:19:00,102034.2,102049.2,102028.8,102040.3,25.326,2584350.2799
2025-01-07 00:20:00,102040.3,102040.4,102040.0,102040.0,23.518,2399780.8933
2025-01-07 00:21:00,102040.0,102087.1,102040.0,102075.7,22.148,2260699.0041
2025-01-07 00:22:00,102075.7,102122.4,102075.7,102113.9,40.132,4097779.5732
2025-01-07 00:23:00,102113.9,102169.6,102113.9,102160.0,73.397,7498196.4773
2025-01-07 00:24:00,102160.0,102161.9,102155.0,102155.0,78.499,8019459.7693
2025-01-07 00:25:00,102155.0,102155.0,102110.1,102115.8,18.747,1914364.2254
2025-01-07 00:26:00,102115.8,102115.8,102075.9,102100.0,19.706,2011777.8399
2025-01-07 00:27:00,102100.0,102164.3,102099.9,102164.3,12.129,1238665.1271
2025-01-07 00:28:00,102164.3,102370.2,102164.3,102321.8,260.938,26697738.957
2025-01-07 00:29:00,102321.8,102393.7,102321.5,102340.0,605.764,61999835.587
2025-01-07 00:30:00,102340.0,102340.3,102260.3,102293.5,366.369,37480918.0316
2025-01-07 00:31:00,102293.5,102294.3,102228.2,102250.0,107.778,11021196.4999
2025-01-07 00:32:00,102250.0,102321.5,102250.0,102320.0,88.054,9008772.5753
2025-01-07 00:33:00,102320.0,102332.6,102314.1,102330.4,74.466,7619728.6924
2025-01-07 00:34:00,102330.4,102419.0,102330.3,102417.7,105.069,10757716.5762
2025-01-07 00:35:00,102417.7,102700.0,102417.7,102661.4,944.948,96934277.3704
2025-01-07 00:36:00,102661.4,102661.4,102444.0,102444.3,570.503,58487225.0658
2025-01-07 00:37:00,102444.3,102454.0,102321.8,102402.6,301.976,30919209.3943
2025-01-07 00:38:00,102402.6,102458.5,102402.6,102410.2,214.695,21991266.4355
2025-01-07 00:39:00,102410.2,102410.2,102222.2,102253.6,137.595,14072884.4502
2025-01-07 00:40:00,102253.6,102253.6,102117.7,102129.1,299.388,30585424.6104
2025-01-07 00:41:00,102129.1,102191.2,102106.2,102106.2,179.087,18291147.8795
2025-01-07 00:42:00,102106.2,102175.3,102099.9,102128.9,91.187,9314094.8672
2025-01-07 00:43:00,102128.9,102137.9,102082.9,102086.3,97.235,9928402.5075
2025-01-07 00:44:00,102086.3,102086.3,101955.2,102010.2,216.854,22119245.4006
2025-01-07 00:45:00,102010.2,102041.4,101998.8,102000.3,318.915,32532998.4002
2025-01-07 00:46:00,102000.3,102000.3,101937.0,101937.1,108.773,11091495.1438
2025-01-07 00:47:00,101937.1,102009.2,101937.0,102009.2,118.566,12091298.7806
2025-01-07 00:48:00,102009.2,102090.5,102009.1,102081.6,205.063,20930670.4559
2025-01-07 00:49:00,102081.6,102139.0,102081.6,102113.9,131.779,13456729.5088
2025-01-07 00:50:00,102113.9,102166.3,102099.5,102158.5,49.035,5008144.0371
2025-01-07 00:51:00,102158.5,102170.2,102086.6,102094.8,58.095,5933944.2338
2025-01-07 00:52:00,102094.8,102113.2,102093.3,102112.8,76.14,7774474.5459
2025-01-07 00:53:00,102112.8,102175.3,102112.8,102175.3,34.419,3515434.3333
2025-01-07 00:54:00,102175.3,102180.2,102167.6,102171.0,39.169,4002210.5015
2025-01-07 00:55:00,102171.0,102171.1,102028.5,102032.3,24.698,2521677.0989
2025-01-07 00:56:00,102032.3,102050.3,101960.3,101970.1,111.136,11334270.4707
2025-01-07 00:57:00,101970.1,101978.7,101936.9,101966.5,228.388,23286362.2979
2025-01-07 00:58:00,101966.5,101988.3,101966.2,101979.7,33.377,3403916.9853
2025-01-07 00:59:00,101979.7,102000.2,101979.4,101999.9,34.879,3557499.8277
2025-01-07 01:00:00,101999.9,102036.7,101969.3,102023.0,63.976,6527034.4709
2025-01-07 01:01:00,102023.0,102024.4,101888.0,101897.6,189.441,19310196.9336
2025-01-07 01:02:00,101897.6,101897.6,101822.0,101860.2,212.549,21652206.8389
2025-01-07 01:03:00,101860.2,101864.5,101769.2,101780.2,129.07,13143400.8676
2025-01-07 01:04:00,101780.2,101871.4,101776.4,101869.3,101.034,10291095.3098
2025-01-07 01:05:00,101869.3,101869.6,101817.0,101869.5,89.847,9150360.4105
2025-01-07 01:06:00,101869.5,101940.4,101869.5,101933.5,72.77,7415860.9976
2025-01-07 01:07:00,101933.5,101933.5,101896.1,101904.8,84.489,8610693.84
2025-01-07 01:08:00,101904.8,101905.1,101856.6,101856.6,33.875,3450687.1064
2025-01-07 01:09:00,101856.6,101881.1,101841.5,101872.8,27.473,2798546.0237
2025-01-07 01:10:00,101872.8,101873.6,101831.7,101831.7,19.84,2020970.5462
2025-01-07 01:11:00,101831.7,101834.6,101800.0,101824.7,23.267,2369005.6009
2025-01-07 01:12:00,101824.7,101824.9,101755.5,101755.8,50.325,5121922.8694
2025-01-07 01:13:00,101755.8,101811.5,101750.7,101808.7,101.025,10283052.6523
2025-01-07 01:14:00,101808.7,101808.8,101808.4,101808.4,70.342,7161418.8507
2025-01-07 01:15:00,101808.4,101824.0,101779.9,101798.1,34.808,3543674.4406
2025-01-07 01:16:00,101798.1,101877.3,101798.1,101871.2,80.672,8215447.7786
2025-01-07 01:17:00,101871.2,101876.1,101822.8,101850.0,58.676,5975496.9499
2025-01-07 01:18:00,101850.0,101857.1,101849.9,101850.0,56.28,5732238.4619
2025-01-07 01:19:00,101850.0,101850.1,101815.2,101830.2,128.746,13108850.7779
2025-01-07 01:20:00,101830.2,101847.2,101830.2,101837.8,29.602,3014749.0934
2025-01-07 01:21:00,101837.8,101862.3,101824.0,101862.3,33.275,3388841.4571
2025-01-07 01:22:00,101862.3,101871.4,101862.1,101869.2,30.306,3087199.7412
2025-01-07 01:23:00,101869.2,101869.2,101850.9,101861.6,20.946,2133519.6171
2025-01-07 01:24:00,101861.6,101871.1,101847.1,101847.2,9.941,1012476.9036
2025-01-07 01:25:00,101847.2,101847.2,101760.0,101760.2,23.958,2438890.1437
2025-01-07 01:26:00,101760.2,101760.3,101720.0,101720.0,86.412,8790996.8287
2025-01-07 01:27:00,101720.0,101740.9,101700.0,101710.6,133.459,13574368.495
2025-01-07 01:28:00,101710.6,101714.0,101688.3,101704.6,85.178,8662386.5017
2025-01-07 01:29:00,101704.6,101708.6,101650.0,101650.0,79.071,8040442.4974
2025-01-07 01:30:00,101650.0,101700.3,101650.0,101699.9,88.507,8999151.4455
2025-01-07 01:31:00,101699.9,101741.4,101690.4,101741.4,106.243,10806702.2788
2025-01-07 01:32:00,101741.4,101790.7,101741.4,101790.7,140.692,14317556.3011
2025-01-07 01:33:00,101790.7,101790.7,101704.9,101721.4,38.384,3904716.3647
2025-01-07 01:34:00,101721.4,101744.8,101719.3,101719.4,26.051,2650491.3611
2025-01-07 01:35:00,101719.4,101785.9,101685.0,101785.9,17.553,1785868.3449
2025-01-07 01:36:00,101785.9,101791.9,101763.2,101765.4,30.455,3099348.3805
2025-01-07 01:37:00,101765.4,101765.7,101712.2,101750.0,17.171,1746826.4761
2025-01-07 01:38:00,101750.0,101792.1,101750.0,101784.7,17.428,1773900.6932
2025-01-07 01:39:00,101784.7,101825.7,101784.7,101817.7,20.264,2063069.1589
2025-01-07 01:40:00,101817.7,101914.3,101812.5,101913.4,52.373,5335332.1132
2025-01-07 01:41:00,101913.4,101917.3,101897.8,101900.0,84.14,8574611.6141
2025-01-07 01:42:00,101900.0,101947.1,101900.0,101941.1,61.661,6285324.2794
2025-01-07 01:43:00,101941.1,101946.9,101906.5,101946.5,47.401,4831291.7208
2025-01-07 01:44:00,101946.5,101954.0,101930.0,101930.0,32.536,3316935.8981
2025-01-07 01:45:00,101930.0,101930.3,101874.3,101874.6,50.838,5179821.9059
2025-01-07 16:46:00,98112.1,98177.6,98090.0,98101.5,214.814,21079660.4325
2025-01-07 16:47:00,98101.5,98135.2,98015.0,98135.2,80.342,7878156.2695
2025-01-07 16:48:00,98135.2,98150.5,97990.5,97992.7,165.816,16257021.8428
2025-01-07 16:49:00,97992.7,98005.2,97899.7,97909.9,120.81,11833512.8257
2025-01-07 16:50:00,97909.9,97942.1,97806.5,97806.6,147.021,14388734.5438
2025-01-07 16:51:00,97806.6,97864.8,97722.0,97724.9,181.447,17746947.5911
2025-01-07 16:52:00,97724.9,97812.9,97713.7,97799.4,212.77,20800993.3958
2025-01-07 16:53:00,97799.4,97828.4,97745.4,97765.6,327.153,31989245.8266
2025-01-07 16:54:00,97765.6,97790.2,97742.5,97767.6,401.548,39252913.4667
2025-01-07 16:55:00,97767.6,97814.7,97750.0,97750.3,48.908,4782639.7472
2025-01-07 16:56:00,97750.3,97865.5,97750.3,97772.1,65.702,6426387.5533
2025-01-07 16:57:00,97772.1,97830.2,97722.5,97779.9,69.572,6803066.165
2025-01-07 16:58:00,97779.9,97793.7,97709.2,97726.8,85.435,8350429.6367
2025-01-07 16:59:00,97726.8,97732.7,97696.0,97706.6,79.874,7804404.1768
2025-01-07 17:00:00,97706.6,97775.1,97692.3,97692.3,102.015,9970530.397
2025-01-07 17:01:00,97692.3,97758.7,97692.3,97728.4,144.976,14168520.3865
2025-01-07 17:02:00,97728.4,97777.4,97664.0,97700.3,229.703,22449297.2596
2025-01-07 17:03:00,97700.3,97770.4,97700.0,97721.9,107.036,10461551.053
2025-01-07 17:04:00,97721.9,97721.9,97580.7,97617.8,102.98,10053662.9804
2025-01-07 17:05:00,97617.8,97652.1,97544.0,97613.3,251.73,24568237.7341
2025-01-07 17:06:00,97613.3,97627.6,97557.7,97557.8,210.058,20501480.3422
2025-01-07 17:07:00,97557.8,97576.3,97431.8,97443.2,266.494,25982960.4431
2025-01-07 17:08:00,97443.2,97510.2,97400.0,97509.5,712.5,69432586.4368
2025-01-07 17:09:00,97509.5,97531.1,97462.2,97462.4,570.499,55614144.836
2025-01-07 17:10:00,97462.4,97462.4,97306.0,97397.7,380.775,37077017.6411
2025-01-07 17:11:00,97397.7,97480.2,97390.7,97420.5,562.007,54769343.1235
2025-01-07 17:12:00,97420.5,97558.0,97420.5,97531.7,195.187,19030027.0328
2025-01-07 17:13:00,97531.7,97559.2,97450.0,97450.1,202.223,19719671.5344
2025-01-07 17:14:00,97450.1,97450.1,97341.2,97365.8,156.608,15250962.3592
2025-01-07 17:15:00,97365.8,97400.3,97251.9,97291.1,347.556,33825690.426
2025-01-07 17:16:00,97291.1,97323.5,97197.3,97304.8,451.133,43877619.3888
2025-01-07 17:17:00,97304.8,97416.6,97284.8,97411.2,434.748,42325207.5319
2025-01-07 17:18:00,97411.2,97474.5,97411.2,97474.5,270.318,26341220.6646
2025-01-07 17:19:00,97474.5,97539.0,97442.4,97453.3,181.293,17678714.9695
2025-01-07 17:20:00,97453.3,97465.3,97350.0,97373.4,246.743,24029010.292
2025-01-07 17:21:00,97373.4,97465.7,97365.8,97390.1,157.076,15302647.6184
2025-01-07 17:22:00,97390.1,97390.1,97290.0,97318.6,166.064,16165894.9258
2025-01-07 17:23:00,97318.6,97365.7,97250.0,97339.0,329.045,32020143.4056
2025-01-07 17:24:00,97339.0,97400.2,97338.8,97348.3,187.937,18298163.6278
2025-01-07 17:25:00,97348.3,97392.1,97304.5,97350.1,52.789,5139354.5739
2025-01-07 17:26:00,97350.1,97350.2,97226.4,97226.4,95.509,9292002.0858
2025-01-07 17:27:00,97226.4,97299.7,97226.4,97299.6,170.337,16566375.2846
2025-01-07 17:28:00,97299.6,97323.9,97220.1,97222.5,168.818,16420104.5779
2025-01-07 17:29:00,97222.5,97334.1,97222.2,97299.0,72.383,7042148.2585
2025-01-07 17:30:00,97299.0,97401.0,97261.1,97280.6,167.556,16310787.6673
2025-01-07 17:31:00,97280.6,97359.2,97266.7,97280.3,389.384,37893805.028
2025-01-07 17:32:00,97280.3,97342.8,97270.0,97288.1,254.813,24798167.5349
2025-01-07 17:33:00,97288.1,97288.1,97141.7,97236.9,179.495,17444207.3649
2025-01-07 17:34:00,97236.9,97284.1,97199.0,97200.4,381.048,37049254.0719
2025-01-07 17:35:00,97200.4,97244.0,97101.0,97207.2,311.402,30249555.789
2025-01-07 17:36:00,97207.2,97250.8,97188.3,97233.7,561.472,54586309.7907
2025-01-07 17:37:00,97233.7,97241.1,97109.8,97122.2,214.406,20832931.9168
2025-01-07 17:38:00,97122.2,97122.4,96713.6,97097.8,2014.896,195297779.8553
2025-01-07 17:39:00,97097.8,97391.1,97066.0,97373.6,795.126,77323464.2829
2025-01-07 17:40:00,97373.6,97541.9,97373.6,97488.2,717.397,69923077.0551
2025-01-07 17:41:00,97488.2,97489.5,97393.9,97468.9,618.051,60225203.1637
2025-01-07 17:42:00,97468.9,97473.7,97342.0,97360.3,346.547,33747954.0823
2025-01-07 17:43:00,97360.3,97400.2,97250.0,97250.1,241.878,23535749.039
2025-01-07 17:44:00,97250.1,97257.1,97200.0,97201.9,242.231,23547427.035
2025-01-07 17:45:00,97201.9,97274.1,97149.5,97217.0,185.808,18063461.8731
2025-01-07 17:46:00,97217.0,97293.3,96827.0,96867.7,807.225,78331874.2588
2025-01-07 17:47:00,96867.7,96984.9,96852.2,96868.7,691.21,66990009.9212
2025-01-07 17:48:00,96868.7,96949.9,96550.8,96943.7,1661.765,160690931.9312
2025-01-07 17:49:00,96943.7,97000.0,96912.1,96930.0,615.664,59682342.6959
2025-01-07 17:50:00,96930.0,97031.7,96880.0,97031.7,372.758,36138673.9405
2025-01-07 17:51:00,97031.7,97067.4,96896.3,96939.2,297.784,28874454.0269
2025-01-07 17:52:00,96939.2,96987.2,96896.0,96987.2,353.487,34259562.4454
2025-01-07 17:53:00,96987.2,97019.4,96921.4,97019.2,179.192,17378465.8531
2025-01-07 17:54:00,97019.2,97241.7,97011.4,97165.3,463.925,45080439.4914
2025-01-07 17:55:00,97165.3,97221.3,97138.8,97200.9,575.343,55911835.5421
2025-01-07 17:56:00,97200.9,97350.5,97200.9,97348.0,232.222,22595911.2252
2025-01-07 17:57:00,97348.0,97348.0,97224.9,97245.3,330.473,32142137.3982
2025-01-07 17:58:00,97245.3,97270.0,97231.0,97267.6,140.1,13626183.8526
2025-01-07 17:59:00,97267.6,97287.8,97242.0,97245.9,63.791,6204977.0326
2025-01-07 18:00:00,97245.9,97294.1,97180.1,97250.6,93.234,9065781.9941
2025-01-07 18:01:00,97250.6,97303.3,97231.7,97250.0,157.181,15290645.3187
2025-01-07 18:02:00,97250.0,97349.9,97250.0,97311.6,178.362,17356274.3666
2025-01-07 18:03:00,97311.6,97398.6,97272.7,97372.2,139.53,13583815.0113
2025-01-07 18:04:00,97372.2,97443.8,97372.2,97424.4,111.612,10873743.0599
2025-01-07 18:05:00,97424.4,97440.5,97363.7,97398.8,139.795,13618338.3725
2025-01-07 18:06:00,97398.8,97444.0,97396.0,97410.5,111.743,10886565.6422
2025-01-07 18:07:00,97410.5,97410.5,97273.2,97336.3,286.014,27835092.9687
2025-01-07 18:08:00,97336.3,97380.7,97313.1,97375.4,543.72,52928982.8048
2025-01-07 18:09:00,97375.4,97467.3,97374.1,97466.0,89.361,8707111.4671
2025-01-07 18:10:00,97466.0,97514.9,97406.4,97496.7,138.154,13464840.0592
2025-01-07 18:11:00,97496.7,97496.7,97425.9,97426.2,128.063,12478226.2617
2025-01-07 18:12:00,97426.2,97457.0,97400.1,97421.5,41.331,4026759.2486
2025-01-07 18:13:00,97421.5,97421.5,97343.7,97343.7,47.447,4620663.9033
2025-01-07 18:14:00,97343.7,97373.2,97332.2,97372.9,52.479,5108583.5659
2025-01-07 18:15:00,97372.9,97379.5,97311.0,97317.4,64.593,6287614.852
2025-01-07 18:16:00,97317.4,97338.9,97223.0,97229.7,99.483,9676113.131
2025-01-07 18:17:00,97229.7,97288.8,97229.4,97250.2,137.723,13394462.6418
2025-01-07 18:18:00,97250.2,97289.5,97240.0,97289.2,64.437,6267458.2016
2025-01-07 18:19:00,97289.2,97362.8,97289.2,97342.5,56.799,5528051.0299
2025-01-07 18:20:00,97342.5,97342.5,97265.4,97265.4,85.069,8279007.0694
2025-01-07 18:21:00,97265.4,97269.4,97069.0,97069.0,93.131,9048000.0275
2025-01-07 18:22:00,97069.0,97283.5,97069.0,97259.0,213.376,20743012.8395
2025-01-07 18:23:00,97259.0,97300.2,97209.2,97209.2,142.135,13824395.7657
2025-01-07 18:24:00,97209.2,97300.1,97209.2,97227.1,66.301,6448268.0228
2025-01-07 18:25:00,97227.1,97245.7,97096.8,97110.2,47.011,4567859.1142
2025-01-08 09:26:00,95901.1,95931.8,95901.1,95918.0,44.774,4294406.4152
2025-01-08 09:27:00,95918.0,95919.8,95900.0,95919.8,44.481,4266081.6702
2025-01-08 09:28:00,95919.8,95922.2,95888.0,95888.0,40.916,3924311.5646
2025-01-08 09:29:00,95888.0,95888.3,95873.2,95880.0,50.916,4881920.8173
2025-01-08 09:30:00,95880.0,95900.0,95874.0,95887.9,105.841,10149159.3205
2025-01-08 09:31:00,95887.9,95888.2,95800.0,95800.1,149.733,14350458.127
2025-01-08 09:32:00,95800.1,95800.1,95764.0,95781.5,207.354,19859715.4903
2025-01-08 09:33:00,95781.5,95800.2,95741.1,95800.2,150.495,14412600.8444
2025-01-08 09:34:00,95800.2,95800.3,95743.6,95757.8,142.165,13612594.5478
2025-01-08 09:35:00,95757.8,95787.5,95740.3,95746.4,117.891,11287934.2641
2025-01-08 09:36:00,95746.4,95777.3,95722.4,95723.1,88.697,8492212.5293
2025-01-08 09:37:00,95723.1,95750.0,95677.9,95712.6,80.112,7668176.6327
2025-01-08 09:38:00,95712.6,95718.3,95677.4,95678.0,108.452,10378454.1435
2025-01-08 09:39:00,95678.0,95713.5,95677.6,95713.2,72.574,6945636.8143
2025-01-08 09:40:00,95713.2,95728.9,95666.6,95728.1,57.195,5473814.8558
2025-01-08 09:41:00,95728.1,95775.1,95727.8,95775.1,75.436,7223117.0824
2025-01-08 09:42:00,95775.1,95821.9,95775.0,95779.3,58.848,5637926.9975
2025-01-08 09:43:00,95779.3,95811.2,95777.0,95777.0,52.999,5076883.1921
2025-01-08 09:44:00,95777.0,95791.8,95770.3,95770.9,33.932,3250075.336
2025-01-08 09:45:00,95770.9,95779.5,95750.0,95750.3,50.401,4826691.1624
2025-01-08 09:46:00,95750.3,95784.4,95746.6,95746.6,25.375,2430051.8463
2025-01-08 09:47:00,95746.6,95752.1,95727.9,95731.6,36.349,3479976.8832
2025-01-08 09:48:00,95731.6,95741.7,95727.9,95727.9,17.76,1700218.1344
2025-01-08 09:49:00,95727.9,95727.9,95713.4,95721.7,28.82,2758669.5004
2025-01-08 09:50:00,95721.7,95752.1,95681.0,95687.2,33.398,3196656.9126
2025-01-08 09:51:00,95687.2,95692.7,95641.0,95651.1,79.891,7642366.1866
2025-01-08 09:52:00,95651.1,95651.4,95636.2,95636.3,146.248,13987834.05
2025-01-08 09:53:00,95636.3,95636.3,95558.1,95597.1,132.472,12662390.9882
2025-01-08 09:54:00,95597.1,95653.9,95593.8,95648.8,258.799,24749852.6105
2025-01-08 09:55:00,95648.8,95663.8,95630.1,95638.7,85.609,8188531.9167
2025-01-08 09:56:00,95638.7,95650.1,95540.0,95551.6,75.06,7175619.2635
2025-01-08 09:57:00,95551.6,95567.2,95538.7,95538.8,106.901,10215121.0053
2025-01-08 09:58:00,95538.8,95538.8,95458.1,95461.2,177.928,16991438.5583
2025-01-08 09:59:00,95461.2,95461.3,95381.7,95401.2,381.601,36407890.1595
2025-01-08 10:00:00,95401.2,95460.6,95401.2,95450.3,444.169,42391769.4508
2025-01-08 10:01:00,95450.3,95507.8,95450.3,95498.0,200.867,19181279.6278
2025-01-08 10:02:00,95498.0,95549.1,95497.9,95548.5,168.582,16105921.3046
2025-01-08 10:03:00,95548.5,95577.5,95529.9,95577.4,169.797,16225129.903
2025-01-08 10:04:00,95577.4,95577.4,95530.6,95559.9,304.761,29121642.6538
2025-01-08 10:05:00,95559.9,95615.9,95543.8,95601.4,63.975,6115677.1153
2025-01-08 10:06:00,95601.4,95659.0,95600.0,95658.8,52.848,5053344.8001
2025-01-08 10:07:00,95658.8,95666.5,95605.9,95635.6,67.147,6421925.0952
2025-01-08 10:08:00,95635.6,95635.9,95626.0,95626.1,115.04,11001522.9244
2025-01-08 10:09:00,95626.1,95676.3,95626.0,95676.3,161.78,15476131.9147
2025-01-08 10:10:00,95676.3,95676.3,95600.1,95610.3,46.141,4412223.6208
2025-01-08 10:11:00,95610.3,95610.3,95556.2,95562.8,54.481,5207262.4038
2025-01-08 10:12:00,95562.8,95563.1,95486.9,95486.9,52.206,4986005.0586
2025-01-08 10:13:00,95486.9,95506.2,95486.9,95506.2,111.419,10640697.929
2025-01-08 10:14:00,95506.2,95524.9,95506.2,95524.9,72.425,6917382.3865
2025-01-08 10:15:00,95524.9,95556.4,95437.9,95486.7,66.193,6320013.6808
2025-01-08 10:16:00,95486.7,95533.5,95486.4,95520.0,118.903,11356768.488
2025-01-08 10:17:00,95520.0,95630.6,95520.0,95630.0,56.782,5427251.1845
2025-01-08 10:18:00,95630.0,95720.2,95629.7,95652.0,89.624,8575453.5076
2025-01-08 10:19:00,95652.0,95664.2,95651.5,95654.3,188.292,18010781.376
2025-01-08 10:20:00,95654.3,95662.7,95621.2,95662.7,65.329,6248238.0289
2025-01-08 10:21:00,95662.7,95687.5,95662.7,95687.5,58.235,5571953.9966
2025-01-08 10:22:00,95687.5,95725.7,95680.9,95707.1,59.228,5668051.8062
2025-01-08 10:23:00,95707.1,95715.9,95687.3,95687.3,42.454,4063059.5142
2025-01-08 10:24:00,95687.3,95721.0,95687.3,95721.0,37.933,3630136.9914
2025-01-08 10:25:00,95721.0,95727.0,95710.0,95726.5,34.013,3255737.0564
2025-01-08 10:26:00,95726.5,95733.5,95700.0,95700.0,39.31,3762410.7389
2025-01-08 10:27:00,95700.0,95700.3,95693.5,95695.4,33.321,3188697.7437
2025-01-08 10:28:00,95695.4,95772.3,95695.4,95772.0,21.235,2032980.1455
2025-01-08 10:29:00,95772.0,95845.3,95772.0,95839.0,72.744,6969705.6895
2025-01-08 10:30:00,95839.0,95845.1,95761.1,95806.3,103.831,9946740.6576
2025-01-08 10:31:00,95806.3,95807.1,95772.1,95792.1,57.283,5487009.0475
2025-01-08 10:32:00,95792.1,95792.1,95749.1,95749.1,59.506,5698362.2347
2025-01-08 10:33:00,95749.1,95749.1,95709.8,95710.1,63.599,6087599.7772
2025-01-08 10:34:00,95710.1,95710.1,95683.3,95683.3,63.388,6065978.4492
2025-01-08 10:35:00,95683.3,95713.0,95644.1,95669.4,86.243,8250871.3325
2025-01-08 10:36:00,95669.4,95669.5,95660.5,95660.8,79.214,7577815.0286
2025-01-08 10:37:00,95660.8,95706.1,95660.5,95705.8,31.717,3035015.2189
2025-01-08 10:38:00,95705.8,95747.5,95705.7,95747.5,29.927,2864456.0825
2025-01-08 10:39:00,95747.5,95748.7,95696.8,95719.8,23.8,2277748.7373
2025-01-08 10:40:00,95719.8,95740.2,95719.8,95740.2,15.576,1491097.0639
2025-01-08 10:41:00,95740.2,95800.0,95740.2,95785.1,13.449,1288196.0204
2025-01-08 10:42:00,95785.1,95785.2,95750.0,95750.0,22.904,2193665.8261
2025-01-08 10:43:00,95750.0,95750.1,95735.0,95743.5,23.812,2279736.5774
2025-01-08 10:44:00,95743.5,95743.6,95700.0,95705.0,18.816,1800851.9151
2025-01-08 10:45:00,95705.0,95710.2,95705.0,95710.2,28.865,2762665.0416
2025-01-08 10:46:00,95710.2,95710.2,95647.9,95647.9,16.09,1539058.7298
2025-01-08 10:47:00,95647.9,95688.2,95647.9,95668.2,21.033,2012074.3022
2025-01-08 10:48:00,95668.2,95700.1,95648.0,95697.7,13.011,1244796.7753
2025-01-08 10:49:00,95697.7,95713.1,95680.3,95680.3,19.801,1894771.5016
2025-01-08 10:50:00,95680.3,95734.5,95680.3,95730.2,9.379,897666.2614
2025-01-08 10:51:00,95730.2,95821.3,95730.1,95821.2,18.853,1805499.8219
2025-01-08 10:52:00,95821.2,95830.0,95821.0,95829.3,45.202,4331649.0339
2025-01-08 10:53:00,95829.3,95837.1,95829.3,95833.5,74.129,7104036.5738
2025-01-08 10:54:00,95833.5,95837.0,95833.4,95836.6,33.365,3197564.0382
2025-01-08 10:55:00,95836.6,95836.9,95804.5,95804.5,32.309,3095445.3868
2025-01-08 10:56:00,95804.5,95888.2,95804.5,95880.2,53.971,5173919.8636
2025-01-08 10:57:00,95880.2,95933.4,95879.9,95931.0,106.41,10205801.9985
2025-01-08 10:58:00,95931.0,95966.9,95931.0,95955.8,117.682,11291851.6466
2025-01-08 10:59:00,95955.8,95955.8,95913.0,95913.3,65.104,6245476.2003
2025-01-08 11:00:00,95913.3,95980.0,95913.0,95967.1,51.008,4894009.8598
2025-01-08 11:01:00,95967.1,95967.1,95895.6,95911.5,65.073,6242239.8467
2025-01-08 11:02:00,95911.5,95980.0,95903.6,95979.9,57.132,5480748.5868
2025-01-08 11:03:00,95979.9,96018.6,95965.1,95965.1,78.836,7567514.9957
2025-01-08 11:04:00,95965.1,96016.0,95965.1,95974.5,117.535,11282942.4108
2025-01-08 11:05:00,95974.5,95983.6,95915.2,95915.2,71.531,6864144.9562
2025-01-09 02:06:00,94900.0,94900.0,94491.8,94542.4,499.586,47260361.1176
2025-01-09 02:07:00,94542.4,94623.9,93800.0,93827.6,1024.596,96500595.7609
2025-01-09 02:08:00,93827.6,94066.3,93650.0,94066.0,832.077,78151361.3808
2025-01-09 02:09:00,94066.0,94198.1,93869.0,93889.5,643.398,60496691.2778
2025-01-09 02:10:00,93889.5,94021.4,93842.6,93842.6,414.39,38935215.9309
2025-01-09 02:11:00,93842.6,93855.5,93650.0,93744.4,355.556,33326093.3899
2025-01-09 02:12:00,93744.4,93786.2,93419.2,93599.6,1176.795,110111496.4366
2025-01-09 02:13:00,93599.6,94150.6,93550.0,94037.3,1323.541,124164532.5595
2025-01-09 02:14:00,94037.3,94186.2,94028.2,94055.6,666.864,62760717.7895
2025-01-09 02:15:00,94055.6,94460.0,94035.4,94235.0,555.649,52372759.7195
2025-01-09 02:16:00,94235.0,94673.3,94224.3,94403.7,703.845,66456874.6093
2025-01-09 02:17:00,94403.7,94443.5,94238.1,94263.1,625.28,58961476.7118
2025-01-09 02:18:00,94263.1,94346.2,94200.0,94219.7,303.727,28629477.539
2025-01-09 02:19:00,94219.7,94319.7,94150.5,94319.4,162.55,15318217.7443
2025-01-09 02:20:00,94319.4,94539.1,94302.1,94529.6,181.955,17174057.8528
2025-01-09 02:21:00,94529.6,94529.6,94373.6,94443.2,117.431,11091664.2309
2025-01-09 02:22:00,94443.2,94466.2,94378.5,94453.6,158.161,14936908.3916
2025-01-09 02:23:00,94453.6,94457.1,94361.3,94361.3,99.003,9346505.3469
2025-01-09 02:24:00,94361.3,94377.7,94318.3,94335.5,67.935,6409028.6861
2025-01-09 02:25:00,94335.5,94335.6,94225.0,94225.1,78.543,7404117.7515
2025-01-09 02:26:00,94225.1,94268.0,94173.2,94260.6,114.196,10759749.7775
2025-01-09 02:27:00,94260.6,94338.0,94237.0,94338.0,102.406,9655644.9114
2025-01-09 02:28:00,94338.0,94400.0,94337.7,94388.7,121.162,11434716.0252
2025-01-09 02:29:00,94388.7,94464.3,94388.7,94454.9,79.836,7538411.1185
2025-01-09 02:30:00,94454.9,94550.0,94454.6,94500.3,70.65,6677337.1383
2025-01-09 02:31:00,94500.3,94507.7,94319.5,94342.3,99.592,9399079.6474
2025-01-09 02:32:00,94342.3,94346.5,94228.1,94249.9,68.941,6499020.5123
2025-01-09 02:33:00,94249.9,94293.0,94248.9,94292.2,55.932,5273110.2628
2025-01-09 02:34:00,94292.2,94334.0,94292.2,94329.1,34.394,3243979.045
2025-01-09 02:35:00,94329.1,94360.0,94290.4,94296.0,16.483,1554641.4962
2025-01-09 02:36:00,94296.0,94443.1,94296.0,94380.0,32.314,3049873.9435
2025-01-09 02:37:00,94380.0,94422.0,94380.0,94416.0,44.126,4165168.7313
2025-01-09 02:38:00,94416.0,94442.8,94380.6,94399.9,35.53,3354034.752
2025-01-09 02:39:00,94399.9,94440.0,94369.6,94423.3,20.022,1890419.2987
2025-01-09 02:40:00,94423.3,94644.1,94419.1,94644.1,33.371,3153247.6978
2025-01-09 02:41:00,94644.1,94735.2,94615.5,94675.1,118.744,11239178.8883
2025-01-09 02:42:00,94675.1,94738.0,94675.1,94727.2,171.609,16251250.0242
2025-01-09 02:43:00,94727.2,94772.0,94718.0,94756.7,76.716,7268404.5036
2025-01-09 02:44:00,94756.7,94772.0,94704.3,94771.3,95.37,9033655.6055
2025-01-09 02:45:00,94771.3,94844.0,94746.7,94789.9,131.725,12485827.2786
2025-01-09 02:46:00,94789.9,94789.9,94667.3,94667.3,90.963,8618014.2649
2025-01-09 02:47:00,94667.3,94715.4,94644.4,94681.8,71.526,6772194.6671
2025-01-09 02:48:00,94681.8,94714.3,94657.8,94660.0,34.443,3260921.875
2025-01-09 02:49:00,94660.0,94660.1,94616.0,94652.8,39.287,3718102.7807
2025-01-09 02:50:00,94652.8,94670.4,94624.7,94624.7,44.191,4183149.863
2025-01-09 02:51:00,94624.7,94708.2,94624.7,94700.7,17.477,1654604.4032
2025-01-09 02:52:00,94700.7,94714.5,94673.3,94673.3,19.226,1820301.9941
2025-01-09 02:53:00,94673.3,94694.8,94665.1,94665.1,17.359,1643431.7166
2025-01-09 02:54:00,94665.1,94665.4,94650.1,94665.1,14.377,1360997.6232
2025-01-09 02:55:00,94665.1,94692.2,94633.3,94678.2,15.893,1504571.7877
2025-01-09 02:56:00,94678.2,94684.5,94635.3,94653.1,37.703,3569101.7749
2025-01-09 02:57:00,94653.1,94665.1,94652.0,94656.7,16.456,1557664.847
2025-01-09 02:58:00,94656.7,94679.9,94650.1,94662.6,12.667,1199083.5693
2025-01-09 02:59:00,94662.6,94775.8,94662.6,94744.1,28.196,2670831.6657
2025-01-09 03:00:00,94744.1,94768.6,94656.8,94656.8,59.368,5622829.9492
2025-01-09 03:01:00,94656.8,94700.0,94617.8,94617.8,66.911,6334451.9324
2025-01-09 03:02:00,94617.8,94617.8,94515.9,94557.6,80.055,7570173.1979
2025-01-09 03:03:00,94557.6,94615.5,94542.9,94567.9,139.464,13189432.8102
2025-01-09 03:04:00,94567.9,94615.1,94520.0,94526.9,29.773,2815530.1496
2025-01-09 03:05:00,94526.9,94526.9,94404.2,94433.0,54.067,5106315.3111
2025-01-09 03:06:00,94433.0,94433.0,94350.0,94350.0,117.562,11096134.5361
2025-01-09 03:07:00,94350.0,94357.7,94225.3,94234.8,88.126,8309932.2152
2025-01-09 03:08:00,94234.8,94337.8,94234.8,94327.8,114.532,10800468.5134
2025-01-09 03:09:00,94327.8,94373.7,94320.1,94320.2,73.67,6950453.7158
2025-01-09 03:10:00,94320.2,94320.2,94231.2,94251.9,38.865,3663290.7885
2025-01-09 03:11:00,94251.9,94313.8,94251.9,94289.3,57.999,5468235.5008
2025-01-09 03:12:00,94289.3,94317.7,94274.9,94308.2,45.003,4243791.4635
2025-01-09 03:13:00,94308.2,94355.6,94265.3,94349.9,18.843,1776925.074
2025-01-09 03:14:00,94349.9,94366.6,94322.6,94330.3,22.449,2117683.1376
2025-01-09 03:15:00,94330.3,94359.2,94320.2,94322.1,40.219,3793862.7302
2025-01-09 03:16:00,94322.1,94345.4,94280.1,94280.1,46.683,4402789.9855
2025-01-09 03:17:00,94280.1,94320.9,94266.1,94314.6,25.196,2375862.1516
2025-01-09 03:18:00,94314.6,94438.9,94314.6,94438.9,21.595,2038555.8438
2025-01-09 03:19:00,94438.9,94495.3,94435.9,94467.7,44.39,4193681.3393
2025-01-09 03:20:00,94467.7,94475.8,94426.2,94465.9,49.012,4629224.187
2025-01-09 03:21:00,94465.9,94479.9,94433.7,94445.0,17.375,1641092.7662
2025-01-09 03:22:00,94445.0,94486.7,94437.6,94486.7,26.793,2531103.8035
2025-01-09 03:23:00,94486.7,94489.5,94450.0,94479.3,19.974,1886916.2004
2025-01-09 03:24:00,94479.3,94485.9,94418.6,94418.6,21.999,2077902.9059
2025-01-09 03:25:00,94418.6,94433.9,94407.3,94432.6,24.365,2300587.6887
2025-01-09 03:26:00,94432.6,94432.9,94329.2,94339.9,26.159,2468108.2574
2025-01-09 03:27:00,94339.9,94387.0,94319.5,94387.0,58.597,5528573.0545
2025-01-09 03:28:00,94387.0,94387.0,94352.7,94358.3,31.412,2964048.8094
2025-01-09 03:29:00,94358.3,94358.4,94317.7,94318.2,12.255,1156011.3503
2025-01-09 03:30:00,94318.2,94318.5,94250.1,94261.9,39.772,3749769.1298
2025-01-09 03:31:00,94261.9,94262.0,94212.8,94219.9,50.181,4728751.4081
2025-01-09 03:32:00,94219.9,94261.9,94202.9,94261.6,49.979,4709361.0821
2025-01-09 03:33:00,94261.6,94280.0,94240.7,94279.9,60.589,5710431.1411
2025-01-09 03:34:00,94279.9,94332.8,94279.9,94290.7,110.71,10440224.1963
2025-01-09 03:35:00,94290.7,94327.4,94290.7,94326.1,30.362,2863337.3863
2025-01-09 03:36:00,94326.1,94329.9,94200.6,94213.3,44.612,4204623.9437
2025-01-09 03:37:00,94213.3,94228.3,94165.0,94198.8,49.595,4670922.0323
2025-01-09 03:38:00,94198.8,94215.3,94179.5,94190.2,65.639,6182922.4052
2025-01-09 03:39:00,94190.2,94270.6,94190.2,94270.6,55.647,5244298.1895
2025-01-09 03:40:00,94270.6,94271.3,94270.3,94271.0,33.322,3141290.0536
2025-01-09 03:41:00,94271.0,94271.1,94236.1,94263.9,46.159,4350967.2311
2025-01-09 03:42:00,94263.9,94263.9,94200.0,94219.0,39.714,3742332.2011
2025-01-09 03:43:00,94219.0,94219.0,94163.4,94171.6,23.917,2252694.8183
2025-01-09 03:44:00,94171.6,94192.6,94133.0,94133.8,46.577,4385642.1507
2025-01-09 03:45:00,94133.8,94180.0,94133.7,94179.9,68.633,6461947.3091
2025-01-09 18:46:00,92931.3,92989.0,92931.3,92969.0,56.604,5262578.2416
2025-01-09 18:47:00,92969.0,93003.8,92959.0,92991.4,25.864,2404853.2381
2025-01-09 18:48:00,92991.4,93073.7,92991.4,93050.0,28.547,2656010.3039
2025-01-09 18:49:00,93050.0,93100.4,93023.8,93023.8,60.522,5633420.3872
2025-01-09 18:50:00,93023.8,93049.2,92931.1,92931.1,89.737,8344598.1681
2025-01-09 18:51:00,92931.1,92931.1,92789.3,92870.5,114.964,10672553.6834
2025-01-09 18:52:00,92870.5,92944.6,92852.1,92941.8,218.672,20317434.8795
2025-01-09 18:53:00,92941.8,92983.9,92897.9,92977.8,61.319,5698843.8108
2025-01-09 18:54:00,92977.8,92977.8,92914.9,92963.7,66.603,6190699.9158
2025-01-09 18:55:00,92963.7,93003.5,92943.7,93003.5,85.041,7906370.2828
2025-01-09 18:56:00,93003.5,93038.2,92991.4,93012.7,37.12,3452284.2674
2025-01-09 18:57:00,93012.7,93064.9,93011.8,93052.2,75.245,6999564.913
2025-01-09 18:58:00,93052.2,93071.2,93033.6,93033.6,31.694,2949149.2672
2025-01-09 18:59:00,93033.6,93033.6,92986.8,92987.1,23.557,2191000.4842
2025-01-09 19:00:00,92987.1,92987.1,92831.0,92840.0,75.374,7001123.9237
2025-01-09 19:01:00,92840.0,92927.1,92809.1,92927.1,145.955,13556638.225
2025-01-09 19:02:00,92927.1,93000.0,92925.8,92942.7,50.692,4712339.3366
2025-01-09 19:03:00,92942.7,93019.6,92915.4,92921.9,47.711,4436164.9283
2025-01-09 19:04:00,92921.9,92922.2,92861.3,92907.1,36.342,3375602.7935
2025-01-09 19:05:00,92907.1,93000.2,92898.8,92999.9,32.463,3018306.3109
2025-01-09 19:06:00,92999.9,92999.9,92941.3,92984.9,20.298,1887134.1901
2025-01-09 19:07:00,92984.9,93138.3,92984.9,93107.8,88.208,8208926.2772
2025-01-09 19:08:00,93107.8,93107.9,93067.4,93070.0,210.606,19602855.9975
2025-01-09 19:09:00,93070.0,93154.2,93070.0,93126.7,76.227,7097964.8588
2025-01-09 19:10:00,93126.7,93203.7,93126.4,93163.9,208.227,19402696.5652
2025-01-09 19:11:00,93163.9,93184.0,93125.3,93153.1,185.478,17278223.8752
2025-01-09 19:12:00,93153.1,93175.8,93115.3,93175.4,46.315,4314216.4996
2025-01-09 19:13:00,93175.4,93179.7,93142.0,93173.3,35.385,3296485.5208
2025-01-09 19:14:00,93173.3,93259.6,93163.7,93259.6,57.701,5379438.6467
2025-01-09 19:15:00,93259.6,93260.2,93198.7,93209.7,111.352,10381027.9931
2025-01-09 19:16:00,93209.7,93250.0,93201.0,93249.9,130.63,12179318.8818
2025-01-09 19:17:00,93249.9,93257.6,93197.3,93233.5,55.77,5199684.3333
2025-01-09 19:18:00,93233.5,93233.9,93125.0,93125.0,94.042,8761570.9827
2025-01-09 19:19:00,93125.0,93165.0,93087.2,93150.0,59.774,5566520.7918
2025-01-09 19:20:00,93150.0,93150.0,92915.8,92967.8,62.669,5828451.2044
2025-01-09 19:21:00,92967.8,92975.6,92870.0,92879.9,136.324,12666254.7405
2025-01-09 19:22:00,92879.9,92927.1,92852.1,92926.6,94.659,8793669.1425
2025-01-09 19:23:00,92926.6,92926.7,92828.0,92870.2,73.506,6824760.1994
2025-01-09 19:24:00,92870.2,92870.2,92791.1,92821.2,87.694,8139986.0612
2025-01-09 19:25:00,92821.2,92821.5,92712.0,92727.1,135.324,12551716.0612
2025-01-09 19:26:00,92727.1,92783.1,92726.7,92753.7,147.414,13674059.2789
2025-01-09 19:27:00,92753.7,92844.0,92753.7,92832.2,71.837,6667569.0536
2025-01-09 19:28:00,92832.2,92875.5,92775.0,92775.3,85.084,7897492.0569
2025-01-09 19:29:00,92775.3,92810.5,92751.2,92800.9,59.661,5536239.4637
2025-01-09 19:30:00,92800.9,92886.2,92791.6,92865.9,70.19,6517552.1506
2025-01-09 19:31:00,92865.9,92994.2,92861.6,92958.3,111.684,10380860.5213
2025-01-09 19:32:00,92958.3,92958.3,92862.4,92936.2,79.045,7343523.9616
2025-01-09 19:33:00,92936.2,92940.8,92889.2,92912.5,38.423,3569641.203
2025-01-09 19:34:00,92912.5,92912.5,92850.0,92893.1,22.398,2080213.5466
2025-01-09 19:35:00,92893.1,92929.5,92840.0,92897.6,38.008,3530279.2842
2025-01-09 19:36:00,92897.6,92897.9,92810.0,92814.9,41.153,3820837.121
2025-01-09 19:37:00,92814.9,92814.9,92692.8,92712.8,70.982,6582050.6147
2025-01-09 19:38:00,92712.8,92777.1,92712.0,92777.1,143.619,13319804.434
2025-01-09 19:39:00,92777.1,92876.2,92750.0,92824.2,77.527,7195698.4015
2025-01-09 19:40:00,92824.2,92825.5,92763.9,92791.9,66.853,6203739.4252
2025-01-09 19:41:00,92791.9,92807.9,92726.9,92754.3,59.722,5540335.0074
2025-01-09 19:42:00,92754.3,92754.3,92665.6,92717.5,50.694,4699387.8246
2025-01-09 19:43:00,92717.5,92722.3,92637.0,92637.0,79.105,7330357.7976
2025-01-09 19:44:00,92637.0,92652.5,92591.8,92631.8,95.89,8881847.3783
2025-01-09 19:45:00,92631.8,92655.5,92555.0,92557.5,166.559,15422727.0641
2025-01-09 19:46:00,92557.5,92563.0,92453.9,92553.1,223.076,20638572.7531
2025-01-09 19:47:00,92553.1,92553.1,92375.7,92425.7,175.749,16243693.4939
2025-01-09 19:48:00,92425.7,92425.7,92250.2,92300.3,242.647,22401615.4956
2025-01-09 19:49:00,92300.3,92301.3,92068.8,92100.0,489.316,45092801.6162
2025-01-09 19:50:00,92100.0,92220.0,92093.6,92100.2,621.375,57262887.5841
2025-01-09 19:51:00,92100.2,92193.1,92008.2,92032.6,314.228,28942841.0497
2025-01-09 19:52:00,92032.6,92088.7,92012.0,92079.9,327.282,30125843.3716
2025-01-09 19:53:00,92079.9,92146.6,92028.5,92098.3,99.709,9180749.5497
2025-01-09 19:54:00,92098.3,92132.2,92015.4,92027.8,175.087,16121531.7787
2025-01-09 19:55:00,92027.8,92185.0,92027.5,92109.6,156.78,14444509.3053
2025-01-09 19:56:00,92109.6,92285.0,92101.4,92264.6,409.821,37797660.8939
2025-01-09 19:57:00,92264.6,92264.7,92042.5,92110.2,582.615,53680224.976
2025-01-09 19:58:00,92110.2,92121.3,92000.7,92051.0,158.347,14577197.1043
2025-01-09 19:59:00,92051.0,92102.4,91855.0,91859.1,663.655,61025405.3565
2025-01-09 20:00:00,91859.1,92062.7,91850.0,91936.5,701.463,64515954.5323
2025-01-09 20:01:00,91936.5,92120.0,91936.5,92119.0,482.78,44460771.072
2025-01-09 20:02:00,92119.0,92194.9,92072.5,92121.7,245.192,22587826.5138
2025-01-09 20:03:00,92121.7,92229.5,92015.5,92212.3,192.018,17688811.0011
2025-01-09 20:04:00,92212.3,92234.8,92063.1,92068.2,98.388,9065242.5342
2025-01-09 20:05:00,92068.2,92190.7,92030.1,92190.7,63.413,5841766.9088
2025-01-09 20:06:00,92190.7,92337.8,92181.3,92238.3,116.492,10749759.2684
2025-01-09 20:07:00,92238.3,92238.3,92144.6,92220.7,214.748,19794613.4532
2025-01-09 20:08:00,92220.7,92220.7,92065.3,92065.5,115.675,10655575.6647
2025-01-09 20:09:00,92065.5,92172.2,92029.3,92093.0,91.926,8464727.0724
2025-01-09 20:10:00,92093.0,92138.2,91900.0,91959.5,164.743,15158083.8592
2025-01-09 20:11:00,91959.5,92029.6,91900.0,91900.1,244.152,22453444.1956
2025-01-09 20:12:00,91900.1,91909.1,91800.0,91858.4,293.919,26997405.7414
2025-01-09 20:13:00,91858.4,91942.0,91600.0,91654.9,1103.608,101243600.7589
2025-01-09 20:14:00,91654.9,91760.6,91563.0,91706.9,1073.716,98427718.7569
2025-01-09 20:15:00,91706.9,91933.5,91612.3,91905.8,736.872,67655156.6602
2025-01-09 20:16:00,91905.8,91967.5,91803.9,91850.3,604.557,55539155.9801
2025-01-09 20:17:00,91850.3,91850.3,91654.0,91667.2,497.034,45599923.9222
2025-01-09 20:18:00,91667.2,91690.0,91610.7,91669.2,280.916,25746627.8663
2025-01-09 20:19:00,91669.2,91695.0,91600.0,91634.4,105.202,9640300.5542
2025-01-09 20:20:00,91634.4,91731.2,91516.4,91633.2,156.987,14380670.3702
2025-01-09 20:21:00,91633.2,91634.3,91168.0,91314.5,1693.913,154754165.087
2025-01-09 20:22:00,91314.5,91381.5,91142.7,91233.6,857.386,78227189.752
2025-01-09 20:23:00,91233.6,91270.3,91156.4,91241.1,615.841,56187732.3997
2025-01-09 20:24:00,91241.1,91311.1,91161.4,91311.1,242.098,22083744.0893
2025-01-09 20:25:00,91311.1,91499.8,91284.2,91400.1,211.229,19308619.4066
2025-01-10 11:26:00,94888.0,94888.1,94812.3,94821.2,44.793,4248490.0986
2025-01-10 11:27:00,94821.2,94830.2,94782.6,94784.2,108.536,10289592.6422
2025-01-10 11:28:00,94784.2,94792.0,94761.5,94770.6,177.726,16845570.6291
2025-01-10 11:29:00,94770.6,94780.2,94761.5,94761.5,108.035,10239025.1328
2025-01-10 11:30:00,94761.5,94810.0,94761.1,94790.1,129.742,12299047.0327
2025-01-10 11:31:00,94790.1,94790.4,94752.9,94763.8,97.365,9227053.8791
2025-01-10 11:32:00,94763.8,94764.1,94752.6,94759.0,48.92,4635506.2173
2025-01-10 11:33:00,94759.0,94759.2,94672.4,94682.0,139.744,13234388.6909
2025-01-10 11:34:00,94682.0,94683.2,94572.6,94594.9,431.179,40795872.8226
2025-01-10 11:35:00,94594.9,94735.6,94594.9,94733.4,417.102,39493325.8413
2025-01-10 11:36:00,94733.4,94733.4,94665.3,94717.0,105.42,9983199.7598
2025-01-10 11:37:00,94717.0,94717.0,94689.6,94698.1,56.891,5387725.0075
2025-01-10 11:38:00,94698.1,94705.2,94698.1,94705.2,60.959,5773004.7135
2025-01-10 11:39:00,94705.2,94705.2,94681.4,94705.2,32.145,3044070.8879
2025-01-10 11:40:00,94705.2,94767.7,94693.1,94762.6,58.224,5516138.9275
2025-01-10 11:41:00,94762.6,94831.3,94761.4,94822.1,117.505,11140378.0457
2025-01-10 11:42:00,94822.1,94900.2,94822.1,94879.9,215.966,20487691.2432
2025-01-10 11:43:00,94879.9,94900.8,94862.0,94888.1,179.369,17017906.547
2025-01-10 11:44:00,94888.1,94888.1,94873.4,94873.7,119.879,11373606.5778
2025-01-10 11:45:00,94873.7,94894.8,94870.0,94894.8,140.8,13358988.318
2025-01-10 11:46:00,94894.8,94909.7,94849.9,94850.1,68.415,6490773.6762
2025-01-10 11:47:00,94850.1,94874.8,94850.0,94874.0,70.4,6678304.8268
2025-01-10 11:48:00,94874.0,94878.0,94868.1,94878.0,21.723,2060979.0967
2025-01-10 11:49:00,94878.0,94900.2,94877.9,94900.2,39.389,3737832.6426
2025-01-10 11:50:00,94900.2,94900.2,94877.9,94883.7,70.669,6705444.7356
2025-01-10 11:51:00,94883.7,94896.0,94883.4,94894.2,25.837,2451734.7623
2025-01-10 11:52:00,94894.2,94894.2,94825.6,94825.6,16.947,1607592.4481
2025-01-10 11:53:00,94825.6,94846.3,94815.1,94843.8,43.53,4127892.5632
2025-01-10 11:54:00,94843.8,94846.3,94836.6,94836.9,46.629,4422149.2525
2025-01-10 11:55:00,94836.9,94900.2,94836.8,94899.9,30.006,2846556.089
2025-01-10 11:56:00,94899.9,94929.1,94879.1,94928.4,50.01,4745987.5537
2025-01-10 11:57:00,94928.4,94945.6,94912.1,94922.6,32.977,3130540.2417
2025-01-10 11:58:00,94922.6,94985.1,94922.6,94983.3,75.12,7133124.9343
2025-01-10 11:59:00,94983.3,95041.0,94983.0,95030.4,162.322,15423872.0962
2025-01-10 12:00:00,95030.4,95035.7,94914.0,95004.8,195.164,18537610.0321
2025-01-10 12:01:00,95004.8,95030.2,94985.0,95028.6,87.788,8341689.0571
2025-01-10 12:02:00,95028.6,95028.6,95004.0,95026.6,44.104,4190820.6695
2025-01-10 12:03:00,95026.6,95073.0,95026.2,95056.4,78.825,7493107.0807
2025-01-10 12:04:00,95056.4,95056.4,95017.7,95040.9,169.755,16132488.4264
2025-01-10 12:05:00,95040.9,95078.2,95021.3,95046.4,71.83,6827251.6177
2025-01-10 12:06:00,95046.4,95066.2,95046.4,95054.6,102.919,9783330.5342
2025-01-10 12:07:00,95054.6,95057.0,94935.2,94963.8,268.847,25539830.425
2025-01-10 12:08:00,94963.8,94970.5,94900.6,94904.9,553.047,52496614.6659
2025-01-10 12:09:00,94904.9,94929.9,94901.9,94927.9,97.392,9244611.5278
2025-01-10 12:10:00,94927.9,94929.9,94900.5,94902.8,58.808,5581720.3181
2025-01-10 12:11:00,94902.8,94903.0,94884.2,94887.9,67.039,6361348.3816
2025-01-10 12:12:00,94887.9,94888.0,94815.0,94815.0,87.511,8300442.3038
2025-01-10 12:13:00,94815.0,94841.3,94811.9,94816.5,87.861,8331563.0002
2025-01-10 12:14:00,94816.5,94835.2,94790.6,94834.9,64.524,6117494.5677
2025-01-10 12:15:00,94834.9,94850.5,94821.6,94850.0,62.011,5881399.3065
2025-01-10 12:16:00,94850.0,94887.7,94845.9,94845.9,58.082,5509586.2797
2025-01-10 12:17:00,94845.9,94845.9,94804.5,94807.5,54.483,5165830.0343
2025-01-10 12:18:00,94807.5,94807.5,94784.7,94803.7,60.779,5761395.729
2025-01-10 12:19:00,94803.7,94836.2,94786.4,94829.0,57.211,5424215.6687
2025-01-10 12:20:00,94829.0,94843.2,94824.2,94831.5,37.948,3598669.8607
2025-01-10 12:21:00,94831.5,94849.8,94800.0,94800.0,18.563,1760297.6218
2025-01-10 12:22:00,94800.0,94800.0,94711.4,94711.4,59.047,5593656.4052
2025-01-10 12:23:00,94711.4,94799.9,94700.0,94789.6,125.36,11878425.4155
2025-01-10 12:24:00,94789.6,94789.6,94740.0,94757.8,99.158,9395215.2396
2025-01-10 12:25:00,94757.8,94785.2,94757.8,94767.9,78.97,7484708.771
2025-01-10 12:26:00,94767.9,94781.2,94749.2,94759.6,31.483,2983814.4947
2025-01-10 12:27:00,94759.6,94823.3,94759.6,94792.0,38.412,3641233.0465
2025-01-10 12:28:00,94792.0,94792.0,94714.6,94714.6,82.227,7789165.3149
2025-01-10 12:29:00,94714.6,94738.2,94714.6,94738.2,82.533,7818067.6355
2025-01-10 12:30:00,94738.2,94750.0,94710.1,94729.6,53.212,5041074.5193
2025-01-10 12:31:00,94729.6,94766.5,94729.6,94766.5,42.906,4065465.1994
2025-01-10 12:32:00,94766.5,94778.2,94750.0,94777.6,36.558,3464455.6516
2025-01-10 12:33:00,94777.6,94777.9,94750.0,94755.3,33.083,3134830.1206
2025-01-10 12:34:00,94755.3,94755.6,94685.0,94689.4,55.861,5290189.2732
2025-01-10 12:35:00,94689.4,94700.1,94689.2,94690.1,108.443,10268843.2963
2025-01-10 12:36:00,94690.1,94716.2,94660.0,94716.2,108.435,10267649.9868
2025-01-10 12:37:00,94716.2,94758.5,94715.9,94758.2,138.956,13166588.802
2025-01-10 12:38:00,94758.2,94794.1,94758.2,94784.0,53.226,5045033.2978
2025-01-10 12:39:00,94784.0,94825.2,94764.8,94825.0,92.188,8739936.9957
2025-01-10 12:40:00,94825.0,94864.3,94825.0,94852.2,57.174,5423147.3978
2025-01-10 12:41:00,94852.2,94852.3,94788.5,94799.3,71.706,6797820.6227
2025-01-10 12:42:00,94799.3,94843.1,94799.3,94826.5,53.626,5085829.1628
2025-01-10 12:43:00,94826.5,94826.5,94758.2,94758.2,18.124,1717669.4671
2025-01-10 12:44:00,94758.2,94781.2,94737.0,94759.0,29.003,2748349.1825
2025-01-10 12:45:00,94759.0,94830.0,94737.1,94829.9,20.907,1981925.5226
2025-01-10 12:46:00,94829.9,94900.1,94829.8,94885.2,58.964,5594547.7473
2025-01-10 12:47:00,94885.2,94900.2,94864.0,94899.9,100.35,9521823.1698
2025-01-10 12:48:00,94899.9,94902.7,94886.8,94900.0,26.259,2491810.4899
2025-01-10 12:49:00,94900.0,94938.5,94900.0,94937.0,31.851,3023481.9335
2025-01-10 12:50:00,94937.0,94945.4,94906.0,94925.5,58.356,5539490.9941
2025-01-10 12:51:00,94925.5,94945.2,94912.2,94944.9,31.889,3027551.9748
2025-01-10 12:52:00,94944.9,94945.3,94906.0,94908.3,26.796,2543743.1384
2025-01-10 12:53:00,94908.3,94925.0,94884.5,94924.8,41.443,3933022.7669
2025-01-10 12:54:00,94924.8,94950.0,94924.8,94950.0,69.989,6644891.4545
2025-01-10 12:55:00,94950.0,94980.0,94949.9,94979.0,50.442,4790412.1386
2025-01-10 12:56:00,94979.0,94989.3,94976.2,94979.0,91.809,8720168.8525
2025-01-10 12:57:00,94979.0,95026.5,94979.0,95002.7,50.154,4764825.5568
2025-01-10 12:58:00,95002.7,95002.7,94980.0,94980.4,84.694,8045058.5878
2025-01-10 12:59:00,94980.4,94980.4,94949.9,94954.2,58.847,5587933.4569
2025-01-10 13:00:00,94954.2,94959.2,94930.9,94958.9,87.548,8312912.5204
2025-01-10 13:01:00,94958.9,94958.9,94911.1,94915.8,34.723,3296067.8809
2025-01-10 13:02:00,94915.8,94973.1,94907.7,94972.8,56.885,5400226.4493
2025-01-10 13:03:00,94972.8,94973.1,94857.7,94857.9,35.547,3373715.1081
2025-01-10 13:04:00,94857.9,94892.0,94856.0,94891.8,45.495,4316592.0982
2025-01-10 13:05:00,94891.8,94892.0,94886.0,94892.0,29.333,2783461.6793
2025-01-11 04:06:00,94133.9,94196.0,94133.9,94196.0,47.613,4484557.9793
2025-01-11 04:07:00,94196.0,94243.7,94160.0,94243.7,18.803,1771177.0279
2025-01-11 04:08:00,94243.7,94272.7,94243.4,94262.7,47.224,4451461.4581
2025-01-11 04:09:00,94262.7,94262.7,94197.1,94197.3,94.845,8936277.1855
2025-01-11 04:10:00,94197.3,94202.2,94176.6,94202.2,20.461,1927140.0291
2025-01-11 04:11:00,94202.2,94202.2,94177.8,94179.7,13.818,1301368.4971
2025-01-11 04:12:00,94179.7,94179.7,94153.0,94153.0,14.103,1328131.7244
2025-01-11 04:13:00,94153.0,94155.7,94107.0,94120.5,38.061,3582607.9144
2025-01-11 04:14:00,94120.5,94120.8,94102.5,94118.8,49.84,4690624.859
2025-01-11 04:15:00,94118.8,94148.3,94101.1,94123.1,25.109,2363192.3884
2025-01-11 04:16:00,94123.1,94135.7,94123.0,94135.6,42.24,3975978.9171
2025-01-11 04:17:00,94135.6,94158.5,94135.3,94146.2,19.741,1858598.882
2025-01-11 04:18:00,94146.2,94164.6,94140.0,94160.7,13.625,1282839.642
2025-01-11 04:19:00,94160.7,94160.7,94149.9,94150.1,7.005,659569.8517
2025-01-11 04:20:00,94150.1,94166.0,94123.0,94166.0,13.395,1261093.5906
2025-01-11 04:21:00,94166.0,94184.5,94165.9,94171.7,5.693,536174.248
2025-01-11 04:22:00,94171.7,94181.9,94151.0,94151.0,16.049,1511450.3767
2025-01-11 04:23:00,94151.0,94151.0,94116.0,94116.0,29.46,2772705.8577
2025-01-11 04:24:00,94116.0,94116.0,94105.3,94109.8,6.439,605963.0203
2025-01-11 04:25:00,94109.8,94110.1,94086.8,94086.8,9.435,887852.3034
2025-01-11 04:26:00,94086.8,94086.8,94069.1,94069.1,15.473,1455613.1713
2025-01-11 04:27:00,94069.1,94072.3,94054.4,94058.0,23.67,2226467.1574
2025-01-11 04:28:00,94058.0,94058.0,94044.0,94044.0,23.497,2209936.0155
2025-01-11 04:29:00,94044.0,94044.1,94044.0,94044.1,22.002,2069156.2638
2025-01-11 04:30:00,94044.1,94055.1,94044.0,94054.9,19.807,1862869.8579
2025-01-11 04:31:00,94054.9,94058.6,94025.3,94029.6,25.918,2437080.6743
2025-01-11 04:32:00,94029.6,94029.6,93877.5,93910.6,293.203,27546654.2281
2025-01-11 04:33:00,93910.6,93930.8,93855.0,93855.4,600.637,56393213.3641
2025-01-11 04:34:00,93855.4,93905.2,93830.1,93850.0,214.451,20130606.5466
2025-01-11 04:35:00,93850.0,93850.1,93803.9,93826.9,171.044,16047145.5882
2025-01-11 04:36:00,93826.9,93849.4,93802.5,93848.6,141.939,13317840.0615
2025-01-11 04:37:00,93848.6,93849.3,93810.7,93825.5,76.927,7218406.6487
2025-01-11 04:38:00,93825.5,93910.5,93825.2,93906.3,80.665,7570932.4082
2025-01-11 04:39:00,93906.3,93906.3,93855.6,93891.3,153.603,14418494.6912
2025-01-11 04:40:00,93891.3,93910.4,93876.9,93878.0,48.838,4585595.1787
2025-01-11 04:41:00,93878.0,93878.3,93855.8,93855.8,41.632,3908182.931
2025-01-11 04:42:00,93855.8,93916.4,93855.6,93890.3,28.382,2664932.7976
2025-01-11 04:43:00,93890.3,93946.5,93888.0,93946.5,61.337,5759853.9331
2025-01-11 04:44:00,93946.5,93972.8,93928.5,93941.9,57.763,5427082.1826
2025-01-11 04:45:00,93941.9,93950.0,93900.0,93900.3,51.121,4801376.0755
2025-01-11 04:46:00,93900.3,93900.3,93863.9,93868.4,28.822,2705934.4582
2025-01-11 04:47:00,93868.4,93909.9,93868.4,93909.9,48.88,4589520.2389
2025-01-11 04:48:00,93909.9,93993.0,93909.6,93990.0,28.721,2698538.8752
2025-01-11 04:49:00,93990.0,93990.0,93950.0,93974.9,54.637,5134104.4659
2025-01-11 04:50:00,93974.9,93989.7,93966.1,93989.7,66.639,6262089.6078
2025-01-11 04:51:00,93989.7,93990.0,93966.8,93970.1,27.705,2603678.2257
2025-01-11 04:52:00,93970.1,93971.0,93966.1,93971.0,14.38,1351267.0554
2025-01-11 04:53:00,93971.0,93993.0,93957.8,93993.0,8.177,768491.5518
2025-01-11 04:54:00,93993.0,93993.0,93992.6,93993.0,13.097,1231025.9188
2025-01-11 04:55:00,93993.0,93993.0,93974.0,93976.0,13.697,1287329.2191
2025-01-11 04:56:00,93976.0,94004.4,93976.0,94004.4,17.347,1630578.3727
2025-01-11 04:57:00,94004.4,94025.9,93995.6,94025.5,23.191,2180119.1603
2025-01-11 04:58:00,94025.5,94032.1,94025.2,94026.1,24.969,2347799.6304
2025-01-11 04:59:00,94026.1,94028.6,94022.0,94022.0,26.378,2480139.4071
2025-01-11 05:00:00,94022.0,94040.0,94022.0,94032.8,36.789,3459529.9944
2025-01-11 05:01:00,94032.8,94033.0,93983.3,93983.3,27.939,2626118.4372
2025-01-11 05:02:00,93983.3,94000.2,93964.9,94000.2,26.424,2483114.4971
2025-01-11 05:03:00,94000.2,94070.8,94000.2,94056.4,39.117,3678758.16
2025-01-11 05:04:00,94056.4,94075.4,94056.4,94075.3,28.11,2644297.0082
2025-01-11 05:05:00,94075.3,94090.0,94075.3,94085.3,39.039,3672947.7161
2025-01-11 05:06:00,94085.3,94094.8,94050.7,94080.0,54.351,5112831.497
2025-01-11 05:07:00,94080.0,94106.7,94080.0,94106.7,58.876,5540496.2812
2025-01-11 05:08:00,94106.7,94125.0,94106.6,94125.0,35.277,3320248.473
2025-01-11 05:09:00,94125.0,94129.2,94124.7,94125.4,60.664,5710018.5207
2025-01-11 05:10:00,94125.4,94137.0,94125.4,94136.8,48.934,4606012.0533
2025-01-11 05:11:00,94136.8,94173.2,94136.8,94173.2,31.428,2959029.9928
2025-01-11 05:12:00,94173.2,94173.2,94141.9,94141.9,51.453,4844649.3368
2025-01-11 05:13:00,94141.9,94160.9,94141.9,94154.2,29.377,2765927.1191
2025-01-11 05:14:00,94154.2,94172.9,94154.2,94164.2,43.113,4059666.5713
2025-01-11 05:15:00,94164.2,94164.4,94132.4,94162.1,37.182,3500890.7995
2025-01-11 05:16:00,94162.1,94162.1,94088.7,94089.1,37.581,3536390.2166
2025-01-11 05:17:00,94089.1,94089.1,94066.0,94079.4,68.707,6463176.8988
2025-01-11 05:18:00,94079.4,94090.2,94061.3,94090.2,25.434,2392630.6616
2025-01-11 05:19:00,94090.2,94096.7,94081.3,94091.7,25.359,2386045.6312
2025-01-11 05:20:00,94091.7,94092.0,94056.4,94060.2,36.681,3450807.8582
2025-01-11 05:21:00,94060.2,94113.5,94060.1,94113.2,24.283,2284716.4927
2025-01-11 05:22:00,94113.2,94126.2,94097.6,94101.6,42.516,4000839.8167
2025-01-11 05:23:00,94101.6,94101.9,94101.6,94101.6,96.045,9037998.5742
2025-01-11 05:24:00,94101.6,94116.3,94100.0,94100.3,6.017,566229.1449
2025-01-11 05:25:00,94100.3,94100.3,94083.5,94084.7,8.026,755206.3877
2025-01-11 05:26:00,94084.7,94101.0,94084.7,94099.9,10.201,959868.858
2025-01-11 05:27:00,94099.9,94121.5,94099.9,94121.5,14.028,1320226.1832
2025-01-11 05:28:00,94121.5,94140.6,94121.3,94140.6,12.45,1172032.6875
2025-01-11 05:29:00,94140.6,94155.6,94140.3,94152.6,27.665,2604628.1301
2025-01-11 05:30:00,94152.6,94154.8,94112.0,94116.8,54.634,5143292.8774
2025-01-11 05:31:00,94116.8,94136.2,94116.6,94135.1,41.104,3869315.5934
2025-01-11 05:32:00,94135.1,94135.1,94127.2,94127.2,8.393,790017.4142
2025-01-11 05:33:00,94127.2,94142.6,94106.7,94142.6,14.211,1337516.925
2025-01-11 05:34:00,94142.6,94160.7,94136.0,94160.7,4.052,381502.6363
2025-01-11 05:35:00,94160.7,94169.6,94160.0,94165.2,10.857,1022328.718
2025-01-11 05:36:00,94165.2,94231.2,94165.2,94229.7,38.709,3646516.0997
2025-01-11 05:37:00,94229.7,94265.4,94222.0,94265.4,86.088,8113756.4657
2025-01-11 05:38:00,94265.4,94322.7,94260.8,94301.5,106.616,10053963.3164
2025-01-11 05:39:00,94301.5,94320.6,94262.1,94262.1,146.085,13773653.042
2025-01-11 05:40:00,94262.1,94319.4,94252.8,94319.2,79.155,7463209.9794
2025-01-11 05:41:00,94319.2,94319.2,94275.2,94295.8,65.938,6217661.6092
2025-01-11 05:42:00,94295.8,94295.9,94244.7,94244.7,37.878,3570734.3289
2025-01-11 05:43:00,94244.7,94281.4,94244.6,94257.8,43.271,4078876.9228
2025-01-11 05:44:00,94257.8,94291.0,94257.6,94270.0,31.989,3015676.8554
2025-01-11 05:45:00,94270.0,94271.4,94270.0,94271.2,22.3,2102226.4628
2025-01-11 20:46:00,94424.1,94450.2,94397.9,94445.4,18.189,1717615.6289
2025-01-11 20:47:00,94445.4,94495.1,94436.3,94494.8,20.368,1924357.8031
2025-01-11 20:48:00,94494.8,94512.5,94494.8,94512.1,46.511,4395477.0821
2025-01-11 20:49:00,94512.1,94520.2,94512.1,94519.9,74.964,7085149.2686
2025-01-11 20:50:00,94519.9,94533.3,94512.1,94517.2,35.058,3313972.1633
2025-01-11 20:51:00,94517.2,94538.2,94488.9,94500.0,34.655,3275424.6576
2025-01-11 20:52:00,94500.0,94538.5,94483.1,94528.5,34.694,3279280.0248
2025-01-11 20:53:00,94528.5,94604.8,94528.2,94600.5,65.352,6179859.2968
2025-01-11 20:54:00,94600.5,94620.7,94600.5,94620.4,98.123,9284076.4756
2025-01-11 20:55:00,94620.4,94621.4,94589.9,94589.9,88.224,8346947.6002
2025-01-11 20:56:00,94589.9,94600.8,94570.0,94570.0,69.939,6615522.4882
2025-01-11 20:57:00,94570.0,94570.4,94565.2,94566.1,19.128,1808888.4968
2025-01-11 20:58:00,94566.1,94566.2,94541.1,94541.1,28.31,2676859.8581
2025-01-11 20:59:00,94541.1,94550.9,94535.8,94550.5,40.342,3814264.8832
2025-01-11 21:00:00,94550.5,94564.7,94545.0,94555.0,20.998,1985501.0517
2025-01-11 21:01:00,94555.0,94595.7,94519.6,94587.4,15.756,1489905.1128
2025-01-11 21:02:00,94587.4,94593.3,94574.2,94587.7,29.655,2804929.9285
2025-01-11 21:03:00,94587.7,94590.2,94565.5,94565.8,19.717,1864742.2696
2025-01-11 21:04:00,94565.8,94630.2,94565.8,94624.9,16.534,1564112.8688
2025-01-11 21:05:00,94624.9,94630.2,94601.1,94628.4,30.888,2922719.6517
2025-01-11 21:06:00,94628.4,94629.2,94610.7,94629.2,40.302,3813544.03
2025-01-11 21:07:00,94629.2,94640.2,94572.9,94572.9,16.806,1590056.7206
2025-01-11 21:08:00,94572.9,94573.2,94550.0,94550.2,22.112,2090796.6249
2025-01-11 21:09:00,94550.2,94640.4,94550.2,94638.7,30.435,2879711.7354
2025-01-11 21:10:00,94638.7,94669.0,94638.4,94643.4,34.821,3295752.8263
2025-01-11 21:11:00,94643.4,94643.5,94605.6,94611.4,35.769,3384391.0457
2025-01-11 21:12:00,94611.4,94620.2,94587.8,94612.1,28.354,2682438.255
2025-01-11 21:13:00,94612.1,94630.2,94611.9,94613.6,20.238,1914821.9254
2025-01-11 21:14:00,94613.6,94628.5,94613.5,94627.9,16.137,1526973.7189
2025-01-11 21:15:00,94627.9,94669.0,94619.5,94637.3,30.212,2859493.5245
2025-01-11 21:16:00,94637.3,94700.0,94637.3,94699.9,49.225,4659964.5454
2025-01-11 21:17:00,94699.9,94737.3,94695.9,94699.5,77.668,7355962.0457
2025-01-11 21:18:00,94699.5,94736.1,94694.0,94735.8,77.905,7378646.3013
2025-01-11 21:19:00,94735.8,94795.2,94735.8,94765.0,58.058,5501476.4182
2025-01-11 21:20:00,94765.0,94765.1,94745.0,94765.0,105.514,9998757.1276
2025-01-11 21:21:00,94765.0,94797.2,94750.0,94750.0,34.092,3230732.2957
2025-01-11 21:22:00,94750.0,94825.6,94750.0,94799.8,76.94,7294188.4788
2025-01-11 21:23:00,94799.8,94840.2,94799.8,94802.3,148.131,14044850.8416
2025-01-11 21:24:00,94802.3,94820.0,94802.3,94819.1,72.206,6846424.0962
2025-01-11 21:25:00,94819.1,94819.3,94770.5,94789.1,16.466,1560859.0524
2025-01-11 21:26:00,94789.1,94800.2,94755.1,94755.1,21.557,2043082.329
2025-01-11 21:27:00,94755.1,94782.6,94733.1,94733.4,30.721,2910704.9568
2025-01-11 21:28:00,94733.4,94745.7,94710.1,94714.0,49.191,4659617.0694
2025-01-11 21:29:00,94714.0,94768.4,94714.0,94760.5,50.715,4804455.1893
2025-01-11 21:30:00,94760.5,94760.5,94668.2,94675.1,95.123,9007578.193
2025-01-11 21:31:00,94675.1,94684.5,94660.1,94665.0,175.079,16574307.347
2025-01-11 21:32:00,94665.0,94714.9,94649.3,94714.6,70.445,6669474.1252
2025-01-11 21:33:00,94714.6,94715.0,94650.0,94650.0,48.725,4613449.662
2025-01-11 21:34:00,94650.0,94650.3,94620.0,94625.3,21.993,2081241.0696
2025-01-11 21:35:00,94625.3,94660.5,94595.6,94633.6,171.316,16211480.5569
2025-01-11 21:36:00,94633.6,94642.0,94614.0,94623.5,468.876,44368154.7826
2025-01-11 21:37:00,94623.5,94625.2,94610.0,94625.2,55.55,5256063.8176
2025-01-11 21:38:00,94625.2,94642.4,94624.9,94642.3,17.973,1700863.6433
2025-01-11 21:39:00,94642.3,94650.2,94642.0,94650.0,8.816,834407.4763
2025-01-11 21:40:00,94650.0,94650.0,94640.0,94647.8,14.911,1411234.5462
2025-01-11 21:41:00,94647.8,94648.6,94640.0,94640.0,7.19,680476.942
2025-01-11 21:42:00,94640.0,94640.8,94640.0,94640.8,17.03,1611728.9536
2025-01-11 21:43:00,94640.8,94725.1,94640.7,94725.1,39.813,3770386.9522
2025-01-11 21:44:00,94725.1,94725.1,94706.5,94706.6,44.862,4249050.3505
2025-01-11 21:45:00,94706.6,94706.6,94653.0,94674.9,31.951,3024778.9296
2025-01-11 21:46:00,94674.9,94697.2,94653.0,94697.2,17.904,1695143.4875
2025-01-11 21:47:00,94697.2,94828.1,94696.9,94823.3,36.962,3502966.4782
2025-01-11 21:48:00,94823.3,94826.1,94806.7,94820.0,105.332,9987215.658
2025-01-11 21:49:00,94820.0,94826.7,94799.7,94818.8,55.903,5300345.3879
2025-01-11 21:50:00,94818.8,94907.2,94818.8,94906.6,95.214,9034509.3387
2025-01-11 21:51:00,94906.6,94936.0,94841.1,94841.1,204.663,19418500.4369
2025-01-11 21:52:00,94841.1,94858.1,94826.2,94845.6,84.478,8011925.1894
2025-01-11 21:53:00,94845.6,94929.2,94845.3,94929.2,32.602,3094012.2808
2025-01-11 21:54:00,94929.2,94990.2,94929.2,94950.8,73.489,6978794.0751
2025-01-11 21:55:00,94950.8,94982.2,94930.0,94941.2,158.39,15039430.2956
2025-01-11 21:56:00,94941.2,94941.6,94885.0,94916.8,83.547,7929648.1868
2025-01-11 21:57:00,94916.8,94917.1,94862.1,94862.1,61.484,5833874.6844
2025-01-11 21:58:00,94862.1,94862.4,94862.1,94862.3,38.319,3635026.9863
2025-01-11 21:59:00,94862.3,94895.0,94862.3,94891.6,20.299,1925786.8335
2025-01-11 22:00:00,94891.6,94940.9,94891.5,94894.8,220.007,20883085.6448
2025-01-11 22:01:00,94894.8,94894.8,94868.8,94870.1,536.714,50918523.729
2025-01-11 22:02:00,94870.1,94881.7,94845.3,94856.9,44.004,4174581.9594
2025-01-11 22:03:00,94856.9,94859.8,94856.9,94857.1,46.127,4375532.9493
2025-01-11 22:04:00,94857.1,94865.0,94856.9,94864.9,13.739,1303243.212
2025-01-11 22:05:00,94864.9,94865.0,94844.0,94863.5,33.327,3161432.1891
2025-01-11 22:06:00,94863.5,94865.0,94855.3,94861.5,54.289,5149915.8065
2025-01-11 22:07:00,94861.5,94874.9,94856.1,94874.9,23.694,2247877.3404
2025-01-11 22:08:00,94874.9,94874.9,94850.0,94850.0,36.945,3504525.3595
2025-01-11 22:09:00,94850.0,94850.0,94842.6,94842.6,10.156,963278.7994
2025-01-11 22:10:00,94842.6,94842.6,94777.0,94777.0,44.785,4246200.9552
2025-01-11 22:11:00,94777.0,94777.1,94722.5,94736.8,107.424,10176867.221
2025-01-11 22:12:00,94736.8,94765.0,94736.8,94764.9,36.735,3480753.4648
2025-01-11 22:13:00,94764.9,94764.9,94720.0,94721.9,33.602,3183073.1056
2025-01-11 22:14:00,94721.9,94758.2,94721.9,94758.2,45.614,4321333.5617
2025-01-11 22:15:00,94758.2,94764.6,94710.6,94717.4,35.547,3367393.2344
2025-01-11 22:16:00,94717.4,94738.4,94717.4,94730.0,16.015,1517125.0006
2025-01-11 22:17:00,94730.0,94730.0,94703.8,94704.1,14.661,1388468.8633
2025-01-11 22:18:00,94704.1,94704.1,94688.6,94689.4,34.9,3304804.9761
2025-01-11 22:19:00,94689.4,94689.4,94673.8,94673.8,48.285,4571507.1144
2025-01-11 22:20:00,94673.8,94704.4,94673.8,94704.4,16.622,1573777.6796
2025-01-11 22:21:00,94704.4,94710.0,94704.1,94710.0,14.619,1384497.6062
2025-01-11 22:22:00,94710.0,94737.4,94709.9,94710.0,12.096,1145783.1245
2025-01-11 22:23:00,94710.0,94710.3,94679.0,94679.0,29.09,2754718.5687
2025-01-11 22:24:00,94679.0,94692.6,94679.0,94692.6,54.521,5162375.5504
2025-01-11 22:25:00,94692.6,94720.2,94692.5,94715.7,10.102,956734.9688
2025-01-12 13:26:00,94546.1,94555.7,94546.1,94554.9,47.052,4448952.7107
2025-01-12 13:27:00,94554.9,94600.0,94550.2,94599.9,37.507,3547743.0657
2025-01-12 13:28:00,94599.9,94600.0,94575.3,94583.6,38.925,3681708.945
2025-01-12 13:29:00,94583.6,94600.0,94583.6,94597.9,29.08,2750928.4716
2025-01-12 13:30:00,94597.9,94598.0,94530.1,94530.2,26.992,2551863.5933
2025-01-12 13:31:00,94530.2,94549.2,94482.4,94483.0,46.063,4353869.5119
2025-01-12 13:32:00,94483.0,94650.0,94483.0,94643.7,77.906,7371835.6414
2025-01-12 13:33:00,94643.7,94644.3,94568.8,94583.3,123.287,11663660.4541
2025-01-12 13:34:00,94583.3,94591.2,94546.1,94546.1,55.048,5205752.4216
2025-01-12 13:35:00,94546.1,94546.1,94499.4,94499.4,24.763,2340619.899
2025-01-12 13:36:00,94499.4,94548.2,94499.4,94513.8,28.996,2741100.421
2025-01-12 13:37:00,94513.8,94518.7,94490.2,94518.7,31.531,2979962.5296
2025-01-12 13:38:00,94518.7,94548.4,94499.9,94505.6,17.152,1621553.7591
2025-01-12 13:39:00,94505.6,94548.4,94488.2,94509.4,30.807,2911520.5727
2025-01-12 13:40:00,94509.4,94555.1,94502.1,94531.6,59.94,5667117.4319
2025-01-12 13:41:00,94531.6,94558.6,94508.6,94516.4,56.728,5362226.231
2025-01-12 13:42:00,94516.4,94544.4,94514.8,94516.9,52.939,5004329.0722
2025-01-12 13:43:00,94516.9,94529.1,94491.9,94506.0,25.38,2398363.3103
2025-01-12 13:44:00,94506.0,94506.0,94477.3,94477.4,29.367,2774792.5543
2025-01-12 13:45:00,94477.4,94537.6,94477.4,94537.0,28.099,2655819.4689
2025-01-12 13:46:00,94537.0,94564.6,94537.0,94564.1,30.695,2902299.9368
2025-01-12 13:47:00,94564.1,94564.2,94563.9,94563.9,30.36,2870960.9028
2025-01-12 13:48:00,94563.9,94564.0,94537.0,94563.8,15.143,1431857.3405
2025-01-12 13:49:00,94563.8,94642.0,94560.2,94631.8,27.004,2554956.9721
2025-01-12 13:50:00,94631.8,94689.2,94630.0,94688.9,73.966,7001647.7194
2025-01-12 13:51:00,94688.9,94690.0,94620.0,94620.0,125.252,11854202.1986
2025-01-12 13:52:00,94620.0,94665.8,94620.0,94633.0,65.319,6182899.4509
2025-01-12 13:53:00,94633.0,94652.5,94620.0,94650.0,41.112,3890275.4055
2025-01-12 13:54:00,94650.0,94665.8,94620.0,94630.0,28.916,2736778.9681
2025-01-12 13:55:00,94630.0,94658.2,94630.0,94640.0,30.514,2888142.8586
2025-01-12 13:56:00,94640.0,94640.3,94630.0,94630.1,46.642,4413975.3714
2025-01-12 13:57:00,94630.1,94640.2,94630.1,94639.9,43.556,4121971.0599
2025-01-12 13:58:00,94639.9,94647.0,94606.0,94609.0,40.9,3869555.0559
2025-01-12 13:59:00,94609.0,94634.3,94609.0,94621.2,32.445,3070210.0535
2025-01-12 14:00:00,94621.2,94681.5,94621.2,94660.0,31.403,2972667.5609
2025-01-12 14:01:00,94660.0,94660.3,94640.0,94640.0,58.461,5532961.1222
2025-01-12 14:02:00,94640.0,94665.2,94633.9,94634.2,32.232,3050917.6921
2025-01-12 14:03:00,94634.2,94660.2,94633.9,94641.0,19.898,1883150.2455
2025-01-12 14:04:00,94641.0,94673.5,94641.0,94673.5,27.193,2574197.0598
2025-01-12 14:05:00,94673.5,94673.5,94650.0,94660.0,36.292,3435281.2988
2025-01-12 14:06:00,94660.0,94772.7,94660.0,94764.1,113.331,10736987.3111
2025-01-12 14:07:00,94764.1,94811.5,94761.3,94761.4,327.974,31091547.6745
2025-01-12 14:08:00,94761.4,94828.6,94750.0,94828.6,251.223,23809732.4393
2025-01-12 14:09:00,94828.6,94828.6,94806.9,94811.9,201.989,19151324.2511
2025-01-12 14:10:00,94811.9,94850.2,94776.4,94776.4,166.191,15758757.6728
2025-01-12 14:11:00,94776.4,94825.6,94752.0,94820.7,153.492,14550473.5476
2025-01-12 14:12:00,94820.7,94877.0,94820.4,94865.7,148.719,14107004.3527
2025-01-12 14:13:00,94865.7,94865.7,94820.8,94842.7,101.311,9609226.7503
2025-01-12 14:14:00,94842.7,94850.2,94790.1,94808.4,48.045,4555581.0656
2025-01-12 14:15:00,94808.4,94850.1,94796.0,94850.0,61.45,5827528.454
2025-01-12 14:16:00,94850.0,94950.0,94849.9,94929.5,107.437,10196777.818
2025-01-12 14:17:00,94929.5,94934.2,94868.6,94888.2,220.073,20885513.0796
2025-01-12 14:18:00,94888.2,94911.2,94860.0,94911.2,120.793,11461666.0691
2025-01-12 14:19:00,94911.2,94920.9,94861.0,94900.1,56.026,5316883.6172
2025-01-12 14:20:00,94900.1,94904.3,94861.4,94861.4,78.886,7484500.3558
2025-01-12 14:21:00,94861.4,94885.6,94830.1,94844.1,63.215,5996302.6233
2025-01-12 14:22:00,94844.1,94850.2,94799.4,94799.4,69.989,6637304.3137
2025-01-12 14:23:00,94799.4,94850.0,94796.1,94850.0,67.498,6401116.9319
2025-01-12 14:24:00,94850.0,94850.0,94810.6,94811.9,74.994,7111165.4487
2025-01-12 14:25:00,94811.9,94822.1,94758.3,94771.4,63.367,6005488.0328
2025-01-12 14:26:00,94771.4,94800.0,94761.4,94796.3,70.432,6676383.7008
2025-01-12 14:27:00,94796.3,94810.0,94783.5,94809.9,55.922,5300830.1594
2025-01-12 14:28:00,94809.9,94810.0,94775.4,94775.7,76.921,7291778.6527
2025-01-12 14:29:00,94775.7,94794.8,94753.5,94774.3,53.611,5080567.9423
2025-01-12 14:30:00,94774.3,94813.5,94774.3,94796.4,58.168,5514509.7923
2025-01-12 14:31:00,94796.4,94873.5,94796.2,94873.2,78.665,7460902.0025
2025-01-12 14:32:00,94873.2,94883.4,94833.1,94837.6,42.03,3986876.1414
2025-01-12 14:33:00,94837.6,94837.6,94793.8,94827.4,72.882,6910886.8488
2025-01-12 14:34:00,94827.4,94850.0,94822.4,94849.9,24.472,2320801.8483
2025-01-12 14:35:00,94849.9,94880.2,94822.5,94878.6,14.308,1357091.0327
2025-01-12 14:36:00,94878.6,94888.2,94870.0,94870.0,27.981,2654722.545
2025-01-12 14:37:00,94870.0,94900.0,94870.0,94881.5,32.989,3130395.2564
2025-01-12 14:38:00,94881.5,94895.2,94881.2,94895.0,34.026,3228655.8099
2025-01-12 14:39:00,94895.0,94922.0,94894.9,94915.4,40.807,3873094.5252
2025-01-12 14:40:00,94915.4,94925.0,94899.8,94915.2,62.362,5918783.7213
2025-01-12 14:41:00,94915.2,94939.4,94907.4,94934.4,36.925,3505300.7757
2025-01-12 14:42:00,94934.4,94934.7,94825.8,94825.8,54.013,5124329.4958
2025-01-12 14:43:00,94825.8,94857.4,94807.0,94807.0,60.108,5700144.6807
2025-01-12 14:44:00,94807.0,94807.0,94793.9,94805.0,61.087,5790993.7659
2025-01-12 14:45:00,94805.0,94860.0,94804.9,94832.2,71.337,6766018.8082
2025-01-12 14:46:00,94832.2,94832.2,94794.2,94814.4,42.707,4049319.8284
2025-01-12 14:47:00,94814.4,94839.0,94731.8,94744.4,71.476,6774976.6863
2025-01-12 14:48:00,94744.4,94765.1,94716.2,94759.1,68.056,6447841.9804
2025-01-12 14:49:00,94759.1,94790.3,94758.8,94766.2,55.643,5273343.0953
2025-01-12 14:50:00,94766.2,94830.0,94766.2,94822.3,43.292,4104583.004
2025-01-12 14:51:00,94822.3,94822.3,94746.0,94746.0,49.612,4701695.3806
2025-01-12 14:52:00,94746.0,94765.0,94742.6,94764.9,33.53,3177368.0735
2025-01-12 14:53:00,94764.9,94815.8,94764.9,94812.8,20.428,1936614.9853
2025-01-12 14:54:00,94812.8,94812.8,94777.7,94777.7,19.731,1870120.1682
2025-01-12 14:55:00,94777.7,94777.8,94749.8,94754.8,20.564,1948601.6411
2025-01-12 14:56:00,94754.8,94774.6,94754.8,94774.5,25.133,2381940.0807
2025-01-12 14:57:00,94774.5,94775.0,94755.0,94755.0,8.683,822879.8203
2025-01-12 14:58:00,94755.0,94755.0,94721.9,94747.7,16.553,1568238.7506
2025-01-12 14:59:00,94747.7,94758.1,94740.5,94758.1,35.911,3402492.1402
2025-01-12 15:00:00,94758.1,94778.5,94749.1,94757.9,25.53,2419304.9056
2025-01-12 15:01:00,94757.9,94758.7,94752.0,94758.6,36.189,3429177.6184
2025-01-12 15:02:00,94758.6,94774.6,94758.6,94765.6,14.137,1339686.7567
2025-01-12 15:03:00,94765.6,94783.6,94765.3,94783.5,27.724,2627566.0727
2025-01-12 15:04:00,94783.5,94783.5,94673.7,94678.4,52.761,4996486.6328
2025-01-12 15:05:00,94678.4,94686.2,94649.8,94669.8,141.53,13398051.3225
2025-01-13 06:06:00,94266.7,94298.2,94243.2,94243.2,93.97,8857341.6194
2025-01-13 06:07:00,94243.2,94286.6,94212.9,94274.8,74.671,7037448.5283
2025-01-13 06:08:00,94274.8,94287.6,94262.2,94287.6,41.448,3907520.7099
2025-01-13 06:09:00,94287.6,94287.6,94206.8,94207.1,25.088,2364519.1475
2025-01-13 06:10:00,94207.1,94252.2,94203.1,94252.2,28.748,2708698.6093
2025-01-13 06:11:00,94252.2,94259.1,94211.0,94218.5,29.043,2736595.9568
2025-01-13 06:12:00,94218.5,94249.9,94218.5,94220.3,17.975,1693950.0548
2025-01-13 06:13:00,94220.3,94245.7,94220.0,94245.7,27.686,2608788.9887
2025-01-13 06:14:00,94245.7,94249.5,94218.3,94218.4,16.221,1528627.2776
2025-01-13 06:15:00,94218.4,94218.4,94152.4,94164.9,15.711,1479639.0661
2025-01-13 06:16:00,94164.9,94164.9,94113.4,94147.9,29.541,2780864.4716
2025-01-13 06:17:00,94147.9,94148.2,94101.0,94101.0,34.64,3260304.9355
2025-01-13 06:18:00,94101.0,94137.2,94080.0,94137.2,48.678,4580682.7937
2025-01-13 06:19:00,94137.2,94188.8,94132.6,94139.6,53.832,5068918.9834
2025-01-13 06:20:00,94139.6,94168.8,94135.0,94161.3,27.856,2622623.4181
2025-01-13 06:21:00,94161.3,94219.1,94161.0,94189.4,19.161,1804990.7665
2025-01-13 06:22:00,94189.4,94217.1,94189.4,94206.2,33.163,3124095.6898
2025-01-13 06:23:00,94206.2,94210.1,94200.0,94210.1,18.177,1712392.686
2025-01-13 06:24:00,94210.1,94210.1,94181.7,94199.9,24.297,2288745.0185
2025-01-13 06:25:00,94199.9,94210.1,94145.3,94155.5,19.461,1832662.4432
2025-01-13 06:26:00,94155.5,94158.7,94137.1,94137.1,12.598,1185990.7651
2025-01-13 06:27:00,94137.1,94137.5,94034.8,94040.0,45.527,4283845.7005
2025-01-13 06:28:00,94040.0,94057.2,94039.7,94051.4,78.946,7425056.4373
2025-01-13 06:29:00,94051.4,94082.6,94026.3,94070.4,34.701,3263684.752
2025-01-13 06:30:00,94070.4,94093.2,94051.9,94092.9,38.685,3639364.5604
2025-01-13 06:31:00,94092.9,94093.2,94061.5,94061.5,23.616,2221438.6411
2025-01-13 06:32:00,94061.5,94061.6,94029.5,94029.8,39.34,3699572.9983
2025-01-13 06:33:00,94029.8,94051.8,94029.5,94046.4,48.854,4593825.3061
2025-01-13 06:34:00,94046.4,94046.7,94021.0,94021.3,30.0,2820922.6529
2025-01-13 06:35:00,94021.3,94021.3,94000.0,94000.0,105.537,9921284.0053
2025-01-13 06:36:00,94000.0,94000.1,93911.1,93911.2,402.64,37822913.3729
2025-01-13 06:37:00,93911.2,93932.9,93877.0,93905.1,583.793,54822614.9148
2025-01-13 06:38:00,93905.1,93909.6,93813.3,93858.8,249.885,23451916.3013
2025-01-13 06:39:00,93858.8,93927.6,93837.0,93846.2,250.979,23565076.9042
2025-01-13 06:40:00,93846.2,93974.5,93843.3,93934.1,321.421,30188250.7252
2025-01-13 06:41:00,93934.1,93948.8,93892.8,93896.6,551.151,51757597.7083
2025-01-13 06:42:00,93896.6,93910.3,93850.0,93867.0,93.516,8778684.5653
2025-01-13 06:43:00,93867.0,93924.6,93850.0,93891.3,85.189,7997457.3356
2025-01-13 06:44:00,93891.3,93903.4,93850.0,93850.0,257.45,24170182.8467
2025-01-13 06:45:00,93850.0,93876.0,93850.0,93850.0,567.048,53222618.7946
2025-01-13 06:46:00,93850.0,93872.9,93510.6,93510.6,453.96,42524261.5977
2025-01-13 06:47:00,93510.6,93510.7,93238.0,93260.2,1228.306,114653439.9884
2025-01-13 06:48:00,93260.2,93374.3,93259.8,93374.3,676.647,63150898.18
2025-01-13 06:49:00,93374.3,93555.7,93342.0,93366.9,584.388,54600029.9132
2025-01-13 06:50:00,93366.9,93431.4,93287.8,93354.2,578.855,54035537.9436
2025-01-13 06:51:00,93354.2,93364.1,93241.0,93258.0,475.835,44382027.5051
2025-01-13 06:52:00,93258.0,93417.7,93257.7,93417.7,367.929,34352314.9972
2025-01-13 06:53:00,93417.7,93440.9,93340.6,93342.8,143.369,13388348.5711
2025-01-13 06:54:00,93342.8,93412.7,93311.6,93365.7,180.837,16885086.4796
2025-01-13 06:55:00,93365.7,93414.9,93325.0,93384.7,270.682,25274535.0268
2025-01-13 06:56:00,93384.7,93560.4,93375.1,93538.7,205.964,19254150.3003
2025-01-13 06:57:00,93538.7,93597.6,93478.9,93493.8,190.67,17835221.1476
2025-01-13 06:58:00,93493.8,93580.2,93493.8,93550.4,131.485,12301371.3538
2025-01-13 06:59:00,93550.4,93620.4,93533.5,93604.2,177.698,16627485.0861
2025-01-13 07:00:00,93604.2,93699.4,93588.0,93631.3,600.407,56231214.6495
2025-01-13 07:01:00,93631.3,93738.3,93631.3,93737.1,623.238,58391237.4162
2025-01-13 07:02:00,93737.1,93740.3,93645.9,93740.3,242.726,22744224.4671
2025-01-13 07:03:00,93740.3,93740.4,93639.4,93671.9,119.135,11160781.8569
2025-01-13 07:04:00,93671.9,93750.0,93661.6,93662.0,149.695,14027803.6954
2025-01-13 07:05:00,93662.0,93662.0,93518.0,93524.9,126.628,11847008.4104
2025-01-13 07:06:00,93524.9,93562.2,93488.0,93500.0,190.738,17838162.2977
2025-01-13 07:07:00,93500.0,93565.0,93450.0,93549.4,142.913,13365944.5805
2025-01-13 07:08:00,93549.4,93687.7,93549.4,93638.3,90.44,8469900.3002
2025-01-13 07:09:00,93638.3,93646.5,93610.3,93639.5,67.748,6343970.3088
2025-01-13 07:10:00,93639.5,93755.0,93639.5,93750.3,42.841,4014135.9138
2025-01-13 07:11:00,93750.3,93753.1,93700.0,93704.4,66.8,6261358.6879
2025-01-13 07:12:00,93704.4,93718.3,93642.0,93642.3,64.804,6071481.4203
2025-01-13 07:13:00,93642.3,93642.3,93588.8,93633.6,44.139,4131626.8841
2025-01-13 07:14:00,93633.6,93644.0,93570.0,93570.0,64.575,6044563.3589
2025-01-13 07:15:00,93570.0,93588.9,93527.3,93585.4,83.295,7793193.7912
2025-01-13 07:16:00,93585.4,93610.2,93546.8,93557.4,57.783,5407303.8894
2025-01-13 07:17:00,93557.4,93629.0,93557.4,93628.7,42.098,3940451.4366
2025-01-13 07:18:00,93628.7,93629.0,93589.6,93589.9,53.292,4988443.3762
2025-01-13 07:19:00,93589.9,93604.3,93520.5,93520.5,54.826,5130868.5536
2025-01-13 07:20:00,93520.5,93542.3,93482.9,93525.9,61.011,5705469.1115
2025-01-13 07:21:00,93525.9,93525.9,93434.3,93506.1,96.506,9020678.0865
2025-01-13 07:22:00,93506.1,93564.0,93480.0,93558.6,89.728,8391677.085
2025-01-13 07:23:00,93558.6,93587.3,93535.7,93587.3,38.212,3575266.6927
2025-01-13 07:24:00,93587.3,93655.2,93587.0,93655.2,51.447,4816468.2779
2025-01-13 07:25:00,93655.2,93696.8,93654.9,93660.0,80.416,7532725.8472
2025-01-13 07:26:00,93660.0,93697.2,93650.9,93691.5,48.782,4569715.7944
2025-01-13 07:27:00,93691.5,93700.0,93665.4,93670.0,35.876,3361149.9565
2025-01-13 07:28:00,93670.0,93700.0,93660.0,93699.8,46.608,4366527.1625
2025-01-13 07:29:00,93699.8,93710.1,93669.3,93669.5,38.585,3615151.3816
2025-01-13 07:30:00,93669.5,93684.7,93651.2,93651.4,34.419,3223883.1673
2025-01-13 07:31:00,93651.4,93680.2,93606.5,93628.2,40.074,3752672.3306
2025-01-13 07:32:00,93628.2,93723.7,93623.8,93668.0,55.905,5237288.1612
2025-01-13 07:33:00,93668.0,93698.6,93643.5,93656.0,184.894,17320000.3393
2025-01-13 07:34:00,93656.0,93702.4,93656.0,93698.0,365.825,34275168.2463
2025-01-13 07:35:00,93698.0,93825.0,93692.1,93817.7,112.548,10554378.9251
2025-01-13 07:36:00,93817.7,93915.4,93817.7,93843.2,233.317,21902629.0471
2025-01-13 07:37:00,93843.2,93872.8,93801.0,93801.0,258.371,24244030.1161
2025-01-13 07:38:00,93801.0,93830.1,93745.4,93756.0,139.583,13090703.7525
2025-01-13 07:39:00,93756.0,93756.3,93693.0,93693.1,61.604,5773764.4199
2025-01-13 07:40:00,93693.1,93730.2,93690.3,93711.2,53.617,5024421.1246
2025-01-13 07:41:00,93711.2,93744.4,93711.2,93739.9,47.158,4420323.1477
2025-01-13 07:42:00,93739.9,93814.2,93739.9,93799.4,42.386,3974385.868
2025-01-13 07:43:00,93799.4,93830.6,93799.0,93807.9,70.846,6646109.5789
2025-01-13 07:44:00,93807.9,93807.9,93770.1,93770.1,46.668,4377376.1533
2025-01-13 07:45:00,93770.1,93770.2,93750.0,93750.2,62.455,5855884.1159
2025-01-13 22:46:00,94373.5,94418.7,94373.2,94418.4,43.21,4078792.1198
2025-01-13 22:47:00,94418.4,94422.3,94290.4,94290.7,36.174,3413714.1672
2025-01-13 22:48:00,94290.7,94400.2,94282.6,94388.6,57.88,5461455.0777
2025-01-13 22:49:00,94388.6,94400.0,94273.5,94301.4,52.468,4949142.8948
2025-01-13 22:50:00,94301.4,94301.4,94269.2,94280.2,35.171,3315812.0145
2025-01-13 22:51:00,94280.2,94281.3,94250.0,94250.0,34.432,3245935.9111
2025-01-13 22:52:00,94250.0,94251.1,94184.8,94242.2,62.644,5902939.0814
2025-01-13 22:53:00,94242.2,94251.5,94204.4,94241.6,74.205,6992212.3102
2025-01-13 22:54:00,94241.6,94250.2,94241.6,94249.9,27.288,2571762.2764
2025-01-13 22:55:00,94249.9,94308.5,94249.9,94299.9,27.586,2600970.1821
2025-01-13 22:56:00,94299.9,94300.0,94292.0,94294.9,44.703,4215311.9495
2025-01-13 22:57:00,94294.9,94294.9,94257.2,94257.2,58.63,5526881.7541
2025-01-13 22:58:00,94257.2,94287.5,94233.7,94246.9,21.851,2059921.2089
2025-01-13 22:59:00,94246.9,94365.0,94246.9,94360.0,35.123,3313353.8216
2025-01-13 23:00:00,94360.0,94428.2,94287.5,94287.5,52.556,4958677.7426
2025-01-13 23:01:00,94287.5,94287.5,94173.0,94173.0,59.137,5572002.2166
2025-01-13 23:02:00,94173.0,94230.0,94143.7,94229.9,82.729,7792743.462
2025-01-13 23:03:00,94229.9,94258.3,94229.9,94244.9,98.971,9327041.3828
2025-01-13 23:04:00,94244.9,94335.1,94244.9,94335.1,30.422,2868385.4377
2025-01-13 23:05:00,94335.1,94353.3,94281.0,94281.0,56.029,5284082.3736
2025-01-13 23:06:00,94281.0,94281.0,94257.2,94275.6,53.851,5076838.9189
2025-01-13 23:07:00,94275.6,94275.9,94161.3,94161.3,24.202,2280146.459
2025-01-13 23:08:00,94161.3,94261.3,94148.3,94261.3,34.462,3246044.9104
2025-01-13 23:09:00,94261.3,94284.4,94204.1,94278.1,39.851,3755868.5036
2025-01-13 23:10:00,94278.1,94414.7,94278.0,94411.0,55.046,5195144.0293
2025-01-13 23:11:00,94411.0,94450.2,94369.9,94450.2,128.994,12180192.4294
2025-01-13 23:12:00,94450.2,94450.2,94384.8,94399.8,83.761,7907388.3993
2025-01-13 23:13:00,94399.8,94400.0,94376.7,94391.1,91.414,8629158.9429
2025-01-13 23:14:00,94391.1,94400.2,94364.9,94389.3,151.759,14322240.4697
2025-01-13 23:15:00,94389.3,94414.8,94377.0,94377.0,342.325,32316953.5701
2025-01-13 23:16:00,94377.0,94381.0,94353.3,94371.6,48.274,4555564.1549
2025-01-13 23:17:00,94371.6,94384.2,94313.0,94313.0,12.669,1195367.5968
2025-01-13 23:18:00,94313.0,94313.0,94250.0,94279.9,14.959,1410366.4401
2025-01-13 23:19:00,94279.9,94300.0,94279.9,94300.0,23.88,2251516.9993
2025-01-13 23:20:00,94300.0,94343.8,94280.2,94343.8,11.398,1075089.5533
2025-01-13 23:21:00,94343.8,94346.6,94296.0,94296.0,20.802,1962060.1622
2025-01-13 23:22:00,94296.0,94311.0,94282.6,94311.0,35.373,3335317.2342
2025-01-13 23:23:00,94311.0,94347.1,94308.1,94309.8,16.364,1543548.9901
2025-01-13 23:24:00,94309.8,94354.2,94300.0,94300.0,19.79,1866959.3865
2025-01-13 23:25:00,94300.0,94300.0,94197.8,94221.4,31.968,3012102.0179
2025-01-13 23:26:00,94221.4,94266.3,94204.5,94204.5,37.992,3580419.8787
2025-01-13 23:27:00,94204.5,94249.1,94181.1,94181.2,32.419,3054123.3686
2025-01-13 23:28:00,94181.2,94195.5,94163.8,94180.3,37.237,3507194.9291
2025-01-13 23:29:00,94180.3,94233.5,94180.2,94233.4,37.203,3505122.2767
2025-01-13 23:30:00,94233.4,94284.5,94230.8,94284.5,17.631,1661892.9659
2025-01-13 23:31:00,94284.5,94284.5,94204.5,94256.7,17.903,1687288.3368
2025-01-13 23:32:00,94256.7,94290.1,94245.5,94245.5,18.659,1758947.0574
2025-01-13 23:33:00,94245.5,94300.0,94236.0,94300.0,18.249,1720446.6705
2025-01-13 23:34:00,94300.0,94334.4,94270.7,94280.0,24.147,2276973.3567
2025-01-13 23:35:00,94280.0,94369.0,94279.9,94344.3,16.39,1546323.5587
2025-01-13 23:36:00,94344.3,94418.5,94344.0,94410.9,41.019,3871802.1672
2025-01-13 23:37:00,94410.9,94410.9,94334.3,94334.3,66.22,6248544.951
2025-01-13 23:38:00,94334.3,94334.6,94316.0,94316.0,13.098,1235551.1852
2025-01-13 23:39:00,94316.0,94382.9,94289.4,94366.4,13.469,1270732.6965
2025-01-13 23:40:00,94366.4,94379.9,94324.6,94324.6,14.148,1334793.8087
2025-01-13 23:41:00,94324.6,94324.6,94276.3,94276.6,9.542,899825.6153
2025-01-13 23:42:00,94276.6,94350.0,94276.3,94342.2,17.451,1645975.9473
2025-01-13 23:43:00,94342.2,94360.4,94331.2,94340.1,21.281,2007791.1522
2025-01-13 23:44:00,94340.1,94380.5,94339.8,94376.9,12.27,1157851.3705
2025-01-13 23:45:00,94376.9,94377.4,94346.6,94346.6,8.895,839345.7999
2025-01-13 23:46:00,94346.6,94359.9,94340.0,94340.0,7.491,706736.0115
2025-01-13 23:47:00,94340.0,94360.6,94334.7,94334.7,11.759,1109498.4511
2025-01-13 23:48:00,94334.7,94360.2,94334.6,94356.7,20.724,1955213.6206
2025-01-13 23:49:00,94356.7,94359.8,94312.8,94313.1,17.839,1682816.5371
2025-01-13 23:50:00,94313.1,94337.2,94298.6,94317.7,32.931,3106054.6297
2025-01-13 23:51:00,94317.7,94419.8,94307.4,94419.8,18.507,1746455.6875
2025-01-13 23:52:00,94419.8,94426.8,94391.9,94416.7,31.71,2993839.9958
2025-01-13 23:53:00,94416.7,94444.0,94388.4,94399.9,36.338,3430555.3465
2025-01-13 23:54:00,94399.9,94449.8,94397.0,94439.8,45.195,4267863.0921
2025-01-13 23:55:00,94439.8,94479.4,94439.8,94463.2,42.293,3995187.8626
2025-01-13 23:56:00,94463.2,94581.6,94460.0,94571.6,106.509,10066620.6054
2025-01-13 23:57:00,94571.6,94577.3,94505.5,94505.5,201.683,19065379.0189
2025-01-13 23:58:00,94505.5,94523.9,94492.3,94492.3,131.36,12414610.8017
2025-01-13 23:59:00,94492.3,94505.5,94482.6,94485.6,59.755,5646447.2634
2025-01-14 00:00:00,94485.6,94523.3,94469.5,94469.5,78.713,7438414.6061
2025-01-14 00:01:00,94469.5,94507.0,94415.0,94417.2,108.231,10221743.0507
2025-01-14 00:02:00,94417.2,94500.2,94388.8,94388.8,66.69,6298478.9976
2025-01-14 00:03:00,94388.8,94500.3,94388.8,94499.0,39.546,3735812.2866
2025-01-14 00:04:00,94499.0,94499.0,94430.5,94430.5,34.979,3304264.4233
2025-01-14 00:05:00,94430.5,94448.6,94407.0,94427.2,26.642,2515722.1942
2025-01-14 00:06:00,94427.2,94427.2,94375.0,94375.3,25.824,2437661.5038
2025-01-14 00:07:00,94375.3,94396.6,94324.7,94324.7,39.05,3684448.7573
2025-01-14 00:08:00,94324.7,94400.0,94324.7,94388.3,66.815,6305819.723
2025-01-14 00:09:00,94388.3,94396.1,94357.9,94370.9,32.245,3043223.0637
2025-01-14 00:10:00,94370.9,94406.7,94345.3,94345.3,50.182,4736895.4208
2025-01-14 00:11:00,94345.3,94431.4,94345.0,94429.3,113.33,10696651.2104
2025-01-14 00:12:00,94429.3,94429.3,94364.9,94364.9,58.051,5479317.2586
2025-01-14 00:13:00,94364.9,94392.0,94364.8,94377.8,54.812,5173090.0164
2025-01-14 00:14:00,94377.8,94377.8,94371.9,94377.7,13.489,1273034.3676
2025-01-14 00:15:00,94377.7,94450.0,94377.7,94441.5,26.753,2525791.0141
2025-01-14 00:16:00,94441.5,94500.2,94441.5,94482.5,80.654,7620985.0668
2025-01-14 00:17:00,94482.5,94492.3,94460.0,94463.4,69.835,6597788.6438
2025-01-14 00:18:00,94463.4,94729.3,94460.5,94700.0,371.466,35143304.6531
2025-01-14 00:19:00,94700.0,94730.2,94601.5,94652.2,574.027,54331308.1994
2025-01-14 00:20:00,94652.2,94803.2,94615.0,94739.2,282.816,26792941.54
2025-01-14 00:21:00,94739.2,94766.3,94685.5,94750.1,365.665,34637689.3135
2025-01-14 00:22:00,94750.1,94798.2,94700.0,94706.6,136.163,12901191.4185
2025-01-14 00:23:00,94706.6,94832.5,94706.5,94761.6,106.319,10078984.0725
2025-01-14 00:24:00,94761.6,94764.2,94676.1,94686.2,168.315,15941025.546
2025-01-14 00:25:00,94686.2,94720.7,94605.0,94606.4,69.398,6569733.3479
2025-01-14 15:26:00,96400.3,96467.1,96351.0,96351.0,80.534,7763233.1878
2025-01-14 15:27:00,96351.0,96356.0,96304.3,96306.9,102.608,9883227.8249
2025-01-14 15:28:00,96306.9,96377.7,96300.0,96357.2,79.571,7665612.6392
2025-01-14 15:29:00,96357.2,96458.2,96352.2,96456.2,92.474,8915026.2124
2025-01-14 15:30:00,96456.2,96520.9,96426.4,96458.3,110.703,10680633.3526
2025-01-14 15:31:00,96458.3,96556.3,96402.2,96550.3,124.281,11988146.3565
2025-01-14 15:32:00,96550.3,96636.5,96544.5,96562.3,73.484,7097232.9624
2025-01-14 15:33:00,96562.3,96631.1,96483.0,96630.0,82.408,7956690.3651
2025-01-14 15:34:00,96630.0,96684.6,96601.9,96617.6,55.278,5343408.6728
2025-01-14 15:35:00,96617.6,96680.2,96602.3,96663.9,106.849,10327222.3245
2025-01-14 15:36:00,96663.9,96748.0,96620.1,96716.0,139.963,13535313.2781
2025-01-14 15:37:00,96716.0,96716.0,96520.9,96612.6,107.638,10398849.7653
2025-01-14 15:38:00,96612.6,96648.8,96511.3,96560.4,103.828,10029275.0606
2025-01-14 15:39:00,96560.4,96567.7,96368.5,96368.5,83.421,8045275.4856
2025-01-14 15:40:00,96368.5,96515.3,96330.0,96488.3,96.559,9311296.1699
2025-01-14 15:41:00,96488.3,96680.2,96450.2,96641.1,80.138,7740547.1797
2025-01-14 15:42:00,96641.1,96718.0,96629.4,96645.8,77.266,7470294.1492
2025-01-14 15:43:00,96645.8,96738.2,96638.3,96703.3,63.124,6103310.5826
2025-01-14 15:44:00,96703.3,96849.0,96682.3,96824.1,111.999,10842488.403
2025-01-14 15:45:00,96824.1,96824.1,96654.4,96680.3,188.0,18185289.879
2025-01-14 15:46:00,96680.3,96694.3,96520.4,96557.2,163.766,15818104.6193
2025-01-14 15:47:00,96557.2,96660.7,96520.0,96603.6,123.001,11881229.2133
2025-01-14 15:48:00,96603.6,96610.0,96442.7,96605.3,52.428,5060764.6139
2025-01-14 15:49:00,96605.3,96692.2,96559.6,96665.9,56.282,5438513.9743
2025-01-14 15:50:00,96665.9,96679.2,96520.7,96651.4,61.102,5901748.0315
2025-01-14 15:51:00,96651.4,96711.1,96522.3,96675.5,55.707,5381828.5645
2025-01-14 15:52:00,96675.5,96767.7,96625.0,96625.0,63.201,6111068.4435
2025-01-14 15:53:00,96625.0,96632.0,96562.5,96562.8,55.749,5385713.0552
2025-01-14 15:54:00,96562.8,96686.7,96534.3,96670.7,33.102,3197358.6292
2025-01-14 15:55:00,96670.7,96688.8,96500.8,96504.3,33.531,3238890.0176
2025-01-14 15:56:00,96504.3,96585.3,96504.3,96585.2,48.767,4708339.8179
2025-01-14 15:57:00,96585.2,96645.3,96506.9,96507.2,96.609,9329992.4783
2025-01-14 15:58:00,96507.2,96517.9,96445.2,96475.3,100.312,9678188.0275
2025-01-14 15:59:00,96475.3,96475.5,96411.2,96424.8,118.563,11434785.1418
2025-01-14 16:00:00,96424.8,96424.8,96200.0,96251.1,963.718,92858921.6549
2025-01-14 16:01:00,96251.1,96285.8,96124.7,96171.9,588.096,56578070.4638
2025-01-14 16:02:00,96171.9,96190.0,95917.1,95941.5,392.486,37691078.2255
2025-01-14 16:03:00,95941.5,95943.7,95730.0,95743.3,692.009,66276977.918
2025-01-14 16:04:00,95743.3,95759.2,95611.0,95713.0,782.418,74875184.7077
2025-01-14 16:05:00,95713.0,95738.2,95622.7,95640.3,610.787,58432634.4032
2025-01-14 16:06:00,95640.3,95795.2,95613.3,95795.2,334.187,31985538.6587
2025-01-14 16:07:00,95795.2,95957.3,95783.8,95839.2,371.452,35608816.0084
2025-01-14 16:08:00,95839.2,96034.7,95793.6,96018.0,468.043,44906755.7401
2025-01-14 16:09:00,96018.0,96047.0,95932.0,95945.3,337.76,32428611.827
2025-01-14 16:10:00,95945.3,95980.2,95797.1,95900.8,273.283,26206273.4363
2025-01-14 16:11:00,95900.8,96020.5,95840.8,95874.4,173.267,16618584.4752
2025-01-14 16:12:00,95874.4,95920.9,95800.0,95800.1,209.093,20043088.5875
2025-01-14 16:13:00,95800.1,95906.8,95773.2,95773.2,132.818,12730659.7269
2025-01-14 16:14:00,95773.2,96015.1,95773.2,95998.3,85.575,8207574.2384
2025-01-14 16:15:00,95998.3,95998.3,95779.3,95805.2,99.937,9580054.4646
2025-01-14 16:16:00,95805.2,96017.2,95796.0,96014.6,107.998,10360689.3371
2025-01-14 16:17:00,96014.6,96135.5,96014.6,96029.8,128.895,12384207.234
2025-01-14 16:18:00,96029.8,96111.8,95873.1,95915.0,269.969,25910788.0762
2025-01-14 16:19:00,95915.0,95932.2,95855.1,95925.4,124.524,11941384.2616
2025-01-14 16:20:00,95925.4,95952.0,95859.9,95876.5,67.834,6505371.6609
2025-01-14 16:21:00,95876.5,95966.1,95873.4,95877.9,49.768,4773304.2775
2025-01-14 16:22:00,95877.9,96160.0,95867.3,96123.0,60.511,5812377.4958
2025-01-14 16:23:00,96123.0,96143.7,96057.2,96089.2,135.619,13031304.8008
2025-01-14 16:24:00,96089.2,96089.8,96015.5,96080.0,84.161,8083896.7711
2025-01-14 16:25:00,96080.0,96241.7,96020.0,96223.3,67.303,6468413.5409
2025-01-14 16:26:00,96223.3,96293.1,96216.4,96243.5,164.212,15805718.9672
2025-01-14 16:27:00,96243.5,96299.9,96170.3,96173.1,207.096,19929437.0445
2025-01-14 16:28:00,96173.1,96220.8,96009.9,96014.0,150.631,14480866.7424
2025-01-14 16:29:00,96014.0,96014.1,95811.1,95825.8,194.31,18636902.1553
2025-01-14 16:30:00,95825.8,95921.0,95811.0,95883.5,212.581,20381607.9575
2025-01-14 16:31:00,95883.5,95960.1,95880.0,95948.1,132.653,12723956.0484
2025-01-14 16:32:00,95948.1,95948.1,95779.4,95858.2,100.565,9636895.6154
2025-01-14 16:33:00,95858.2,95911.3,95733.7,95742.1,181.22,17357591.8247
2025-01-14 16:34:00,95742.1,95875.0,95722.8,95855.4,121.059,11596682.8955
2025-01-14 16:35:00,95855.4,95876.2,95775.4,95876.2,153.817,14739681.3806
2025-01-14 16:36:00,95876.2,95876.2,95754.2,95804.3,57.165,5475841.8598
2025-01-14 16:37:00,95804.3,95821.7,95750.0,95751.9,57.514,5508660.6907
2025-01-14 16:38:00,95751.9,95790.4,95592.1,95598.8,417.375,39923264.1127
2025-01-14 16:39:00,95598.8,95651.3,95531.5,95623.5,787.745,75288873.6818
2025-01-14 16:40:00,95623.5,95719.9,95606.7,95694.7,552.113,52818408.1062
2025-01-14 16:41:00,95694.7,95699.8,95599.9,95687.8,98.93,9461719.6218
2025-01-14 16:42:00,95687.8,95692.6,95610.0,95614.8,60.021,5740073.8406
2025-01-14 16:43:00,95614.8,95635.2,95473.9,95473.9,102.298,9772358.6628
2025-01-14 16:44:00,95473.9,95487.9,95328.1,95415.4,349.972,33385313.2773
2025-01-14 16:45:00,95415.4,95483.1,95350.0,95350.2,503.181,48022805.4295
2025-01-14 16:46:00,95350.2,95534.8,95309.9,95534.7,191.386,18268262.5741
2025-01-14 16:47:00,95534.7,95549.0,95450.9,95466.7,190.508,18193865.4015
2025-01-14 16:48:00,95466.7,95621.1,95460.0,95527.6,119.113,11380803.7826
2025-01-14 16:49:00,95527.6,95602.8,95507.5,95510.5,133.273,12735331.23
2025-01-14 16:50:00,95510.5,95589.3,95500.0,95527.0,56.275,5376549.7066
2025-01-14 16:51:00,95527.0,95670.8,95524.7,95600.6,64.33,6150802.4535
2025-01-14 16:52:00,95600.6,95750.8,95600.6,95698.0,119.51,11435671.942
2025-01-14 16:53:00,95698.0,95738.5,95636.9,95657.1,206.196,19729415.7747
2025-01-14 16:54:00,95657.1,95657.1,95550.0,95565.2,198.121,18936812.6654
2025-01-14 16:55:00,95565.2,95728.1,95565.2,95728.0,73.76,7057834.2375
2025-01-14 16:56:00,95728.0,95779.3,95690.0,95696.8,104.289,9984319.1294
2025-01-14 16:57:00,95696.8,95706.6,95622.4,95664.1,130.66,12497533.9776
2025-01-14 16:58:00,95664.1,95800.0,95625.7,95760.3,101.003,9666860.8132
2025-01-14 16:59:00,95760.3,95764.7,95690.6,95704.0,119.671,11454943.3855
2025-01-14 17:00:00,95704.0,95704.0,95570.1,95570.5,85.208,8148093.8897
2025-01-14 17:01:00,95570.5,95661.6,95548.6,95660.1,94.037,8992160.408
2025-01-14 17:02:00,95660.1,95707.4,95610.3,95610.6,109.366,10461423.5766
2025-01-14 17:03:00,95610.6,95661.1,95587.8,95587.9,44.64,4268761.941
2025-01-14 17:04:00,95587.9,95669.2,95540.0,95661.4,40.426,3864029.2007
2025-01-14 17:05:00,95661.4,95700.0,95661.2,95679.5,67.605,6468068.1369
2025-01-15 08:06:00,97355.0,97355.1,97316.2,97316.3,62.162,6049627.6239
2025-01-15 08:07:00,97316.3,97348.3,97292.6,97300.9,26.383,2567525.5112
2025-01-15 08:08:00,97300.9,97324.9,97300.0,97316.1,21.196,2062559.3973
2025-01-15 08:09:00,97316.1,97338.2,97315.8,97315.8,14.094,1371645.3464
2025-01-15 08:10:00,97315.8,97316.9,97260.8,97260.8,10.639,1035147.7027
2025-01-15 08:11:00,97260.8,97325.0,97260.8,97324.6,27.013,2628614.4962
2025-01-15 08:12:00,97324.6,97332.0,97298.5,97332.0,32.363,3149549.5393
2025-01-15 08:13:00,97332.0,97339.3,97300.0,97300.3,15.346,1493434.4236
2025-01-15 08:14:00,97300.3,97320.0,97298.7,97300.1,9.945,967685.5867
2025-01-15 08:15:00,97300.1,97300.2,97184.8,97184.8,17.007,1653497.0993
2025-01-15 08:16:00,97184.8,97233.6,97176.8,97204.6,43.218,4200829.7055
2025-01-15 08:17:00,97204.6,97238.8,97157.0,97157.3,45.304,4403794.001
2025-01-15 08:18:00,97157.3,97175.1,97125.2,97174.7,43.606,4236192.8725
2025-01-15 08:19:00,97174.7,97174.7,97120.0,97123.5,43.232,4199359.3972
2025-01-15 08:20:00,97123.5,97208.1,97123.5,97175.5,46.002,4470090.5499
2025-01-15 08:21:00,97175.5,97208.1,97175.5,97176.7,28.823,2801163.1848
2025-01-15 08:22:00,97176.7,97200.0,97176.6,97186.3,15.129,1470422.4738
2025-01-15 08:23:00,97186.3,97186.3,97176.5,97184.8,6.625,643800.8716
2025-01-15 08:24:00,97184.8,97220.0,97150.0,97150.0,10.062,977825.9187
2025-01-15 08:25:00,97150.0,97347.0,97150.0,97343.1,40.218,3913435.0526
2025-01-15 08:26:00,97343.1,97387.8,97339.6,97382.6,102.066,9937613.5351
2025-01-15 08:27:00,97382.6,97400.2,97363.2,97397.9,98.117,9555635.3214
2025-01-15 08:28:00,97397.9,97424.9,97392.7,97417.4,67.987,6623489.1829
2025-01-15 08:29:00,97417.4,97471.3,97417.4,97469.9,115.144,11219263.7624
2025-01-15 08:30:00,97469.9,97473.7,97403.3,97408.1,151.254,14736068.9518
2025-01-15 08:31:00,97408.1,97411.7,97374.7,97411.2,123.615,12039742.1058
2025-01-15 08:32:00,97411.2,97474.5,97411.2,97453.7,80.371,7831423.7781
2025-01-15 08:33:00,97453.7,97454.5,97415.0,97415.0,80.214,7815470.7764
2025-01-15 08:34:00,97415.0,97429.1,97415.0,97423.8,23.409,2280714.0785
2025-01-15 08:35:00,97423.8,97429.2,97399.9,97428.9,18.214,1774429.7431
2025-01-15 08:36:00,97428.9,97475.5,97428.9,97465.6,38.71,3772846.9354
2025-01-15 08:37:00,97465.6,97465.6,97405.9,97453.9,53.061,5170569.1821
2025-01-15 08:38:00,97453.9,97460.0,97426.0,97426.1,20.03,1951842.3973
2025-01-15 08:39:00,97426.1,97440.6,97426.0,97426.0,21.731,2117335.5121
2025-01-15 08:40:00,97426.0,97426.1,97316.2,97322.4,24.774,2411917.1395
2025-01-15 08:41:00,97322.4,97358.8,97322.4,97342.7,44.63,4344556.7103
2025-01-15 08:42:00,97342.7,97344.3,97304.3,97310.6,24.482,2382653.2886
2025-01-15 08:43:00,97310.6,97324.0,97301.7,97320.2,16.29,1585199.1364
2025-01-15 08:44:00,97320.2,97348.2,97320.2,97343.7,16.255,1582284.7568
2025-01-15 08:45:00,97343.7,97343.7,97294.0,97294.0,18.438,1794203.5107
2025-01-15 08:46:00,97294.0,97294.3,97255.2,97255.3,32.001,3112672.7814
2025-01-15 08:47:00,97255.3,97307.9,97249.1,97289.1,38.9,3783673.3504
2025-01-15 08:48:00,97289.1,97289.1,97249.0,97249.0,58.56,5695696.4439
2025-01-15 08:49:00,97249.0,97249.1,97222.7,97222.7,19.294,1876004.3359
2025-01-15 08:50:00,97222.7,97222.8,97200.0,97218.9,46.732,4542862.1124
2025-01-15 08:51:00,97218.9,97241.7,97213.7,97225.2,58.08,5646969.1492
2025-01-15 08:52:00,97225.2,97259.0,97210.6,97258.8,26.442,2571042.44
2025-01-15 08:53:00,97258.8,97258.8,97224.6,97224.9,21.103,2052068.0655
2025-01-15 08:54:00,97224.9,97224.9,97212.8,97215.0,17.274,1679317.1287
2025-01-15 08:55:00,97215.0,97215.3,97180.0,97186.8,30.321,2946727.5583
2025-01-15 08:56:00,97186.8,97186.9,97165.0,97165.1,40.696,3954417.8034
2025-01-15 08:57:00,97165.1,97165.1,97144.9,97160.0,51.003,4955378.4405
2025-01-15 08:58:00,97160.0,97181.2,97150.1,97181.1,54.131,5260146.1727
2025-01-15 08:59:00,97181.1,97185.2,97171.4,97171.4,46.081,4478114.602
2025-01-15 09:00:00,97171.4,97224.8,97169.9,97218.0,45.441,4415859.6274
2025-01-15 09:01:00,97218.0,97220.2,97177.9,97177.9,42.252,4106894.8299
2025-01-15 09:02:00,97177.9,97178.2,97150.0,97150.0,41.323,4014868.808
2025-01-15 09:03:00,97150.0,97206.8,97150.0,97206.8,45.816,4451681.3105
2025-01-15 09:04:00,97206.8,97207.0,97166.1,97166.1,40.644,3949828.0549
2025-01-15 09:05:00,97166.1,97166.4,97150.0,97150.1,20.849,2025507.8674
2025-01-15 09:06:00,97150.1,97243.2,97150.0,97241.0,19.935,1938286.8809
2025-01-15 09:07:00,97241.0,97241.1,97192.4,97199.9,31.748,3086367.4891
2025-01-15 09:08:00,97199.9,97213.0,97176.5,97212.7,21.402,2080044.2266
2025-01-15 09:09:00,97212.7,97251.6,97200.0,97200.1,15.797,1536024.0505
2025-01-15 09:10:00,97200.1,97236.2,97200.0,97215.4,22.305,2168160.0752
2025-01-15 09:11:00,97215.4,97300.0,97215.4,97300.0,16.396,1595107.5386
2025-01-15 09:12:00,97300.0,97326.0,97285.6,97286.3,38.475,3743797.319
2025-01-15 09:13:00,97286.3,97286.3,97281.7,97282.0,30.21,2938919.8607
2025-01-15 09:14:00,97282.0,97282.0,97271.8,97276.0,7.614,740669.9743
2025-01-15 09:15:00,97276.0,97285.3,97273.5,97283.8,19.617,1908402.3439
2025-01-15 09:16:00,97283.8,97285.3,97240.5,97240.5,30.154,2932972.5056
2025-01-15 09:17:00,97240.5,97285.3,97236.1,97285.1,14.537,1413920.0138
2025-01-15 09:18:00,97285.1,97285.3,97266.3,97266.3,10.22,994207.6702
2025-01-15 09:19:00,97266.3,97268.7,97260.6,97262.0,8.419,818891.2986
2025-01-15 09:20:00,97262.0,97285.3,97260.0,97285.3,4.732,460268.0822
2025-01-15 09:21:00,97285.3,97285.3,97245.3,97260.2,9.911,964039.7276
2025-01-15 09:22:00,97260.2,97270.8,97259.8,97260.1,19.055,1853370.4262
2025-01-15 09:23:00,97260.1,97260.1,97243.1,97253.7,7.88,766358.3296
2025-01-15 09:24:00,97253.7,97254.0,97151.0,97151.0,18.425,1790454.6711
2025-01-15 09:25:00,97151.0,97151.1,97007.0,97007.3,164.37,15956687.3011
2025-01-15 09:26:00,97007.3,97032.7,96966.7,96995.8,438.371,42518375.3171
2025-01-15 09:27:00,96995.8,97000.2,96967.1,96986.2,288.456,27972538.708
2025-01-15 09:28:00,96986.2,96986.3,96961.8,96963.9,104.66,10148995.1095
2025-01-15 09:29:00,96963.9,96983.5,96852.0,96852.0,105.88,10264264.9452
2025-01-15 09:30:00,96852.0,96900.1,96836.0,96869.2,175.553,17004068.1539
2025-01-15 09:31:00,96869.2,96885.0,96832.5,96841.7,132.743,12857081.1356
2025-01-15 09:32:00,96841.7,96926.7,96841.7,96887.4,91.999,8914913.6239
2025-01-15 09:33:00,96887.4,96943.9,96887.3,96892.5,105.106,10187320.5113
2025-01-15 09:34:00,96892.5,96916.2,96880.0,96914.4,73.099,7082675.4947
2025-01-15 09:35:00,96914.4,96956.8,96883.9,96922.0,70.354,6819649.8635
2025-01-15 09:36:00,96922.0,96960.2,96905.9,96957.0,94.018,9114323.3754
2025-01-15 09:37:00,96957.0,96966.2,96867.6,96872.5,70.031,6787390.4798
2025-01-15 09:38:00,96872.5,96900.2,96834.7,96877.1,99.22,9612174.4046
2025-01-15 09:39:00,96877.1,96947.1,96877.1,96947.1,74.804,7250818.253
2025-01-15 09:40:00,96947.1,96986.0,96920.0,96920.0,34.219,3317510.2797
2025-01-15 09:41:00,96920.0,96936.4,96908.9,96920.0,30.158,2922856.0061
2025-01-15 09:42:00,96920.0,96962.7,96919.9,96952.3,21.021,2037863.0912
2025-01-15 09:43:00,96952.3,96999.0,96949.1,96998.9,32.111,3114026.8199
2025-01-15 09:44:00,96998.9,97000.6,96986.2,97000.5,45.562,4419302.9624
2025-01-15 09:45:00,97000.5,97000.6,96963.6,96991.5,28.847,2797920.5741
2025-01-16 00:46:00,99749.2,99799.9,99646.6,99699.9,71.367,7115393.7833
2025-01-16 00:47:00,99699.9,99767.6,99673.7,99690.1,73.032,7282632.2819
2025-01-16 00:48:00,99690.1,99763.5,99658.2,99763.5,63.634,6344466.5886
2025-01-16 00:49:00,99763.5,99820.8,99673.8,99774.6,57.797,5766313.2301
2025-01-16 00:50:00,99774.6,99832.8,99721.7,99800.0,132.857,13258560.0463
2025-01-16 00:51:00,99800.0,99880.2,99795.1,99817.8,202.19,20186231.2784
2025-01-16 00:52:00,99817.8,99832.7,99690.2,99697.3,88.001,8775008.5647
2025-01-16 00:53:00,99697.3,99747.6,99697.3,99742.3,44.36,4423839.2894
2025-01-16 00:54:00,99742.3,99746.0,99668.6,99700.3,66.131,6593764.2624
2025-01-16 00:55:00,99700.3,99806.2,99700.0,99775.8,30.625,3054947.9834
2025-01-16 00:56:00,99775.8,99775.8,99753.0,99753.0,42.343,4223909.6361
2025-01-16 00:57:00,99753.0,99757.0,99693.2,99756.9,21.188,2112861.3903
2025-01-16 00:58:00,99756.9,99836.0,99756.9,99835.7,34.355,3428274.05
2025-01-16 00:59:00,99835.7,99864.5,99827.2,99831.7,30.044,3000061.9807
2025-01-16 01:00:00,99831.7,99895.0,99774.6,99777.7,48.821,4874706.7281
2025-01-16 01:01:00,99777.7,99800.2,99775.1,99800.1,52.495,5238800.4825
2025-01-16 01:02:00,99800.1,99950.0,99800.1,99950.0,43.767,4371259.4662
2025-01-16 01:03:00,99950.0,100049.8,99930.7,100025.5,121.973,12199930.5445
2025-01-16 01:04:00,100025.5,100042.5,99922.4,99928.9,149.173,14914203.0539
2025-01-16 01:05:00,99928.9,100064.6,99928.9,100019.4,54.896,5490206.5565
2025-01-16 01:06:00,100019.4,100085.5,99968.0,99968.0,59.926,5994421.9089
2025-01-16 01:07:00,99968.0,100001.0,99961.5,99980.8,93.999,9398400.5769
2025-01-16 01:08:00,99980.8,100065.9,99980.7,100050.2,103.208,10323393.8605
2025-01-16 01:09:00,100050.2,100050.2,99982.1,99991.3,48.291,4829080.6915
2025-01-16 01:10:00,99991.3,100016.5,99980.3,100008.9,20.683,2068221.2358
2025-01-16 01:11:00,100008.9,100019.2,99941.6,99950.0,29.624,2961941.6112
2025-01-16 01:12:00,99950.0,99950.0,99834.5,99837.0,30.239,3019650.087
2025-01-16 01:13:00,99837.0,99918.8,99823.1,99918.8,41.782,4173135.5569
2025-01-16 01:14:00,99918.8,99982.0,99912.1,99974.4,49.844,4981676.1924
2025-01-16 01:15:00,99974.4,100042.5,99921.4,100040.3,26.383,2637889.2414
2025-01-16 01:16:00,100040.3,100040.3,99936.6,99954.2,24.846,2484121.032
2025-01-16 01:17:00,99954.2,99954.2,99888.1,99921.4,29.859,2983650.2987
2025-01-16 01:18:00,99921.4,99942.3,99883.7,99936.3,39.893,3985735.6936
2025-01-16 01:19:00,99936.3,99949.8,99929.4,99949.2,44.058,4403245.8426
2025-01-16 01:20:00,99949.2,99951.0,99831.0,99831.0,23.402,2338423.1696
2025-01-16 01:21:00,99831.0,99908.2,99831.0,99860.0,29.155,2911736.7307
2025-01-16 01:22:00,99860.0,99860.1,99798.0,99835.0,41.318,4124387.0011
2025-01-16 01:23:00,99835.0,99895.6,99834.9,99877.4,50.342,5027665.0602
2025-01-16 01:24:00,99877.4,99914.6,99877.4,99913.7,45.183,4513945.1938
2025-01-16 01:25:00,99913.7,99917.0,99886.9,99886.9,25.424,2539914.1778
2025-01-16 01:26:00,99886.9,99887.4,99844.5,99844.5,12.504,1248663.9266
2025-01-16 01:27:00,99844.5,99900.0,99815.5,99900.0,18.102,1807436.7473
2025-01-16 01:28:00,99900.0,99933.5,99899.4,99899.4,9.413,940543.0729
2025-01-16 01:29:00,99899.4,99948.4,99894.9,99944.0,17.636,1762475.3395
2025-01-16 01:30:00,99944.0,99944.0,99829.8,99864.8,34.836,3478537.6354
2025-01-16 01:31:00,99864.8,99899.7,99864.0,99877.4,9.929,991756.9506
2025-01-16 01:32:00,99877.4,99928.1,99877.4,99921.1,20.315,2029517.872
2025-01-16 01:33:00,99921.1,99989.8,99921.1,99989.8,36.54,3652116.6812
2025-01-16 01:34:00,99989.8,100104.8,99989.8,100104.8,51.778,5180667.7628
2025-01-16 01:35:00,100104.8,100104.8,100009.7,100009.7,87.053,8708759.6678
2025-01-16 01:36:00,100009.7,100088.3,100009.7,100042.6,30.332,3034947.3311
2025-01-16 01:37:00,100042.6,100078.2,99977.4,100072.6,27.056,2706134.1181
2025-01-16 01:38:00,100072.6,100092.0,100050.0,100092.0,38.881,3891283.0887
2025-01-16 01:39:00,100092.0,100121.1,100081.4,100085.8,53.986,5404317.434
2025-01-16 01:40:00,100085.8,100086.1,100000.0,100055.5,41.946,4195465.4818
2025-01-16 01:41:00,100055.5,100055.5,100000.0,100000.0,14.526,1452850.775
2025-01-16 01:42:00,100000.0,100000.0,99956.9,99969.6,13.582,1357828.7873
2025-01-16 01:43:00,99969.6,100000.2,99969.5,100000.0,24.323,2432206.7958
2025-01-16 01:44:00,100000.0,100080.2,100000.0,100058.0,12.482,1248837.0135
2025-01-16 01:45:00,100058.0,100098.4,100054.8,100092.2,14.681,1469238.4441
2025-01-16 01:46:00,100092.2,100148.0,100070.0,100148.0,36.508,3654782.9812
2025-01-16 01:47:00,100148.0,100148.0,100090.0,100090.0,59.661,5972529.7757
2025-01-16 01:48:00,100090.0,100090.3,100034.2,100058.1,22.27,2228186.4147
2025-01-16 01:49:00,100058.1,100069.1,100027.3,100039.9,26.084,2609713.9319
2025-01-16 01:50:00,100039.9,100069.1,100027.3,100031.9,20.649,2065815.4733
2025-01-16 01:51:00,100031.9,100032.0,99955.0,99966.8,20.4,2039705.5461
2025-01-16 01:52:00,99966.8,100069.1,99959.8,100069.1,27.463,2747546.841
2025-01-16 01:53:00,100069.1,100069.1,100042.3,100062.5,13.286,1329460.1765
2025-01-16 01:54:00,100062.5,100062.8,100032.3,100032.3,20.94,2094803.6606
2025-01-16 01:55:00,100032.3,100100.0,100017.6,100100.0,27.105,2712443.2595
2025-01-16 01:56:00,100100.0,100100.0,100077.4,100099.6,25.648,2567188.966
2025-01-16 01:57:00,100099.6,100100.0,100023.8,100029.9,24.155,2416488.1286
2025-01-16 01:58:00,100029.9,100082.5,100029.9,100049.7,15.049,1505783.8318
2025-01-16 01:59:00,100049.7,100057.5,100033.6,100046.4,5.088,509033.5265
2025-01-16 02:00:00,100046.4,100057.2,99994.8,100057.0,10.64,1064299.226
2025-01-16 02:01:00,100057.0,100067.5,99994.9,99994.9,25.052,2506027.9671
2025-01-16 02:02:00,99994.9,100000.0,99929.2,99937.3,23.585,2357494.8675
2025-01-16 02:03:00,99937.3,99941.9,99871.5,99871.5,44.785,4474647.6067
2025-01-16 02:04:00,99871.5,99982.5,99870.8,99971.4,59.659,5962097.8406
2025-01-16 02:05:00,99971.4,100000.0,99971.1,100000.0,43.374,4336939.6113
2025-01-16 02:06:00,100000.0,100060.2,99999.9,100020.2,17.384,1738917.9325
2025-01-16 02:07:00,100020.2,100020.3,99983.2,99983.2,26.432,2643126.886
2025-01-16 02:08:00,99983.2,100020.3,99983.1,100014.2,25.823,2582429.4631
2025-01-16 02:09:00,100014.2,100040.2,99991.6,100040.2,21.291,2129459.7691
2025-01-16 02:10:00,100040.2,100071.2,100012.0,100012.3,13.804,1380884.8281
2025-01-16 02:11:00,100012.3,100012.6,99977.8,99977.8,17.99,1798676.1438
2025-01-16 02:12:00,99977.8,100034.8,99977.8,100034.8,14.405,1440634.2434
2025-01-16 02:13:00,100034.8,100070.0,100027.1,100070.0,27.461,2747226.3243
2025-01-16 02:14:00,100070.0,100071.5,100014.0,100014.0,37.619,3763438.0332
2025-01-16 02:15:00,100014.0,100014.0,99940.0,99940.0,34.792,3477720.4735
2025-01-16 02:16:00,99940.0,99940.0,99882.0,99901.7,17.203,1718548.214
2025-01-16 02:17:00,99901.7,99905.5,99882.1,99882.4,27.963,2793217.7385
2025-01-16 02:18:00,99882.4,99900.0,99850.0,99899.0,23.295,2326826.5912
2025-01-16 02:19:00,99899.0,99899.0,99853.8,99893.7,21.898,2186784.1316
2025-01-16 02:20:00,99893.7,99899.1,99885.5,99897.1,20.26,2023879.8608
2025-01-16 02:21:00,99897.1,99897.2,99881.9,99881.9,29.393,2936176.6607
2025-01-16 02:22:00,99881.9,99881.9,99840.5,99847.9,14.354,1433405.9154
2025-01-16 02:23:00,99847.9,99848.0,99840.1,99848.0,23.495,2345919.2681
2025-01-16 02:24:00,99848.0,99897.2,99847.9,99895.6,18.043,1802228.3688
2025-01-16 02:25:00,99895.6,99895.6,99744.3,99769.5,56.788,5667239.1033
2025-01-16 17:26:00,99480.0,99560.2,99479.9,99559.9,58.894,5862136.7263
2025-01-16 17:27:00,99559.9,99685.9,99559.9,99636.5,117.476,11701181.524
2025-01-16 17:28:00,99636.5,99744.7,99627.5,99692.4,114.876,11453961.6302
2025-01-16 17:29:00,99692.4,99847.6,99687.9,99818.4,373.582,37279128.2376
2025-01-16 17:30:00,99818.4,99907.1,99799.5,99807.5,644.17,64311807.598
2025-01-16 17:31:00,99807.5,99837.6,99765.9,99814.8,420.367,41951651.868
2025-01-16 17:32:00,99814.8,99903.4,99806.0,99874.7,129.569,12940024.786
2025-01-16 17:33:00,99874.7,99962.6,99866.2,99939.0,128.557,12844264.5365
2025-01-16 17:34:00,99939.0,100076.3,99939.0,100060.8,352.157,35226686.1792
2025-01-16 17:35:00,100060.8,100123.0,99984.6,100122.6,615.35,61561881.5111
2025-01-16 17:36:00,100122.6,100311.0,100096.0,100259.1,496.633,49789781.3915
2025-01-16 17:37:00,100259.1,100327.1,100237.3,100280.4,720.128,72218469.2166
2025-01-16 17:38:00,100280.4,100300.0,100236.9,100263.2,585.421,58699385.02
2025-01-16 17:39:00,100263.2,100288.0,100000.0,100004.4,300.34,30074353.4143
2025-01-16 17:40:00,100004.4,100065.9,99870.7,100053.4,329.939,32994065.5639
2025-01-16 17:41:00,100053.4,100100.0,99961.8,100100.0,204.107,20418595.9154
2025-01-16 17:42:00,100100.0,100148.4,99996.6,100039.9,123.969,12403177.5886
2025-01-16 17:43:00,100039.9,100092.5,99971.7,99994.6,138.711,13875505.8869
2025-01-16 17:44:00,99994.6,100006.4,99936.9,99948.3,81.146,8112032.4881
2025-01-16 17:45:00,99948.3,100062.4,99930.0,99937.6,64.224,6421728.2723
2025-01-16 17:46:00,99937.6,99982.6,99883.9,99913.1,119.494,11938227.8376
2025-01-16 17:47:00,99913.1,99945.4,99776.7,99777.0,142.535,14232070.7188
2025-01-16 17:48:00,99777.0,99830.1,99672.2,99737.1,172.473,17201159.0636
2025-01-16 17:49:00,99737.1,99800.2,99724.8,99800.2,162.037,16168877.0797
2025-01-16 17:50:00,99800.2,99875.2,99725.1,99749.5,65.624,6548590.6466
2025-01-16 17:51:00,99749.5,99757.1,99700.0,99730.3,72.72,7251719.7073
2025-01-16 17:52:00,99730.3,99801.3,99701.7,99775.3,55.351,5521563.441
2025-01-16 17:53:00,99775.3,99870.0,99774.4,99869.7,56.112,5602151.739
2025-01-16 17:54:00,99869.7,99880.0,99844.2,99851.7,55.912,5583214.2666
2025-01-16 17:55:00,99851.7,99914.4,99851.4,99886.8,47.105,4705373.0225
2025-01-16 17:56:00,99886.8,100055.5,99880.0,100020.8,53.988,5398434.4405
2025-01-16 17:57:00,100020.8,100020.8,99932.3,99940.2,68.66,6863215.0865
2025-01-16 17:58:00,99940.2,99954.3,99863.1,99863.4,64.815,6474638.1329
2025-01-16 17:59:00,99863.4,99863.4,99769.7,99775.6,44.333,4425334.3822
2025-01-16 18:00:00,99775.6,99834.1,99769.8,99834.1,63.364,6324746.8647
2025-01-16 18:01:00,99834.1,99942.5,99833.8,99878.3,55.633,5557349.6471
2025-01-16 18:02:00,99878.3,99878.6,99818.0,99840.0,57.857,5776647.9631
2025-01-16 18:03:00,99840.0,99950.3,99840.0,99911.8,24.625,2460413.4695
2025-01-16 18:04:00,99911.8,99955.1,99906.5,99945.2,38.51,3847930.0592
2025-01-16 18:05:00,99945.2,100016.3,99909.7,99911.8,57.831,5781603.1631
2025-01-16 18:06:00,99911.8,99916.4,99817.0,99838.9,114.095,11392431.9195
2025-01-16 18:07:00,99838.9,99838.9,99761.7,99770.3,61.533,6141478.2095
2025-01-16 18:08:00,99770.3,99910.3,99770.3,99897.5,47.153,4709399.6133
2025-01-16 18:09:00,99897.5,99935.2,99818.1,99818.1,29.803,2977209.6066
2025-01-16 18:10:00,99818.1,99850.7,99817.8,99820.0,19.692,1965935.18
2025-01-16 18:11:00,99820.0,99820.3,99692.0,99705.1,51.063,5092548.4504
2025-01-16 18:12:00,99705.1,99716.4,99642.8,99646.8,137.821,13735636.8827
2025-01-16 18:13:00,99646.8,99654.6,99609.4,99613.6,107.405,10700751.9416
2025-01-16 18:14:00,99613.6,99626.4,99600.0,99607.5,72.019,7174030.7189
2025-01-16 18:15:00,99607.5,99633.0,99515.2,99527.9,64.652,6438600.8242
2025-01-16 18:16:00,99527.9,99550.0,99469.9,99491.8,115.105,11453409.889
2025-01-16 18:17:00,99491.8,99497.1,99420.5,99420.5,154.123,15325927.5037
2025-01-16 18:18:00,99420.5,99471.2,99420.0,99449.9,140.645,13985791.2804
2025-01-16 18:19:00,99449.9,99451.0,99412.3,99412.3,86.337,8585312.1337
2025-01-16 18:20:00,99412.3,99535.4,99412.3,99509.1,43.527,4331076.5262
2025-01-16 18:21:00,99509.1,99535.5,99500.0,99504.0,71.976,7162966.9042
2025-01-16 18:22:00,99504.0,99570.0,99500.0,99537.5,70.001,6967651.644
2025-01-16 18:23:00,99537.5,99570.0,99525.0,99570.0,58.024,5775528.2668
2025-01-16 18:24:00,99570.0,99570.0,99531.0,99545.9,33.81,3365498.7299
2025-01-16 18:25:00,99545.9,99584.3,99505.3,99574.4,51.841,5160057.1172
2025-01-16 18:26:00,99574.4,99584.1,99530.1,99530.1,112.133,11164784.0348
2025-01-16 18:27:00,99530.1,99530.1,99417.3,99457.9,47.388,4712732.6412
2025-01-16 18:28:00,99457.9,99495.6,99452.7,99482.1,46.551,4630564.8018
2025-01-16 18:29:00,99482.1,99482.1,99411.8,99446.0,20.515,2039634.6102
2025-01-16 18:30:00,99446.0,99468.2,99385.9,99467.7,38.266,3803867.224
2025-01-16 18:31:00,99467.7,99539.8,99450.7,99537.0,61.36,6103976.8881
2025-01-16 18:32:00,99537.0,99542.0,99450.0,99450.0,29.724,2957222.2319
2025-01-16 18:33:00,99450.0,99500.0,99413.5,99500.0,34.639,3445023.222
2025-01-16 18:34:00,99500.0,99524.8,99336.0,99427.7,105.133,10447450.4347
2025-01-16 18:35:00,99427.7,99539.8,99419.6,99508.7,253.296,25203040.1663
2025-01-16 18:36:00,99508.7,99524.3,99332.6,99340.1,66.892,6652141.4516
2025-01-16 18:37:00,99340.1,99347.2,99270.0,99333.0,237.81,23617591.8964
2025-01-16 18:38:00,99333.0,99358.7,99251.0,99251.1,520.129,51645047.7636
2025-01-16 18:39:00,99251.1,99339.5,99238.0,99339.5,127.493,12657045.0863
2025-01-16 18:40:00,99339.5,99420.0,99328.8,99360.8,136.352,13550342.4809
2025-01-16 18:41:00,99360.8,99448.2,99360.8,99395.4,59.976,5962535.9416
2025-01-16 18:42:00,99395.4,99450.0,99365.0,99443.9,191.198,19003893.0355
2025-01-16 18:43:00,99443.9,99443.9,99358.2,99358.8,307.913,30601806.4196
2025-01-16 18:44:00,99358.8,99368.6,99298.5,99345.3,37.524,3727598.8852
2025-01-16 18:45:00,99345.3,99373.6,99264.1,99268.7,22.391,2223390.0259
2025-01-16 18:46:00,99268.7,99372.2,99259.5,99372.2,16.745,1663111.0058
2025-01-16 18:47:00,99372.2,99400.0,99260.3,99267.8,30.718,3050614.5366
2025-01-16 18:48:00,99267.8,99272.3,99202.2,99208.7,42.628,4229893.7505
2025-01-16 18:49:00,99208.7,99362.8,99208.7,99362.5,44.894,4458274.4217
2025-01-16 18:50:00,99362.5,99430.1,99360.7,99384.1,89.932,8939010.785
2025-01-16 18:51:00,99384.1,99421.7,99337.2,99337.5,190.27,18908455.9684
2025-01-16 18:52:00,99337.5,99423.7,99333.9,99403.8,24.94,2478899.957
2025-01-16 18:53:00,99403.8,99533.0,99403.8,99500.8,43.105,4287531.9005
2025-01-16 18:54:00,99500.8,99599.2,99500.8,99554.1,102.892,10244381.9227
2025-01-16 18:55:00,99554.1,99592.0,99520.0,99525.8,123.278,12273113.233
2025-01-16 18:56:00,99525.8,99534.3,99456.0,99496.1,77.123,7673485.524
2025-01-16 18:57:00,99496.1,99514.3,99478.3,99509.9,148.664,14791925.7571
2025-01-16 18:58:00,99509.9,99512.8,99476.9,99500.0,11.508,1144952.8651
2025-01-16 18:59:00,99500.0,99573.5,99499.9,99524.5,46.379,4616454.1823
2025-01-16 19:00:00,99524.5,99524.8,99400.0,99400.0,110.564,10997429.8427
2025-01-16 19:01:00,99400.0,99438.2,99353.2,99383.2,41.185,4093153.8269
2025-01-16 19:02:00,99383.2,99435.1,99354.0,99374.5,23.058,2291684.7286
2025-01-16 19:03:00,99374.5,99440.4,99372.4,99431.2,29.417,2924276.0079
2025-01-16 19:04:00,99431.2,99529.6,99410.3,99526.3,19.13,1902991.7778
2025-01-16 19:05:00,99526.3,99561.3,99511.4,99516.4,19.154,1906304.2876
2025-01-17 10:06:00,101867.0,101867.0,101842.3,101848.0,21.19,2158324.9089
2025-01-17 10:07:00,101848.0,101897.5,101840.0,101889.0,19.541,1990775.5597
2025-01-17 10:08:00,101889.0,101923.2,101888.0,101923.2,31.044,3163483.2264
2025-01-17 10:09:00,101923.2,101926.5,101916.2,101926.5,39.558,4031824.6158
2025-01-17 10:10:00,101926.5,101990.0,101925.2,101951.7,50.834,5182867.8763
2025-01-17 10:11:00,101951.7,101963.6,101870.0,101957.4,115.288,11750395.9499
2025-01-17 10:12:00,101957.4,102000.2,101887.4,101983.4,134.388,13700284.3746
2025-01-17 10:13:00,101983.4,102093.0,101983.4,102082.5,275.628,28131670.3641
2025-01-17 10:14:00,102082.5,102082.5,101994.0,101994.0,169.967,17344825.2471
2025-01-17 10:15:00,101994.0,102015.6,101968.5,101977.0,69.507,7088286.6258
2025-01-17 10:16:00,101977.0,102015.0,101963.3,102010.3,80.69,8229879.2941
2025-01-17 10:17:00,102010.3,102075.9,102006.0,102070.0,71.042,7250255.5635
2025-01-17 10:18:00,102070.0,102071.7,101974.6,101977.8,78.925,8051169.6265
2025-01-17 10:19:00,101977.8,102039.0,101950.1,102029.4,158.026,16117480.5114
2025-01-17 10:20:00,102029.4,102136.2,102029.1,102104.9,375.872,38383146.3783
2025-01-17 10:21:00,102104.9,102105.0,102010.7,102040.3,77.518,7909841.0823
2025-01-17 10:22:00,102040.3,102076.0,102000.0,102070.0,52.547,5361840.0315
2025-01-17 10:23:00,102070.0,102100.4,102000.0,102042.8,56.528,5768773.7232
2025-01-17 10:24:00,102042.8,102130.0,102025.2,102110.2,72.576,7409882.4279
2025-01-17 10:25:00,102110.2,102211.7,102109.9,102199.9,102.857,10509145.387
2025-01-17 10:26:00,102199.9,102200.4,102172.7,102200.1,136.261,13925151.2684
2025-01-17 10:27:00,102200.1,102200.3,102159.4,102159.7,76.063,7772468.1608
2025-01-17 10:28:00,102159.7,102199.1,102159.4,102190.4,59.43,6072380.5913
2025-01-17 10:29:00,102190.4,102200.2,102188.0,102190.1,67.637,6912057.4082
2025-01-17 10:30:00,102190.1,102200.3,102133.0,102136.0,44.97,4594938.3154
2025-01-17 10:31:00,102136.0,102204.1,102136.0,102204.0,68.944,7044402.9238
2025-01-17 10:32:00,102204.0,102225.5,102166.9,102213.8,82.22,8403490.207
2025-01-17 10:33:00,102213.8,102334.0,102213.7,102322.6,196.71,20120596.5172
2025-01-17 10:34:00,102322.6,102345.8,102293.5,102344.9,419.105,42889568.9346
2025-01-17 10:35:00,102344.9,102346.2,102313.7,102325.2,177.406,18153718.1142
2025-01-17 10:36:00,102325.2,102346.3,102325.2,102330.0,156.621,16028265.5484
2025-01-17 10:37:00,102330.0,102418.6,102329.0,102418.0,132.921,13609971.242
2025-01-17 10:38:00,102418.0,102483.2,102395.8,102400.0,281.524,28834477.8738
2025-01-17 10:39:00,102400.0,102479.3,102397.5,102460.2,244.931,25092061.0869
2025-01-17 10:40:00,102460.2,102554.6,102445.5,102445.5,227.186,23287692.4105
2025-01-17 10:41:00,102445.5,102549.9,102440.4,102487.9,502.494,51512592.1697
2025-01-17 10:42:00,102487.9,102487.9,102375.0,102419.8,219.038,22432005.1084
2025-01-17 10:43:00,102419.8,102420.1,102319.3,102345.6,168.437,17241445.3632
2025-01-17 10:44:00,102345.6,102355.2,102322.3,102336.2,137.66,14086299.7656
2025-01-17 10:45:00,102336.2,102346.5,102223.0,102245.6,102.142,10446783.6145
2025-01-17 10:46:00,102245.6,102285.6,102236.0,102270.0,172.135,17604261.6838
2025-01-17 10:47:00,102270.0,102280.2,102247.6,102268.6,88.263,9026990.2224
2025-01-17 10:48:00,102268.6,102349.3,102268.6,102349.0,40.037,4096418.7214
2025-01-17 10:49:00,102349.0,102387.3,102349.0,102369.8,72.134,7384412.9843
2025-01-17 10:50:00,102369.8,102369.8,102301.0,102339.9,107.784,11030068.3969
2025-01-17 10:51:00,102339.9,102339.9,102272.5,102286.8,78.429,8022597.7652
2025-01-17 10:52:00,102286.8,102291.9,102268.6,102287.2,64.326,6579304.0431
2025-01-17 10:53:00,102287.2,102294.1,102287.2,102291.8,43.81,4481358.6013
2025-01-17 10:54:00,102291.8,102292.1,102271.9,102272.2,22.444,2295590.7122
2025-01-17 10:55:00,102272.2,102276.1,102216.2,102229.0,40.71,4161910.5717
2025-01-17 10:56:00,102229.0,102282.7,102229.0,102255.8,68.245,6978575.0571
2025-01-17 10:57:00,102255.8,102276.5,102241.8,102242.1,46.113,4715577.9221
2025-01-17 10:58:00,102242.1,102267.5,102229.0,102266.2,34.106,3487016.569
2025-01-17 10:59:00,102266.2,102274.7,102265.9,102274.6,40.087,4099876.6614
2025-01-17 11:00:00,102274.6,102290.9,102220.9,102229.1,19.541,1998055.8974
2025-01-17 11:01:00,102229.1,102230.3,102177.0,102183.5,65.522,6695697.1979
2025-01-17 11:02:00,102183.5,102197.4,102108.6,102173.8,141.945,14499617.0612
2025-01-17 11:03:00,102173.8,102174.1,102144.0,102144.1,150.04,15326589.1383
2025-01-17 11:04:00,102144.1,102152.1,102118.4,102118.7,35.235,3598838.1892
2025-01-17 11:05:00,102118.7,102131.3,102103.9,102124.7,26.558,2712092.4327
2025-01-17 11:06:00,102124.7,102161.9,102100.0,102110.2,57.323,5854885.7597
2025-01-17 11:07:00,102110.2,102110.9,102047.3,102054.0,77.585,7918968.6971
2025-01-17 11:08:00,102054.0,102111.5,102053.7,102111.2,64.693,6604163.7398
2025-01-17 11:09:00,102111.2,102171.5,102111.2,102165.2,49.417,5048052.4464
2025-01-17 11:10:00,102165.2,102172.0,102126.6,102145.2,31.854,3253834.7748
2025-01-17 11:11:00,102145.2,102155.9,102127.9,102128.0,24.371,2489450.5285
2025-01-17 11:12:00,102128.0,102172.3,102120.7,102163.0,31.374,3204982.7247
2025-01-17 11:13:00,102163.0,102174.1,102139.2,102164.1,42.767,4369099.384
2025-01-17 11:14:00,102164.1,102184.1,102163.8,102184.1,41.57,4247118.242
2025-01-17 11:15:00,102184.1,102212.6,102154.2,102209.4,47.734,4878083.9538
2025-01-17 11:16:00,102209.4,102230.2,102189.5,102229.9,99.233,10143315.716
2025-01-17 11:17:00,102229.9,102350.2,102229.9,102349.7,94.985,9715981.3803
2025-01-17 11:18:00,102349.7,102349.7,102307.5,102310.2,135.914,13906547.618
2025-01-17 11:19:00,102310.2,102334.0,102297.9,102327.2,68.837,7043547.3176
2025-01-17 11:20:00,102327.2,102328.9,102304.0,102304.3,57.977,5931961.5367
2025-01-17 11:21:00,102304.3,102365.2,102300.0,102358.4,62.258,6371980.3546
2025-01-17 11:22:00,102358.4,102368.2,102342.4,102363.3,79.624,8150449.8026
2025-01-17 11:23:00,102363.3,102367.3,102346.1,102353.3,103.389,10582137.5614
2025-01-17 11:24:00,102353.3,102400.0,102353.3,102379.0,34.971,3579985.2133
2025-01-17 11:25:00,102379.0,102413.0,102349.1,102390.2,62.132,6361734.5816
2025-01-17 11:26:00,102390.2,102409.1,102376.2,102402.4,81.72,8367797.8421
2025-01-17 11:27:00,102402.4,102402.7,102375.3,102375.3,30.353,3108085.9179
2025-01-17 11:28:00,102375.3,102375.3,102320.9,102327.4,68.006,6959326.4061
2025-01-17 11:29:00,102327.4,102327.5,102300.0,102300.0,108.026,11051632.0954
2025-01-17 11:30:00,102300.0,102350.3,102300.0,102318.9,45.121,4617457.8131
2025-01-17 11:31:00,102318.9,102343.6,102270.3,102270.3,29.838,3052519.8382
2025-01-17 11:32:00,102270.3,102283.2,102233.5,102256.9,91.586,9365313.1324
2025-01-17 11:33:00,102256.9,102280.8,102226.5,102280.6,130.867,13379616.9105
2025-01-17 11:34:00,102280.6,102280.8,102210.6,102210.6,30.002,3067193.5045
2025-01-17 11:35:00,102210.6,102210.8,102172.1,102186.5,43.694,4465589.5457
2025-01-17 11:36:00,102186.5,102247.0,102174.4,102244.6,55.967,5720944.4566
2025-01-17 11:37:00,102244.6,102275.4,102244.6,102275.1,44.354,4535772.4183
2025-01-17 11:38:00,102275.1,102275.4,102272.7,102272.9,53.644,5486329.9926
2025-01-17 11:39:00,102272.9,102281.7,102250.5,102281.7,40.572,4148857.7094
2025-01-17 11:40:00,102281.7,102281.7,102262.3,102269.2,32.378,3311351.514
2025-01-17 11:41:00,102269.2,102299.4,102269.0,102285.5,11.771,1204002.1721
2025-01-17 11:42:00,102285.5,102297.0,102285.5,102296.3,20.912,2139176.1618
2025-01-17 11:43:00,102296.3,102296.4,102288.0,102290.1,37.362,3821722.2427
2025-01-17 11:44:00,102290.1,102290.1,102268.9,102268.9,14.743,1507879.3428
2025-01-17 11:45:00,102268.9,102269.0,102230.3,102230.4,20.952,2142555.5929
2025-01-18 02:46:00,104409.9,104410.1,104384.7,104394.7,32.611,3404403.3571
2025-01-18 02:47:00,104394.7,104400.0,104385.3,104393.0,19.129,1996966.0149
2025-01-18 02:48:00,104393.0,104396.3,104340.3,104344.9,6.039,630192.2139
2025-01-18 02:49:00,104344.9,104358.0,104344.9,104357.9,8.474,884307.3037
2025-01-18 02:50:00,104357.9,104386.1,104357.6,104377.9,4.84,505160.6921
2025-01-18 02:51:00,104377.9,104461.7,104357.9,104456.4,11.043,1153328.2074
2025-01-18 02:52:00,104456.4,104456.4,104444.7,104445.0,20.515,2142818.7684
2025-01-18 02:53:00,104445.0,104445.0,104357.8,104357.8,14.085,1470609.2573
2025-01-18 02:54:00,104357.8,104358.1,104301.8,104301.8,8.322,868245.755
2025-01-18 02:55:00,104301.8,104301.8,104250.0,104250.0,19.433,2026345.656
2025-01-18 02:56:00,104250.0,104250.1,104205.7,104218.9,34.363,3581395.7686
2025-01-18 02:57:00,104218.9,104240.3,104214.9,104240.3,29.093,3032251.408
2025-01-18 02:58:00,104240.3,104246.4,104240.0,104246.1,33.45,3486947.8611
2025-01-18 02:59:00,104246.1,104290.0,104231.6,104289.7,12.888,1343550.4311
2025-01-18 03:00:00,104289.7,104310.2,104265.9,104310.2,18.427,1921722.2832
2025-01-18 03:01:00,104310.2,104336.1,104302.4,104317.4,28.664,2990198.9821
2025-01-18 03:02:00,104317.4,104364.6,104317.4,104340.8,25.146,2624013.5502
2025-01-18 03:03:00,104340.8,104345.6,104304.5,104304.5,24.525,2558507.2381
2025-01-18 03:04:00,104304.5,104338.3,104281.5,104338.3,17.172,1791387.0493
2025-01-18 03:05:00,104338.3,104340.5,104276.5,104283.6,10.577,1103155.1206
2025-01-18 03:06:00,104283.6,104283.6,104255.5,104258.3,13.118,1367702.8845
2025-01-18 03:07:00,104258.3,104384.8,104258.3,104384.8,6.769,706149.6988
2025-01-18 03:08:00,104384.8,104411.3,104346.7,104360.2,8.078,843153.8347
2025-01-18 03:09:00,104360.2,104419.8,104344.1,104419.8,17.57,1834095.992
2025-01-18 03:10:00,104419.8,104421.0,104387.9,104400.0,19.624,2048847.0661
2025-01-18 03:11:00,104400.0,104409.5,104387.9,104400.2,14.694,1533966.8028
2025-01-18 03:12:00,104400.2,104420.5,104399.9,104420.4,7.871,821835.9407
2025-01-18 03:13:00,104420.4,104420.4,104357.9,104371.5,8.464,883536.2442
2025-01-18 03:14:00,104371.5,104375.7,104358.1,104364.7,8.383,874906.3132
2025-01-18 03:15:00,104364.7,104373.8,104356.3,104373.8,7.641,797483.0358
2025-01-18 03:16:00,104373.8,104373.8,104330.0,104348.2,19.062,1988998.3962
2025-01-18 03:17:00,104348.2,104350.0,104330.0,104340.1,20.385,2126964.7138
2025-01-18 03:18:00,104340.1,104347.0,104300.0,104300.1,7.102,740963.3541
2025-01-18 03:19:00,104300.1,104300.1,104220.0,104220.0,16.918,1763500.1585
2025-01-18 03:20:00,104220.0,104223.1,104193.5,104193.5,30.113,3137959.4231
2025-01-18 03:21:00,104193.5,104193.5,104111.1,104125.1,35.357,3681836.5848
2025-01-18 03:22:00,104125.1,104215.0,104105.3,104146.3,82.86,8629768.6654
2025-01-18 03:23:00,104146.3,104175.6,104117.6,104175.6,114.468,11921207.749
2025-01-18 03:24:00,104175.6,104191.7,104159.1,104184.0,47.874,4987400.3387
2025-01-18 03:25:00,104184.0,104185.2,104159.1,104171.3,24.415,2543468.5603
2025-01-18 03:26:00,104171.3,104193.8,104100.0,104100.0,38.935,4054706.9793
2025-01-18 03:27:00,104100.0,104100.1,104029.8,104071.5,50.135,5216704.5707
2025-01-18 03:28:00,104071.5,104153.3,104071.4,104138.2,108.749,11323118.4282
2025-01-18 03:29:00,104138.2,104171.8,104138.2,104151.5,38.736,4034373.2175
2025-01-18 03:30:00,104151.5,104151.5,104130.2,104150.1,13.613,1417704.3445
2025-01-18 03:31:00,104150.1,104150.2,104119.1,104135.9,15.774,1642666.1383
2025-01-18 03:32:00,104135.9,104150.1,104117.9,104150.1,28.77,2995791.5155
2025-01-18 03:33:00,104150.1,104185.4,104150.0,104182.7,41.766,4350880.0588
2025-01-18 03:34:00,104182.7,104195.4,104152.3,104175.7,46.356,4828954.4115
2025-01-18 03:35:00,104175.7,104175.7,104109.5,104109.6,19.21,2000350.6387
2025-01-18 03:36:00,104109.6,104109.6,104000.7,104024.5,55.236,5746434.0536
2025-01-18 03:37:00,104024.5,104024.8,103683.2,103685.1,408.259,42392482.922
2025-01-18 03:38:00,103685.1,103743.3,103676.2,103676.2,542.589,56273814.1785
2025-01-18 03:39:00,103676.2,103801.3,103665.9,103764.3,221.69,23005409.415
2025-01-18 03:40:00,103764.3,103764.3,103570.2,103579.1,272.777,28268732.1773
2025-01-18 03:41:00,103579.1,103602.6,103300.0,103300.0,580.779,60081947.9575
2025-01-18 03:42:00,103300.0,103363.6,103234.6,103340.0,589.972,60964194.7749
2025-01-18 03:43:00,103340.0,103340.1,103050.0,103053.3,465.122,47998323.1568
2025-01-18 03:44:00,103053.3,103262.4,103030.6,103262.4,574.335,59230248.6361
2025-01-18 03:45:00,103262.4,103491.4,103178.4,103455.3,482.437,49848800.7621
2025-01-18 03:46:00,103455.3,103546.9,103426.2,103526.9,357.877,37039903.3388
2025-01-18 03:47:00,103526.9,103624.8,103497.2,103588.0,230.575,23880650.4267
2025-01-18 03:48:00,103588.0,103638.2,103507.5,103514.0,272.143,28189497.6105
2025-01-18 03:49:00,103514.0,103543.7,103514.0,103540.5,144.59,14970183.77
2025-01-18 03:50:00,103540.5,103540.7,103450.0,103488.9,65.08,6734976.8945
2025-01-18 03:51:00,103488.9,103489.4,103433.6,103489.4,75.741,7836689.3104
2025-01-18 03:52:00,103489.4,103499.4,103353.4,103365.2,102.258,10573680.9594
2025-01-18 03:53:00,103365.2,103469.9,103360.0,103433.4,128.061,13244112.5725
2025-01-18 03:54:00,103433.4,103621.9,103422.9,103600.1,441.214,45681109.2489
2025-01-18 03:55:00,103600.1,103621.9,103556.2,103600.1,523.995,54287871.885
2025-01-18 03:56:00,103600.1,103600.2,103522.6,103540.5,122.026,12637714.5528
2025-01-18 03:57:00,103540.5,103565.4,103540.2,103558.8,78.131,8090819.752
2025-01-18 03:58:00,103558.8,103568.5,103534.0,103563.1,85.935,8899074.5661
2025-01-18 03:59:00,103563.1,103586.3,103531.1,103531.3,62.318,6453773.8808
2025-01-18 04:00:00,103531.3,103531.4,103421.2,103479.1,104.071,10768995.1913
2025-01-18 04:01:00,103479.1,103575.8,103467.8,103575.6,190.8,19756286.3482
2025-01-18 04:02:00,103575.6,103605.7,103562.0,103573.9,51.169,5300270.5665
2025-01-18 04:03:00,103573.9,103577.0,103550.0,103550.1,74.946,7761537.5317
2025-01-18 04:04:00,103550.1,103621.5,103522.3,103619.8,117.548,12175079.1574
2025-01-18 04:05:00,103619.8,103637.2,103595.9,103629.2,76.992,7978001.6107
2025-01-18 04:06:00,103629.2,103635.3,103603.2,103635.2,56.696,5874747.5787
2025-01-18 04:07:00,103635.2,103636.2,103600.2,103605.2,56.159,5818882.7716
2025-01-18 04:08:00,103605.2,103662.3,103605.2,103654.5,67.86,7033310.1161
2025-01-18 04:09:00,103654.5,103654.5,103583.5,103627.9,99.86,10347041.9441
2025-01-18 04:10:00,103627.9,103629.7,103596.3,103618.1,34.33,3557266.2568
2025-01-18 04:11:00,103618.1,103631.2,103563.9,103564.3,23.771,2462319.6404
2025-01-18 04:12:00,103564.3,103594.2,103555.0,103594.2,39.049,4044569.7444
2025-01-18 04:13:00,103594.2,103594.2,103522.3,103581.4,24.999,2588889.2522
2025-01-18 04:14:00,103581.4,103592.8,103448.9,103462.2,33.414,3459264.0796
2025-01-18 04:15:00,103462.2,103462.2,103318.1,103339.3,64.956,6713571.5396
2025-01-18 04:16:00,103339.3,103400.3,103237.8,103237.8,340.261,35167159.844
2025-01-18 04:17:00,103237.8,103247.4,103200.0,103200.0,511.363,52780080.1192
2025-01-18 04:18:00,103200.0,103200.1,103134.3,103143.7,158.299,16330082.1758
2025-01-18 04:19:00,103143.7,103143.8,102900.0,103008.1,450.596,46402737.5764
2025-01-18 04:20:00,103008.1,103029.9,102904.9,103029.9,529.078,54489316.7488
2025-01-18 04:21:00,103029.9,103178.6,103028.0,103178.4,224.143,23116807.6674
2025-01-18 04:22:00,103178.4,103225.2,102956.5,102956.6,463.832,47813547.019
2025-01-18 04:23:00,102956.6,102956.6,102890.0,102891.7,626.23,64444354.5568
2025-01-18 04:24:00,102891.7,102897.4,102731.0,102792.9,542.075,55728842.5811
2025-01-18 04:25:00,102792.9,102799.1,102633.6,102651.4,518.28,53229268.1562
2025-01-18 19:26:00,104067.4,104067.4,104049.9,104050.1,36.6,3808523.3122
2025-01-18 19:27:00,104050.1,104100.2,104050.1,104079.5,18.271,1901569.8574
2025-01-18 19:28:00,104079.5,104087.2,104069.1,104074.1,16.194,1685394.1988
2025-01-18 19:29:00,104074.1,104170.2,104074.1,104108.4,5.321,554130.1487
2025-01-18 19:30:00,104108.4,104176.2,104108.4,104160.0,13.122,1366578.1505
2025-01-18 19:31:00,104160.0,104188.6,104124.6,104124.9,4.982,518890.9759
2025-01-18 19:32:00,104124.9,104190.7,104124.6,104190.7,3.866,402701.7358
2025-01-18 19:33:00,104190.7,104200.0,104137.5,104137.8,7.163,746173.3779
2025-01-18 19:34:00,104137.8,104184.7,104137.5,104147.9,8.523,887903.2631
2025-01-18 19:35:00,104147.9,104168.8,104071.0,104071.0,7.482,779220.8784
2025-01-18 19:36:00,104071.0,104188.6,104071.0,104188.5,15.521,1616672.5733
2025-01-18 19:37:00,104188.5,104200.0,104157.0,104185.2,6.71,699099.8369
2025-01-18 19:38:00,104185.2,104220.2,104185.2,104215.9,11.509,1199402.0775
2025-01-18 19:39:00,104215.9,104228.2,104187.0,104228.2,7.416,772744.8786
2025-01-18 19:40:00,104228.2,104277.4,104217.1,104262.6,12.417,1294409.635
2025-01-18 19:41:00,104262.6,104300.2,104249.1,104261.2,15.904,1658461.5508
2025-01-18 19:42:00,104261.2,104295.0,104261.2,104281.5,19.523,2035960.3678
2025-01-18 19:43:00,104281.5,104421.9,104281.2,104387.4,36.763,3837526.2695
2025-01-18 19:44:00,104387.4,104420.2,104359.6,104400.0,93.227,9731410.2155
2025-01-18 19:45:00,104400.0,104412.4,104353.9,104354.1,29.367,3065686.9386
2025-01-18 19:46:00,104354.1,104433.1,104353.8,104425.1,38.094,3977709.3064
2025-01-18 19:47:00,104425.1,104433.0,104371.3,104371.3,23.519,2455587.2895
2025-01-18 19:48:00,104371.3,104397.6,104367.8,104397.2,40.072,4182600.5532
2025-01-18 19:49:00,104397.2,104444.8,104397.2,104420.1,27.941,2918036.9076
2025-01-18 19:50:00,104420.1,104421.6,104381.9,104414.3,15.378,1605322.1463
2025-01-18 19:51:00,104414.3,104444.0,104405.0,104443.9,21.51,2246325.9338
2025-01-18 19:52:00,104443.9,104450.0,104439.4,104442.9,32.378,3381825.2937
2025-01-18 19:53:00,104442.9,104442.9,104429.1,104439.8,34.511,3604209.5583
2025-01-18 19:54:00,104439.8,104439.8,104429.7,104439.7,18.865,1970232.5332
2025-01-18 19:55:00,104439.7,104450.0,104356.1,104356.4,30.623,3197439.6298
2025-01-18 19:56:00,104356.4,104392.2,104317.7,104317.7,35.29,3682840.8749
2025-01-18 19:57:00,104317.7,104337.2,104300.0,104320.4,64.157,6692328.6141
2025-01-18 19:58:00,104320.4,104362.8,104320.1,104354.0,19.67,2052462.2072
2025-01-18 19:59:00,104354.0,104354.1,104322.4,104353.8,7.399,772009.223
2025-01-18 20:00:00,104353.8,104421.2,104353.8,104397.0,10.608,1107503.5475
2025-01-18 20:01:00,104397.0,104415.0,104383.2,104403.0,22.847,2385232.2638
2025-01-18 20:02:00,104403.0,104403.0,104347.4,104355.9,19.006,1983400.3738
2025-01-18 20:03:00,104355.9,104368.8,104337.2,104357.1,11.332,1182552.4647
2025-01-18 20:04:00,104357.1,104393.8,104357.1,104380.2,1.884,196656.353
2025-01-18 20:05:00,104380.2,104400.2,104378.0,104378.3,4.453,464844.6263
2025-01-18 20:06:00,104378.3,104394.8,104356.8,104377.4,9.811,1024056.4042
2025-01-18 20:07:00,104377.4,104399.6,104368.5,104399.6,10.113,1055684.8046
2025-01-18 20:08:00,104399.6,104450.0,104399.5,104450.0,5.907,616814.7919
2025-01-18 20:09:00,104450.0,104450.0,104420.0,104438.1,10.216,1066919.6393
2025-01-18 20:10:00,104438.1,104450.0,104430.4,104450.0,26.629,2781398.1869
2025-01-18 20:11:00,104450.0,104450.6,104435.4,104450.6,51.161,5343772.7221
2025-01-18 20:12:00,104450.6,104464.3,104369.7,104370.7,31.37,3274664.3814
2025-01-18 20:13:00,104370.7,104387.7,104355.2,104355.2,47.484,4956057.569
2025-01-18 20:14:00,104355.2,104355.5,104302.0,104355.5,28.831,3007990.2687
2025-01-18 20:15:00,104355.5,104355.5,104216.7,104216.7,56.425,5884178.5904
2025-01-18 20:16:00,104216.7,104232.8,104204.9,104209.6,61.443,6403618.6772
2025-01-18 20:17:00,104209.6,104209.6,104148.0,104186.3,48.125,5013653.3848
2025-01-18 20:18:00,104186.3,104201.9,104117.6,104159.3,35.913,3740936.7443
2025-01-18 20:19:00,104159.3,104190.2,104139.8,104181.9,19.379,2018639.0061
2025-01-18 20:20:00,104181.9,104187.2,104161.6,104174.1,35.036,3650197.6498
2025-01-18 20:21:00,104174.1,104174.1,104088.6,104112.1,43.46,4524599.2148
2025-01-18 20:22:00,104112.1,104169.5,104111.8,104153.4,34.582,3601476.5569
2025-01-18 20:23:00,104153.4,104200.0,104129.7,104199.9,7.63,794762.0475
2025-01-18 20:24:00,104199.9,104200.0,104142.9,104182.3,3.922,408570.2462
2025-01-18 20:25:00,104182.3,104189.9,103899.9,103923.3,397.116,41310303.5582
2025-01-18 20:26:00,103923.3,103942.7,103792.2,103813.1,544.395,56553662.2507
2025-01-18 20:27:00,103813.1,103825.4,103780.1,103794.4,238.354,24739536.5524
2025-01-18 20:28:00,103794.4,103880.7,103777.0,103872.3,96.842,10054689.4549
2025-01-18 20:29:00,103872.3,103935.0,103862.3,103890.1,91.809,9539233.8916
2025-01-18 20:30:00,103890.1,103976.6,103886.9,103909.9,85.827,8921471.1407
2025-01-18 20:31:00,103909.9,103995.8,103909.7,103968.3,90.44,9403122.8668
2025-01-18 20:32:00,103968.3,103994.6,103968.0,103994.6,20.983,2181789.4627
2025-01-18 20:33:00,103994.6,104025.0,103994.6,104013.5,15.837,1647275.0529
2025-01-18 20:34:00,104013.5,104013.8,103972.2,104003.9,30.05,3124855.2868
2025-01-18 20:35:00,104003.9,104034.5,103982.0,104034.5,16.279,1693178.953
2025-01-18 20:36:00,104034.5,104038.2,104004.0,104004.0,15.638,1626602.151
2025-01-18 20:37:00,104004.0,104004.0,103900.0,103900.0,23.423,2433867.4013
2025-01-18 20:38:00,103900.0,103989.1,103900.0,103971.9,55.202,5738219.5559
2025-01-18 20:39:00,103971.9,104018.7,103966.7,104018.4,87.351,9083906.8589
2025-01-18 20:40:00,104018.4,104018.7,103975.7,103975.9,3.551,369275.161
2025-01-18 20:41:00,103975.9,103985.8,103938.8,103974.5,29.737,3091485.4904
2025-01-18 20:42:00,103974.5,104065.2,103974.4,104064.9,84.195,8757165.95
2025-01-18 20:43:00,104064.9,104064.9,103953.9,103965.2,62.026,6450837.3365
2025-01-18 20:44:00,103965.2,103965.2,103911.2,103939.9,151.489,15743815.8363
2025-01-18 20:45:00,103939.9,103957.7,103911.1,103943.9,8.827,917473.82
2025-01-18 20:46:00,103943.9,103944.2,103799.8,103811.0,23.491,2439000.0565
2025-01-18 20:47:00,103811.0,103811.2,103757.8,103757.8,66.542,6906190.5092
2025-01-18 20:48:00,103757.8,103804.1,103757.8,103763.6,51.059,5299236.3272
2025-01-18 20:49:00,103763.6,103854.6,103750.0,103845.0,56.971,5913450.6927
2025-01-18 20:50:00,103845.0,103931.2,103845.0,103900.3,43.169,4485585.8221
2025-01-18 20:51:00,103900.3,103980.5,103900.0,103955.8,27.073,2814045.691
2025-01-18 20:52:00,103955.8,103995.8,103900.0,103900.0,34.788,3616141.3786
2025-01-18 20:53:00,103900.0,103900.3,103878.4,103880.0,20.753,2155997.6702
2025-01-18 20:54:00,103880.0,103880.0,103815.0,103831.1,12.638,1312275.2863
2025-01-18 20:55:00,103831.1,103960.9,103831.1,103915.0,21.146,2197631.5699
2025-01-18 20:56:00,103915.0,103915.0,103865.6,103914.8,36.645,3806925.893
2025-01-18 20:57:00,103914.8,103977.3,103914.8,103977.3,12.485,1297778.7841
2025-01-18 20:58:00,103977.3,104009.2,103964.0,104004.8,12.969,1348609.6765
2025-01-18 20:59:00,104004.8,104007.6,103995.5,103999.9,26.745,2781495.1117
2025-01-18 21:00:00,103999.9,104116.2,103999.9,104108.6,57.486,5982811.548
2025-01-18 21:01:00,104108.6,104108.6,104008.1,104008.1,79.102,8229757.7616
2025-01-18 21:02:00,104008.1,104044.2,103969.2,104040.0,13.957,1451599.2349
2025-01-18 21:03:00,104040.0,104053.4,103975.5,103991.7,9.671,1005736.5448
2025-01-18 21:04:00,103991.7,104089.5,103991.7,104082.5,11.658,1212885.1956
2025-01-18 21:05:00,104082.5,104150.2,104060.3,104137.2,12.793,1332046.3941
2025-01-19 12:06:00,104844.5,104871.5,104790.7,104800.0,209.423,21954726.2128
2025-01-19 12:07:00,104800.0,104870.0,104786.3,104844.0,286.847,30076992.5293
2025-01-19 12:08:00,104844.0,104844.0,104621.3,104642.2,173.393,18153707.4097
2025-01-19 12:09:00,104642.2,104788.3,104591.8,104775.0,192.556,20161037.6818
2025-01-19 12:10:00,104775.0,104775.0,104660.3,104670.1,49.235,5155427.9037
2025-01-19 12:11:00,104670.1,104670.1,104535.5,104535.9,43.471,4545631.458
2025-01-19 12:12:00,104535.9,104674.3,104510.1,104674.3,88.346,9241549.0832
2025-01-19 12:13:00,104674.3,104762.1,104671.7,104762.1,79.734,8348905.018
2025-01-19 12:14:00,104762.1,104816.7,104741.3,104769.7,105.584,11062841.2082
2025-01-19 12:15:00,104769.7,104796.1,104696.3,104722.8,53.825,5637996.8032
2025-01-19 12:16:00,104722.8,104737.7,104391.3,104420.2,415.49,43436134.1305
2025-01-19 12:17:00,104420.2,104544.6,104404.3,104544.4,498.54,52087766.3404
2025-01-19 12:18:00,104544.4,104544.4,104414.1,104466.5,98.113,10249249.069
2025-01-19 12:19:00,104466.5,104466.5,104405.7,104449.9,75.365,7869696.6302
2025-01-19 12:20:00,104449.9,104476.2,104405.5,104476.2,57.444,5998501.7396
2025-01-19 12:21:00,104476.2,104517.9,104449.5,104492.7,102.353,10694237.576
2025-01-19 12:22:00,104492.7,104572.2,104492.7,104524.0,424.173,44341243.1699
2025-01-19 12:23:00,104524.0,104531.1,104414.7,104420.2,498.948,52121162.1605
2025-01-19 12:24:00,104420.2,104541.9,104410.7,104517.9,35.582,3717672.5766
2025-01-19 12:25:00,104517.9,104562.0,104493.7,104528.9,58.86,6152068.5547
2025-01-19 12:26:00,104528.9,104638.9,104528.9,104591.9,147.243,15400694.3634
2025-01-19 12:27:00,104591.9,104596.4,104550.0,104550.1,84.219,8806642.6891
2025-01-19 12:28:00,104550.1,104562.5,104416.5,104432.6,467.421,48841776.7431
2025-01-19 12:29:00,104432.6,104452.4,104417.4,104431.2,470.532,49139703.3526
2025-01-19 12:30:00,104431.2,104454.8,104332.8,104333.3,46.596,4864199.7096
2025-01-19 12:31:00,104333.3,104444.2,104321.0,104444.2,108.181,11292239.8497
2025-01-19 12:32:00,104444.2,104525.9,104442.5,104481.5,81.761,8543446.8187
2025-01-19 12:33:00,104481.5,104544.5,104481.5,104540.1,21.568,2254457.3932
2025-01-19 12:34:00,104540.1,104600.0,104532.1,104600.0,19.386,2027321.9674
2025-01-19 12:35:00,104600.0,104714.4,104599.9,104709.7,53.314,5579951.7248
2025-01-19 12:36:00,104709.7,104755.4,104688.3,104744.6,96.413,10096394.3025
2025-01-19 12:37:00,104744.6,104764.7,104708.0,104752.2,62.11,6505865.7031
2025-01-19 12:38:00,104752.2,104768.6,104706.8,104738.6,71.278,7465393.9772
2025-01-19 12:39:00,104738.6,104738.6,104684.8,104699.9,67.671,7084966.1403
2025-01-19 12:40:00,104699.9,104700.2,104638.7,104680.2,52.257,5468637.6514
2025-01-19 12:41:00,104680.2,104776.5,104679.9,104764.4,179.321,18782078.8232
2025-01-19 12:42:00,104764.4,104785.7,104733.0,104785.5,133.228,13959080.8073
2025-01-19 12:43:00,104785.5,104788.6,104750.0,104752.9,34.772,3643001.8667
2025-01-19 12:44:00,104752.9,104753.2,104692.3,104727.0,17.892,1873681.9043
2025-01-19 12:45:00,104727.0,104727.0,104674.5,104696.2,32.233,3374438.7424
2025-01-19 12:46:00,104696.2,104763.5,104674.5,104763.5,37.85,3964157.1435
2025-01-19 12:47:00,104763.5,104793.1,104763.5,104785.1,24.603,2577990.0673
2025-01-19 12:48:00,104785.1,104796.1,104762.3,104769.7,23.286,2439804.2178
2025-01-19 12:49:00,104769.7,104796.1,104748.0,104775.1,21.82,2286167.7272
2025-01-19 12:50:00,104775.1,104780.4,104722.0,104780.4,32.466,3400590.5885
2025-01-19 12:51:00,104780.4,104805.0,104780.2,104804.3,31.043,3253221.375
2025-01-19 12:52:00,104804.3,104804.4,104756.8,104784.3,33.061,3464038.7885
2025-01-19 12:53:00,104784.3,104834.8,104784.0,104799.8,22.544,2362920.8105
2025-01-19 12:54:00,104799.8,104850.6,104737.5,104850.6,35.949,3767953.9972
2025-01-19 12:55:00,104850.6,104850.7,104774.9,104848.5,77.744,8148643.476
2025-01-19 12:56:00,104848.5,104878.0,104837.8,104865.5,20.331,2131914.3842
2025-01-19 12:57:00,104865.5,104927.6,104865.5,104927.4,49.952,5239931.8971
2025-01-19 12:58:00,104927.4,105000.0,104927.4,104984.4,195.799,20554110.1168
2025-01-19 12:59:00,104984.4,105000.0,104920.0,104930.0,429.329,45062193.8592
2025-01-19 13:00:00,104930.0,104977.6,104855.0,104977.3,84.131,8824241.7567
2025-01-19 13:01:00,104977.3,105112.6,104960.1,105099.9,118.436,12442864.7553
2025-01-19 13:02:00,105099.9,105145.8,105099.9,105144.2,179.201,18840267.5902
2025-01-19 13:03:00,105144.2,105152.5,105070.0,105070.0,178.077,18718700.5338
2025-01-19 13:04:00,105070.0,105152.9,105034.2,105107.6,210.586,22136677.9615
2025-01-19 13:05:00,105107.6,105132.4,105062.8,105130.7,119.427,12550838.8265
2025-01-19 13:06:00,105130.7,105200.0,105130.7,105176.8,76.886,8086566.6897
2025-01-19 13:07:00,105176.8,105200.0,105169.8,105183.3,112.015,11782767.86
2025-01-19 13:08:00,105183.3,105184.0,105141.3,105184.0,74.545,7839022.4865
2025-01-19 13:09:00,105184.0,105251.4,105168.6,105240.8,243.758,25649067.7695
2025-01-19 13:10:00,105240.8,105241.6,105170.1,105191.2,536.135,56408732.7868
2025-01-19 13:11:00,105191.2,105191.2,105108.3,105149.9,226.934,23860656.2146
2025-01-19 13:12:00,105149.9,105258.0,105130.0,105258.0,192.965,20295610.3594
2025-01-19 13:13:00,105258.0,105258.0,105156.8,105168.5,226.592,23841188.4582
2025-01-19 13:14:00,105168.5,105190.7,105149.9,105190.7,81.155,8535012.2314
2025-01-19 13:15:00,105190.7,105190.7,105133.2,105183.6,105.283,11071236.4705
2025-01-19 13:16:00,105183.6,105246.5,105149.4,105242.5,76.305,8027097.4987
2025-01-19 13:17:00,105242.5,105323.1,105210.3,105321.2,124.331,13088827.9465
2025-01-19 13:18:00,105321.2,105321.5,105268.4,105268.4,213.262,22451005.1384
2025-01-19 13:19:00,105268.4,105268.6,105170.7,105199.9,85.282,8973085.7837
2025-01-19 13:20:00,105199.9,105219.7,105141.0,105159.9,104.071,10947197.7559
2025-01-19 13:21:00,105159.9,105169.9,105047.3,105060.9,132.81,13956622.8051
2025-01-19 13:22:00,105060.9,105125.2,105060.9,105125.2,164.979,17340240.3446
2025-01-19 13:23:00,105125.2,105190.2,105120.0,105142.1,44.181,4646304.2943
2025-01-19 13:24:00,105142.1,105195.0,105142.1,105180.0,25.953,2729766.9072
2025-01-19 13:25:00,105180.0,105180.3,105121.2,105121.2,32.432,3410264.9469
2025-01-19 13:26:00,105121.2,105157.7,105053.3,105074.8,25.224,2651047.2433
2025-01-19 13:27:00,105074.8,105101.8,105045.1,105062.0,143.285,15055453.0362
2025-01-19 13:28:00,105062.0,105062.3,104982.4,104984.8,451.734,47440820.9181
2025-01-19 13:29:00,104984.8,105024.3,104982.5,105024.3,131.817,13840597.9409
2025-01-19 13:30:00,105024.3,105053.8,104875.7,104881.1,52.911,5552825.5621
2025-01-19 13:31:00,104881.1,104970.7,104881.1,104938.9,128.33,13464299.6324
2025-01-19 13:32:00,104938.9,104958.2,104899.9,104906.0,58.413,6128521.6341
2025-01-19 13:33:00,104906.0,104979.1,104906.0,104946.5,77.5,8132207.3652
2025-01-19 13:34:00,104946.5,104960.2,104886.1,104895.4,49.236,5165533.0405
2025-01-19 13:35:00,104895.4,104949.2,104890.5,104900.9,39.473,4141728.6554
2025-01-19 13:36:00,104900.9,104920.6,104882.0,104886.4,70.991,7446720.4031
2025-01-19 13:37:00,104886.4,104927.1,104875.8,104906.2,38.27,4014489.3436
2025-01-19 13:38:00,104906.2,104943.0,104903.9,104933.2,29.149,3058547.2497
2025-01-19 13:39:00,104933.2,104988.2,104933.2,104988.2,30.785,3231656.0528
2025-01-19 13:40:00,104988.2,105078.3,104984.8,105046.9,49.353,5184162.3178
2025-01-19 13:41:00,105046.9,105046.9,104989.8,105000.0,91.847,9643852.7616
2025-01-19 13:42:00,105000.0,105150.0,104984.8,105123.9,49.651,5217763.1215
2025-01-19 13:43:00,105123.9,105176.5,105123.9,105148.5,59.67,6274377.7111
2025-01-19 13:44:00,105148.5,105174.6,105148.5,105158.3,57.205,6015728.3353
2025-01-19 13:45:00,105158.3,105175.0,105049.4,105067.9,74.022,7779824.831
2025-01-20 04:46:00,102353.6,102390.6,102281.9,102345.7,191.961,19643169.5796
2025-01-20 04:47:00,102345.7,102597.5,102340.5,102550.0,317.682,32560401.6234
2025-01-20 04:48:00,102550.0,102780.8,102500.0,102742.3,599.408,61525619.2559
2025-01-20 04:49:00,102742.3,102756.7,102488.0,102499.8,377.036,38690701.6347
2025-01-20 04:50:00,102499.8,102550.0,102386.1,102427.6,230.038,23571914.0556
2025-01-20 04:51:00,102427.6,102498.4,102396.9,102430.4,241.843,24774855.3829
2025-01-20 04:52:00,102430.4,102430.4,102330.1,102350.0,52.285,5352664.3171
2025-01-20 04:53:00,102350.0,102460.0,102303.8,102397.1,78.643,8052552.2569
2025-01-20 04:54:00,102397.1,102397.1,102320.5,102352.5,78.927,8077388.4288
2025-01-20 04:55:00,102352.5,102394.8,102311.8,102330.7,41.685,4266513.3467
2025-01-20 04:56:00,102330.7,102330.7,102219.3,102219.3,51.914,5309157.9273
2025-01-20 04:57:00,102219.3,102254.4,102193.6,102200.6,88.769,9074587.875
2025-01-20 04:58:00,102200.6,102257.1,102200.4,102239.3,75.268,7695150.4272
2025-01-20 04:59:00,102239.3,102239.3,102195.6,102195.6,79.819,8157591.6992
2025-01-20 05:00:00,102195.6,102233.2,102089.6,102146.2,63.797,6518195.5236
2025-01-20 05:01:00,102146.2,102274.4,102146.1,102224.0,73.575,7521121.0321
2025-01-20 05:02:00,102224.0,102364.9,102223.9,102364.9,56.256,5756000.8135
2025-01-20 05:03:00,102364.9,102416.9,102327.9,102376.7,66.058,6761815.4616
2025-01-20 05:04:00,102376.7,102463.4,102376.7,102394.3,71.26,7297215.9026
2025-01-20 05:05:00,102394.3,102463.5,102361.0,102381.7,41.175,4217565.5389
2025-01-20 05:06:00,102381.7,102386.8,102207.1,102339.4,58.302,5963155.0704
2025-01-20 05:07:00,102339.4,102600.2,102339.4,102524.0,79.942,8192469.2585
2025-01-20 05:08:00,102524.0,102598.6,102486.4,102598.6,93.928,9628094.1397
2025-01-20 05:09:00,102598.6,102675.0,102555.8,102656.2,65.955,6768890.3269
2025-01-20 05:10:00,102656.2,102700.0,102581.4,102694.2,121.256,12446036.385
2025-01-20 05:11:00,102694.2,102720.1,102614.7,102719.9,184.694,18964550.6682
2025-01-20 05:12:00,102719.9,102721.1,102553.4,102616.8,202.629,20789519.5861
2025-01-20 05:13:00,102616.8,102628.7,102463.2,102495.4,179.007,18352695.6585
2025-01-20 05:14:00,102495.4,102506.4,102431.0,102449.5,39.884,4087125.7754
2025-01-20 05:15:00,102449.5,102530.2,102413.4,102490.4,45.743,4688230.3065
2025-01-20 05:16:00,102490.4,102651.7,102483.9,102612.2,42.907,4399966.0272
2025-01-20 05:17:00,102612.2,102764.9,102600.0,102745.7,165.462,16997589.4743
2025-01-20 05:18:00,102745.7,102756.0,102602.4,102612.9,457.537,46979684.2172
2025-01-20 05:19:00,102612.9,102612.9,102500.0,102571.3,113.329,11622363.3295
2025-01-20 05:20:00,102571.3,102600.2,102516.7,102525.8,37.451,3841034.6437
2025-01-20 05:21:00,102525.8,102576.7,102420.0,102420.1,30.637,3139323.3121
2025-01-20 05:22:00,102420.1,102464.7,102387.0,102464.2,70.476,7218070.2472
2025-01-20 05:23:00,102464.2,102814.3,102464.2,102791.6,126.248,12965220.034
2025-01-20 05:24:00,102791.6,102791.6,102590.2,102699.6,205.097,21056512.2903
2025-01-20 05:25:00,102699.6,102699.6,102500.0,102516.8,136.491,13998864.5288
2025-01-20 05:26:00,102516.8,102516.8,102418.1,102432.9,171.762,17595989.9552
2025-01-20 05:27:00,102432.9,102540.4,102432.9,102468.8,103.864,10644475.3891
2025-01-20 05:28:00,102468.8,102519.9,102438.0,102478.7,32.882,3369398.6891
2025-01-20 05:29:00,102478.7,102560.9,102452.1,102460.8,30.502,3126669.7858
2025-01-20 05:30:00,102460.8,102541.2,102420.0,102422.7,40.194,4118685.4022
2025-01-20 05:31:00,102422.7,102467.9,102312.8,102396.7,61.374,6284578.9058
2025-01-20 05:32:00,102396.7,102473.5,102342.6,102463.3,66.365,6796034.4748
2025-01-20 05:33:00,102463.3,102491.3,102381.4,102419.2,53.902,5521143.4293
2025-01-20 05:34:00,102419.2,102440.7,102340.5,102350.0,36.121,3698010.667
2025-01-20 05:35:00,102350.0,102468.5,102350.0,102382.2,33.216,3401503.4304
2025-01-20 05:36:00,102382.2,102382.2,102302.9,102366.3,45.848,4692262.1703
2025-01-20 05:37:00,102366.3,102386.0,102330.5,102371.9,23.198,2374393.7701
2025-01-20 05:38:00,102371.9,102382.6,102347.5,102347.8,44.416,4546944.9502
2025-01-20 05:39:00,102347.8,102376.5,102316.5,102366.4,65.206,6673903.6717
2025-01-20 05:40:00,102366.4,102456.6,102364.9,102441.8,28.865,2956711.9009
2025-01-20 05:41:00,102441.8,102595.7,102430.0,102560.8,33.322,3416832.2332
2025-01-20 05:42:00,102560.8,102581.5,102482.6,102484.5,52.586,5391824.1718
2025-01-20 05:43:00,102484.5,102540.0,102484.5,102529.1,52.212,5352965.2832
2025-01-20 05:44:00,102529.1,102600.0,102519.7,102600.0,15.877,1628379.7279
2025-01-20 05:45:00,102600.0,102600.0,102520.9,102523.8,33.83,3469007.1561
2025-01-20 05:46:00,102523.8,102529.0,102473.3,102529.0,25.386,2602194.2706
2025-01-20 05:47:00,102529.0,102545.6,102383.5,102458.2,27.282,2794730.533
2025-01-20 05:48:00,102458.2,102550.0,102456.6,102529.9,43.181,4427098.2655
2025-01-20 05:49:00,102529.9,102546.0,102436.7,102529.3,13.363,1369765.0905
2025-01-20 05:50:00,102529.3,102658.4,102494.0,102658.1,20.815,2135046.3865
2025-01-20 05:51:00,102658.1,102744.9,102579.8,102579.8,57.386,5891293.3555
2025-01-20 05:52:00,102579.8,102641.5,102579.8,102596.9,43.381,4450973.8897
2025-01-20 05:53:00,102596.9,102612.3,102530.4,102559.8,20.968,2150754.4529
2025-01-20 05:54:00,102559.8,102559.8,102488.0,102494.1,19.181,1966204.5611
2025-01-20 05:55:00,102494.1,102494.2,102350.0,102350.2,30.87,3160908.8147
2025-01-20 05:56:00,102350.2,102397.3,102350.0,102350.0,61.413,6286103.735
2025-01-20 05:57:00,102350.0,102350.1,102277.0,102301.3,43.09,4408564.1472
2025-01-20 05:58:00,102301.3,102349.3,102294.3,102325.2,40.766,4171852.2306
2025-01-20 05:59:00,102325.2,102344.6,102294.3,102330.4,27.033,2766240.8976
2025-01-20 06:00:00,102330.4,102380.1,102330.4,102376.6,24.009,2457482.4857
2025-01-20 06:01:00,102376.6,102483.3,102375.3,102483.3,36.053,3692634.7373
2025-01-20 06:02:00,102483.3,102509.0,102458.1,102509.0,21.553,2208614.486
2025-01-20 06:03:00,102509.0,102525.5,102480.7,102525.5,33.065,3389244.7857
2025-01-20 06:04:00,102525.5,102574.6,102504.9,102513.5,24.82,2545048.7271
2025-01-20 06:05:00,102513.5,102520.2,102420.1,102436.2,27.631,2830721.3945
2025-01-20 06:06:00,102436.2,102580.0,102435.3,102562.0,23.088,2366162.6893
2025-01-20 06:07:00,102562.0,102618.4,102463.9,102464.3,29.358,3010694.6889
2025-01-20 06:08:00,102464.3,102476.8,102227.0,102285.5,59.447,6084083.1672
2025-01-20 06:09:00,102285.5,102299.8,102269.2,102269.2,88.618,9064224.3737
2025-01-20 06:10:00,102269.2,102269.2,102207.1,102233.1,89.408,9140216.1597
2025-01-20 06:11:00,102233.1,102354.4,102233.0,102349.4,50.409,5156970.5426
2025-01-20 06:12:00,102349.4,102455.0,102349.4,102450.0,43.206,4425637.2039
2025-01-20 06:13:00,102450.0,102530.0,102449.9,102530.0,61.634,6317501.3805
2025-01-20 06:14:00,102530.0,102568.2,102476.3,102489.9,71.236,7301928.1539
2025-01-20 06:15:00,102489.9,102627.4,102489.9,102605.9,81.189,8327970.7999
2025-01-20 06:16:00,102605.9,102629.5,102546.9,102620.1,82.869,8500947.9334
2025-01-20 06:17:00,102620.1,102623.0,102502.4,102540.2,64.722,6637839.3853
2025-01-20 06:18:00,102540.2,102572.3,102500.0,102500.0,92.879,9523030.1481
2025-01-20 06:19:00,102500.0,102520.0,102435.5,102518.2,50.354,5159852.3763
2025-01-20 06:20:00,102518.2,102580.0,102504.9,102572.0,58.085,5957188.4217
2025-01-20 06:21:00,102572.0,102658.5,102545.2,102651.7,20.278,2080845.0073
2025-01-20 06:22:00,102651.7,102769.4,102632.5,102767.1,44.979,4619329.7375
2025-01-20 06:23:00,102767.1,102767.1,102649.3,102670.1,91.577,9405071.3641
2025-01-20 06:24:00,102670.1,102670.1,102603.5,102619.9,172.42,17693359.1953
2025-01-20 06:25:00,102619.9,102765.2,102600.1,102749.9,111.349,11436171.387
2025-01-20 21:26:00,103756.6,103798.8,103621.4,103644.9,39.548,4100710.0218
2025-01-20 21:27:00,103644.9,103731.4,103644.9,103700.2,62.736,6504937.2578
2025-01-20 21:28:00,103700.2,103700.2,103620.0,103663.8,42.198,4373929.902
2025-01-20 21:29:00,103663.8,103698.5,103653.4,103687.4,42.607,4417834.6479
2025-01-20 21:30:00,103687.4,103788.4,103663.8,103788.4,34.903,3620229.2282
2025-01-20 21:31:00,103788.4,103811.2,103752.1,103793.6,51.527,5348433.4947
2025-01-20 21:32:00,103793.6,103804.0,103715.6,103740.1,42.746,4434863.2611
2025-01-20 21:33:00,103740.1,103867.3,103717.1,103855.6,18.735,1944566.9596
2025-01-20 21:34:00,103855.6,103855.6,103664.0,103684.7,31.823,3301526.1589
2025-01-20 21:35:00,103684.7,103791.4,103668.3,103750.3,46.581,4831727.56
2025-01-20 21:36:00,103750.3,103750.3,103333.0,103345.6,66.291,6860249.7478
2025-01-20 21:37:00,103345.6,103478.4,103345.6,103400.3,144.878,14983919.9158
2025-01-20 21:38:00,103400.3,103400.3,103263.8,103291.2,84.083,8685607.4926
2025-01-20 21:39:00,103291.2,103352.2,103291.2,103352.2,88.686,9164255.8311
2025-01-20 21:40:00,103352.2,103399.0,103285.2,103311.2,97.837,10111433.9173
2025-01-20 21:41:00,103311.2,103346.1,103236.8,103291.3,136.553,14101495.7751
2025-01-20 21:42:00,103291.3,103415.5,103269.7,103297.0,109.548,11320042.4524
2025-01-20 21:43:00,103297.0,103360.0,103200.0,103200.0,276.931,28602179.876
2025-01-20 21:44:00,103200.0,103358.3,103200.0,103342.8,58.664,6060282.3159
2025-01-20 21:45:00,103342.8,103347.5,103221.2,103221.2,35.111,3627061.8058
2025-01-20 21:46:00,103221.2,103265.4,103180.0,103255.3,31.072,3207270.267
2025-01-20 21:47:00,103255.3,103259.5,103035.0,103088.5,64.688,6670689.6102
2025-01-20 21:48:00,103088.5,103152.0,102899.4,102939.8,139.631,14382822.9926
2025-01-20 21:49:00,102939.8,103163.0,102939.8,103126.2,153.65,15844544.6511
2025-01-20 21:50:00,103126.2,103242.9,103011.0,103099.9,155.031,15988152.0696
2025-01-20 21:51:00,103099.9,103199.9,103064.2,103187.7,311.67,32143899.4441
2025-01-20 21:52:00,103187.7,103187.8,103023.0,103060.4,144.621,14907842.2231
2025-01-20 21:53:00,103060.4,103229.5,103060.4,103069.4,365.824,37723625.0688
2025-01-20 21:54:00,103069.4,103207.9,103069.4,103185.5,101.195,10441189.4967
2025-01-20 21:55:00,103185.5,103259.4,103083.6,103094.3,124.08,12799532.4064
2025-01-20 21:56:00,103094.3,103094.3,102944.5,102987.0,80.453,8285681.071
2025-01-20 21:57:00,102987.0,102994.0,102899.4,102924.9,129.119,13290740.3708
2025-01-20 21:58:00,102924.9,102949.4,102721.7,102724.9,152.86,15718049.0675
2025-01-20 21:59:00,102724.9,102756.4,102558.9,102589.9,228.054,23419972.5624
2025-01-20 22:00:00,102589.9,102633.3,102324.1,102335.2,252.693,25888346.5032
2025-01-20 22:01:00,102335.2,102394.5,102268.0,102283.8,465.781,47662854.7024
2025-01-20 22:02:00,102283.8,102305.4,102194.2,102204.1,175.907,17981531.3611
2025-01-20 22:03:00,102204.1,102282.8,102007.7,102010.5,165.545,16905135.2476
2025-01-20 22:04:00,102010.5,102026.8,101837.0,101982.6,414.975,42297010.1992
2025-01-20 22:05:00,101982.6,102473.6,101943.8,102360.6,508.31,52008045.7453
2025-01-20 22:06:00,102360.6,102535.0,102324.7,102495.2,285.645,29259385.3877
2025-01-20 22:07:00,102495.2,102666.0,102422.5,102666.0,180.4,18491450.2043
2025-01-20 22:08:00,102666.0,102946.4,102665.9,102892.0,167.293,17212184.7239
2025-01-20 22:09:00,102892.0,102892.3,102502.1,102549.2,206.329,21178655.3567
2025-01-20 22:10:00,102549.2,102742.5,102544.9,102700.7,160.208,16443918.3251
2025-01-20 22:11:00,102700.7,102700.7,102436.1,102483.4,71.841,7366450.1128
2025-01-20 22:12:00,102483.4,102499.8,102316.0,102411.8,77.385,7924121.3902
2025-01-20 22:13:00,102411.8,102544.3,102360.6,102534.9,73.44,7524391.9012
2025-01-20 22:14:00,102534.9,102597.8,102524.5,102570.4,68.193,6994626.8136
2025-01-20 22:15:00,102570.4,102850.2,102560.1,102850.2,62.762,6445771.0333
2025-01-20 22:16:00,102850.2,103002.0,102827.2,102869.2,122.111,12566263.2263
2025-01-20 22:17:00,102869.2,103031.1,102860.5,103000.0,120.074,12365959.2222
2025-01-20 22:18:00,103000.0,103180.2,102969.7,103068.8,75.724,7807045.8681
2025-01-20 22:19:00,103068.8,103068.8,102917.1,102917.4,132.197,13614734.5772
2025-01-20 22:20:00,102917.4,102940.7,102737.7,102817.0,70.733,7273945.7874
2025-01-20 22:21:00,102817.0,102873.5,102702.9,102703.1,87.518,8996566.7896
2025-01-20 22:22:00,102703.1,102770.0,102693.7,102693.7,67.777,6963132.0912
2025-01-20 22:23:00,102693.7,102740.2,102571.2,102571.2,49.776,5110115.0149
2025-01-20 22:24:00,102571.2,102842.9,102562.1,102739.9,82.244,8451576.0791
2025-01-20 22:25:00,102739.9,102988.3,102739.9,102930.9,88.238,9078284.9028
2025-01-20 22:26:00,102930.9,103020.0,102866.7,102930.9,43.486,4477171.9558
2025-01-20 22:27:00,102930.9,102948.8,102790.0,102924.9,40.708,4187478.3317
2025-01-20 22:28:00,102924.9,102924.9,102862.9,102918.3,36.798,3785864.1578
2025-01-20 22:29:00,102918.3,103084.2,102918.3,103084.1,44.46,4579275.4554
2025-01-20 22:30:00,103084.1,103084.1,102917.1,102917.1,34.093,3510605.5294
2025-01-20 22:31:00,102917.1,103222.6,102917.1,103203.6,46.855,4831576.5946
2025-01-20 22:32:00,103203.6,103213.5,103130.1,103205.5,65.247,6730517.053
2025-01-20 22:33:00,103205.5,103343.8,103205.5,103343.5,87.222,9008636.169
2025-01-20 22:34:00,103343.5,103369.2,103261.1,103369.1,133.464,13789800.454
2025-01-20 22:35:00,103369.1,103413.1,103301.4,103374.5,40.422,4177566.405
2025-01-20 22:36:00,103374.5,103374.6,103159.7,103268.4,40.973,4230678.6911
2025-01-20 22:37:00,103268.4,103389.5,103226.7,103389.5,55.708,5757124.5763
2025-01-20 22:38:00,103389.5,103560.7,103383.3,103430.8,101.489,10498621.5249
2025-01-20 22:39:00,103430.8,103455.2,103201.4,103280.2,133.747,13822079.936
2025-01-20 22:40:00,103280.2,103310.6,103167.2,103291.1,106.843,11029904.5939
2025-01-20 22:41:00,103291.1,103426.2,103281.3,103426.2,83.127,8592651.4818
2025-01-20 22:42:00,103426.2,103432.1,103360.1,103370.5,137.714,14237901.0588
2025-01-20 22:43:00,103370.5,103402.2,103317.6,103384.2,22.577,2333825.79
2025-01-20 22:44:00,103384.2,103384.2,103289.9,103380.8,39.046,4034658.264
2025-01-20 22:45:00,103380.8,103392.0,103353.0,103353.2,43.619,4508696.731
2025-01-20 22:46:00,103353.2,103398.5,103340.9,103389.9,17.564,1815756.5095
2025-01-20 22:47:00,103389.9,103492.7,103389.9,103423.3,49.666,5138867.5861
2025-01-20 22:48:00,103423.3,103477.7,103414.2,103428.3,84.096,8700563.0193
2025-01-20 22:49:00,103428.3,103428.3,103397.9,103398.4,25.031,2588226.8867
2025-01-20 22:50:00,103398.4,103493.8,103398.4,103410.6,32.076,3318171.3103
2025-01-20 22:51:00,103410.6,103511.6,103410.6,103508.4,35.543,3678395.4562
2025-01-20 22:52:00,103508.4,103633.3,103508.1,103617.1,37.184,3851097.5789
2025-01-20 22:53:00,103617.1,103661.1,103539.2,103589.8,83.022,8602670.5618
2025-01-20 22:54:00,103589.8,103627.4,103583.7,103627.2,72.78,7541481.9466
2025-01-20 22:55:00,103627.2,103750.2,103627.1,103669.7,31.875,3305742.7857
2025-01-20 22:56:00,103669.7,103737.5,103637.4,103734.1,61.968,6424823.8212
2025-01-20 22:57:00,103734.1,103812.0,103734.1,103747.4,42.396,4399554.0474
2025-01-20 22:58:00,103747.4,103749.3,103611.7,103628.8,52.073,5399397.1409
2025-01-20 22:59:00,103628.8,103671.5,103560.0,103572.2,56.712,5876002.9243
2025-01-20 23:00:00,103572.2,103650.0,103300.1,103360.5,83.139,8603393.0697
2025-01-20 23:01:00,103360.5,103360.5,103152.0,103325.3,204.822,21148582.7027
2025-01-20 23:02:00,103325.3,103538.6,103325.3,103440.9,207.762,21493672.9952
2025-01-20 23:03:00,103440.9,103480.7,103292.0,103365.1,111.994,11575888.0449
2025-01-20 23:04:00,103365.1,103532.5,103365.1,103474.3,41.131,4255561.3262
2025-01-20 23:05:00,103474.3,103573.4,103471.9,103549.9,39.44,4082870.856
2025-01-21 14:06:00,104649.9,104654.7,104479.1,104515.4,281.533,29425795.2185
2025-01-21 14:07:00,104515.4,104571.4,104515.1,104536.6,490.688,51303704.2906
2025-01-21 14:08:00,104536.6,104537.3,104428.7,104433.6,28.361,2962866.6867
2025-01-21 14:09:00,104433.6,104485.7,104401.6,104401.6,51.224,5349683.0172
2025-01-21 14:10:00,104401.6,104401.9,104362.5,104383.9,75.734,7905174.0901
2025-01-21 14:11:00,104383.9,104461.4,104379.5,104461.4,79.745,8326586.9958
2025-01-21 14:12:00,104461.4,104531.0,104447.2,104480.5,37.031,3869462.9
2025-01-21 14:13:00,104480.5,104480.5,104395.1,104395.1,28.561,2982503.039
2025-01-21 14:14:00,104395.1,104505.0,104395.1,104495.0,17.418,1819613.4007
2025-01-21 14:15:00,104495.0,104721.0,104495.0,104688.0,45.594,4771675.0833
2025-01-21 14:16:00,104688.0,104749.5,104655.6,104745.1,116.671,12216241.545
2025-01-21 14:17:00,104745.1,104745.1,104650.0,104650.0,124.446,13029701.6643
2025-01-21 14:18:00,104650.0,104708.9,104604.9,104607.1,83.004,8685036.0293
2025-01-21 14:19:00,104607.1,104719.3,104604.9,104714.5,75.596,7910767.572
2025-01-21 14:20:00,104714.5,104835.2,104698.3,104833.9,89.399,9369493.1873
2025-01-21 14:21:00,104833.9,104912.3,104824.0,104909.9,207.93,21808184.5865
2025-01-21 14:22:00,104909.9,105087.1,104886.9,105070.3,334.041,35074259.7031
2025-01-21 14:23:00,105070.3,105081.5,104929.6,104980.7,549.052,57669417.341
2025-01-21 14:24:00,104980.7,104980.8,104900.0,104949.0,259.951,27277344.625
2025-01-21 14:25:00,104949.0,105239.0,104949.0,105222.2,292.717,30771255.3288
2025-01-21 14:26:00,105222.2,105258.6,104962.5,104962.6,497.489,52262150.2314
2025-01-21 14:27:00,104962.6,105056.6,104905.4,105041.2,349.44,36685948.657
2025-01-21 14:28:00,105041.2,105065.5,104905.4,105063.2,167.92,17625419.9739
2025-01-21 14:29:00,105063.2,105199.4,104976.3,105183.9,133.755,14057902.8693
2025-01-21 14:30:00,105183.9,105292.1,105061.1,105072.6,200.975,21129703.5046
2025-01-21 14:31:00,105072.6,105115.5,104932.8,104934.3,298.455,31331442.2982
2025-01-21 14:32:00,104934.3,104934.3,104578.8,104578.8,305.073,31949565.1999
2025-01-21 14:33:00,104578.8,104624.5,104403.9,104554.8,618.779,64681486.9287
2025-01-21 14:34:00,104554.8,104577.7,104177.6,104217.7,533.194,55670807.7057
2025-01-21 14:35:00,104217.7,104233.2,103742.8,103880.4,1065.22,110747477.0162
2025-01-21 14:36:00,103880.4,103962.7,103593.0,103593.0,676.667,70218552.1226
2025-01-21 14:37:00,103593.0,103729.5,103364.9,103698.2,939.623,97281819.4664
2025-01-21 14:38:00,103698.2,103847.3,103434.9,103484.2,692.778,71822584.5711
2025-01-21 14:39:00,103484.2,103712.2,103457.3,103470.3,550.603,57032191.6244
2025-01-21 14:40:00,103470.3,103485.4,103236.0,103380.9,476.568,49247762.7218
2025-01-21 14:41:00,103380.9,103412.2,103274.4,103347.7,588.88,60862105.6872
2025-01-21 14:42:00,103347.7,103809.7,103347.6,103725.8,622.809,64525648.2036
2025-01-21 14:43:00,103725.8,103794.2,103573.5,103785.1,553.532,57375368.7606
2025-01-21 14:44:00,103785.1,103882.2,103713.4,103734.1,290.191,30116962.7173
2025-01-21 14:45:00,103734.1,103912.2,103620.2,103647.0,296.097,30718567.1212
2025-01-21 14:46:00,103647.0,103838.1,103538.2,103538.2,252.888,26232069.0847
2025-01-21 14:47:00,103538.2,103833.1,103466.0,103810.2,180.481,18712331.695
2025-01-21 14:48:00,103810.2,104243.0,103809.8,104216.3,415.459,43247134.7554
2025-01-21 14:49:00,104216.3,104218.7,103880.2,103900.4,564.293,58717810.6041
2025-01-21 14:50:00,103900.4,104030.6,103611.1,103657.9,332.632,34540508.5037
2025-01-21 14:51:00,103657.9,103820.2,103607.5,103786.2,274.941,28527906.6381
2025-01-21 14:52:00,103786.2,104033.7,103786.1,104018.3,171.643,17835916.1067
2025-01-21 14:53:00,104018.3,104136.8,103666.0,103720.7,176.664,18348325.816
2025-01-21 14:54:00,103720.7,103727.9,103533.3,103648.9,275.386,28528186.2423
2025-01-21 14:55:00,103648.9,103771.0,103561.3,103617.9,241.38,25026823.1453
2025-01-21 14:56:00,103617.9,103617.9,103300.2,103349.5,189.015,19549450.9139
2025-01-21 14:57:00,103349.5,103432.1,103028.4,103050.0,420.149,43377879.1151
2025-01-21 14:58:00,103050.0,103118.9,103015.7,103056.8,650.403,67026679.5885
2025-01-21 14:59:00,103056.8,103273.9,103025.1,103264.7,537.172,55427587.6767
2025-01-21 15:00:00,103264.7,103469.4,103100.0,103352.9,308.583,31870188.1799
2025-01-21 15:01:00,103352.9,103439.9,103174.1,103182.9,325.176,33585563.0606
2025-01-21 15:02:00,103182.9,103188.2,102845.1,103025.1,392.032,40375134.2653
2025-01-21 15:03:00,103025.1,103160.2,102865.0,102900.1,640.799,66014250.8153
2025-01-21 15:04:00,102900.1,102986.2,102800.0,102928.2,839.805,86430365.2633
2025-01-21 15:05:00,102928.2,103170.0,102864.0,103049.3,536.247,55235345.9715
2025-01-21 15:06:00,103049.3,103204.4,102824.0,102889.5,244.897,25216915.7506
2025-01-21 15:07:00,102889.5,103056.6,102826.6,103055.2,249.841,25722286.9157
2025-01-21 15:08:00,103055.2,103423.5,103055.2,103388.2,360.017,37174141.1554
2025-01-21 15:09:00,103388.2,103450.0,103269.6,103273.3,379.382,39202735.8483
2025-01-21 15:10:00,103273.3,103420.2,103218.9,103361.4,207.753,21471197.2547
2025-01-21 15:11:00,103361.4,103400.0,102931.0,102958.2,256.775,26501539.9951
2025-01-21 15:12:00,102958.2,102958.5,102809.2,102880.0,241.595,24850744.002
2025-01-21 15:13:00,102880.0,102998.5,102841.3,102901.3,239.756,24674366.3191
2025-01-21 15:14:00,102901.3,103125.1,102876.4,103034.9,156.557,16130912.1202
2025-01-21 15:15:00,103034.9,103207.1,103006.2,103186.4,189.091,19495060.2521
2025-01-21 15:16:00,103186.4,103345.1,103128.8,103261.9,111.084,11471828.2738
2025-01-21 15:17:00,103261.9,103386.0,103219.1,103233.8,154.2,15933259.552
2025-01-21 15:18:00,103233.8,103314.8,103162.8,103273.5,67.923,7012306.2986
2025-01-21 15:19:00,103273.5,103397.4,103273.5,103392.2,74.118,7660339.1555
2025-01-21 15:20:00,103392.2,103458.2,103360.0,103429.7,132.758,13728126.5903
2025-01-21 15:21:00,103429.7,103443.4,103313.6,103323.6,159.931,16531987.1453
2025-01-21 15:22:00,103323.6,103420.0,103171.0,103418.3,135.78,14030199.7481
2025-01-21 15:23:00,103418.3,103504.7,103376.8,103444.2,152.027,15728322.9333
2025-01-21 15:24:00,103444.2,103506.2,103371.0,103413.0,225.682,23351632.2555
2025-01-21 15:25:00,103413.0,103501.2,103413.0,103490.0,147.287,15239753.4099
2025-01-21 15:26:00,103490.0,103691.1,103430.7,103666.2,102.261,10591752.1449
2025-01-21 15:27:00,103666.2,103745.7,103606.3,103704.0,247.811,25693590.7109
2025-01-21 15:28:00,103704.0,103780.0,103676.9,103688.7,211.515,21937056.7689
2025-01-21 15:29:00,103688.7,103792.4,103660.8,103690.0,162.026,16803534.8465
2025-01-21 15:30:00,103690.0,103782.2,103568.0,103743.6,135.269,14027695.6363
2025-01-21 15:31:00,103743.6,103753.9,103650.0,103695.9,562.845,58359985.5636
2025-01-21 15:32:00,103695.9,103782.2,103665.6,103761.5,499.574,51831033.8815
2025-01-21 15:33:00,103761.5,103785.2,103665.6,103766.3,87.854,9113110.5274
2025-01-21 15:34:00,103766.3,103768.3,103580.0,103637.5,119.523,12391171.0972
2025-01-21 15:35:00,103637.5,103637.5,103438.5,103495.5,316.525,32760350.0859
2025-01-21 15:36:00,103495.5,103531.2,103372.7,103419.9,327.26,33851085.7548
2025-01-21 15:37:00,103419.9,103500.0,103322.9,103497.2,135.725,14035661.9099
2025-01-21 15:38:00,103497.2,103596.5,103485.2,103543.4,124.532,12894760.9299
2025-01-21 15:39:00,103543.4,103727.5,103543.4,103692.7,116.679,12096829.6115
2025-01-21 15:40:00,103692.7,103745.3,103568.2,103745.3,82.674,8571386.2228
2025-01-21 15:41:00,103745.3,104072.3,103745.3,104014.4,151.859,15787074.5261
2025-01-21 15:42:00,104014.4,104030.1,103855.0,103899.4,366.622,38093345.3964
2025-01-21 15:43:00,103899.4,103929.0,103837.0,103873.0,113.473,11787324.553
2025-01-21 15:44:00,103873.0,103985.6,103799.1,103799.1,81.869,8507718.1379
2025-01-21 15:45:00,103799.1,103853.4,103699.8,103713.3,128.513,13336928.9089
2025-01-22 06:46:00,105323.7,105407.5,105323.7,105407.5,33.584,3539367.5301
2025-01-22 06:47:00,105407.5,105407.5,105337.2,105353.1,45.254,4768123.8852
2025-01-22 06:48:00,105353.1,105363.7,105322.0,105322.0,114.025,12011488.1776
2025-01-22 06:49:00,105322.0,105322.2,105179.3,105284.8,429.666,45228662.8851
2025-01-22 06:50:00,105284.8,105311.0,105226.7,105230.2,413.158,43494703.2414
2025-01-22 06:51:00,105230.2,105317.1,105200.0,105279.0,251.225,26442554.6256
2025-01-22 06:52:00,105279.0,105325.4,105278.7,105278.7,485.428,51119754.756
2025-01-22 06:53:00,105278.7,105278.7,105244.1,105264.1,51.908,5464096.6703
2025-01-22 06:54:00,105264.1,105371.4,105264.1,105371.4,40.559,4271245.6257
2025-01-22 06:55:00,105371.4,105388.4,105342.5,105342.8,42.464,4474110.1032
2025-01-22 06:56:00,105342.8,105371.3,105342.5,105359.3,68.106,7175821.0505
2025-01-22 06:57:00,105359.3,105382.7,105356.0,105358.7,23.746,2501920.2438
2025-01-22 06:58:00,105358.7,105358.7,105321.4,105339.6,15.526,1635381.5696
2025-01-22 06:59:00,105339.6,105367.0,105337.2,105366.1,14.876,1567239.7474
2025-01-22 07:00:00,105366.1,105420.6,105359.3,105359.4,36.677,3865579.8844
2025-01-22 07:01:00,105359.4,105413.8,105300.9,105413.8,68.182,7184231.7088
2025-01-22 07:02:00,105413.8,105413.8,105374.7,105380.7,18.727,1973650.2745
2025-01-22 07:03:00,105380.7,105397.1,105347.3,105397.0,12.036,1268167.8699
2025-01-22 07:04:00,105397.0,105397.0,105337.2,105365.0,28.747,3028945.6084
2025-01-22 07:05:00,105365.0,105487.3,105364.7,105456.4,49.935,5265240.956
2025-01-22 07:06:00,105456.4,105456.4,105390.0,105397.9,109.743,11567918.646
2025-01-22 07:07:00,105397.9,105530.5,105397.9,105524.9,65.564,6916919.8491
2025-01-22 07:08:00,105524.9,105525.2,105486.0,105510.2,160.139,16895181.9001
2025-01-22 07:09:00,105510.2,105510.2,105483.1,105484.7,48.646,5132062.337
2025-01-22 07:10:00,105484.7,105484.8,105469.0,105479.7,53.626,5656148.8211
2025-01-22 07:11:00,105479.7,105530.5,105479.4,105530.3,17.655,1862515.7406
2025-01-22 07:12:00,105530.3,105550.2,105512.0,105536.8,25.577,2699242.3517
2025-01-22 07:13:00,105536.8,105550.2,105535.7,105543.5,30.473,3216288.4185
2025-01-22 07:14:00,105543.5,105548.3,105538.0,105542.9,18.101,1910424.7044
2025-01-22 07:15:00,105542.9,105568.4,105421.5,105442.6,27.415,2892350.2405
2025-01-22 07:16:00,105442.6,105477.1,105442.6,105452.9,50.2,5294041.3898
2025-01-22 07:17:00,105452.9,105544.6,105447.8,105544.5,29.48,3110443.4524
2025-01-22 07:18:00,105544.5,105544.5,105512.3,105544.0,31.72,3347362.7828
2025-01-22 07:19:00,105544.0,105668.3,105544.0,105616.9,37.72,3984158.2301
2025-01-22 07:20:00,105616.9,105616.9,105467.4,105481.4,71.754,7571734.4533
2025-01-22 07:21:00,105481.4,105506.5,105395.1,105400.7,42.487,4480398.8342
2025-01-22 07:22:00,105400.7,105404.1,105325.0,105372.9,43.043,4534408.0615
2025-01-22 07:23:00,105372.9,105439.5,105372.8,105413.2,62.461,6584704.3947
2025-01-22 07:24:00,105413.2,105520.6,105405.6,105492.6,28.229,2977156.9437
2025-01-22 07:25:00,105492.6,105527.2,105442.6,105465.3,33.84,3569359.8115
2025-01-22 07:26:00,105465.3,105465.5,105427.1,105447.8,24.924,2628171.7459
2025-01-22 07:27:00,105447.8,105498.8,105447.8,105498.8,21.814,2300846.4599
2025-01-22 07:28:00,105498.8,105518.2,105447.2,105447.3,16.68,1759205.2432
2025-01-22 07:29:00,105447.3,105458.1,105431.1,105448.0,13.855,1460909.2586
2025-01-22 07:30:00,105448.0,105448.3,105428.4,105442.9,15.209,1603518.7528
2025-01-22 07:31:00,105442.9,105442.9,105394.1,105394.1,10.325,1088326.0095
2025-01-22 07:32:00,105394.1,105394.1,105264.1,105297.7,42.599,4485636.9243
2025-01-22 07:33:00,105297.7,105297.7,105200.0,105238.9,128.471,13520176.5461
2025-01-22 07:34:00,105238.9,105268.1,105212.5,105240.2,105.704,11124885.9359
2025-01-22 07:35:00,105240.2,105269.0,105220.3,105267.5,51.358,5405519.5297
2025-01-22 07:36:00,105267.5,105267.7,105226.7,105237.5,48.453,5099384.6822
2025-01-22 07:37:00,105237.5,105295.3,105231.0,105288.9,41.622,4380447.3029
2025-01-22 07:38:00,105288.9,105288.9,105215.8,105215.8,25.379,2670621.9363
2025-01-22 07:39:00,105215.8,105241.2,105186.0,105186.1,35.668,3752697.7608
2025-01-22 07:40:00,105186.1,105268.9,105174.8,105197.9,105.025,11048952.915
2025-01-22 07:41:00,105197.9,105218.2,105101.2,105101.2,147.251,15487060.8035
2025-01-22 07:42:00,105101.2,105164.4,105101.2,105164.4,152.79,16062373.2088
2025-01-22 07:43:00,105164.4,105170.2,105078.3,105134.9,78.04,8203569.1605
2025-01-22 07:44:00,105134.9,105155.7,105056.1,105074.4,103.462,10873424.147
2025-01-22 07:45:00,105074.4,105100.2,105037.2,105069.1,95.228,10007114.6057
2025-01-22 07:46:00,105069.1,105209.4,105069.1,105168.3,87.555,9208191.1113
2025-01-22 07:47:00,105168.3,105188.0,105132.7,105168.9,72.403,7615209.2594
2025-01-22 07:48:00,105168.9,105261.2,105168.6,105200.0,57.991,6101534.3916
2025-01-22 07:49:00,105200.0,105200.0,105147.1,105148.1,35.95,3780161.149
2025-01-22 07:50:00,105148.1,105153.1,105147.1,105147.1,34.711,3649770.4378
2025-01-22 07:51:00,105147.1,105199.2,105117.8,105126.6,47.941,5040646.9476
2025-01-22 07:52:00,105126.6,105170.7,105106.1,105170.7,64.541,6785418.6253
2025-01-22 07:53:00,105170.7,105170.7,105111.0,105121.6,33.888,3562614.0509
2025-01-22 07:54:00,105121.6,105140.0,105120.4,105140.0,22.706,2387043.5395
2025-01-22 07:55:00,105140.0,105151.2,105119.9,105126.7,13.534,1422852.4218
2025-01-22 07:56:00,105126.7,105127.0,105064.3,105101.1,56.537,5940997.932
2025-01-22 07:57:00,105101.1,105138.0,105085.3,105100.0,134.641,14149520.5977
2025-01-22 07:58:00,105100.0,105151.5,105092.2,105148.0,73.508,7729111.9437
2025-01-22 07:59:00,105148.0,105148.0,105077.5,105077.5,24.183,2541519.4176
2025-01-22 08:00:00,105077.5,105162.0,105063.7,105162.0,37.683,3960359.5574
2025-01-22 08:01:00,105162.0,105162.0,105068.9,105074.4,48.388,5086375.7495
2025-01-22 08:02:00,105074.4,105074.4,104955.6,105058.6,145.674,15295640.0825
2025-01-22 08:03:00,105058.6,105086.6,105012.0,105079.4,313.21,32905988.0093
2025-01-22 08:04:00,105079.4,105102.5,104942.8,104974.6,109.612,11508922.1042
2025-01-22 08:05:00,104974.6,105000.2,104950.0,104963.1,164.114,17227344.9769
2025-01-22 08:06:00,104963.1,105000.2,104923.9,105000.0,70.784,7429632.0224
2025-01-22 08:07:00,105000.0,105000.0,104942.8,104946.3,65.425,6866674.0028
2025-01-22 08:08:00,104946.3,105050.2,104946.3,105000.0,43.749,4593977.706
2025-01-22 08:09:00,105000.0,105021.8,104972.0,104979.4,56.122,5892429.1804
2025-01-22 08:10:00,104979.4,105031.4,104946.1,104953.6,48.536,5096054.9837
2025-01-22 08:11:00,104953.6,104979.0,104923.0,104958.8,41.782,4384860.5442
2025-01-22 08:12:00,104958.8,105116.1,104958.8,105069.2,52.823,5548536.3349
2025-01-22 08:13:00,105069.2,105069.2,104950.0,104974.6,65.68,6896285.837
2025-01-22 08:14:00,104974.6,105006.0,104936.0,105000.0,61.483,6454098.1527
2025-01-22 08:15:00,105000.0,105000.2,104967.6,104985.2,40.978,4302328.6001
2025-01-22 08:16:00,104985.2,104986.4,104957.5,104963.9,49.076,5151566.5999
2025-01-22 08:17:00,104963.9,105000.0,104963.9,104990.4,63.349,6651197.8659
2025-01-22 08:18:00,104990.4,105045.0,104990.1,105044.8,121.625,12770197.7388
2025-01-22 08:19:00,105044.8,105044.8,104888.0,105000.0,75.081,7879759.053
2025-01-22 08:20:00,105000.0,105025.3,104969.0,104969.1,101.771,10685321.9997
2025-01-22 08:21:00,104969.1,104969.1,104834.0,104922.7,68.625,7198865.9114
2025-01-22 08:22:00,104922.7,104947.9,104885.1,104921.8,149.315,15663523.195
2025-01-22 08:23:00,104921.8,104940.6,104895.0,104940.3,60.074,6302290.1734
2025-01-22 08:24:00,104940.3,104940.6,104836.6,104838.2,66.705,6995754.3252
2025-01-22 08:25:00,104838.2,104862.6,104727.6,104760.3,196.0,20537697.1792
2025-01-22 23:26:00,103824.1,103830.0,103808.2,103814.1,16.097,1671097.5899
2025-01-22 23:27:00,103814.1,103825.2,103780.3,103780.3,19.798,2055313.0222
2025-01-22 23:28:00,103780.3,103820.0,103730.0,103819.4,7.919,821742.374
2025-01-22 23:29:00,103819.4,103819.4,103783.1,103799.9,15.385,1597132.7015
2025-01-22 23:30:00,103799.9,103800.1,103719.6,103723.5,10.256,1064147.6554
2025-01-22 23:31:00,103723.5,103814.8,103722.0,103788.9,15.738,1633155.757
2025-01-22 23:32:00,103788.9,103795.8,103736.3,103773.5,16.978,1761570.2001
2025-01-22 23:33:00,103773.5,103819.1,103773.1,103794.4,16.872,1751077.4334
2025-01-22 23:34:00,103794.4,103825.3,103773.2,103825.2,6.909,717187.3961
2025-01-22 23:35:00,103825.2,103825.2,103773.2,103784.3,16.985,1762922.7349
2025-01-22 23:36:00,103784.3,103823.5,103752.4,103823.5,16.572,1720290.6798
2025-01-22 23:37:00,103823.5,103878.3,103823.5,103836.8,26.703,2773331.0764
2025-01-22 23:38:00,103836.8,103922.7,103836.8,103904.8,67.483,7010452.372
2025-01-22 23:39:00,103904.8,103941.6,103898.2,103930.2,24.582,2554745.9143
2025-01-22 23:40:00,103930.2,103930.2,103884.8,103884.8,27.045,2809778.2959
2025-01-22 23:41:00,103884.8,103925.0,103855.0,103925.0,8.828,917262.8054
2025-01-22 23:42:00,103925.0,103925.0,103876.8,103887.2,16.82,1747477.1727
2025-01-22 23:43:00,103887.2,103892.7,103879.5,103892.7,6.858,712464.0949
2025-01-22 23:44:00,103892.7,103892.7,103863.0,103869.3,14.759,1533022.6293
2025-01-22 23:45:00,103869.3,103882.3,103851.1,103882.3,20.345,2113225.5523
2025-01-22 23:46:00,103882.3,103882.3,103840.6,103840.9,7.405,769037.2158
2025-01-22 23:47:00,103840.9,103870.5,103840.9,103849.9,12.429,1290820.5314
2025-01-22 23:48:00,103849.9,103849.9,103776.4,103782.9,27.431,2848025.8731
2025-01-22 23:49:00,103782.9,103812.7,103782.6,103809.6,83.051,8620675.6447
2025-01-22 23:50:00,103809.6,103809.6,103809.5,103809.5,45.582,4731847.3378
2025-01-22 23:51:00,103809.5,103827.4,103809.5,103826.5,19.996,2075875.9809
2025-01-22 23:52:00,103826.5,103826.5,103695.2,103723.3,69.682,7227249.5566
2025-01-22 23:53:00,103723.3,103723.4,103673.2,103689.9,133.348,13827571.5541
2025-01-22 23:54:00,103689.9,103721.4,103663.6,103666.0,40.128,4160772.1046
2025-01-22 23:55:00,103666.0,103666.3,103606.4,103611.7,97.841,10139573.0837
2025-01-22 23:56:00,103611.7,103689.9,103607.5,103646.0,107.522,11143232.2911
2025-01-22 23:57:00,103646.0,103683.9,103627.9,103669.7,55.174,5718516.0855
2025-01-22 23:58:00,103669.7,103710.3,103646.9,103647.0,70.292,7287245.5857
2025-01-22 23:59:00,103647.0,103665.2,103629.5,103665.2,37.869,3924913.881
2025-01-23 00:00:00,103665.2,103666.0,103600.0,103613.5,79.236,8210877.9982
2025-01-23 00:01:00,103613.5,103637.4,103600.0,103637.4,100.077,10368683.4637
2025-01-23 00:02:00,103637.4,103743.6,103629.8,103629.8,32.634,3384081.5387
2025-01-23 00:03:00,103629.8,103638.2,103557.5,103557.5,57.127,5917665.9805
2025-01-23 00:04:00,103557.5,103716.0,103547.0,103659.2,63.14,6546222.7894
2025-01-23 00:05:00,103659.2,103707.2,103650.0,103696.3,36.049,3737220.4592
2025-01-23 00:06:00,103696.3,103704.0,103619.9,103628.9,20.572,2132005.0497
2025-01-23 00:07:00,103628.9,103753.9,103614.9,103753.9,18.139,1880763.6876
2025-01-23 00:08:00,103753.9,103777.6,103698.2,103709.9,32.291,3350329.4985
2025-01-23 00:09:00,103709.9,103738.1,103669.5,103669.8,51.878,5380317.5714
2025-01-23 00:10:00,103669.8,103669.8,103517.6,103618.7,42.047,4354444.2082
2025-01-23 00:11:00,103618.7,103637.4,103568.6,103611.9,69.099,7158871.0314
2025-01-23 00:12:00,103611.9,103612.3,103596.8,103602.0,8.24,853671.1656
2025-01-23 00:13:00,103602.0,103680.6,103602.0,103604.8,13.444,1393333.7926
2025-01-23 00:14:00,103604.8,103640.7,103602.8,103633.5,33.112,3431096.1679
2025-01-23 00:15:00,103633.5,103633.8,103550.0,103597.3,42.683,4421588.8627
2025-01-23 00:16:00,103597.3,103600.0,103556.4,103600.0,29.017,3005362.6211
2025-01-23 00:17:00,103600.0,103600.2,103537.2,103541.6,25.858,2677601.482
2025-01-23 00:18:00,103541.6,103566.0,103444.1,103486.1,64.477,6672504.3423
2025-01-23 00:19:00,103486.1,103507.6,103473.5,103488.4,129.939,13447729.0454
2025-01-23 00:20:00,103488.4,103520.0,103426.3,103485.3,48.944,5064808.2982
2025-01-23 00:21:00,103485.3,103485.3,103425.8,103443.1,84.864,8778640.8665
2025-01-23 00:22:00,103443.1,103472.2,103380.5,103449.0,52.583,5438081.4655
2025-01-23 00:23:00,103449.0,103449.5,103366.0,103366.1,134.639,13921605.8768
2025-01-23 00:24:00,103366.1,103366.1,103229.6,103237.7,235.18,24289233.2669
2025-01-23 00:25:00,103237.7,103237.7,103154.6,103198.8,423.662,43717666.5454
2025-01-23 00:26:00,103198.8,103256.7,103050.7,103221.2,419.353,43254886.7385
2025-01-23 00:27:00,103221.2,103265.2,103183.8,103236.8,451.192,46584689.6086
2025-01-23 00:28:00,103236.8,103254.4,103211.6,103225.6,111.655,11526145.0837
2025-01-23 00:29:00,103225.6,103383.2,103225.6,103353.9,66.239,6843266.2572
2025-01-23 00:30:00,103353.9,103472.6,103313.8,103422.8,102.594,10609591.439
2025-01-23 00:31:00,103422.8,103426.2,103338.1,103349.8,95.361,9857088.1725
2025-01-23 00:32:00,103349.8,103448.0,103325.4,103424.7,99.215,10258424.47
2025-01-23 00:33:00,103424.7,103553.8,103365.0,103550.3,86.181,8915905.6901
2025-01-23 00:34:00,103550.3,103600.8,103463.0,103493.1,193.556,20034802.9944
2025-01-23 00:35:00,103493.1,103528.2,103435.9,103451.7,61.069,6319354.0921
2025-01-23 00:36:00,103451.7,103452.0,103400.0,103400.0,42.972,4444386.4297
2025-01-23 00:37:00,103400.0,103472.7,103388.0,103450.0,36.722,3798387.5229
2025-01-23 00:38:00,103450.0,103453.7,103365.0,103437.8,63.784,6594726.2607
2025-01-23 00:39:00,103437.8,103467.2,103416.0,103431.4,83.089,8596009.3402
2025-01-23 00:40:00,103431.4,103436.2,103379.4,103395.1,19.766,2043660.1126
2025-01-23 00:41:00,103395.1,103523.9,103395.1,103494.2,31.363,3245667.3703
2025-01-23 00:42:00,103494.2,103494.2,103360.0,103360.1,53.506,5532454.3734
2025-01-23 00:43:00,103360.1,103436.7,103312.3,103325.6,24.679,2550531.5244
2025-01-23 00:44:00,103325.6,103326.8,103186.5,103205.9,65.603,6772009.2776
2025-01-23 00:45:00,103205.9,103274.2,103188.4,103249.6,113.948,11762759.9835
2025-01-23 00:46:00,103249.6,103249.7,103212.8,103245.3,91.572,9452559.5914
2025-01-23 00:47:00,103245.3,103245.4,103037.4,103115.1,83.71,8631864.4115
2025-01-23 00:48:00,103115.1,103198.1,103033.7,103041.4,213.313,21991672.4569
2025-01-23 00:49:00,103041.4,103181.9,103041.4,103172.9,157.613,16251884.0358
2025-01-23 00:50:00,103172.9,103193.8,103144.0,103185.5,141.233,14571426.8047
2025-01-23 00:51:00,103185.5,103185.5,103000.1,103099.9,91.752,9454047.6331
2025-01-23 00:52:00,103099.9,103193.6,103066.9,103179.6,218.705,22551470.7927
2025-01-23 00:53:00,103179.6,103200.0,103155.5,103200.0,84.762,8747220.2441
2025-01-23 00:54:00,103200.0,103326.0,103199.9,103290.7,109.094,11265701.0815
2025-01-23 00:55:00,103290.7,103320.2,103260.0,103313.9,91.535,9456225.1131
2025-01-23 00:56:00,103313.9,103400.2,103304.1,103400.2,32.965,3407119.7311
2025-01-23 00:57:00,103400.2,103430.0,103307.5,103314.5,79.016,8166443.2701
2025-01-23 00:58:00,103314.5,103336.1,103289.9,103290.2,74.15,7660212.5114
2025-01-23 00:59:00,103290.2,103312.2,103280.0,103280.1,22.224,2295547.9522
2025-01-23 01:00:00,103280.1,103291.3,103181.9,103255.1,26.374,2722675.9704
2025-01-23 01:01:00,103255.1,103255.4,103210.7,103247.2,61.77,6376504.0125
2025-01-23 01:02:00,103247.2,103335.7,103213.7,103306.7,44.67,4611910.4052
2025-01-23 01:03:00,103306.7,103369.0,103291.8,103360.4,38.888,4018989.9038
2025-01-23 01:04:00,103360.4,103360.4,103280.0,103280.0,18.268,1887666.2233
2025-01-23 01:05:00,103280.0,103313.4,103245.0,103254.7,22.155,2288120.3735
2025-01-23 16:06:00,105537.6,105588.1,105380.0,105458.3,204.917,21611871.6206
2025-01-23 16:07:00,105458.3,105475.0,105340.2,105460.0,216.26,22799732.8077
2025-01-23 16:08:00,105460.0,105776.2,105460.0,105775.9,197.272,20844139.4851
2025-01-23 16:09:00,105775.9,105850.0,105728.0,105751.3,433.473,45857621.0926
2025-01-23 16:10:00,105751.3,106563.4,105740.7,106025.6,1423.677,151186126.2283
2025-01-23 16:11:00,106025.6,106421.8,105966.5,106259.2,753.566,80039569.525
2025-01-23 16:12:00,106259.2,106299.6,106000.0,106272.6,677.149,71868479.9983
2025-01-23 16:13:00,106272.6,106395.0,106080.7,106345.4,690.323,73353332.4411
2025-01-23 16:14:00,106345.4,106464.1,106325.4,106462.8,607.233,64618511.0988
2025-01-23 16:15:00,106462.8,106839.1,106416.1,106686.8,808.284,86226070.3561
2025-01-23 16:16:00,106686.8,106773.5,106128.9,106206.8,773.115,82323955.187
2025-01-23 16:17:00,106206.8,106453.1,105999.9,106225.0,590.007,62718943.2423
2025-01-23 16:18:00,106225.0,106239.1,106000.0,106099.9,533.27,56572995.3285
2025-01-23 16:19:00,106099.9,106153.9,105742.5,105783.6,660.757,69999935.8126
2025-01-23 16:20:00,105783.6,105849.0,105265.0,105734.7,908.235,95836860.9427
2025-01-23 16:21:00,105734.7,105764.4,105349.8,105486.7,731.055,77093479.2383
2025-01-23 16:22:00,105486.7,105788.3,105415.5,105730.4,586.368,61939885.6487
2025-01-23 16:23:00,105730.4,105925.2,105668.6,105819.6,804.017,85071871.4249
2025-01-23 16:24:00,105819.6,105819.6,105645.7,105658.3,524.523,55460863.3229
2025-01-23 16:25:00,105658.3,105685.8,105462.8,105473.1,190.952,20163281.0033
2025-01-23 16:26:00,105473.1,105700.0,105460.0,105699.1,210.148,22193502.2419
2025-01-23 16:27:00,105699.1,105753.6,105509.8,105612.3,200.677,21191473.0177
2025-01-23 16:28:00,105612.3,105937.7,105612.0,105871.6,260.499,27561025.9019
2025-01-23 16:29:00,105871.6,105966.3,105871.3,105940.0,268.781,28469371.8293
2025-01-23 16:30:00,105940.0,106118.1,105940.0,106000.0,215.833,22881365.8135
2025-01-23 16:31:00,106000.0,106010.9,105875.8,105942.9,278.947,29553753.8559
2025-01-23 16:32:00,105942.9,105978.0,105821.2,105840.9,151.164,16010865.6546
2025-01-23 16:33:00,105840.9,106094.8,105836.9,106026.5,117.625,12468008.3701
2025-01-23 16:34:00,106026.5,106132.4,105893.4,105936.7,139.536,14792024.3656
2025-01-23 16:35:00,105936.7,105988.5,105787.3,105816.7,183.18,19393055.3372
2025-01-23 16:36:00,105816.7,105853.9,105714.5,105714.5,504.222,53349435.1749
2025-01-23 16:37:00,105714.5,105716.1,105588.8,105617.3,581.079,61379163.4761
2025-01-23 16:38:00,105617.3,105695.1,105518.2,105684.9,403.415,42606454.9812
2025-01-23 16:39:00,105684.9,105845.6,105684.8,105754.7,299.984,31733867.3307
2025-01-23 16:40:00,105754.7,105802.7,105566.9,105571.7,395.252,41766709.8899
2025-01-23 16:41:00,105571.7,105737.6,105523.7,105612.4,139.721,14755795.9259
2025-01-23 16:42:00,105612.4,105938.0,105588.1,105938.0,155.052,16392271.2006
2025-01-23 16:43:00,105938.0,106048.7,105894.0,105906.9,185.913,19700920.3885
2025-01-23 16:44:00,105906.9,106042.8,105906.8,106012.0,237.716,25193515.3869
2025-01-23 16:45:00,106012.0,106384.1,105957.2,106314.0,722.777,76695548.3352
2025-01-23 16:46:00,106314.0,106345.5,106200.0,106236.9,534.72,56831545.3646
2025-01-23 16:47:00,106236.9,106249.7,106094.4,106131.9,242.119,25705978.0277
2025-01-23 16:48:00,106131.9,106140.6,105888.0,106023.8,237.642,25196030.5145
2025-01-23 16:49:00,106023.8,106025.5,105754.6,105785.6,391.02,41394234.0377
2025-01-23 16:50:00,105785.6,105844.9,105211.2,105217.5,602.633,63551825.2823
2025-01-23 16:51:00,105217.5,105373.1,105120.0,105373.1,718.87,75671289.9307
2025-01-23 16:52:00,105373.1,105418.2,105005.0,105085.0,639.192,67229703.937
2025-01-23 16:53:00,105085.0,105270.0,105018.7,105224.4,592.603,62302854.4619
2025-01-23 16:54:00,105224.4,105330.5,105181.6,105239.6,405.673,42693877.9915
2025-01-23 16:55:00,105239.6,105380.4,105224.7,105357.9,260.937,27477387.5774
2025-01-23 16:56:00,105357.9,105416.6,105214.5,105214.6,235.019,24753867.7269
2025-01-23 16:57:00,105214.6,105279.3,105021.0,105107.8,225.226,23675509.1824
2025-01-23 16:58:00,105107.8,105174.3,105050.0,105123.7,176.369,18543447.2546
2025-01-23 16:59:00,105123.7,105172.7,105052.6,105100.0,82.959,8721121.4263
2025-01-23 17:00:00,105100.0,105112.1,104800.0,104886.3,371.847,39005077.3152
2025-01-23 17:01:00,104886.3,104921.0,104455.2,104511.7,650.652,68116796.1383
2025-01-23 17:02:00,104511.7,104577.4,104167.2,104487.3,1132.662,118167954.7466
2025-01-23 17:03:00,104487.3,104702.3,104392.8,104600.2,575.496,60185090.7453
2025-01-23 17:04:00,104600.2,104659.1,104412.3,104636.3,353.741,36974206.9933
2025-01-23 17:05:00,104636.3,104834.5,104537.5,104773.9,318.401,33340338.5884
2025-01-23 17:06:00,104773.9,104779.6,104523.9,104680.7,460.054,48134643.4457
2025-01-23 17:07:00,104680.7,104818.0,104461.5,104513.9,739.275,77420081.4433
2025-01-23 17:08:00,104513.9,104714.9,104497.5,104701.4,509.398,53279165.2223
2025-01-23 17:09:00,104701.4,104841.1,104688.6,104709.2,97.585,10225358.9981
2025-01-23 17:10:00,104709.2,104816.7,104570.0,104614.9,131.172,13734622.0849
2025-01-23 17:11:00,104614.9,104705.1,104558.8,104568.1,251.612,26325663.7554
2025-01-23 17:12:00,104568.1,104674.7,104506.1,104656.4,325.093,34002185.0759
2025-01-23 17:13:00,104656.4,104722.9,104524.0,104722.9,71.958,7527988.541
2025-01-23 17:14:00,104722.9,104771.4,104656.8,104693.4,57.058,5975427.8105
2025-01-23 17:15:00,104693.4,104750.2,104618.0,104709.4,80.684,8444968.1024
2025-01-23 17:16:00,104709.4,104873.9,104704.5,104838.2,116.957,12255918.0431
2025-01-23 17:17:00,104838.2,104994.8,104838.2,104949.9,181.37,19033114.217
2025-01-23 17:18:00,104949.9,104950.2,104810.3,104876.1,230.27,24155202.2534
2025-01-23 17:19:00,104876.1,104938.9,104810.4,104829.3,48.114,5045200.7402
2025-01-23 17:20:00,104829.3,105000.0,104800.0,104966.6,89.092,9350039.6278
2025-01-23 17:21:00,104966.6,104968.2,104843.4,104947.5,162.661,17067002.8134
2025-01-23 17:22:00,104947.5,104947.5,104756.6,104756.6,113.81,11930760.9184
2025-01-23 17:23:00,104756.6,104885.2,104756.3,104803.5,96.21,10085158.9495
2025-01-23 17:24:00,104803.5,104892.8,104780.0,104886.9,105.725,11084708.8417
2025-01-23 17:25:00,104886.9,104987.2,104850.0,104977.6,62.014,6505488.939
2025-01-23 17:26:00,104977.6,105100.2,104939.2,105087.4,115.276,12110732.69
2025-01-23 17:27:00,105087.4,105321.8,105078.6,105308.5,620.571,65315777.9947
2025-01-23 17:28:00,105308.5,105322.1,105200.4,105248.1,522.028,54944678.9671
2025-01-23 17:29:00,105248.1,105248.1,105174.1,105228.8,167.231,17594718.9551
2025-01-23 17:30:00,105228.8,105300.0,105227.5,105298.5,89.344,9404955.2608
2025-01-23 17:31:00,105298.5,105332.5,105231.6,105259.2,158.574,16696835.6011
2025-01-23 17:32:00,105259.2,105598.5,105174.7,105436.5,224.993,23721180.4339
2025-01-23 17:33:00,105436.5,105436.5,105260.3,105305.9,372.424,39218771.3462
2025-01-23 17:34:00,105305.9,105446.7,105220.1,105427.0,158.256,16671172.5234
2025-01-23 17:35:00,105427.0,105523.4,105358.0,105514.4,88.474,9329748.4425
2025-01-23 17:36:00,105514.4,105518.3,105422.9,105456.8,136.135,14358785.3694
2025-01-23 17:37:00,105456.8,105600.0,105418.3,105511.4,107.393,11328112.3009
2025-01-23 17:38:00,105511.4,105560.2,105413.0,105560.2,176.468,18611569.6048
2025-01-23 17:39:00,105560.2,105651.1,105352.9,105352.9,109.954,11602820.981
2025-01-23 17:40:00,105352.9,105436.2,105331.4,105428.5,211.483,22289128.8618
2025-01-23 17:41:00,105428.5,105500.0,105386.7,105500.0,60.77,6407255.1507
2025-01-23 17:42:00,105500.0,105544.5,105439.0,105450.1,37.175,3921487.3109
2025-01-23 17:43:00,105450.1,105490.3,105400.4,105444.4,47.72,5030521.8825
2025-01-23 17:44:00,105444.4,105555.0,105444.4,105550.1,52.806,5571819.7924
2025-01-23 17:45:00,105550.1,105680.2,105505.2,105675.0,73.052,7715050.5277
2025-01-24 02:06:00,103099.6,103240.8,103098.8,103237.1,28.601,2950712.2505
2025-01-24 02:07:00,103237.1,103244.6,103221.1,103244.3,31.825,3285511.5534
2025-01-24 02:08:00,103244.3,103283.1,103221.4,103229.6,26.755,2762608.6937
2025-01-24 02:09:00,103229.6,103230.0,103076.8,103123.3,43.102,4445997.9302
2025-01-24 02:10:00,103123.3,103136.9,103091.2,103091.2,29.866,3079351.0948
2025-01-24 02:11:00,103091.2,103122.7,103086.6,103122.7,12.549,1293712.3498
2025-01-24 02:12:00,103122.7,103230.2,103122.7,103230.2,8.963,925075.3745
2025-01-24 02:13:00,103230.2,103230.2,103200.0,103200.1,12.803,1321361.3726
2025-01-24 02:14:00,103200.1,103217.7,103200.0,103210.7,13.22,1364317.2606
2025-01-24 02:15:00,103210.7,103261.9,103200.0,103229.4,13.952,1440312.1104
2025-01-24 02:16:00,103229.4,103388.2,103217.6,103385.1,39.003,4030022.9584
2025-01-24 02:17:00,103385.1,103441.0,103370.0,103383.5,105.105,10868023.7267
2025-01-24 02:18:00,103383.5,103428.3,103378.8,103412.4,67.85,7015107.0603
2025-01-24 02:19:00,103412.4,103417.5,103300.0,103300.3,50.682,5238831.4988
2025-01-24 02:20:00,103300.3,103329.1,103230.9,103277.1,52.105,5380924.3135
2025-01-24 02:21:00,103277.1,103343.3,103276.9,103324.3,40.042,4136450.3968
2025-01-24 02:22:00,103324.3,103324.3,103223.3,103266.5,19.159,1978235.4151
2025-01-24 02:23:00,103266.5,103272.3,103218.9,103248.0,18.203,1879406.0236
2025-01-24 02:24:00,103248.0,103343.3,103248.0,103343.0,25.805,2665842.3936
2025-01-24 02:25:00,103343.0,103400.0,103285.2,103285.2,13.207,1364949.2896
2025-01-24 02:26:00,103285.2,103321.1,103264.9,103320.9,11.381,1175498.0914
2025-01-24 02:27:00,103320.9,103333.3,103285.5,103327.3,11.768,1215804.6028
2025-01-24 02:28:00,103327.3,103363.3,103314.9,103363.0,14.686,1517503.207
2025-01-24 02:29:00,103363.0,103363.3,103320.4,103335.3,15.221,1572901.6234
2025-01-24 02:30:00,103335.3,103365.6,103320.4,103365.6,12.72,1314540.258
2025-01-24 02:31:00,103365.6,103432.6,103300.1,103404.9,16.419,1697211.4018
2025-01-24 02:32:00,103404.9,103439.6,103404.9,103439.6,27.717,2866629.2547
2025-01-24 02:33:00,103439.6,103484.3,103439.3,103450.2,39.291,4065467.9598
2025-01-24 02:34:00,103450.2,103450.2,103422.6,103422.7,60.505,6258075.7962
2025-01-24 02:35:00,103422.7,103426.3,103385.1,103385.1,21.312,2203792.8832
2025-01-24 02:36:00,103385.1,103406.0,103370.6,103406.0,14.941,1544786.9869
2025-01-24 02:37:00,103406.0,103406.0,103351.8,103394.4,10.784,1114904.0283
2025-01-24 02:38:00,103394.4,103394.4,103320.9,103324.1,15.424,1594092.0633
2025-01-24 02:39:00,103324.1,103355.2,103300.0,103300.0,30.766,3178924.8694
2025-01-24 02:40:00,103300.0,103300.0,103226.0,103251.7,39.939,4124385.7993
2025-01-24 02:41:00,103251.7,103254.2,103221.0,103239.4,70.554,7283721.3921
2025-01-24 02:42:00,103239.4,103257.2,103217.7,103222.2,23.034,2377910.2088
2025-01-24 02:43:00,103222.2,103276.1,103222.2,103252.1,12.272,1267012.6589
2025-01-24 02:44:00,103252.1,103252.2,103241.8,103241.8,9.49,979766.6522
2025-01-24 02:45:00,103241.8,103241.9,103130.1,103150.0,15.66,1615843.1357
2025-01-24 02:46:00,103150.0,103200.2,103130.0,103130.0,38.953,4019373.9349
2025-01-24 02:47:00,103130.0,103130.1,102906.0,102910.9,122.379,12600456.0441
2025-01-24 02:48:00,102910.9,102988.0,102906.4,102976.0,249.187,25654053.9787
2025-01-24 02:49:00,102976.0,103057.0,102975.1,103004.6,97.054,9997740.6149
2025-01-24 02:50:00,103004.6,103098.7,103004.6,103098.7,71.009,7317808.8909
2025-01-24 02:51:00,103098.7,103249.0,103095.3,103174.3,56.083,5785592.3219
2025-01-24 02:52:00,103174.3,103174.4,103130.1,103145.9,60.241,6213430.9989
2025-01-24 02:53:00,103145.9,103148.4,103107.3,103123.1,47.502,4898756.1591
2025-01-24 02:54:00,103123.1,103123.1,103005.9,103005.9,35.727,3682100.4984
2025-01-24 02:55:00,103005.9,103006.2,102958.1,102973.2,59.349,6111941.5202
2025-01-24 02:56:00,102973.2,103025.2,102973.2,103007.6,75.527,7779365.1558
2025-01-24 02:57:00,103007.6,103010.3,102979.9,102993.1,55.347,5700152.5775
2025-01-24 02:58:00,102993.1,103000.2,102971.4,102978.7,42.854,4413433.517
2025-01-24 02:59:00,102978.7,102995.8,102978.7,102978.8,32.309,3327299.7904
2025-01-24 03:00:00,102978.8,103064.3,102978.7,103048.1,52.684,5427514.0488
2025-01-24 03:01:00,103048.1,103272.5,103047.0,103263.3,105.076,10838654.6473
2025-01-24 03:02:00,103263.3,103351.7,103250.0,103328.8,183.652,18973567.1858
2025-01-24 03:03:00,103328.8,103338.0,103300.5,103338.0,314.35,32477886.6043
2025-01-24 03:04:00,103338.0,103400.0,103229.3,103239.2,139.744,14440610.9411
2025-01-24 03:05:00,103239.2,103240.6,103159.7,103240.6,170.276,17573379.7497
2025-01-24 03:06:00,103240.6,103240.6,103181.9,103183.1,68.995,7119328.0335
2025-01-24 03:07:00,103183.1,103264.5,103181.9,103264.2,23.129,2387540.9801
2025-01-24 03:08:00,103264.2,103277.2,103117.1,103179.8,36.385,3754133.6999
2025-01-24 03:09:00,103179.8,103249.9,103179.8,103220.2,41.533,4286559.2144
2025-01-24 03:10:00,103220.2,103244.5,103134.1,103164.5,20.552,2120261.4916
2025-01-24 03:11:00,103164.5,103181.6,103106.5,103138.6,22.212,2291281.1098
2025-01-24 03:12:00,103138.6,103187.7,103084.7,103097.3,30.113,3105277.8635
2025-01-24 03:13:00,103097.3,103158.6,103097.3,103138.7,22.132,2282581.4228
2025-01-24 03:14:00,103138.7,103160.2,103128.5,103159.9,15.058,1553149.6424
2025-01-24 03:15:00,103159.9,103169.2,103135.7,103135.8,12.572,1296766.4957
2025-01-24 03:16:00,103135.8,103137.7,103027.4,103076.4,22.397,2308373.9642
2025-01-24 03:17:00,103076.4,103172.1,103076.4,103144.8,44.782,4619176.6231
2025-01-24 03:18:00,103144.8,103145.9,102988.1,102991.2,94.234,9707489.1257
2025-01-24 03:19:00,102991.2,103105.0,102991.1,103071.2,228.653,23569892.2836
2025-01-24 03:20:00,103071.2,103112.6,103048.5,103082.2,25.782,2657671.2418
2025-01-24 03:21:00,103082.2,103103.4,102986.1,102998.5,23.835,2455793.0531
2025-01-24 03:22:00,102998.5,103028.9,102977.0,103001.5,34.079,3510454.7521
2025-01-24 03:23:00,103001.5,103001.5,102921.1,102945.8,39.419,4059075.9726
2025-01-24 03:24:00,102945.8,102963.0,102700.0,102700.1,203.394,20912595.4939
2025-01-24 03:25:00,102700.1,102796.3,102700.0,102788.5,405.44,41662575.7118
2025-01-24 03:26:00,102788.5,103066.8,102788.5,103066.6,248.574,25597309.6347
2025-01-24 03:27:00,103066.6,103475.6,103066.0,103470.5,363.579,37575044.3401
2025-01-24 03:28:00,103470.5,103781.5,103459.4,103630.6,602.061,62421455.5381
2025-01-24 03:29:00,103630.6,103630.6,103423.1,103427.1,540.136,55891866.5348
2025-01-24 03:30:00,103427.1,103719.0,103400.0,103700.3,263.582,27298772.7285
2025-01-24 03:31:00,103700.3,103728.7,103544.7,103619.6,244.978,25387074.1475
2025-01-24 03:32:00,103619.6,103619.6,103520.0,103520.3,146.745,15196309.9317
2025-01-24 03:33:00,103520.3,103706.0,103512.6,103706.0,95.662,9915079.0854
2025-01-24 03:34:00,103706.0,103859.4,103700.0,103853.5,106.626,11063056.5778
2025-01-24 03:35:00,103853.5,103900.2,103720.0,103749.9,160.852,16693020.2156
2025-01-24 03:36:00,103749.9,104250.0,103749.9,104250.0,520.514,54145017.1965
2025-01-24 03:37:00,104250.0,104250.0,104070.2,104120.8,519.298,54070766.8488
2025-01-24 03:38:00,104120.8,104195.4,104088.7,104098.5,146.196,15223670.2763
2025-01-24 03:39:00,104098.5,104227.4,104053.2,104201.5,126.949,13220421.4677
2025-01-24 03:40:00,104201.5,104206.2,104061.1,104090.3,186.462,19415304.8101
2025-01-24 03:41:00,104090.3,104093.8,103958.6,103995.5,143.67,14945955.0884
2025-01-24 03:42:00,103995.5,104218.4,103995.5,104211.5,140.365,14614132.3904
2025-01-24 03:43:00,104211.5,104211.5,104103.5,104124.0,102.066,10628290.2774
2025-01-24 03:44:00,104124.0,104140.0,104036.6,104072.8,57.209,5953264.2953
2025-01-24 03:45:00,104072.8,104138.0,103973.5,103982.1,66.168,6884744.8236
