time,open,high,low,close,volume
2024-12-12 17:43:00+09:00,2.4312,2.4325,2.4305,2.4321,338102.8
2024-12-12 17:44:00+09:00,2.4322,2.4325,2.4305,2.4310,506669.3
2024-12-12 17:45:00+09:00,2.4310,2.4334,2.4306,2.4331,373507.6
2024-12-12 17:46:00+09:00,2.4331,2.4333,2.4284,2.4299,1688655.2
2024-12-12 17:47:00+09:00,2.4299,2.4328,2.4290,2.4324,440796.2
2024-12-12 17:48:00+09:00,2.4325,2.4349,2.4323,2.4340,457847.9
2024-12-12 17:49:00+09:00,2.4340,2.4340,2.4319,2.4319,260750.0
2024-12-12 17:50:00+09:00,2.4319,2.4326,2.4288,2.4298,530404.9
2024-12-12 17:51:00+09:00,2.4298,2.4328,2.4297,2.4313,337153.1
2024-12-12 17:52:00+09:00,2.4314,2.4324,2.4306,2.4307,262093.5
2024-12-12 17:53:00+09:00,2.4306,2.4309,2.4275,2.4278,974537.5
2024-12-12 17:54:00+09:00,2.4279,2.4293,2.4273,2.4290,297021.6
2024-12-12 17:55:00+09:00,2.4289,2.4321,2.4289,2.4319,282635.3
2024-12-12 17:56:00+09:00,2.4318,2.4350,2.4301,2.4338,420620.8
2024-12-12 17:57:00+09:00,2.4338,2.4367,2.4337,2.4365,408219.3
2024-12-12 17:58:00+09:00,2.4364,2.4364,2.4329,2.4329,289158.4
2024-12-12 17:59:00+09:00,2.4329,2.4344,2.4325,2.4340,271593.7
2024-12-12 18:00:00+09:00,2.4339,2.4366,2.4335,2.4361,379186.0
2024-12-12 18:01:00+09:00,2.4361,2.4361,2.4334,2.4351,292838.5
2024-12-12 18:02:00+09:00,2.4352,2.4387,2.4352,2.4379,457425.9
2024-12-12 18:03:00+09:00,2.4379,2.4439,2.4373,2.4430,1776586.5
2024-12-12 18:04:00+09:00,2.4430,2.4470,2.4429,2.4468,721939.9
2024-12-12 18:05:00+09:00,2.4468,2.4470,2.4423,2.4431,561036.9
2024-12-12 18:06:00+09:00,2.4431,2.4450,2.4420,2.4432,632325.7
2024-12-12 18:07:00+09:00,2.4432,2.4432,2.4390,2.4410,691781.5
2024-12-12 18:08:00+09:00,2.4410,2.4413,2.4372,2.4392,572106.7
2024-12-12 18:09:00+09:00,2.4392,2.4433,2.4392,2.4425,474737.4
2024-12-12 18:10:00+09:00,2.4426,2.4452,2.4407,2.4407,1623071.5
2024-12-12 18:11:00+09:00,2.4407,2.4425,2.4393,2.4424,368475.1
2024-12-12 18:12:00+09:00,2.4425,2.4450,2.4418,2.4439,371248.3
2024-12-12 18:13:00+09:00,2.4439,2.4449,2.4431,2.4447,417932.7
2024-12-12 18:14:00+09:00,2.4448,2.4448,2.4411,2.4413,346138.7
2024-12-12 18:15:00+09:00,2.4414,2.4475,2.4411,2.4462,612863.4
2024-12-12 18:16:00+09:00,2.4463,2.4469,2.4441,2.4457,346326.9
2024-12-12 18:17:00+09:00,2.4457,2.4488,2.4450,2.4468,867201.3
2024-12-12 18:18:00+09:00,2.4467,2.4484,2.4448,2.4483,953293.3
2024-12-12 18:19:00+09:00,2.4484,2.4507,2.4438,2.4438,1341595.6
2024-12-12 18:20:00+09:00,2.4438,2.4439,2.4369,2.4380,2210983.4
2024-12-12 18:21:00+09:00,2.4380,2.4424,2.4374,2.4384,672352.3
2024-12-12 18:22:00+09:00,2.4384,2.4415,2.4382,2.4395,334476.1
2024-12-12 18:23:00+09:00,2.4394,2.4405,2.4372,2.4381,369132.1
2024-12-12 18:24:00+09:00,2.4382,2.4453,2.4373,2.4445,1550706.8
2024-12-12 18:25:00+09:00,2.4443,2.4450,2.4392,2.4395,811743.4
2024-12-12 18:26:00+09:00,2.4395,2.4404,2.4378,2.4398,473887.9
2024-12-12 18:27:00+09:00,2.4398,2.4401,2.4357,2.4367,553168.0
2024-12-12 18:28:00+09:00,2.4367,2.4380,2.4355,2.4368,1377661.2
2024-12-12 18:29:00+09:00,2.4369,2.4388,2.4368,2.4374,304861.4
2024-12-12 18:30:00+09:00,2.4374,2.4378,2.4323,2.4326,781870.3
2024-12-12 18:31:00+09:00,2.4325,2.4334,2.4300,2.4332,1251952.0
2024-12-12 18:32:00+09:00,2.4333,2.4348,2.4291,2.4296,836433.3
2024-12-12 18:33:00+09:00,2.4296,2.4325,2.4288,2.4314,578736.9
2024-12-12 18:34:00+09:00,2.4314,2.4339,2.4302,2.4316,823786.9
2024-12-12 18:35:00+09:00,2.4316,2.4340,2.4307,2.4315,361266.3
2024-12-12 18:36:00+09:00,2.4314,2.4337,2.4308,2.4315,531837.2
2024-12-12 18:37:00+09:00,2.4316,2.4320,2.4279,2.4302,1240987.7
2024-12-12 18:38:00+09:00,2.4301,2.4301,2.4260,2.4264,1053495.7
2024-12-12 18:39:00+09:00,2.4264,2.4284,2.4252,2.4268,834664.0
2024-12-12 18:40:00+09:00,2.4268,2.4287,2.4258,2.4269,1074208.9
2024-12-12 18:41:00+09:00,2.4269,2.4270,2.4183,2.4196,4821886.5
2024-12-12 18:42:00+09:00,2.4197,2.4204,2.4174,2.4196,1323118.9
2024-12-12 18:43:00+09:00,2.4196,2.4213,2.4172,2.4198,1301920.4
2024-12-12 18:44:00+09:00,2.4199,2.4229,2.4199,2.4221,543229.3
2024-12-12 18:45:00+09:00,2.4222,2.4234,2.4208,2.4228,701881.7
2024-12-12 18:46:00+09:00,2.4228,2.4256,2.4226,2.4251,946717.6
2024-12-12 18:47:00+09:00,2.4250,2.4271,2.4242,2.4253,619762.3
2024-12-12 18:48:00+09:00,2.4253,2.4255,2.4196,2.4203,896785.5
2024-12-12 18:49:00+09:00,2.4203,2.4250,2.4200,2.4248,648000.9
2024-12-12 18:50:00+09:00,2.4248,2.4275,2.4241,2.4269,478334.5
2024-12-12 18:51:00+09:00,2.4268,2.4284,2.4255,2.4269,543605.4
2024-12-12 18:52:00+09:00,2.4269,2.4286,2.4262,2.4271,489854.7
2024-12-12 18:53:00+09:00,2.4271,2.4290,2.4265,2.4274,658820.8
2024-12-12 18:54:00+09:00,2.4275,2.4300,2.4262,2.4299,1210234.0
2024-12-12 18:55:00+09:00,2.4299,2.4307,2.4278,2.4304,1024005.1
2024-12-12 18:56:00+09:00,2.4304,2.4317,2.4286,2.4286,472958.6
2024-12-12 18:57:00+09:00,2.4285,2.4296,2.4280,2.4280,341012.0
2024-12-12 18:58:00+09:00,2.4281,2.4281,2.4228,2.4228,697611.2
2024-12-12 18:59:00+09:00,2.4228,2.4228,2.4171,2.4187,1650083.4
2024-12-12 19:00:00+09:00,2.4188,2.4191,2.4121,2.4130,2815772.8
2024-12-12 19:01:00+09:00,2.4129,2.4136,2.4011,2.4044,4961748.5
2024-12-12 19:02:00+09:00,2.4045,2.4092,2.4044,2.4065,1992045.6
2024-12-12 19:03:00+09:00,2.4066,2.4073,2.4023,2.4036,1489935.0
2024-12-12 19:04:00+09:00,2.4037,2.4065,2.4016,2.4041,1242390.8
2024-12-12 19:05:00+09:00,2.4041,2.4041,2.3961,2.3979,3722688.3
2024-12-12 19:06:00+09:00,2.3980,2.4000,2.3935,2.3966,2388435.5
2024-12-12 19:07:00+09:00,2.3966,2.3994,2.3932,2.3940,2033591.4
2024-12-12 19:08:00+09:00,2.3940,2.3974,2.3912,2.3949,1358525.9
2024-12-12 19:09:00+09:00,2.3949,2.3970,2.3906,2.3920,1497369.7
2024-12-12 19:10:00+09:00,2.3920,2.4019,2.3916,2.4002,2425304.4
2024-12-12 19:11:00+09:00,2.4003,2.4050,2.3980,2.3985,1790510.5
2024-12-12 19:12:00+09:00,2.3985,2.3991,2.3928,2.3954,1762956.1
2024-12-12 19:13:00+09:00,2.3954,2.4004,2.3949,2.3997,878779.4
2024-12-12 19:14:00+09:00,2.3997,2.3997,2.3962,2.3977,704769.8
2024-12-12 19:15:00+09:00,2.3977,2.3992,2.3905,2.3924,2109386.3
2024-12-12 19:16:00+09:00,2.3923,2.3931,2.3894,2.3912,1693162.5
2024-12-12 19:17:00+09:00,2.3911,2.3980,2.3908,2.3970,1401352.4
2024-12-12 19:18:00+09:00,2.3971,2.4020,2.3958,2.4013,1782370.5
2024-12-12 19:19:00+09:00,2.4014,2.4027,2.3972,2.3974,1436634.2
2024-12-12 19:20:00+09:00,2.3974,2.4023,2.3963,2.4003,920505.6
2024-12-12 19:21:00+09:00,2.4003,2.4027,2.3991,2.4023,785950.1
2024-12-12 19:22:00+09:00,2.4023,2.4051,2.3996,2.4005,1174568.4
2024-12-12 19:23:00+09:00,2.4005,2.4010,2.3982,2.4003,969168.9
2024-12-12 19:24:00+09:00,2.4004,2.4055,2.3992,2.4044,1021514.7
2024-12-12 19:25:00+09:00,2.4045,2.4083,2.4027,2.4072,1379514.7
2024-12-12 19:26:00+09:00,2.4073,2.4118,2.4065,2.4106,1611642.9
2024-12-12 19:27:00+09:00,2.4106,2.4141,2.4077,2.4083,1446924.3
2024-12-12 19:28:00+09:00,2.4083,2.4085,2.4063,2.4064,598222.4
2024-12-12 19:29:00+09:00,2.4064,2.4087,2.4059,2.4087,545755.7
2024-12-12 19:30:00+09:00,2.4088,2.4101,2.4066,2.4067,695537.1
2024-12-12 19:31:00+09:00,2.4066,2.4067,2.4017,2.4052,1246916.5
2024-12-12 19:32:00+09:00,2.4052,2.4077,2.4032,2.4032,616135.3
2024-12-12 19:33:00+09:00,2.4032,2.4114,2.4032,2.4105,736438.0
2024-12-12 19:34:00+09:00,2.4104,2.4104,2.4064,2.4073,494303.4
2024-12-12 19:35:00+09:00,2.4073,2.4074,2.3999,2.4016,1065546.2
2024-12-12 19:36:00+09:00,2.4016,2.4040,2.4005,2.4018,1017901.2
2024-12-12 19:37:00+09:00,2.4018,2.4050,2.4005,2.4012,590475.4
2024-12-12 19:38:00+09:00,2.4013,2.4018,2.4000,2.4010,370502.8
2024-12-12 19:39:00+09:00,2.4010,2.4031,2.4001,2.4005,677819.1
2024-12-12 19:40:00+09:00,2.4004,2.4017,2.3980,2.4008,711700.2
2024-12-12 19:41:00+09:00,2.4008,2.4052,2.4005,2.4032,427203.8
2024-12-12 19:42:00+09:00,2.4033,2.4083,2.4029,2.4071,802192.5
2024-12-12 19:43:00+09:00,2.4071,2.4076,2.4045,2.4045,790455.7
2024-12-12 19:44:00+09:00,2.4045,2.4059,2.4036,2.4056,351823.7
2024-12-12 19:45:00+09:00,2.4056,2.4056,2.4023,2.4049,588025.6
2024-12-12 19:46:00+09:00,2.4049,2.4058,2.4009,2.4049,698403.7
2024-12-12 19:47:00+09:00,2.4049,2.4050,2.4010,2.4015,525497.8
2024-12-12 19:48:00+09:00,2.4016,2.4016,2.3988,2.4008,659896.9
2024-12-12 19:49:00+09:00,2.4009,2.4009,2.3978,2.3984,597098.9
2024-12-12 19:50:00+09:00,2.3985,2.4009,2.3984,2.3995,652092.5
2024-12-12 19:51:00+09:00,2.3996,2.4010,2.3975,2.3989,686024.8
2024-12-12 19:52:00+09:00,2.3989,2.3989,2.3934,2.3946,1637776.5
2024-12-12 19:53:00+09:00,2.3946,2.3947,2.3896,2.3936,1929676.7
2024-12-12 19:54:00+09:00,2.3937,2.3961,2.3919,2.3961,673446.6
2024-12-12 19:55:00+09:00,2.3962,2.3979,2.3944,2.3959,724540.3
2024-12-12 19:56:00+09:00,2.3958,2.3990,2.3942,2.3986,441550.4
2024-12-12 19:57:00+09:00,2.3986,2.4010,2.3983,2.4000,665611.8
2024-12-12 19:58:00+09:00,2.3999,2.4029,2.3994,2.4005,600036.7
2024-12-12 19:59:00+09:00,2.4005,2.4005,2.3972,2.3980,420401.1
2024-12-12 20:00:00+09:00,2.3980,2.4016,2.3955,2.3988,595797.5
2024-12-12 20:01:00+09:00,2.3988,2.3999,2.3961,2.3987,443707.9
2024-12-12 20:02:00+09:00,2.3986,2.4010,2.3970,2.3970,543809.2
2024-12-12 20:03:00+09:00,2.3970,2.3971,2.3911,2.3913,730945.8
2024-12-12 20:04:00+09:00,2.3914,2.3926,2.3822,2.3831,4578111.0
2024-12-12 20:05:00+09:00,2.3831,2.3966,2.3826,2.3959,1798200.6
2024-12-12 20:06:00+09:00,2.3958,2.3996,2.3902,2.3994,1003164.8
2024-12-12 20:07:00+09:00,2.3994,2.4006,2.3963,2.3988,981778.9
2024-12-12 20:08:00+09:00,2.3987,2.4030,2.3982,2.3986,871237.3
2024-12-12 20:09:00+09:00,2.3986,2.3986,2.3937,2.3939,467996.6
2024-12-12 20:10:00+09:00,2.3938,2.3938,2.3861,2.3862,1012670.1
2024-12-12 20:11:00+09:00,2.3861,2.3886,2.3826,2.3840,1729819.3
2024-12-12 20:12:00+09:00,2.3839,2.3859,2.3792,2.3856,2960020.4
2024-12-12 20:13:00+09:00,2.3856,2.3859,2.3798,2.3828,1689488.1
2024-12-12 20:14:00+09:00,2.3829,2.3839,2.3810,2.3812,1161553.8
2024-12-12 20:15:00+09:00,2.3813,2.3870,2.3812,2.3870,1131184.7
2024-12-12 20:16:00+09:00,2.3870,2.3882,2.3844,2.3867,784541.2
2024-12-12 20:17:00+09:00,2.3867,2.3910,2.3858,2.3884,977593.3
2024-12-12 20:18:00+09:00,2.3885,2.3958,2.3885,2.3951,1471225.3
2024-12-12 20:19:00+09:00,2.3951,2.3957,2.3891,2.3905,749277.7
2024-12-12 20:20:00+09:00,2.3904,2.3916,2.3845,2.3845,1004219.8
2024-12-12 20:21:00+09:00,2.3847,2.3872,2.3838,2.3843,1155890.6
2024-12-12 20:22:00+09:00,2.3844,2.3878,2.3811,2.3812,1345642.2
2024-12-12 20:23:00+09:00,2.3811,2.3875,2.3811,2.3875,1013598.1
2024-12-12 20:24:00+09:00,2.3875,2.3927,2.3873,2.3892,880495.7
2024-12-12 20:25:00+09:00,2.3892,2.3898,2.3865,2.3884,482540.9
2024-12-12 20:26:00+09:00,2.3884,2.3916,2.3879,2.3902,411175.7
2024-12-12 20:27:00+09:00,2.3902,2.3952,2.3889,2.3950,649445.8
2024-12-12 20:28:00+09:00,2.3951,2.3967,2.3914,2.3955,1371806.8
2024-12-12 20:29:00+09:00,2.3955,2.3972,2.3955,2.3966,623352.8
2024-12-12 20:30:00+09:00,2.3967,2.3970,2.3937,2.3964,1037503.1
2024-12-12 20:31:00+09:00,2.3963,2.3980,2.3940,2.3947,721467.4
2024-12-12 20:32:00+09:00,2.3947,2.3959,2.3926,2.3927,553821.5
2024-12-12 20:33:00+09:00,2.3926,2.3953,2.3874,2.3882,1996093.6
2024-12-12 20:34:00+09:00,2.3883,2.3920,2.3873,2.3907,1363552.5
2024-12-12 20:35:00+09:00,2.3907,2.3912,2.3863,2.3864,660734.9
2024-12-12 20:36:00+09:00,2.3864,2.3895,2.3851,2.3890,794763.4
2024-12-12 20:37:00+09:00,2.3892,2.3924,2.3883,2.3923,1009213.0
2024-12-12 20:38:00+09:00,2.3923,2.3950,2.3920,2.3938,604387.5
2024-12-12 20:39:00+09:00,2.3939,2.3979,2.3931,2.3975,766500.7
2024-12-12 20:40:00+09:00,2.3975,2.4025,2.3969,2.4024,1004260.7
2024-12-12 20:41:00+09:00,2.4025,2.4060,2.3992,2.3992,1753273.9
2024-12-12 20:42:00+09:00,2.3993,2.4004,2.3969,2.3991,601013.6
2024-12-12 20:43:00+09:00,2.3990,2.4000,2.3969,2.3988,544467.9
2024-12-12 20:44:00+09:00,2.3988,2.4000,2.3980,2.3981,1093094.9
2024-12-12 20:45:00+09:00,2.3981,2.4016,2.3955,2.4013,672863.2
2024-12-12 20:46:00+09:00,2.4014,2.4015,2.3984,2.3984,624711.7
2024-12-12 20:47:00+09:00,2.3984,2.4002,2.3978,2.4001,352971.1
2024-12-12 20:48:00+09:00,2.4002,2.4025,2.3987,2.4013,423010.2
2024-12-12 20:49:00+09:00,2.4012,2.4044,2.4010,2.4044,424764.5
2024-12-12 20:50:00+09:00,2.4044,2.4074,2.4024,2.4065,1029927.4
2024-12-12 20:51:00+09:00,2.4064,2.4080,2.4034,2.4035,1012806.3
2024-12-12 20:52:00+09:00,2.4034,2.4041,2.4018,2.4024,616381.6
2024-12-12 20:53:00+09:00,2.4024,2.4048,2.4022,2.4044,615638.3
2024-12-12 20:54:00+09:00,2.4045,2.4050,2.4020,2.4038,522021.1
2024-12-12 20:55:00+09:00,2.4039,2.4049,2.4020,2.4025,627025.4
2024-12-12 20:56:00+09:00,2.4026,2.4028,2.4008,2.4019,778230.5
2024-12-12 20:57:00+09:00,2.4019,2.4041,2.4012,2.4041,419053.7
2024-12-12 20:58:00+09:00,2.4041,2.4071,2.4041,2.4062,488101.3
2024-12-12 20:59:00+09:00,2.4063,2.4108,2.4061,2.4090,1175621.7
2024-12-12 21:00:00+09:00,2.4091,2.4104,2.4085,2.4085,1134635.0
2024-12-12 21:01:00+09:00,2.4085,2.4093,2.4048,2.4092,640656.5
2024-12-12 21:02:00+09:00,2.4092,2.4093,2.4063,2.4082,622395.2
2024-12-12 21:03:00+09:00,2.4082,2.4094,2.4054,2.4065,1074988.7
2024-12-12 21:04:00+09:00,2.4065,2.4099,2.4063,2.4081,612197.4
2024-12-12 21:05:00+09:00,2.4080,2.4080,2.4043,2.4044,1251322.7
2024-12-12 21:06:00+09:00,2.4045,2.4057,2.4039,2.4043,513904.1
2024-12-12 21:07:00+09:00,2.4042,2.4055,2.4021,2.4026,931486.0
2024-12-12 21:08:00+09:00,2.4026,2.4059,2.4017,2.4059,739210.9
2024-12-12 21:09:00+09:00,2.4059,2.4076,2.4056,2.4065,587930.2
2024-12-12 21:10:00+09:00,2.4064,2.4099,2.4058,2.4092,757967.5
2024-12-12 21:11:00+09:00,2.4092,2.4103,2.4077,2.4091,723122.9
2024-12-12 21:12:00+09:00,2.4090,2.4098,2.4075,2.4075,632901.5
2024-12-12 21:13:00+09:00,2.4075,2.4100,2.4074,2.4100,287264.3
2024-12-12 21:14:00+09:00,2.4100,2.4160,2.4100,2.4148,2131390.0
2024-12-12 21:15:00+09:00,2.4148,2.4151,2.4118,2.4119,1253984.0
2024-12-12 21:16:00+09:00,2.4118,2.4152,2.4110,2.4148,742097.4
2024-12-12 21:17:00+09:00,2.4148,2.4175,2.4143,2.4161,995251.0
2024-12-12 21:18:00+09:00,2.4162,2.4174,2.4141,2.4154,844292.5
2024-12-12 21:19:00+09:00,2.4154,2.4158,2.4141,2.4145,454949.7
2024-12-12 21:20:00+09:00,2.4145,2.4150,2.4125,2.4147,620673.7
2024-12-12 21:21:00+09:00,2.4147,2.4216,2.4146,2.4205,1495486.7
2024-12-12 21:22:00+09:00,2.4204,2.4212,2.4158,2.4177,1263351.2
2024-12-12 21:23:00+09:00,2.4176,2.4200,2.4172,2.4177,500634.4
2024-12-12 21:24:00+09:00,2.4177,2.4199,2.4174,2.4190,513309.9
2024-12-12 21:25:00+09:00,2.4190,2.4191,2.4148,2.4155,656573.3
2024-12-12 21:26:00+09:00,2.4154,2.4170,2.4146,2.4155,478294.0
2024-12-12 21:27:00+09:00,2.4155,2.4162,2.4124,2.4128,975139.5
2024-12-12 21:28:00+09:00,2.4127,2.4138,2.4107,2.4117,794146.5
2024-12-12 21:29:00+09:00,2.4117,2.4156,2.4117,2.4126,517241.1
2024-12-12 21:30:00+09:00,2.4125,2.4149,2.4125,2.4140,970120.0
2024-12-12 21:31:00+09:00,2.4141,2.4150,2.4088,2.4102,1116348.1
2024-12-12 21:32:00+09:00,2.4102,2.4111,2.4088,2.4098,573062.7
2024-12-12 21:33:00+09:00,2.4097,2.4150,2.4090,2.4139,885069.8
2024-12-12 21:34:00+09:00,2.4139,2.4176,2.4136,2.4173,936722.7
2024-12-12 21:35:00+09:00,2.4173,2.4204,2.4168,2.4184,697558.2
2024-12-12 21:36:00+09:00,2.4183,2.4184,2.4160,2.4164,577975.8
2024-12-12 21:37:00+09:00,2.4163,2.4201,2.4154,2.4194,870092.1
2024-12-12 21:38:00+09:00,2.4194,2.4200,2.4178,2.4188,1080462.5
2024-12-12 21:39:00+09:00,2.4189,2.4224,2.4185,2.4208,904809.7
2024-12-12 21:40:00+09:00,2.4208,2.4210,2.4186,2.4201,545330.9
2024-12-12 21:41:00+09:00,2.4202,2.4209,2.4173,2.4188,614180.4
2024-12-12 21:42:00+09:00,2.4188,2.4190,2.4139,2.4140,1109305.6
2024-12-12 21:43:00+09:00,2.4139,2.4166,2.4135,2.4150,648840.7
2024-12-12 21:44:00+09:00,2.4150,2.4189,2.4150,2.4183,279145.1
2024-12-12 21:45:00+09:00,2.4184,2.4200,2.4170,2.4170,361136.0
2024-12-12 21:46:00+09:00,2.4171,2.4199,2.4155,2.4199,469161.6
2024-12-12 21:47:00+09:00,2.4199,2.4219,2.4176,2.4198,419123.5
2024-12-12 21:48:00+09:00,2.4198,2.4238,2.4196,2.4228,964613.6
2024-12-12 21:49:00+09:00,2.4228,2.4233,2.4217,2.4228,577196.6
2024-12-12 21:50:00+09:00,2.4228,2.4373,2.4223,2.4353,9639285.1
2024-12-12 21:51:00+09:00,2.4353,2.4410,2.4350,2.4385,4149950.6
2024-12-12 21:52:00+09:00,2.4385,2.4388,2.4350,2.4351,2737218.0
2024-12-12 21:53:00+09:00,2.4351,2.4372,2.4312,2.4327,1902776.8
2024-12-12 21:54:00+09:00,2.4327,2.4362,2.4310,2.4330,1229053.1
2024-12-12 21:55:00+09:00,2.4330,2.4343,2.4290,2.4315,1224210.6
2024-12-12 21:56:00+09:00,2.4314,2.4502,2.4293,2.4464,8007632.7
2024-12-12 21:57:00+09:00,2.4464,2.4468,2.4405,2.4417,2785347.1
2024-12-12 21:58:00+09:00,2.4416,2.4428,2.4400,2.4401,2084139.6
2024-12-12 21:59:00+09:00,2.4401,2.4430,2.4400,2.4419,1641083.1
2024-12-12 22:00:00+09:00,2.4420,2.4430,2.4401,2.4405,1175579.4
2024-12-12 22:01:00+09:00,2.4406,2.4443,2.4404,2.4443,1339638.2
2024-12-12 22:02:00+09:00,2.4443,2.4484,2.4414,2.4414,1674838.4
2024-12-12 22:03:00+09:00,2.4414,2.4420,2.4386,2.4405,2235382.3
2024-12-12 22:04:00+09:00,2.4404,2.4405,2.4343,2.4349,1445568.8
2024-12-12 22:05:00+09:00,2.4349,2.4420,2.4346,2.4419,970780.9
2024-12-12 22:06:00+09:00,2.4419,2.4442,2.4396,2.4424,903462.6
2024-12-12 22:07:00+09:00,2.4424,2.4466,2.4424,2.4438,902866.0
2024-12-12 22:08:00+09:00,2.4438,2.4456,2.4423,2.4427,1073502.0
2024-12-12 22:09:00+09:00,2.4427,2.4428,2.4387,2.4419,1162405.6
2024-12-12 22:10:00+09:00,2.4420,2.4420,2.4382,2.4383,691317.3
2024-12-12 22:11:00+09:00,2.4383,2.4397,2.4360,2.4386,696389.6
2024-12-12 22:12:00+09:00,2.4387,2.4387,2.4360,2.4363,494034.1
2024-12-12 22:13:00+09:00,2.4364,2.4373,2.4351,2.4354,1167849.6
2024-12-12 22:14:00+09:00,2.4354,2.4373,2.4337,2.4361,772076.9
2024-12-12 22:15:00+09:00,2.4362,2.4406,2.4352,2.4387,836158.1
2024-12-12 22:16:00+09:00,2.4388,2.4405,2.4365,2.4381,924443.2
2024-12-12 22:17:00+09:00,2.4381,2.4415,2.4381,2.4404,1205930.9
2024-12-12 22:18:00+09:00,2.4405,2.4450,2.4391,2.4447,1227817.7
2024-12-12 22:19:00+09:00,2.4447,2.4452,2.4403,2.4439,1803276.6
2024-12-12 22:20:00+09:00,2.4440,2.4457,2.4428,2.4440,1358178.7
2024-12-12 22:21:00+09:00,2.4440,2.4440,2.4396,2.4411,1472295.1
2024-12-12 22:22:00+09:00,2.4411,2.4419,2.4396,2.4408,1316060.1
2024-12-12 22:23:00+09:00,2.4407,2.4446,2.4403,2.4413,1108163.8
2024-12-12 22:24:00+09:00,2.4412,2.4422,2.4360,2.4370,1628504.7
2024-12-12 22:25:00+09:00,2.4370,2.4396,2.4344,2.4388,1935856.3
2024-12-12 22:26:00+09:00,2.4389,2.4428,2.4376,2.4409,981067.3
2024-12-12 22:27:00+09:00,2.4408,2.4419,2.4391,2.4415,466060.5
2024-12-12 22:28:00+09:00,2.4414,2.4432,2.4378,2.4409,1441459.4
2024-12-12 22:29:00+09:00,2.4409,2.4473,2.4402,2.4469,1287987.4
2024-12-12 22:30:00+09:00,2.4469,2.4528,2.4428,2.4456,4365897.0
2024-12-12 22:31:00+09:00,2.4457,2.4468,2.4358,2.4368,1794365.1
2024-12-12 22:32:00+09:00,2.4368,2.4368,2.4080,2.4299,9234680.5
2024-12-12 22:33:00+09:00,2.4299,2.4346,2.4187,2.4243,4774394.0
2024-12-12 22:34:00+09:00,2.4242,2.4301,2.4137,2.4297,3826198.9
2024-12-12 22:35:00+09:00,2.4297,2.4305,2.4181,2.4181,2933420.8
2024-12-12 22:36:00+09:00,2.4180,2.4229,2.4081,2.4154,3759059.3
2024-12-12 22:37:00+09:00,2.4155,2.4160,2.3933,2.4086,6543696.2
2024-12-12 22:38:00+09:00,2.4085,2.4147,2.4013,2.4112,2462453.5
2024-12-12 22:39:00+09:00,2.4111,2.4236,2.4105,2.4211,2697115.2
2024-12-12 22:40:00+09:00,2.4214,2.4223,2.4119,2.4150,2076430.1
2024-12-12 22:41:00+09:00,2.4152,2.4234,2.4139,2.4200,1650026.3
2024-12-12 22:42:00+09:00,2.4199,2.4264,2.4188,2.4255,2277490.4
2024-12-12 22:43:00+09:00,2.4255,2.4285,2.4215,2.4218,1712489.2
2024-12-12 22:44:00+09:00,2.4217,2.4248,2.4164,2.4200,1477228.5
2024-12-12 22:45:00+09:00,2.4199,2.4248,2.4168,2.4177,1345694.3
2024-12-12 22:46:00+09:00,2.4177,2.4192,2.4060,2.4076,1992938.5
2024-12-12 22:47:00+09:00,2.4077,2.4099,2.4006,2.4052,2643367.9
2024-12-12 22:48:00+09:00,2.4051,2.4057,2.3971,2.4023,2335827.9
2024-12-12 22:49:00+09:00,2.4023,2.4074,2.3990,2.4068,1527798.2
2024-12-12 22:50:00+09:00,2.4067,2.4156,2.4061,2.4122,2047286.3
2024-12-12 22:51:00+09:00,2.4121,2.4148,2.4096,2.4103,1328287.8
2024-12-12 22:52:00+09:00,2.4102,2.4153,2.4077,2.4148,1003405.1
2024-12-12 22:53:00+09:00,2.4147,2.4192,2.4127,2.4192,1140091.4
2024-12-12 22:54:00+09:00,2.4192,2.4207,2.4132,2.4138,941083.9
2024-12-12 22:55:00+09:00,2.4137,2.4163,2.4122,2.4153,872552.8
2024-12-12 22:56:00+09:00,2.4154,2.4218,2.4149,2.4154,1519873.2
2024-12-12 22:57:00+09:00,2.4154,2.4181,2.4125,2.4130,872322.8
2024-12-12 22:58:00+09:00,2.4130,2.4134,2.4067,2.4120,1114040.7
2024-12-12 22:59:00+09:00,2.4120,2.4136,2.4093,2.4104,917375.4
2024-12-12 23:00:00+09:00,2.4103,2.4120,2.4054,2.4057,958240.4
2024-12-12 23:01:00+09:00,2.4058,2.4080,2.4018,2.4031,1514924.4
2024-12-12 23:02:00+09:00,2.4031,2.4098,2.4012,2.4087,2127724.6
2024-12-12 23:03:00+09:00,2.4087,2.4164,2.4077,2.4129,1219664.2
2024-12-12 23:04:00+09:00,2.4128,2.4128,2.4059,2.4059,634638.4
2024-12-12 23:05:00+09:00,2.4058,2.4058,2.3991,2.4038,1555183.9
2024-12-12 23:06:00+09:00,2.4038,2.4075,2.4020,2.4027,659918.8
2024-12-12 23:07:00+09:00,2.4028,2.4096,2.3994,2.4016,4797393.9
2024-12-12 23:08:00+09:00,2.4017,2.4070,2.4017,2.4068,830293.6
2024-12-12 23:09:00+09:00,2.4067,2.4134,2.4063,2.4125,970089.4
2024-12-12 23:10:00+09:00,2.4126,2.4180,2.4097,2.4148,1434650.1
2024-12-12 23:11:00+09:00,2.4148,2.4195,2.4096,2.4137,3938462.8
2024-12-12 23:12:00+09:00,2.4137,2.4150,2.4112,2.4121,566514.1
2024-12-12 23:13:00+09:00,2.4121,2.4146,2.4111,2.4114,493864.5
2024-12-12 23:14:00+09:00,2.4114,2.4125,2.4077,2.4078,726169.4
2024-12-12 23:15:00+09:00,2.4077,2.4116,2.4070,2.4073,613067.9
2024-12-12 23:16:00+09:00,2.4072,2.4074,2.4035,2.4061,1121368.7
2024-12-12 23:17:00+09:00,2.4060,2.4114,2.4055,2.4097,699736.5
2024-12-12 23:18:00+09:00,2.4098,2.4125,2.4061,2.4080,2501189.4
2024-12-12 23:19:00+09:00,2.4081,2.4138,2.4076,2.4136,567971.5
2024-12-12 23:20:00+09:00,2.4135,2.4213,2.4131,2.4193,2714432.3
2024-12-12 23:21:00+09:00,2.4193,2.4224,2.4158,2.4201,1568493.0
2024-12-12 23:22:00+09:00,2.4200,2.4282,2.4200,2.4243,2767780.8
2024-12-12 23:23:00+09:00,2.4245,2.4266,2.4234,2.4262,664754.7
2024-12-12 23:24:00+09:00,2.4259,2.4306,2.4254,2.4277,977785.5
2024-12-12 23:25:00+09:00,2.4277,2.4299,2.4253,2.4281,669900.5
2024-12-12 23:26:00+09:00,2.4280,2.4298,2.4255,2.4271,468850.8
2024-12-12 23:27:00+09:00,2.4271,2.4271,2.4177,2.4219,1420484.8
2024-12-12 23:28:00+09:00,2.4220,2.4268,2.4220,2.4237,639554.5
2024-12-12 23:29:00+09:00,2.4238,2.4276,2.4237,2.4270,437490.2
2024-12-12 23:30:00+09:00,2.4271,2.4275,2.4208,2.4266,897552.6
2024-12-12 23:31:00+09:00,2.4266,2.4345,2.4218,2.4243,2010714.2
2024-12-12 23:32:00+09:00,2.4242,2.4255,2.4155,2.4173,1556311.9
2024-12-12 23:33:00+09:00,2.4174,2.4216,2.4133,2.4191,1355475.2
2024-12-12 23:34:00+09:00,2.4190,2.4215,2.4127,2.4133,989685.5
2024-12-12 23:35:00+09:00,2.4132,2.4132,2.4061,2.4061,1728477.2
2024-12-12 23:36:00+09:00,2.4060,2.4092,2.4024,2.4046,2237865.6
2024-12-12 23:37:00+09:00,2.4045,2.4051,2.3972,2.4011,3598595.7
2024-12-12 23:38:00+09:00,2.4010,2.4064,2.3995,2.4058,1485273.0
2024-12-12 23:39:00+09:00,2.4056,2.4147,2.4056,2.4094,1461456.0
2024-12-12 23:40:00+09:00,2.4093,2.4093,2.3981,2.3992,1726204.5
2024-12-12 23:41:00+09:00,2.3991,2.4282,2.3979,2.4182,6533897.4
2024-12-12 23:42:00+09:00,2.4183,2.4279,2.4094,2.4150,4236908.8
2024-12-12 23:43:00+09:00,2.4150,2.4163,2.4101,2.4130,1719415.4
2024-12-12 23:44:00+09:00,2.4130,2.4203,2.4130,2.4172,1257058.4
2024-12-12 23:45:00+09:00,2.4171,2.4197,2.4113,2.4144,1237424.6
2024-12-12 23:46:00+09:00,2.4145,2.4174,2.4092,2.4152,1160607.7
2024-12-12 23:47:00+09:00,2.4152,2.4199,2.4103,2.4119,816511.5
2024-12-12 23:48:00+09:00,2.4119,2.4142,2.4072,2.4132,1126133.9
2024-12-12 23:49:00+09:00,2.4135,2.4194,2.4128,2.4185,755446.7
2024-12-12 23:50:00+09:00,2.4185,2.4200,2.4122,2.4148,1058316.4
2024-12-12 23:51:00+09:00,2.4149,2.4248,2.4144,2.4238,1318237.2
2024-12-12 23:52:00+09:00,2.4239,2.4316,2.4239,2.4260,1965929.0
2024-12-12 23:53:00+09:00,2.4261,2.4310,2.4234,2.4236,1332763.9
2024-12-12 23:54:00+09:00,2.4235,2.4297,2.4231,2.4291,880969.7
2024-12-12 23:55:00+09:00,2.4291,2.4325,2.4262,2.4304,1319406.6
2024-12-12 23:56:00+09:00,2.4304,2.4320,2.4281,2.4303,1128549.5
2024-12-12 23:57:00+09:00,2.4303,2.4306,2.4244,2.4262,1020941.2
2024-12-12 23:58:00+09:00,2.4262,2.4273,2.4224,2.4245,851746.8
2024-12-12 23:59:00+09:00,2.4244,2.4288,2.4244,2.4261,1149844.6
2024-12-13 00:00:00+09:00,2.4263,2.4296,2.4241,2.4255,734520.4
2024-12-13 00:01:00+09:00,2.4256,2.4288,2.4248,2.4280,654377.2
2024-12-13 00:02:00+09:00,2.4280,2.4296,2.4250,2.4289,740869.0
2024-12-13 00:03:00+09:00,2.4289,2.4296,2.4254,2.4272,1435525.5
2024-12-13 00:04:00+09:00,2.4272,2.4343,2.4260,2.4325,2191043.9
2024-12-13 00:05:00+09:00,2.4325,2.4345,2.4295,2.4306,857141.6
2024-12-13 00:06:00+09:00,2.4306,2.4369,2.4305,2.4324,1757963.2
2024-12-13 00:07:00+09:00,2.4324,2.4325,2.4260,2.4274,908927.2
2024-12-13 00:08:00+09:00,2.4274,2.4294,2.4226,2.4229,1309902.5
2024-12-13 00:09:00+09:00,2.4228,2.4229,2.4052,2.4085,3610166.5
2024-12-13 00:10:00+09:00,2.4082,2.4127,2.4023,2.4042,5097710.7
2024-12-13 00:11:00+09:00,2.4043,2.4091,2.4031,2.4040,2361951.9
2024-12-13 00:12:00+09:00,2.4040,2.4065,2.4012,2.4034,1716364.0
2024-12-13 00:13:00+09:00,2.4034,2.4045,2.4004,2.4032,1206535.1
2024-12-13 00:14:00+09:00,2.4033,2.4068,2.4010,2.4018,1431487.9
2024-12-13 00:15:00+09:00,2.4017,2.4050,2.3977,2.4000,2441493.4
2024-12-13 00:16:00+09:00,2.4000,2.4003,2.3946,2.3998,2823616.3
2024-12-13 00:17:00+09:00,2.3998,2.4051,2.3995,2.4014,1725238.3
2024-12-13 00:18:00+09:00,2.4013,2.4041,2.3996,2.4007,1162767.6
2024-12-13 00:19:00+09:00,2.4007,2.4115,2.4007,2.4104,1583348.7
2024-12-13 00:20:00+09:00,2.4105,2.4121,2.4076,2.4104,1741857.1
2024-12-13 00:21:00+09:00,2.4104,2.4133,2.4082,2.4127,1052347.5
2024-12-13 00:22:00+09:00,2.4126,2.4170,2.4126,2.4161,2042805.4
2024-12-13 00:23:00+09:00,2.4161,2.4189,2.4159,2.4170,825751.3
2024-12-13 00:24:00+09:00,2.4170,2.4189,2.4167,2.4167,884891.6
2024-12-13 00:25:00+09:00,2.4167,2.4193,2.4160,2.4184,1153373.3
2024-12-13 00:26:00+09:00,2.4185,2.4187,2.4152,2.4171,910112.3
2024-12-13 00:27:00+09:00,2.4171,2.4182,2.4150,2.4153,544851.0
2024-12-13 00:28:00+09:00,2.4153,2.4153,2.4122,2.4133,1067314.6
2024-12-13 00:29:00+09:00,2.4133,2.4169,2.4132,2.4158,394442.7
2024-12-13 00:30:00+09:00,2.4158,2.4158,2.4107,2.4120,1434008.7
2024-12-13 00:31:00+09:00,2.4119,2.4120,2.4081,2.4107,902971.2
2024-12-13 00:32:00+09:00,2.4106,2.4106,2.4062,2.4064,703608.3
2024-12-13 00:33:00+09:00,2.4064,2.4071,2.3988,2.4004,1479638.4
2024-12-13 00:34:00+09:00,2.4005,2.4074,2.3998,2.4060,913979.1
2024-12-13 00:35:00+09:00,2.4060,2.4075,2.4027,2.4028,735423.5
2024-12-13 00:36:00+09:00,2.4027,2.4078,2.4022,2.4077,1285406.1
2024-12-13 00:37:00+09:00,2.4078,2.4122,2.4077,2.4091,707391.0
2024-12-13 00:38:00+09:00,2.4090,2.4118,2.4078,2.4090,691039.4
2024-12-13 00:39:00+09:00,2.4089,2.4092,2.4044,2.4088,492107.4
2024-12-13 00:40:00+09:00,2.4088,2.4148,2.4083,2.4109,968645.6
2024-12-13 00:41:00+09:00,2.4108,2.4144,2.4096,2.4136,707481.2
2024-12-13 00:42:00+09:00,2.4135,2.4148,2.4109,2.4141,595678.1
2024-12-13 00:43:00+09:00,2.4141,2.4152,2.4123,2.4144,713444.7
2024-12-13 00:44:00+09:00,2.4144,2.4169,2.4131,2.4162,580963.9
2024-12-13 00:45:00+09:00,2.4163,2.4163,2.4092,2.4128,705991.2
2024-12-13 00:46:00+09:00,2.4127,2.4182,2.4126,2.4174,679975.1
2024-12-13 00:47:00+09:00,2.4175,2.4247,2.4168,2.4197,2350270.8
2024-12-13 00:48:00+09:00,2.4196,2.4210,2.4142,2.4192,804958.7
2024-12-13 00:49:00+09:00,2.4192,2.4224,2.4191,2.4224,728824.3
2024-12-13 00:50:00+09:00,2.4224,2.4227,2.4148,2.4202,974884.0
2024-12-13 00:51:00+09:00,2.4201,2.4235,2.4192,2.4217,1056997.9
2024-12-13 00:52:00+09:00,2.4217,2.4273,2.4212,2.4273,1592630.7
2024-12-13 00:53:00+09:00,2.4272,2.4296,2.4259,2.4291,1134283.8
2024-12-13 00:54:00+09:00,2.4291,2.4309,2.4271,2.4298,2060031.0
2024-12-13 00:55:00+09:00,2.4299,2.4315,2.4255,2.4255,976638.4
2024-12-13 00:56:00+09:00,2.4254,2.4254,2.4200,2.4222,1384967.5
2024-12-13 00:57:00+09:00,2.4221,2.4248,2.4217,2.4228,626275.8
2024-12-13 00:58:00+09:00,2.4229,2.4232,2.4189,2.4199,613177.0
2024-12-13 00:59:00+09:00,2.4198,2.4216,2.4117,2.4167,1615939.5
2024-12-13 01:00:00+09:00,2.4167,2.4255,2.4158,2.4236,1282900.0
2024-12-13 01:01:00+09:00,2.4237,2.4298,2.4204,2.4272,1829935.1
2024-12-13 01:02:00+09:00,2.4273,2.4338,2.4269,2.4321,2295707.7
2024-12-13 01:03:00+09:00,2.4322,2.4346,2.4238,2.4238,1187467.1
2024-12-13 01:04:00+09:00,2.4238,2.4330,2.4236,2.4328,830933.0
2024-12-13 01:05:00+09:00,2.4328,2.4372,2.4302,2.4369,1520392.7
2024-12-13 01:06:00+09:00,2.4369,2.4423,2.4361,2.4391,2533553.2
2024-12-13 01:07:00+09:00,2.4391,2.4424,2.4360,2.4371,2123622.2
2024-12-13 01:08:00+09:00,2.4371,2.4404,2.4357,2.4361,1436798.5
2024-12-13 01:09:00+09:00,2.4361,2.4442,2.4350,2.4434,1469269.7
2024-12-13 01:10:00+09:00,2.4434,2.4453,2.4413,2.4414,1205353.3
2024-12-13 01:11:00+09:00,2.4414,2.4421,2.4350,2.4381,1574603.1
2024-12-13 01:12:00+09:00,2.4382,2.4413,2.4370,2.4385,905554.8
2024-12-13 01:13:00+09:00,2.4384,2.4399,2.4368,2.4388,571905.8
2024-12-13 01:14:00+09:00,2.4388,2.4398,2.4366,2.4394,861445.0
2024-12-13 01:15:00+09:00,2.4394,2.4438,2.4368,2.4434,854137.9
2024-12-13 01:16:00+09:00,2.4434,2.4459,2.4409,2.4441,1034953.7
2024-12-13 01:17:00+09:00,2.4441,2.4446,2.4366,2.4396,1115423.0
2024-12-13 01:18:00+09:00,2.4395,2.4395,2.4333,2.4391,1332583.3
2024-12-13 01:19:00+09:00,2.4391,2.4400,2.4365,2.4374,671528.0
2024-12-13 01:20:00+09:00,2.4373,2.4388,2.4358,2.4367,671960.3
2024-12-13 01:21:00+09:00,2.4367,2.4390,2.4341,2.4376,1268617.4
2024-12-13 01:22:00+09:00,2.4376,2.4382,2.4331,2.4333,568032.7
2024-12-13 01:23:00+09:00,2.4333,2.4345,2.4285,2.4300,1672259.3
2024-12-13 01:24:00+09:00,2.4300,2.4307,2.4265,2.4294,927841.6
2024-12-13 01:25:00+09:00,2.4293,2.4340,2.4292,2.4317,880418.9
2024-12-13 01:26:00+09:00,2.4318,2.4330,2.4263,2.4286,634017.0
2024-12-13 01:27:00+09:00,2.4287,2.4298,2.4247,2.4273,686864.7
2024-12-13 01:28:00+09:00,2.4273,2.4279,2.4180,2.4212,1781974.4
2024-12-13 01:29:00+09:00,2.4212,2.4212,2.4154,2.4173,1132331.3
2024-12-13 01:30:00+09:00,2.4173,2.4184,2.4084,2.4096,2142223.5
2024-12-13 01:31:00+09:00,2.4096,2.4190,2.4096,2.4148,2035193.1
2024-12-13 01:32:00+09:00,2.4149,2.4219,2.4139,2.4214,989311.5
2024-12-13 01:33:00+09:00,2.4213,2.4254,2.4204,2.4224,1279383.6
2024-12-13 01:34:00+09:00,2.4225,2.4225,2.4161,2.4174,1080977.8
2024-12-13 01:35:00+09:00,2.4174,2.4174,2.4111,2.4117,1083584.9
2024-12-13 01:36:00+09:00,2.4118,2.4121,2.4050,2.4083,1928362.5
2024-12-13 01:37:00+09:00,2.4083,2.4086,2.4040,2.4056,1986827.0
2024-12-13 01:38:00+09:00,2.4056,2.4069,2.4035,2.4064,1141631.3
2024-12-13 01:39:00+09:00,2.4063,2.4142,2.4058,2.4102,1279006.7
2024-12-13 01:40:00+09:00,2.4101,2.4130,2.4086,2.4127,1104511.7
2024-12-13 01:41:00+09:00,2.4127,2.4142,2.4096,2.4134,628538.6
2024-12-13 01:42:00+09:00,2.4133,2.4187,2.4130,2.4169,1156423.0
2024-12-13 01:43:00+09:00,2.4168,2.4174,2.4150,2.4174,672680.6
2024-12-13 01:44:00+09:00,2.4174,2.4211,2.4162,2.4166,1955615.2
2024-12-13 01:45:00+09:00,2.4167,2.4175,2.4140,2.4155,648588.4
2024-12-13 01:46:00+09:00,2.4154,2.4155,2.4093,2.4101,979137.4
2024-12-13 01:47:00+09:00,2.4100,2.4100,2.4062,2.4084,947041.9
2024-12-13 01:48:00+09:00,2.4085,2.4114,2.4077,2.4111,960092.3
2024-12-13 01:49:00+09:00,2.4112,2.4125,2.4097,2.4099,568609.6
2024-12-13 01:50:00+09:00,2.4099,2.4103,2.4053,2.4057,846495.2
2024-12-13 01:51:00+09:00,2.4057,2.4091,2.4055,2.4057,558929.2
2024-12-13 01:52:00+09:00,2.4058,2.4087,2.4044,2.4074,865789.2
2024-12-13 01:53:00+09:00,2.4074,2.4083,2.4029,2.4044,744749.8
2024-12-13 01:54:00+09:00,2.4044,2.4084,2.4039,2.4084,633423.9
2024-12-13 01:55:00+09:00,2.4084,2.4094,2.4066,2.4088,1126150.8
2024-12-13 01:56:00+09:00,2.4088,2.4103,2.4066,2.4091,651756.1
2024-12-13 01:57:00+09:00,2.4091,2.4091,2.4075,2.4086,284011.8
2024-12-13 01:58:00+09:00,2.4086,2.4092,2.4071,2.4079,528636.6
2024-12-13 01:59:00+09:00,2.4079,2.4099,2.4075,2.4091,443278.5
2024-12-13 02:00:00+09:00,2.4091,2.4156,2.4081,2.4148,1115102.9
2024-12-13 02:01:00+09:00,2.4148,2.4153,2.4120,2.4144,410682.4
2024-12-13 02:02:00+09:00,2.4143,2.4220,2.4138,2.4196,2689414.4
2024-12-13 02:03:00+09:00,2.4196,2.4213,2.4161,2.4203,1197639.3
2024-12-13 02:04:00+09:00,2.4203,2.4213,2.4176,2.4213,590105.4
2024-12-13 02:05:00+09:00,2.4214,2.4224,2.4189,2.4197,451793.4
2024-12-13 02:06:00+09:00,2.4197,2.4206,2.4172,2.4186,1164587.3
2024-12-13 02:07:00+09:00,2.4186,2.4238,2.4182,2.4238,425937.4
2024-12-13 02:08:00+09:00,2.4238,2.4264,2.4221,2.4235,1157538.6
2024-12-13 02:09:00+09:00,2.4235,2.4242,2.4188,2.4208,1349668.5
2024-12-13 02:10:00+09:00,2.4208,2.4227,2.4195,2.4216,424107.6
2024-12-13 02:11:00+09:00,2.4216,2.4232,2.4214,2.4223,288900.1
2024-12-13 02:12:00+09:00,2.4223,2.4234,2.4220,2.4233,272980.9
2024-12-13 02:13:00+09:00,2.4234,2.4241,2.4197,2.4209,465056.9
2024-12-13 02:14:00+09:00,2.4209,2.4220,2.4188,2.4216,291344.7
2024-12-13 02:15:00+09:00,2.4216,2.4238,2.4212,2.4224,481073.1
2024-12-13 02:16:00+09:00,2.4225,2.4226,2.4200,2.4204,241027.7
2024-12-13 02:17:00+09:00,2.4204,2.4219,2.4164,2.4169,1158528.4
2024-12-13 02:18:00+09:00,2.4169,2.4178,2.4160,2.4162,448216.0
2024-12-13 02:19:00+09:00,2.4162,2.4162,2.4067,2.4073,1411334.3
2024-12-13 02:20:00+09:00,2.4072,2.4116,2.4035,2.4096,1698920.2
2024-12-13 02:21:00+09:00,2.4096,2.4120,2.4076,2.4082,971309.1
2024-12-13 02:22:00+09:00,2.4083,2.4098,2.4035,2.4036,1307111.0
2024-12-13 02:23:00+09:00,2.4036,2.4063,2.4032,2.4039,986788.6
2024-12-13 02:24:00+09:00,2.4040,2.4052,2.4000,2.4006,2272531.2
2024-12-13 02:25:00+09:00,2.4005,2.4008,2.3925,2.3951,5451370.1
2024-12-13 02:26:00+09:00,2.3950,2.3985,2.3933,2.3940,1322400.8
2024-12-13 02:27:00+09:00,2.3940,2.3999,2.3939,2.3995,742794.4
2024-12-13 02:28:00+09:00,2.3994,2.4010,2.3987,2.4010,481806.6
2024-12-13 02:29:00+09:00,2.4010,2.4030,2.4009,2.4026,845016.0
2024-12-13 02:30:00+09:00,2.4027,2.4065,2.4016,2.4042,1102592.7
2024-12-13 02:31:00+09:00,2.4042,2.4043,2.4000,2.4026,886965.2
2024-12-13 02:32:00+09:00,2.4025,2.4026,2.3985,2.4014,477713.8
2024-12-13 02:33:00+09:00,2.4014,2.4014,2.3991,2.3998,423667.2
2024-12-13 02:34:00+09:00,2.3999,2.4060,2.3998,2.4050,515262.9
2024-12-13 02:35:00+09:00,2.4050,2.4093,2.4043,2.4063,858564.6
2024-12-13 02:36:00+09:00,2.4064,2.4083,2.4040,2.4058,433868.1
2024-12-13 02:37:00+09:00,2.4058,2.4070,2.4035,2.4051,358890.4
2024-12-13 02:38:00+09:00,2.4051,2.4066,2.4030,2.4049,240921.1
2024-12-13 02:39:00+09:00,2.4049,2.4075,2.4041,2.4048,249631.2
2024-12-13 02:40:00+09:00,2.4047,2.4047,2.3995,2.3995,401439.3
2024-12-13 02:41:00+09:00,2.3995,2.4012,2.3990,2.4011,355884.1
2024-12-13 02:42:00+09:00,2.4011,2.4016,2.3981,2.3997,921571.6
2024-12-13 02:43:00+09:00,2.3997,2.4029,2.3996,2.4011,339639.9
2024-12-13 02:44:00+09:00,2.4011,2.4063,2.4011,2.4052,417335.0
2024-12-13 02:45:00+09:00,2.4052,2.4074,2.4037,2.4074,1099593.8
2024-12-13 02:46:00+09:00,2.4073,2.4083,2.4052,2.4075,778713.4
2024-12-13 02:47:00+09:00,2.4073,2.4078,2.4052,2.4055,253355.6
2024-12-13 02:48:00+09:00,2.4055,2.4103,2.4055,2.4084,527819.6
2024-12-13 02:49:00+09:00,2.4083,2.4099,2.4077,2.4090,212326.7
2024-12-13 02:50:00+09:00,2.4090,2.4095,2.4061,2.4086,267805.0
2024-12-13 02:51:00+09:00,2.4086,2.4117,2.4078,2.4116,573569.9
2024-12-13 02:52:00+09:00,2.4116,2.4120,2.4096,2.4104,365413.0
2024-12-13 02:53:00+09:00,2.4104,2.4119,2.4100,2.4113,146725.5
2024-12-13 02:54:00+09:00,2.4113,2.4125,2.4091,2.4125,408067.5
2024-12-13 02:55:00+09:00,2.4125,2.4155,2.4125,2.4130,542302.5
2024-12-13 02:56:00+09:00,2.4131,2.4165,2.4131,2.4164,385744.4
2024-12-13 02:57:00+09:00,2.4164,2.4204,2.4164,2.4198,854898.0
2024-12-13 02:58:00+09:00,2.4198,2.4201,2.4168,2.4182,499716.7
2024-12-13 02:59:00+09:00,2.4182,2.4183,2.4121,2.4121,1141261.2
2024-12-13 03:00:00+09:00,2.4121,2.4180,2.4118,2.4169,757180.0
2024-12-13 03:01:00+09:00,2.4170,2.4190,2.4151,2.4176,748723.3
2024-12-13 03:02:00+09:00,2.4177,2.4183,2.4140,2.4141,554883.3
2024-12-13 03:03:00+09:00,2.4140,2.4140,2.4082,2.4119,1181170.3
2024-12-13 03:04:00+09:00,2.4120,2.4161,2.4120,2.4161,321452.2
2024-12-13 03:05:00+09:00,2.4161,2.4163,2.4136,2.4145,316992.5
2024-12-13 03:06:00+09:00,2.4144,2.4190,2.4139,2.4164,738848.6
2024-12-13 03:07:00+09:00,2.4165,2.4184,2.4147,2.4166,1142703.2
2024-12-13 03:08:00+09:00,2.4166,2.4166,2.4130,2.4132,701472.5
2024-12-13 03:09:00+09:00,2.4132,2.4171,2.4131,2.4169,273323.0
2024-12-13 03:10:00+09:00,2.4168,2.4178,2.4160,2.4168,388248.2
2024-12-13 03:11:00+09:00,2.4165,2.4189,2.4160,2.4181,497485.7
2024-12-13 03:12:00+09:00,2.4182,2.4184,2.4165,2.4170,267186.0
2024-12-13 03:13:00+09:00,2.4171,2.4196,2.4170,2.4191,278114.0
2024-12-13 03:14:00+09:00,2.4192,2.4213,2.4182,2.4211,503134.2
2024-12-13 03:15:00+09:00,2.4212,2.4245,2.4205,2.4245,752015.9
2024-12-13 03:16:00+09:00,2.4246,2.4246,2.4225,2.4232,360217.9
2024-12-13 03:17:00+09:00,2.4232,2.4265,2.4232,2.4263,1959138.0
2024-12-13 03:18:00+09:00,2.4263,2.4290,2.4262,2.4284,839524.8
2024-12-13 03:19:00+09:00,2.4283,2.4284,2.4241,2.4279,948071.4
2024-12-13 03:20:00+09:00,2.4279,2.4295,2.4274,2.4293,504563.2
2024-12-13 03:21:00+09:00,2.4293,2.4294,2.4268,2.4268,682111.2
2024-12-13 03:22:00+09:00,2.4268,2.4330,2.4268,2.4309,2115248.7
2024-12-13 03:23:00+09:00,2.4309,2.4330,2.4273,2.4274,1157148.4
2024-12-13 03:24:00+09:00,2.4274,2.4313,2.4265,2.4312,880619.1
2024-12-13 03:25:00+09:00,2.4311,2.4325,2.4284,2.4296,829324.1
2024-12-13 03:26:00+09:00,2.4296,2.4324,2.4249,2.4275,1451216.0
2024-12-13 03:27:00+09:00,2.4275,2.4304,2.4274,2.4304,508599.8
2024-12-13 03:28:00+09:00,2.4304,2.4305,2.4279,2.4300,425169.2
2024-12-13 03:29:00+09:00,2.4300,2.4313,2.4299,2.4302,592106.4
2024-12-13 03:30:00+09:00,2.4302,2.4307,2.4246,2.4251,920993.3
2024-12-13 03:31:00+09:00,2.4252,2.4262,2.4234,2.4238,907047.1
2024-12-13 03:32:00+09:00,2.4238,2.4244,2.4176,2.4204,1583113.8
2024-12-13 03:33:00+09:00,2.4203,2.4227,2.4184,2.4204,561500.2
2024-12-13 03:34:00+09:00,2.4205,2.4250,2.4195,2.4245,645309.1
2024-12-13 03:35:00+09:00,2.4244,2.4249,2.4141,2.4182,927736.7
2024-12-13 03:36:00+09:00,2.4182,2.4186,2.4133,2.4163,1044259.3
2024-12-13 03:37:00+09:00,2.4163,2.4163,2.4112,2.4128,1192740.5
2024-12-13 03:38:00+09:00,2.4128,2.4130,2.4099,2.4118,1020914.8
2024-12-13 03:39:00+09:00,2.4118,2.4121,2.4029,2.4074,1617516.4
2024-12-13 03:40:00+09:00,2.4074,2.4134,2.4053,2.4128,1219323.7
2024-12-13 03:41:00+09:00,2.4127,2.4128,2.4094,2.4110,972797.7
2024-12-13 03:42:00+09:00,2.4111,2.4147,2.4108,2.4137,563166.0
2024-12-13 03:43:00+09:00,2.4136,2.4144,2.4113,2.4129,374915.5
2024-12-13 03:44:00+09:00,2.4130,2.4135,2.4104,2.4120,418211.5
2024-12-13 03:45:00+09:00,2.4120,2.4138,2.4088,2.4088,630807.3
2024-12-13 03:46:00+09:00,2.4088,2.4093,2.4049,2.4052,655216.1
2024-12-13 03:47:00+09:00,2.4053,2.4081,2.4048,2.4061,761462.7
2024-12-13 03:48:00+09:00,2.4061,2.4061,2.4026,2.4045,666738.7
2024-12-13 03:49:00+09:00,2.4046,2.4059,2.4032,2.4046,628531.3
2024-12-13 03:50:00+09:00,2.4046,2.4084,2.4045,2.4069,511694.9
2024-12-13 03:51:00+09:00,2.4070,2.4106,2.4069,2.4078,515112.9
2024-12-13 03:52:00+09:00,2.4078,2.4096,2.4068,2.4080,373846.3
2024-12-13 03:53:00+09:00,2.4079,2.4087,2.4062,2.4087,313487.8
2024-12-13 03:54:00+09:00,2.4086,2.4122,2.4081,2.4104,563457.1
2024-12-13 03:55:00+09:00,2.4104,2.4131,2.4095,2.4113,694420.8
2024-12-13 03:56:00+09:00,2.4112,2.4112,2.4078,2.4081,577737.7
2024-12-13 03:57:00+09:00,2.4082,2.4106,2.4082,2.4096,381181.8
2024-12-13 03:58:00+09:00,2.4096,2.4109,2.4078,2.4081,398241.2
2024-12-13 03:59:00+09:00,2.4081,2.4083,2.4055,2.4071,810689.0
2024-12-13 04:00:00+09:00,2.4070,2.4092,2.4061,2.4076,586384.5
2024-12-13 04:01:00+09:00,2.4076,2.4090,2.4044,2.4068,583628.4
2024-12-13 04:02:00+09:00,2.4069,2.4142,2.4068,2.4141,604462.9
2024-12-13 04:03:00+09:00,2.4142,2.4172,2.4132,2.4167,777909.6
2024-12-13 04:04:00+09:00,2.4167,2.4183,2.4143,2.4169,867111.1
2024-12-13 04:05:00+09:00,2.4169,2.4192,2.4161,2.4190,614089.9
2024-12-13 04:06:00+09:00,2.4190,2.4266,2.4189,2.4248,2504154.4
2024-12-13 04:07:00+09:00,2.4249,2.4266,2.4224,2.4227,976740.3
2024-12-13 04:08:00+09:00,2.4227,2.4248,2.4222,2.4240,381258.6
2024-12-13 04:09:00+09:00,2.4239,2.4248,2.4221,2.4242,389172.8
2024-12-13 04:10:00+09:00,2.4241,2.4248,2.4212,2.4219,908633.4
2024-12-13 04:11:00+09:00,2.4219,2.4225,2.4201,2.4215,573743.8
2024-12-13 04:12:00+09:00,2.4216,2.4224,2.4190,2.4195,664821.0
2024-12-13 04:13:00+09:00,2.4195,2.4195,2.4137,2.4142,986940.4
2024-12-13 04:14:00+09:00,2.4142,2.4166,2.4135,2.4136,1437652.2
2024-12-13 04:15:00+09:00,2.4135,2.4190,2.4135,2.4167,574936.1
2024-12-13 04:16:00+09:00,2.4166,2.4168,2.4138,2.4161,1143435.1
2024-12-13 04:17:00+09:00,2.4161,2.4200,2.4148,2.4187,824958.9
2024-12-13 04:18:00+09:00,2.4187,2.4214,2.4162,2.4214,1162115.7
2024-12-13 04:19:00+09:00,2.4214,2.4234,2.4192,2.4220,1198967.2
2024-12-13 04:20:00+09:00,2.4219,2.4285,2.4209,2.4268,2588373.2
2024-12-13 04:21:00+09:00,2.4268,2.4366,2.4268,2.4354,7002345.0
2024-12-13 04:22:00+09:00,2.4354,2.4359,2.4306,2.4318,3284810.2
2024-12-13 04:23:00+09:00,2.4318,2.4335,2.4300,2.4325,1845560.8
2024-12-13 04:24:00+09:00,2.4326,2.4347,2.4319,2.4325,743987.7
2024-12-13 04:25:00+09:00,2.4324,2.4338,2.4274,2.4297,1159413.0
2024-12-13 04:26:00+09:00,2.4297,2.4322,2.4253,2.4260,822056.7
2024-12-13 04:27:00+09:00,2.4260,2.4288,2.4250,2.4251,880584.2
2024-12-13 04:28:00+09:00,2.4250,2.4266,2.4175,2.4189,1196982.2
2024-12-13 04:29:00+09:00,2.4189,2.4195,2.4025,2.4047,3545726.2
2024-12-13 04:30:00+09:00,2.4047,2.4100,2.4003,2.4081,4375215.1
2024-12-13 04:31:00+09:00,2.4080,2.4099,2.4049,2.4058,1845101.4
2024-12-13 04:32:00+09:00,2.4058,2.4105,2.3956,2.3974,4893230.9
2024-12-13 04:33:00+09:00,2.3974,2.4000,2.3945,2.3946,3606250.3
2024-12-13 04:34:00+09:00,2.3946,2.3951,2.3836,2.3851,5528294.5
2024-12-13 04:35:00+09:00,2.3850,2.3865,2.3704,2.3756,10459482.3
2024-12-13 04:36:00+09:00,2.3757,2.3810,2.3613,2.3658,7393714.5
2024-12-13 04:37:00+09:00,2.3658,2.3769,2.3645,2.3707,5717984.3
2024-12-13 04:38:00+09:00,2.3706,2.3808,2.3706,2.3749,3670729.1
2024-12-13 04:39:00+09:00,2.3749,2.3758,2.3628,2.3629,3182628.3
2024-12-13 04:40:00+09:00,2.3630,2.3689,2.3608,2.3637,4486273.1
2024-12-13 04:41:00+09:00,2.3636,2.3647,2.3561,2.3605,5424599.1
2024-12-13 04:42:00+09:00,2.3606,2.3646,2.3529,2.3563,5343769.3
2024-12-13 04:43:00+09:00,2.3562,2.3616,2.3532,2.3553,4372792.3
2024-12-13 04:44:00+09:00,2.3553,2.3596,2.3542,2.3590,2800861.0
2024-12-13 04:45:00+09:00,2.3589,2.3606,2.3521,2.3587,3492589.1
2024-12-13 04:46:00+09:00,2.3587,2.3588,2.3430,2.3442,6906472.8
2024-12-13 04:47:00+09:00,2.3441,2.3498,2.3382,2.3453,8283615.8
2024-12-13 04:48:00+09:00,2.3453,2.3778,2.3453,2.3713,6403369.1
2024-12-13 04:49:00+09:00,2.3712,2.3714,2.3570,2.3612,3852688.1
2024-12-13 04:50:00+09:00,2.3613,2.3792,2.3613,2.3782,5459820.9
2024-12-13 04:51:00+09:00,2.3782,2.3800,2.3709,2.3717,3960120.3
2024-12-13 04:52:00+09:00,2.3717,2.3717,2.3610,2.3642,2737477.5
2024-12-13 04:53:00+09:00,2.3642,2.3705,2.3640,2.3682,1360716.2
2024-12-13 04:54:00+09:00,2.3683,2.3700,2.3590,2.3594,1593376.9
2024-12-13 04:55:00+09:00,2.3595,2.3607,2.3421,2.3472,4119976.0
2024-12-13 04:56:00+09:00,2.3472,2.3555,2.3441,2.3470,3149089.1
2024-12-13 04:57:00+09:00,2.3469,2.3498,2.3426,2.3482,2311290.2
2024-12-13 04:58:00+09:00,2.3483,2.3507,2.3434,2.3457,3007947.0
2024-12-13 04:59:00+09:00,2.3457,2.3520,2.3450,2.3467,1799389.0
2024-12-13 05:00:00+09:00,2.3467,2.3605,2.3454,2.3581,2793149.3
2024-12-13 05:01:00+09:00,2.3580,2.3635,2.3530,2.3601,2397364.2
2024-12-13 05:02:00+09:00,2.3600,2.3655,2.3596,2.3635,2334400.4
2024-12-13 05:03:00+09:00,2.3635,2.3637,2.3552,2.3576,2123620.1
2024-12-13 05:04:00+09:00,2.3575,2.3605,2.3541,2.3560,1027940.9
2024-12-13 05:05:00+09:00,2.3561,2.3620,2.3541,2.3609,1823197.3
2024-12-13 05:06:00+09:00,2.3609,2.3674,2.3605,2.3667,1585580.2
2024-12-13 05:07:00+09:00,2.3666,2.3679,2.3627,2.3658,1982022.0
2024-12-13 05:08:00+09:00,2.3659,2.3664,2.3575,2.3588,1667612.7
2024-12-13 05:09:00+09:00,2.3589,2.3646,2.3574,2.3645,1272073.0
2024-12-13 05:10:00+09:00,2.3645,2.3655,2.3602,2.3634,1019061.4
2024-12-13 05:11:00+09:00,2.3634,2.3686,2.3627,2.3685,570396.8
2024-12-13 05:12:00+09:00,2.3685,2.3700,2.3651,2.3671,983336.6
2024-12-13 05:13:00+09:00,2.3671,2.3706,2.3649,2.3691,1497169.6
2024-12-13 05:14:00+09:00,2.3691,2.3736,2.3668,2.3679,1856819.0
2024-12-13 05:15:00+09:00,2.3680,2.3705,2.3653,2.3667,1555702.8
2024-12-13 05:16:00+09:00,2.3667,2.3674,2.3545,2.3545,2223816.5
2024-12-13 05:17:00+09:00,2.3546,2.3571,2.3507,2.3554,2354105.6
2024-12-13 05:18:00+09:00,2.3555,2.3593,2.3528,2.3573,1139441.6
2024-12-13 05:19:00+09:00,2.3574,2.3605,2.3556,2.3599,1662928.7
2024-12-13 05:20:00+09:00,2.3600,2.3618,2.3560,2.3587,706711.4
2024-12-13 05:21:00+09:00,2.3588,2.3594,2.3535,2.3536,1323427.8
2024-12-13 05:22:00+09:00,2.3537,2.3541,2.3495,2.3530,1228997.4
2024-12-13 05:23:00+09:00,2.3532,2.3568,2.3512,2.3560,823961.2
2024-12-13 05:24:00+09:00,2.3560,2.3588,2.3557,2.3575,571436.9
2024-12-13 05:25:00+09:00,2.3575,2.3605,2.3555,2.3588,782567.5
2024-12-13 05:26:00+09:00,2.3589,2.3630,2.3583,2.3592,1003860.9
2024-12-13 05:27:00+09:00,2.3591,2.3600,2.3522,2.3569,1937907.5
2024-12-13 05:28:00+09:00,2.3570,2.3577,2.3547,2.3575,465987.1
2024-12-13 05:29:00+09:00,2.3574,2.3612,2.3530,2.3530,2008979.2
2024-12-13 05:30:00+09:00,2.3530,2.3615,2.3495,2.3595,1927275.0
2024-12-13 05:31:00+09:00,2.3596,2.3643,2.3596,2.3642,874047.4
2024-12-13 05:32:00+09:00,2.3641,2.3657,2.3614,2.3653,624993.3
2024-12-13 05:33:00+09:00,2.3653,2.3657,2.3606,2.3623,755768.5
2024-12-13 05:34:00+09:00,2.3622,2.3623,2.3593,2.3607,816302.1
2024-12-13 05:35:00+09:00,2.3608,2.3668,2.3608,2.3664,771204.7
2024-12-13 05:36:00+09:00,2.3665,2.3687,2.3643,2.3685,1370311.1
2024-12-13 05:37:00+09:00,2.3685,2.3850,2.3676,2.3837,2364247.2
2024-12-13 05:38:00+09:00,2.3837,2.3848,2.3767,2.3788,1884282.2
2024-12-13 05:39:00+09:00,2.3789,2.3833,2.3764,2.3814,1911319.6
2024-12-13 05:40:00+09:00,2.3814,2.3837,2.3768,2.3834,2478138.1
2024-12-13 05:41:00+09:00,2.3834,2.3835,2.3784,2.3793,919993.1
2024-12-13 05:42:00+09:00,2.3794,2.3822,2.3761,2.3812,914754.6
2024-12-13 05:43:00+09:00,2.3812,2.3848,2.3791,2.3841,934679.8
2024-12-13 05:44:00+09:00,2.3840,2.3915,2.3826,2.3883,2919989.6
2024-12-13 05:45:00+09:00,2.3882,2.3921,2.3848,2.3909,1710392.8
2024-12-13 05:46:00+09:00,2.3909,2.3933,2.3880,2.3889,1696684.2
2024-12-13 05:47:00+09:00,2.3890,2.3951,2.3879,2.3932,1970302.8
2024-12-13 05:48:00+09:00,2.3931,2.3945,2.3915,2.3925,941452.0
2024-12-13 05:49:00+09:00,2.3925,2.3929,2.3823,2.3864,2534708.8
2024-12-13 05:50:00+09:00,2.3864,2.3905,2.3858,2.3883,1375703.2
2024-12-13 05:51:00+09:00,2.3883,2.3883,2.3784,2.3788,1836929.4
2024-12-13 05:52:00+09:00,2.3788,2.3790,2.3729,2.3758,1798229.9
2024-12-13 05:53:00+09:00,2.3758,2.3783,2.3733,2.3771,1707518.7
2024-12-13 05:54:00+09:00,2.3773,2.3807,2.3755,2.3787,728906.4
2024-12-13 05:55:00+09:00,2.3787,2.3796,2.3742,2.3760,810994.9
2024-12-13 05:56:00+09:00,2.3760,2.3843,2.3755,2.3815,1042377.7
2024-12-13 05:57:00+09:00,2.3816,2.3860,2.3789,2.3853,864281.9
2024-12-13 05:58:00+09:00,2.3853,2.3900,2.3852,2.3891,910072.1
2024-12-13 05:59:00+09:00,2.3891,2.3912,2.3854,2.3881,831494.5
2024-12-13 06:00:00+09:00,2.3880,2.3912,2.3872,2.3887,657422.7
2024-12-13 06:01:00+09:00,2.3887,2.3887,2.3830,2.3840,1423623.4
2024-12-13 06:02:00+09:00,2.3839,2.3856,2.3808,2.3823,525758.0
2024-12-13 06:03:00+09:00,2.3822,2.3827,2.3795,2.3799,796316.6
2024-12-13 06:04:00+09:00,2.3799,2.3800,2.3742,2.3769,769534.1
2024-12-13 06:05:00+09:00,2.3769,2.3771,2.3703,2.3718,994489.1
2024-12-13 06:06:00+09:00,2.3719,2.3774,2.3719,2.3742,520458.1
2024-12-13 06:07:00+09:00,2.3742,2.3750,2.3727,2.3746,486696.7
2024-12-13 06:08:00+09:00,2.3745,2.3751,2.3732,2.3736,656347.9
2024-12-13 06:09:00+09:00,2.3736,2.3740,2.3716,2.3731,825673.0
2024-12-13 06:10:00+09:00,2.3732,2.3742,2.3710,2.3727,1361997.8
2024-12-13 06:11:00+09:00,2.3726,2.3742,2.3712,2.3720,705415.8
2024-12-13 06:12:00+09:00,2.3720,2.3755,2.3719,2.3743,1331889.9
2024-12-13 06:13:00+09:00,2.3742,2.3755,2.3724,2.3752,564119.5
2024-12-13 06:14:00+09:00,2.3752,2.3768,2.3687,2.3707,761774.9
2024-12-13 06:15:00+09:00,2.3707,2.3730,2.3656,2.3682,1324542.2
2024-12-13 06:16:00+09:00,2.3682,2.3775,2.3658,2.3771,922159.3
2024-12-13 06:17:00+09:00,2.3771,2.3805,2.3755,2.3799,1340770.8
2024-12-13 06:18:00+09:00,2.3799,2.3812,2.3748,2.3780,750601.8
2024-12-13 06:19:00+09:00,2.3781,2.3784,2.3753,2.3754,273292.8
2024-12-13 06:20:00+09:00,2.3755,2.3791,2.3734,2.3788,307897.7
2024-12-13 06:21:00+09:00,2.3788,2.3807,2.3756,2.3781,488671.6
2024-12-13 06:22:00+09:00,2.3780,2.3847,2.3778,2.3834,537599.0
2024-12-13 06:23:00+09:00,2.3833,2.3838,2.3798,2.3838,470078.6
2024-12-13 06:24:00+09:00,2.3837,2.3838,2.3803,2.3817,303123.4
2024-12-13 06:25:00+09:00,2.3817,2.3840,2.3794,2.3830,573117.4
2024-12-13 06:26:00+09:00,2.3831,2.3843,2.3819,2.3832,395033.7
2024-12-13 06:27:00+09:00,2.3833,2.3855,2.3818,2.3842,345318.9
2024-12-13 06:28:00+09:00,2.3842,2.3842,2.3820,2.3829,245196.1
2024-12-13 06:29:00+09:00,2.3828,2.3829,2.3804,2.3809,233378.9
2024-12-13 06:30:00+09:00,2.3809,2.3816,2.3740,2.3767,585977.4
2024-12-13 06:31:00+09:00,2.3767,2.3798,2.3764,2.3797,273847.9
2024-12-13 06:32:00+09:00,2.3798,2.3815,2.3776,2.3802,347916.9
2024-12-13 06:33:00+09:00,2.3802,2.3802,2.3774,2.3781,302972.0
2024-12-13 06:34:00+09:00,2.3780,2.3787,2.3746,2.3755,329868.2
2024-12-13 06:35:00+09:00,2.3755,2.3765,2.3701,2.3721,1331443.0
2024-12-13 06:36:00+09:00,2.3721,2.3721,2.3632,2.3644,1161370.8
2024-12-13 06:37:00+09:00,2.3643,2.3644,2.3580,2.3609,2450859.6
2024-12-13 06:38:00+09:00,2.3609,2.3623,2.3548,2.3555,1156865.4
2024-12-13 06:39:00+09:00,2.3554,2.3606,2.3553,2.3595,841808.2
2024-12-13 06:40:00+09:00,2.3595,2.3595,2.3537,2.3553,725118.3
2024-12-13 06:41:00+09:00,2.3553,2.3570,2.3521,2.3534,897591.4
2024-12-13 06:42:00+09:00,2.3533,2.3561,2.3529,2.3538,1017292.7
2024-12-13 06:43:00+09:00,2.3537,2.3546,2.3514,2.3529,748156.1
2024-12-13 06:44:00+09:00,2.3529,2.3579,2.3528,2.3545,1598719.5
2024-12-13 06:45:00+09:00,2.3545,2.3569,2.3540,2.3540,562141.1
2024-12-13 06:46:00+09:00,2.3540,2.3625,2.3538,2.3610,706009.4
2024-12-13 06:47:00+09:00,2.3610,2.3632,2.3595,2.3610,649776.4
2024-12-13 06:48:00+09:00,2.3610,2.3648,2.3594,2.3648,609398.5
2024-12-13 06:49:00+09:00,2.3647,2.3647,2.3597,2.3600,490895.4
2024-12-13 06:50:00+09:00,2.3599,2.3631,2.3596,2.3598,257587.3
2024-12-13 06:51:00+09:00,2.3599,2.3609,2.3551,2.3605,1061575.2
2024-12-13 06:52:00+09:00,2.3606,2.3643,2.3605,2.3623,469486.7
2024-12-13 06:53:00+09:00,2.3623,2.3671,2.3622,2.3658,600081.6
2024-12-13 06:54:00+09:00,2.3658,2.3658,2.3603,2.3617,486334.0
2024-12-13 06:55:00+09:00,2.3618,2.3629,2.3592,2.3597,924045.2
2024-12-13 06:56:00+09:00,2.3596,2.3624,2.3590,2.3599,488004.5
2024-12-13 06:57:00+09:00,2.3598,2.3630,2.3595,2.3620,377462.8
2024-12-13 06:58:00+09:00,2.3621,2.3655,2.3614,2.3646,426731.8
2024-12-13 06:59:00+09:00,2.3646,2.3652,2.3591,2.3597,413805.6
2024-12-13 07:00:00+09:00,2.3597,2.3611,2.3583,2.3585,339168.2
2024-12-13 07:01:00+09:00,2.3585,2.3620,2.3578,2.3620,382445.2
2024-12-13 07:02:00+09:00,2.3619,2.3619,2.3451,2.3467,4174640.1
2024-12-13 07:03:00+09:00,2.3467,2.3508,2.3450,2.3485,1098865.5
2024-12-13 07:04:00+09:00,2.3485,2.3512,2.3450,2.3465,969349.7
2024-12-13 07:05:00+09:00,2.3464,2.3468,2.3428,2.3441,1673348.8
2024-12-13 07:06:00+09:00,2.3440,2.3476,2.3404,2.3476,1330783.1
2024-12-13 07:07:00+09:00,2.3477,2.3508,2.3436,2.3508,1866008.7
2024-12-13 07:08:00+09:00,2.3508,2.3522,2.3276,2.3285,5033616.2
2024-12-13 07:09:00+09:00,2.3284,2.3324,2.3231,2.3284,4593392.2
2024-12-13 07:10:00+09:00,2.3284,2.3295,2.3249,2.3250,2698452.3
2024-12-13 07:11:00+09:00,2.3250,2.3326,2.3250,2.3307,2093935.1
2024-12-13 07:12:00+09:00,2.3306,2.3314,2.3231,2.3243,1687672.6
2024-12-13 07:13:00+09:00,2.3243,2.3298,2.3239,2.3265,1675597.6
2024-12-13 07:14:00+09:00,2.3265,2.3307,2.3252,2.3307,913559.8
2024-12-13 07:15:00+09:00,2.3307,2.3369,2.3286,2.3337,1820329.3
2024-12-13 07:16:00+09:00,2.3337,2.3353,2.3298,2.3322,1338788.8
2024-12-13 07:17:00+09:00,2.3322,2.3326,2.3249,2.3252,1239896.9
2024-12-13 07:18:00+09:00,2.3252,2.3266,2.3157,2.3193,5193192.4
2024-12-13 07:19:00+09:00,2.3193,2.3203,2.3172,2.3192,1246801.4
2024-12-13 07:20:00+09:00,2.3193,2.3193,2.3064,2.3122,5279141.2
2024-12-13 07:21:00+09:00,2.3122,2.3257,2.3110,2.3244,2371418.0
2024-12-13 07:22:00+09:00,2.3244,2.3267,2.3228,2.3257,1520440.0
2024-12-13 07:23:00+09:00,2.3257,2.3310,2.3257,2.3285,2684003.7
2024-12-13 07:24:00+09:00,2.3285,2.3308,2.3225,2.3308,1274009.1
2024-12-13 07:25:00+09:00,2.3306,2.3395,2.3306,2.3387,2010898.9
2024-12-13 07:26:00+09:00,2.3388,2.3441,2.3388,2.3390,1202906.0
2024-12-13 07:27:00+09:00,2.3390,2.3425,2.3360,2.3425,1986529.0
2024-12-13 07:28:00+09:00,2.3425,2.3456,2.3412,2.3438,1436217.4
2024-12-13 07:29:00+09:00,2.3438,2.3465,2.3398,2.3408,1433598.7
2024-12-13 07:30:00+09:00,2.3408,2.3477,2.3408,2.3461,759553.8
2024-12-13 07:31:00+09:00,2.3462,2.3462,2.3396,2.3422,1002239.4
2024-12-13 07:32:00+09:00,2.3422,2.3439,2.3386,2.3430,1255422.3
2024-12-13 07:33:00+09:00,2.3429,2.3429,2.3384,2.3400,512411.7
2024-12-13 07:34:00+09:00,2.3400,2.3470,2.3400,2.3470,519356.3
2024-12-13 07:35:00+09:00,2.3470,2.3470,2.3385,2.3401,830334.9
2024-12-13 07:36:00+09:00,2.3401,2.3418,2.3355,2.3378,776760.9
2024-12-13 07:37:00+09:00,2.3378,2.3378,2.3281,2.3305,1727671.0
2024-12-13 07:38:00+09:00,2.3306,2.3418,2.3305,2.3410,706854.7
2024-12-13 07:39:00+09:00,2.3409,2.3499,2.3405,2.3485,1502576.8
2024-12-13 07:40:00+09:00,2.3484,2.3500,2.3416,2.3469,1248354.5
2024-12-13 07:41:00+09:00,2.3469,2.3488,2.3445,2.3464,476017.1
2024-12-13 07:42:00+09:00,2.3464,2.3477,2.3456,2.3465,374261.0
2024-12-13 07:43:00+09:00,2.3464,2.3481,2.3459,2.3480,753812.1
2024-12-13 07:44:00+09:00,2.3481,2.3546,2.3480,2.3521,1164759.7
2024-12-13 07:45:00+09:00,2.3521,2.3539,2.3515,2.3519,1065832.4
2024-12-13 07:46:00+09:00,2.3519,2.3564,2.3516,2.3550,732349.9
2024-12-13 07:47:00+09:00,2.3551,2.3555,2.3524,2.3536,635900.0
2024-12-13 07:48:00+09:00,2.3536,2.3582,2.3536,2.3580,639118.1
2024-12-13 07:49:00+09:00,2.3580,2.3588,2.3532,2.3539,1112666.5
2024-12-13 07:50:00+09:00,2.3539,2.3547,2.3489,2.3502,1384516.3
2024-12-13 07:51:00+09:00,2.3501,2.3514,2.3483,2.3514,921488.9
2024-12-13 07:52:00+09:00,2.3514,2.3575,2.3513,2.3570,782564.7
2024-12-13 07:53:00+09:00,2.3570,2.3583,2.3525,2.3528,619833.5
2024-12-13 07:54:00+09:00,2.3529,2.3573,2.3528,2.3548,655329.7
2024-12-13 07:55:00+09:00,2.3549,2.3551,2.3462,2.3467,1177596.0
2024-12-13 07:56:00+09:00,2.3467,2.3502,2.3467,2.3490,1089518.2
2024-12-13 07:57:00+09:00,2.3491,2.3541,2.3479,2.3536,1282869.0
2024-12-13 07:58:00+09:00,2.3536,2.3536,2.3456,2.3479,842775.1
2024-12-13 07:59:00+09:00,2.3478,2.3511,2.3478,2.3496,542686.5
2024-12-13 08:00:00+09:00,2.3496,2.3506,2.3440,2.3460,1044328.2
2024-12-13 08:01:00+09:00,2.3460,2.3496,2.3460,2.3484,481909.2
2024-12-13 08:02:00+09:00,2.3484,2.3545,2.3470,2.3530,608368.3
2024-12-13 08:03:00+09:00,2.3530,2.3540,2.3472,2.3479,1373136.9
2024-12-13 08:04:00+09:00,2.3480,2.3489,2.3431,2.3467,1272733.6
2024-12-13 08:05:00+09:00,2.3467,2.3501,2.3447,2.3481,1096013.4
2024-12-13 08:06:00+09:00,2.3480,2.3510,2.3468,2.3491,592488.5
2024-12-13 08:07:00+09:00,2.3490,2.3504,2.3478,2.3494,359605.1
2024-12-13 08:08:00+09:00,2.3494,2.3513,2.3456,2.3495,553134.7
2024-12-13 08:09:00+09:00,2.3495,2.3499,2.3450,2.3454,517312.3
2024-12-13 08:10:00+09:00,2.3454,2.3511,2.3453,2.3505,569227.7
2024-12-13 08:11:00+09:00,2.3505,2.3520,2.3486,2.3496,564687.6
2024-12-13 08:12:00+09:00,2.3496,2.3497,2.3461,2.3472,725872.7
2024-12-13 08:13:00+09:00,2.3473,2.3480,2.3453,2.3464,310416.9
2024-12-13 08:14:00+09:00,2.3464,2.3464,2.3424,2.3427,681832.2
2024-12-13 08:15:00+09:00,2.3426,2.3458,2.3426,2.3446,628018.5
2024-12-13 08:16:00+09:00,2.3447,2.3478,2.3427,2.3478,689284.3
2024-12-13 08:17:00+09:00,2.3478,2.3478,2.3403,2.3411,654294.0
2024-12-13 08:18:00+09:00,2.3411,2.3442,2.3407,2.3422,404531.6
2024-12-13 08:19:00+09:00,2.3422,2.3422,2.3304,2.3343,3405628.3
2024-12-13 08:20:00+09:00,2.3342,2.3371,2.3312,2.3354,1454766.3
2024-12-13 08:21:00+09:00,2.3354,2.3377,2.3340,2.3354,560696.3
2024-12-13 08:22:00+09:00,2.3354,2.3358,2.3314,2.3332,777303.1
2024-12-13 08:23:00+09:00,2.3332,2.3340,2.3283,2.3302,1188935.5
2024-12-13 08:24:00+09:00,2.3301,2.3302,2.3260,2.3283,1267085.3
2024-12-13 08:25:00+09:00,2.3283,2.3367,2.3282,2.3367,967005.5
2024-12-13 08:26:00+09:00,2.3367,2.3384,2.3334,2.3348,1167752.9
2024-12-13 08:27:00+09:00,2.3347,2.3362,2.3335,2.3353,461458.4
2024-12-13 08:28:00+09:00,2.3353,2.3385,2.3337,2.3373,684238.1
2024-12-13 08:29:00+09:00,2.3372,2.3382,2.3364,2.3375,170124.3
2024-12-13 08:30:00+09:00,2.3375,2.3414,2.3373,2.3406,1005312.0
2024-12-13 08:31:00+09:00,2.3406,2.3429,2.3400,2.3429,308661.4
2024-12-13 08:32:00+09:00,2.3429,2.3442,2.3414,2.3425,380039.8
2024-12-13 08:33:00+09:00,2.3426,2.3452,2.3420,2.3448,597924.4
2024-12-13 08:34:00+09:00,2.3447,2.3449,2.3417,2.3441,451497.6
2024-12-13 08:35:00+09:00,2.3441,2.3473,2.3441,2.3457,318754.4
2024-12-13 08:36:00+09:00,2.3457,2.3464,2.3437,2.3443,304732.1
2024-12-13 08:37:00+09:00,2.3443,2.3459,2.3432,2.3446,240079.8
2024-12-13 08:38:00+09:00,2.3446,2.3447,2.3399,2.3421,550980.9
2024-12-13 08:39:00+09:00,2.3421,2.3423,2.3397,2.3408,333199.5
2024-12-13 08:40:00+09:00,2.3408,2.3422,2.3400,2.3419,276680.2
2024-12-13 08:41:00+09:00,2.3420,2.3471,2.3420,2.3469,542044.9
2024-12-13 08:42:00+09:00,2.3469,2.3469,2.3432,2.3432,289280.9
2024-12-13 08:43:00+09:00,2.3433,2.3464,2.3433,2.3449,253788.4
2024-12-13 08:44:00+09:00,2.3449,2.3479,2.3437,2.3445,679232.4
2024-12-13 08:45:00+09:00,2.3445,2.3493,2.3443,2.3481,475514.7
2024-12-13 08:46:00+09:00,2.3481,2.3495,2.3476,2.3482,459639.1
2024-12-13 08:47:00+09:00,2.3483,2.3486,2.3461,2.3475,812768.9
2024-12-13 08:48:00+09:00,2.3475,2.3483,2.3457,2.3460,277531.7
2024-12-13 08:49:00+09:00,2.3460,2.3461,2.3430,2.3437,701960.5
2024-12-13 08:50:00+09:00,2.3437,2.3449,2.3419,2.3432,645427.3
2024-12-13 08:51:00+09:00,2.3431,2.3448,2.3404,2.3429,574156.9
2024-12-13 08:52:00+09:00,2.3428,2.3437,2.3419,2.3423,279661.2
2024-12-13 08:53:00+09:00,2.3423,2.3449,2.3409,2.3412,719364.7
2024-12-13 08:54:00+09:00,2.3411,2.3423,2.3396,2.3423,483820.2
2024-12-13 08:55:00+09:00,2.3423,2.3423,2.3378,2.3422,1233445.0
2024-12-13 08:56:00+09:00,2.3422,2.3433,2.3416,2.3429,460110.5
2024-12-13 08:57:00+09:00,2.3429,2.3429,2.3383,2.3388,377287.4
2024-12-13 08:58:00+09:00,2.3386,2.3400,2.3371,2.3394,471441.4
2024-12-13 08:59:00+09:00,2.3395,2.3395,2.3353,2.3377,570200.5
2024-12-13 09:00:00+09:00,2.3376,2.3399,2.3364,2.3395,919682.4
2024-12-13 09:01:00+09:00,2.3395,2.3395,2.3358,2.3361,900991.0
2024-12-13 09:02:00+09:00,2.3360,2.3453,2.3359,2.3452,882563.3
2024-12-13 09:03:00+09:00,2.3453,2.3480,2.3447,2.3479,503100.6
2024-12-13 09:04:00+09:00,2.3480,2.3497,2.3466,2.3492,679533.8
2024-12-13 09:05:00+09:00,2.3493,2.3493,2.3456,2.3488,380092.1
2024-12-13 09:06:00+09:00,2.3488,2.3527,2.3475,2.3514,1719752.3
2024-12-13 09:07:00+09:00,2.3515,2.3530,2.3500,2.3517,442918.1
2024-12-13 09:08:00+09:00,2.3517,2.3545,2.3505,2.3519,1382559.3
2024-12-13 09:09:00+09:00,2.3518,2.3524,2.3475,2.3505,1416563.1
2024-12-13 09:10:00+09:00,2.3505,2.3506,2.3457,2.3461,686771.1
2024-12-13 09:11:00+09:00,2.3460,2.3524,2.3455,2.3513,1600643.1
2024-12-13 09:12:00+09:00,2.3512,2.3512,2.3435,2.3456,775137.6
2024-12-13 09:13:00+09:00,2.3455,2.3469,2.3424,2.3426,1099529.8
2024-12-13 09:14:00+09:00,2.3426,2.3480,2.3415,2.3434,1718270.2
2024-12-13 09:15:00+09:00,2.3435,2.3461,2.3401,2.3420,567795.4
2024-12-13 09:16:00+09:00,2.3420,2.3496,2.3409,2.3483,509424.6
2024-12-13 09:17:00+09:00,2.3484,2.3511,2.3446,2.3470,1082738.7
2024-12-13 09:18:00+09:00,2.3469,2.3520,2.3467,2.3520,490057.1
2024-12-13 09:19:00+09:00,2.3520,2.3570,2.3508,2.3561,1116142.2
2024-12-13 09:20:00+09:00,2.3561,2.3579,2.3550,2.3555,983773.9
2024-12-13 09:21:00+09:00,2.3555,2.3576,2.3540,2.3554,711204.4
2024-12-13 09:22:00+09:00,2.3555,2.3598,2.3555,2.3577,1169915.5
2024-12-13 09:23:00+09:00,2.3577,2.3595,2.3550,2.3571,522315.7
2024-12-13 09:24:00+09:00,2.3571,2.3611,2.3571,2.3603,1244427.4
2024-12-13 09:25:00+09:00,2.3603,2.3624,2.3580,2.3621,555656.4
2024-12-13 09:26:00+09:00,2.3620,2.3656,2.3612,2.3616,1368736.5
2024-12-13 09:27:00+09:00,2.3615,2.3629,2.3589,2.3605,597578.2
2024-12-13 09:28:00+09:00,2.3604,2.3604,2.3552,2.3564,484206.6
2024-12-13 09:29:00+09:00,2.3563,2.3574,2.3552,2.3559,285109.8
2024-12-13 09:30:00+09:00,2.3560,2.3573,2.3541,2.3564,1007595.1
2024-12-13 09:31:00+09:00,2.3565,2.3579,2.3549,2.3574,231018.2
2024-12-13 09:32:00+09:00,2.3574,2.3579,2.3550,2.3559,292908.8
2024-12-13 09:33:00+09:00,2.3560,2.3598,2.3555,2.3575,461730.9
2024-12-13 09:34:00+09:00,2.3576,2.3609,2.3572,2.3608,611938.8
2024-12-13 09:35:00+09:00,2.3608,2.3644,2.3608,2.3623,639643.0
2024-12-13 09:36:00+09:00,2.3622,2.3629,2.3583,2.3594,898873.7
2024-12-13 09:37:00+09:00,2.3593,2.3622,2.3593,2.3605,256671.2
2024-12-13 09:38:00+09:00,2.3606,2.3611,2.3562,2.3572,391377.0
2024-12-13 09:39:00+09:00,2.3571,2.3590,2.3566,2.3584,187914.3
2024-12-13 09:40:00+09:00,2.3584,2.3628,2.3582,2.3625,402848.0
2024-12-13 09:41:00+09:00,2.3625,2.3644,2.3610,2.3611,402635.0
2024-12-13 09:42:00+09:00,2.3611,2.3647,2.3610,2.3621,449967.2
2024-12-13 09:43:00+09:00,2.3622,2.3648,2.3622,2.3645,656565.1
2024-12-13 09:44:00+09:00,2.3646,2.3646,2.3610,2.3612,679351.9
2024-12-13 09:45:00+09:00,2.3612,2.3673,2.3612,2.3647,923442.3
2024-12-13 09:46:00+09:00,2.3647,2.3656,2.3628,2.3636,1364327.8
2024-12-13 09:47:00+09:00,2.3636,2.3636,2.3577,2.3577,624916.7
2024-12-13 09:48:00+09:00,2.3577,2.3611,2.3567,2.3585,625989.7
2024-12-13 09:49:00+09:00,2.3585,2.3585,2.3503,2.3512,1437467.9
2024-12-13 09:50:00+09:00,2.3513,2.3533,2.3512,2.3520,526077.4
2024-12-13 09:51:00+09:00,2.3521,2.3538,2.3491,2.3496,671575.0
2024-12-13 09:52:00+09:00,2.3496,2.3531,2.3485,2.3519,1114978.9
2024-12-13 09:53:00+09:00,2.3519,2.3558,2.3515,2.3550,469143.9
2024-12-13 09:54:00+09:00,2.3551,2.3562,2.3531,2.3542,328534.6
2024-12-13 09:55:00+09:00,2.3542,2.3551,2.3519,2.3535,345777.2
2024-12-13 09:56:00+09:00,2.3534,2.3538,2.3495,2.3498,327661.1
2024-12-13 09:57:00+09:00,2.3499,2.3511,2.3489,2.3509,356376.5
2024-12-13 09:58:00+09:00,2.3509,2.3509,2.3479,2.3481,793549.1
2024-12-13 09:59:00+09:00,2.3481,2.3504,2.3468,2.3483,309242.3
2024-12-13 10:00:00+09:00,2.3482,2.3498,2.3438,2.3449,1195042.9
2024-12-13 10:01:00+09:00,2.3449,2.3449,2.3391,2.3404,1769155.6
2024-12-13 10:02:00+09:00,2.3404,2.3423,2.3365,2.3376,949896.2
2024-12-13 10:03:00+09:00,2.3376,2.3394,2.3324,2.3342,1387510.7
2024-12-13 10:04:00+09:00,2.3342,2.3362,2.3310,2.3321,1170875.5
2024-12-13 10:05:00+09:00,2.3321,2.3400,2.3312,2.3395,1696863.8
2024-12-13 10:06:00+09:00,2.3394,2.3457,2.3386,2.3436,2027646.7
2024-12-13 10:07:00+09:00,2.3436,2.3458,2.3376,2.3380,665482.6
2024-12-13 10:08:00+09:00,2.3380,2.3402,2.3331,2.3339,740522.1
2024-12-13 10:09:00+09:00,2.3340,2.3352,2.3286,2.3302,1514056.4
2024-12-13 10:10:00+09:00,2.3302,2.3333,2.3293,2.3314,842105.9
2024-12-13 10:11:00+09:00,2.3313,2.3330,2.3255,2.3330,1903226.5
2024-12-13 10:12:00+09:00,2.3329,2.3372,2.3317,2.3359,1119339.1
2024-12-13 10:13:00+09:00,2.3359,2.3360,2.3323,2.3342,611850.0
2024-12-13 10:14:00+09:00,2.3343,2.3345,2.3288,2.3294,582621.9
2024-12-13 10:15:00+09:00,2.3295,2.3322,2.3260,2.3269,991164.5
2024-12-13 10:16:00+09:00,2.3270,2.3274,2.3185,2.3198,2439862.0
2024-12-13 10:17:00+09:00,2.3198,2.3241,2.3195,2.3200,1078391.3
2024-12-13 10:18:00+09:00,2.3200,2.3201,2.3161,2.3171,1466499.4
2024-12-13 10:19:00+09:00,2.3170,2.3176,2.3122,2.3143,1833035.3
2024-12-13 10:20:00+09:00,2.3144,2.3168,2.3131,2.3136,1129263.2
2024-12-13 10:21:00+09:00,2.3136,2.3143,2.3080,2.3081,1743744.1
2024-12-13 10:22:00+09:00,2.3082,2.3105,2.3071,2.3097,1011798.8
2024-12-13 10:22:00+09:00,2.3082,2.3105,2.3071,2.3097,1011798.8
2024-12-13 10:23:00+09:00,2.3098,2.3150,2.3094,2.3096,1381512.0
2024-12-13 10:24:00+09:00,2.3096,2.3140,2.3090,2.3135,655115.1
2024-12-13 10:25:00+09:00,2.3136,2.3223,2.3134,2.3186,1929101.4
2024-12-13 10:26:00+09:00,2.3186,2.3230,2.3178,2.3197,1747163.6
2024-12-13 10:27:00+09:00,2.3196,2.3196,2.3148,2.3184,720226.7
2024-12-13 10:28:00+09:00,2.3184,2.3210,2.3152,2.3191,863268.5
2024-12-13 10:29:00+09:00,2.3191,2.3204,2.3152,2.3164,1067779.2
2024-12-13 10:30:00+09:00,2.3165,2.3230,2.3153,2.3226,1852590.3
2024-12-13 10:31:00+09:00,2.3226,2.3249,2.3191,2.3228,1111128.7
2024-12-13 10:32:00+09:00,2.3227,2.3249,2.3205,2.3249,569695.2
2024-12-13 10:33:00+09:00,2.3248,2.3278,2.3235,2.3278,511289.2
2024-12-13 10:34:00+09:00,2.3277,2.3284,2.3255,2.3263,688938.4
2024-12-13 10:35:00+09:00,2.3263,2.3305,2.3246,2.3247,920050.7
2024-12-13 10:36:00+09:00,2.3247,2.3271,2.3214,2.3246,741969.5
2024-12-13 10:37:00+09:00,2.3245,2.3258,2.3223,2.3248,436282.0
2024-12-13 10:38:00+09:00,2.3249,2.3256,2.3213,2.3231,603471.5
2024-12-13 10:39:00+09:00,2.3231,2.3268,2.3226,2.3255,443569.8
2024-12-13 10:40:00+09:00,2.3255,2.3279,2.3252,2.3271,332616.8
2024-12-13 10:41:00+09:00,2.3270,2.3311,2.3260,2.3273,539663.0
2024-12-13 10:42:00+09:00,2.3273,2.3312,2.3267,2.3304,1062117.8
2024-12-13 10:43:00+09:00,2.3303,2.3332,2.3285,2.3322,811259.7
2024-12-13 10:44:00+09:00,2.3322,2.3330,2.3307,2.3325,269274.7
2024-12-13 10:45:00+09:00,2.3326,2.3331,2.3284,2.3323,707574.9
2024-12-13 10:46:00+09:00,2.3323,2.3400,2.3320,2.3393,2057616.8
2024-12-13 10:47:00+09:00,2.3393,2.3409,2.3376,2.3387,1924857.4
2024-12-13 10:48:00+09:00,2.3387,2.3392,2.3325,2.3328,1053805.8
2024-12-13 10:49:00+09:00,2.3329,2.3348,2.3294,2.3344,802323.9
2024-12-13 10:50:00+09:00,2.3344,2.3363,2.3321,2.3341,639525.5
2024-12-13 10:51:00+09:00,2.3343,2.3345,2.3254,2.3257,1554869.1
2024-12-13 10:52:00+09:00,2.3257,2.3300,2.3250,2.3299,628522.1
2024-12-13 10:53:00+09:00,2.3300,2.3331,2.3286,2.3330,564034.6
2024-12-13 10:54:00+09:00,2.3330,2.3400,2.3324,2.3392,1172913.5
2024-12-13 10:55:00+09:00,2.3392,2.3413,2.3368,2.3407,784539.9
2024-12-13 10:56:00+09:00,2.3406,2.3407,2.3374,2.3382,508342.2
2024-12-13 10:57:00+09:00,2.3382,2.3389,2.3333,2.3374,684907.5
2024-12-13 10:58:00+09:00,2.3374,2.3374,2.3326,2.3332,729945.8
2024-12-13 10:59:00+09:00,2.3332,2.3379,2.3332,2.3378,359339.1
2024-12-13 11:00:00+09:00,2.3377,2.3386,2.3357,2.3363,439105.0
2024-12-13 11:01:00+09:00,2.3364,2.3414,2.3360,2.3411,666315.2
2024-12-13 11:02:00+09:00,2.3411,2.3439,2.3406,2.3412,920858.9
2024-12-13 11:03:00+09:00,2.3412,2.3432,2.3366,2.3389,482998.1
2024-12-13 11:04:00+09:00,2.3390,2.3423,2.3374,2.3413,306100.1
2024-12-13 11:05:00+09:00,2.3413,2.3413,2.3346,2.3373,1126389.4
2024-12-13 11:06:00+09:00,2.3374,2.3440,2.3358,2.3414,1208799.8
2024-12-13 11:07:00+09:00,2.3413,2.3450,2.3395,2.3438,737114.8
2024-12-13 11:08:00+09:00,2.3438,2.3460,2.3413,2.3453,659599.8
2024-12-13 11:09:00+09:00,2.3453,2.3467,2.3441,2.3441,880712.8
2024-12-13 11:10:00+09:00,2.3440,2.3443,2.3383,2.3383,973305.9
2024-12-13 11:11:00+09:00,2.3382,2.3408,2.3372,2.3408,839162.0
2024-12-13 11:12:00+09:00,2.3407,2.3450,2.3406,2.3425,629259.2
2024-12-13 11:13:00+09:00,2.3425,2.3453,2.3425,2.3441,578249.0
2024-12-13 11:14:00+09:00,2.3441,2.3455,2.3426,2.3449,590140.0
2024-12-13 11:15:00+09:00,2.3449,2.3451,2.3395,2.3409,389355.4
2024-12-13 11:16:00+09:00,2.3409,2.3451,2.3402,2.3435,393760.4
2024-12-13 11:17:00+09:00,2.3436,2.3438,2.3408,2.3436,284265.9
2024-12-13 11:18:00+09:00,2.3436,2.3436,2.3393,2.3401,275469.9
2024-12-13 11:19:00+09:00,2.3401,2.3407,2.3370,2.3375,2450916.1
2024-12-13 11:20:00+09:00,2.3375,2.3390,2.3316,2.3329,1150821.0
2024-12-13 11:21:00+09:00,2.3329,2.3372,2.3311,2.3318,875172.7
2024-12-13 11:22:00+09:00,2.3319,2.3370,2.3311,2.3357,1062993.4
2024-12-13 11:23:00+09:00,2.3358,2.3389,2.3351,2.3377,585313.2
2024-12-13 11:24:00+09:00,2.3378,2.3400,2.3378,2.3394,718331.7
2024-12-13 11:25:00+09:00,2.3394,2.3400,2.3370,2.3399,279216.5
2024-12-13 11:26:00+09:00,2.3400,2.3402,2.3367,2.3387,474261.3
2024-12-13 11:27:00+09:00,2.3386,2.3405,2.3366,2.3381,503187.3
2024-12-13 11:28:00+09:00,2.3380,2.3400,2.3367,2.3388,206067.0
2024-12-13 11:29:00+09:00,2.3388,2.3392,2.3375,2.3378,234056.8
2024-12-13 11:30:00+09:00,2.3377,2.3381,2.3350,2.3369,981812.4
2024-12-13 11:31:00+09:00,2.3368,2.3371,2.3325,2.3345,706433.9
2024-12-13 11:32:00+09:00,2.3346,2.3378,2.3340,2.3348,1219879.1
2024-12-13 11:33:00+09:00,2.3347,2.3355,2.3326,2.3327,613310.7
2024-12-13 11:34:00+09:00,2.3328,2.3385,2.3325,2.3385,559821.5
2024-12-13 11:35:00+09:00,2.3384,2.3457,2.3383,2.3457,1047955.8
2024-12-13 11:36:00+09:00,2.3456,2.3500,2.3443,2.3485,1941358.8
2024-12-13 11:37:00+09:00,2.3485,2.3540,2.3451,2.3537,1469222.2
2024-12-13 11:38:00+09:00,2.3537,2.3543,2.3510,2.3538,947496.3
2024-12-13 11:39:00+09:00,2.3539,2.3555,2.3523,2.3526,971913.5
2024-12-13 11:40:00+09:00,2.3526,2.3528,2.3470,2.3479,1516070.7
2024-12-13 11:41:00+09:00,2.3479,2.3515,2.3476,2.3487,767617.9
2024-12-13 11:42:00+09:00,2.3488,2.3538,2.3486,2.3526,904305.0
2024-12-13 11:43:00+09:00,2.3526,2.3568,2.3519,2.3546,1032158.8
2024-12-13 11:44:00+09:00,2.3547,2.3551,2.3500,2.3528,1246721.4
2024-12-13 11:45:00+09:00,2.3527,2.3541,2.3499,2.3535,607392.8
2024-12-13 11:46:00+09:00,2.3535,2.3544,2.3518,2.3538,630663.9
2024-12-13 11:47:00+09:00,2.3537,2.3570,2.3516,2.3566,1138757.3
2024-12-13 11:48:00+09:00,2.3566,2.3583,2.3539,2.3570,772253.3
2024-12-13 11:49:00+09:00,2.3570,2.3572,2.3502,2.3510,653315.9
2024-12-13 11:50:00+09:00,2.3511,2.3545,2.3500,2.3524,630522.6
2024-12-13 11:51:00+09:00,2.3523,2.3525,2.3487,2.3487,733051.8
2024-12-13 11:52:00+09:00,2.3487,2.3488,2.3456,2.3465,891328.7
2024-12-13 11:53:00+09:00,2.3464,2.3477,2.3450,2.3453,641697.2
2024-12-13 11:54:00+09:00,2.3453,2.3465,2.3400,2.3403,598990.7
2024-12-13 11:55:00+09:00,2.3403,2.3443,2.3382,2.3430,620943.7
2024-12-13 11:56:00+09:00,2.3430,2.3436,2.3415,2.3420,375450.8
2024-12-13 11:57:00+09:00,2.3419,2.3436,2.3399,2.3436,300663.8
2024-12-13 11:58:00+09:00,2.3436,2.3436,2.3400,2.3405,520916.3
2024-12-13 11:59:00+09:00,2.3405,2.3438,2.3405,2.3429,702331.7
2024-12-13 12:00:00+09:00,2.3428,2.3450,2.3395,2.3434,964913.0
2024-12-13 12:01:00+09:00,2.3433,2.3435,2.3408,2.3426,506451.5
2024-12-13 12:02:00+09:00,2.3427,2.3433,2.3369,2.3386,703106.2
2024-12-13 12:03:00+09:00,2.3386,2.3411,2.3380,2.3407,604639.4
2024-12-13 12:04:00+09:00,2.3407,2.3413,2.3384,2.3413,388555.3
2024-12-13 12:05:00+09:00,2.3413,2.3440,2.3403,2.3429,420423.1
2024-12-13 12:06:00+09:00,2.3429,2.3432,2.3402,2.3432,274868.3
2024-12-13 12:07:00+09:00,2.3433,2.3481,2.3431,2.3475,537795.1
2024-12-13 12:08:00+09:00,2.3475,2.3484,2.3451,2.3463,496278.8
2024-12-13 12:09:00+09:00,2.3463,2.3470,2.3440,2.3440,205717.7
2024-12-13 12:10:00+09:00,2.3440,2.3447,2.3415,2.3432,429674.7
2024-12-13 12:11:00+09:00,2.3433,2.3474,2.3428,2.3469,533634.4
2024-12-13 12:12:00+09:00,2.3469,2.3470,2.3430,2.3438,286616.2
2024-12-13 12:13:00+09:00,2.3437,2.3440,2.3418,2.3435,177715.4
2024-12-13 12:14:00+09:00,2.3436,2.3436,2.3417,2.3428,165898.8
2024-12-13 12:15:00+09:00,2.3428,2.3444,2.3424,2.3441,157605.9
2024-12-13 12:16:00+09:00,2.3440,2.3453,2.3428,2.3453,202087.3
2024-12-13 12:17:00+09:00,2.3453,2.3484,2.3453,2.3478,406206.2
2024-12-13 12:18:00+09:00,2.3477,2.3511,2.3472,2.3474,600438.3
2024-12-13 12:19:00+09:00,2.3474,2.3484,2.3451,2.3458,478258.9
2024-12-13 12:20:00+09:00,2.3458,2.3467,2.3420,2.3434,294836.0
2024-12-13 12:21:00+09:00,2.3433,2.3455,2.3431,2.3440,452512.1
2024-12-13 12:22:00+09:00,2.3440,2.3463,2.3401,2.3401,384262.1
2024-12-13 12:23:00+09:00,2.3401,2.3421,2.3380,2.3386,749491.5
2024-12-13 12:24:00+09:00,2.3385,2.3395,2.3374,2.3379,466832.9
2024-12-13 12:25:00+09:00,2.3378,2.3389,2.3362,2.3368,667140.7
2024-12-13 12:26:00+09:00,2.3368,2.3390,2.3360,2.3386,452101.5
2024-12-13 12:27:00+09:00,2.3386,2.3395,2.3376,2.3392,300659.7
2024-12-13 12:28:00+09:00,2.3391,2.3411,2.3391,2.3399,475552.6
2024-12-13 12:29:00+09:00,2.3399,2.3408,2.3378,2.3386,378528.7
2024-12-13 12:30:00+09:00,2.3386,2.3428,2.3386,2.3411,289747.6
2024-12-13 12:31:00+09:00,2.3412,2.3441,2.3411,2.3416,242888.7
2024-12-13 12:32:00+09:00,2.3416,2.3427,2.3387,2.3427,392412.5
2024-12-13 12:33:00+09:00,2.3428,2.3438,2.3411,2.3430,162292.3
2024-12-13 12:34:00+09:00,2.3429,2.3455,2.3428,2.3438,352405.6
2024-12-13 12:35:00+09:00,2.3439,2.3466,2.3437,2.3457,357802.2
2024-12-13 12:36:00+09:00,2.3457,2.3475,2.3444,2.3470,287877.9
2024-12-13 12:37:00+09:00,2.3469,2.3503,2.3469,2.3501,593541.9
2024-12-13 12:38:00+09:00,2.3501,2.3549,2.3500,2.3525,1111421.3
2024-12-13 12:39:00+09:00,2.3525,2.3529,2.3498,2.3506,819069.4
2024-12-13 12:40:00+09:00,2.3507,2.3511,2.3482,2.3499,430086.2
2024-12-13 12:41:00+09:00,2.3499,2.3524,2.3499,2.3517,460525.3
2024-12-13 12:42:00+09:00,2.3517,2.3534,2.3493,2.3503,509955.5
2024-12-13 12:43:00+09:00,2.3504,2.3519,2.3471,2.3492,726923.3
2024-12-13 12:44:00+09:00,2.3492,2.3500,2.3470,2.3490,751024.7
2024-12-13 12:45:00+09:00,2.3491,2.3499,2.3456,2.3493,1226631.4
2024-12-13 12:46:00+09:00,2.3494,2.3519,2.3491,2.3519,673848.9
2024-12-13 12:47:00+09:00,2.3518,2.3558,2.3513,2.3546,949756.1
2024-12-13 12:48:00+09:00,2.3546,2.3547,2.3522,2.3530,257561.4
2024-12-13 12:49:00+09:00,2.3530,2.3555,2.3526,2.3552,1433961.0
2024-12-13 12:50:00+09:00,2.3551,2.3566,2.3540,2.3541,755130.2
2024-12-13 12:51:00+09:00,2.3542,2.3564,2.3515,2.3518,810094.0
2024-12-13 12:52:00+09:00,2.3518,2.3546,2.3518,2.3542,453397.9
2024-12-13 12:53:00+09:00,2.3541,2.3554,2.3530,2.3552,270815.0
2024-12-13 12:54:00+09:00,2.3552,2.3553,2.3531,2.3531,470903.4
2024-12-13 12:55:00+09:00,2.3531,2.3541,2.3520,2.3535,650449.3
2024-12-13 12:56:00+09:00,2.3535,2.3535,2.3523,2.3524,113238.9
2024-12-13 12:57:00+09:00,2.3523,2.3531,2.3507,2.3513,319721.8
2024-12-13 12:58:00+09:00,2.3513,2.3518,2.3498,2.3503,373716.4
2024-12-13 12:59:00+09:00,2.3503,2.3525,2.3499,2.3505,630478.9
2024-12-13 13:00:00+09:00,2.3505,2.3535,2.3505,2.3520,373233.8
2024-12-13 13:01:00+09:00,2.3520,2.3525,2.3508,2.3512,341651.4
2024-12-13 13:02:00+09:00,2.3512,2.3512,2.3494,2.3498,1148173.8
2024-12-13 13:03:00+09:00,2.3499,2.3503,2.3473,2.3478,332844.0
2024-12-13 13:04:00+09:00,2.3479,2.3479,2.3460,2.3462,496521.2
2024-12-13 13:05:00+09:00,2.3461,2.3461,2.3406,2.3421,1361636.5
2024-12-13 13:06:00+09:00,2.3420,2.3431,2.3414,2.3430,333176.5
2024-12-13 13:07:00+09:00,2.3430,2.3455,2.3407,2.3411,1593077.0
2024-12-13 13:08:00+09:00,2.3412,2.3420,2.3402,2.3419,476164.9
2024-12-13 13:09:00+09:00,2.3419,2.3470,2.3407,2.3441,1321192.9
2024-12-13 13:10:00+09:00,2.3441,2.3457,2.3439,2.3441,274857.3
2024-12-13 13:11:00+09:00,2.3440,2.3462,2.3433,2.3457,337144.6
2024-12-13 13:12:00+09:00,2.3457,2.3472,2.3448,2.3448,273573.7
2024-12-13 13:13:00+09:00,2.3447,2.3448,2.3435,2.3440,237574.4
2024-12-13 13:14:00+09:00,2.3440,2.3441,2.3418,2.3425,185871.1
2024-12-13 13:15:00+09:00,2.3425,2.3435,2.3415,2.3427,350927.2
2024-12-13 13:16:00+09:00,2.3427,2.3440,2.3417,2.3420,239246.3
2024-12-13 13:17:00+09:00,2.3420,2.3435,2.3384,2.3408,814404.4
2024-12-13 13:18:00+09:00,2.3408,2.3428,2.3392,2.3396,433124.3
2024-12-13 13:19:00+09:00,2.3396,2.3398,2.3368,2.3372,1135762.7
2024-12-13 13:20:00+09:00,2.3373,2.3380,2.3367,2.3371,463578.8
2024-12-13 13:21:00+09:00,2.3372,2.3394,2.3347,2.3348,708710.7
2024-12-13 13:22:00+09:00,2.3348,2.3359,2.3330,2.3330,459226.2
2024-12-13 13:23:00+09:00,2.3330,2.3331,2.3275,2.3300,1393467.5
2024-12-13 13:24:00+09:00,2.3300,2.3329,2.3299,2.3321,723368.3
2024-12-13 13:25:00+09:00,2.3320,2.3351,2.3313,2.3341,1131362.7
2024-12-13 13:26:00+09:00,2.3341,2.3378,2.3340,2.3374,737879.9
2024-12-13 13:27:00+09:00,2.3375,2.3386,2.3357,2.3366,353414.3
2024-12-13 13:28:00+09:00,2.3366,2.3370,2.3341,2.3348,252361.0
2024-12-13 13:29:00+09:00,2.3349,2.3352,2.3323,2.3330,480307.3
2024-12-13 13:30:00+09:00,2.3331,2.3336,2.3295,2.3299,352271.0
2024-12-13 13:31:00+09:00,2.3298,2.3328,2.3295,2.3302,604807.3
2024-12-13 13:32:00+09:00,2.3302,2.3302,2.3250,2.3250,1288014.9
2024-12-13 13:33:00+09:00,2.3250,2.3273,2.3205,2.3207,1952861.0
2024-12-13 13:34:00+09:00,2.3208,2.3258,2.3207,2.3233,852900.5
2024-12-13 13:35:00+09:00,2.3233,2.3255,2.3230,2.3254,1164291.7
2024-12-13 13:36:00+09:00,2.3253,2.3311,2.3248,2.3302,863223.0
2024-12-13 13:37:00+09:00,2.3302,2.3312,2.3279,2.3300,602995.4
2024-12-13 13:38:00+09:00,2.3299,2.3311,2.3272,2.3287,425957.2
2024-12-13 13:39:00+09:00,2.3287,2.3306,2.3262,2.3268,505020.9
2024-12-13 13:40:00+09:00,2.3269,2.3278,2.3242,2.3272,782906.0
2024-12-13 13:41:00+09:00,2.3271,2.3310,2.3266,2.3298,699525.6
2024-12-13 13:42:00+09:00,2.3297,2.3324,2.3294,2.3307,410408.6
2024-12-13 13:43:00+09:00,2.3307,2.3308,2.3266,2.3283,481198.8
2024-12-13 13:44:00+09:00,2.3282,2.3302,2.3276,2.3283,270096.1
2024-12-13 13:45:00+09:00,2.3284,2.3320,2.3252,2.3259,1327616.8
2024-12-13 13:46:00+09:00,2.3259,2.3288,2.3259,2.3283,1332806.1
2024-12-13 13:47:00+09:00,2.3283,2.3323,2.3273,2.3323,397885.0
2024-12-13 13:48:00+09:00,2.3323,2.3334,2.3315,2.3334,326037.8
2024-12-13 13:49:00+09:00,2.3334,2.3348,2.3321,2.3337,552829.2
2024-12-13 13:50:00+09:00,2.3336,2.3350,2.3311,2.3320,1419994.1
2024-12-13 13:51:00+09:00,2.3321,2.3327,2.3304,2.3316,347827.7
2024-12-13 13:52:00+09:00,2.3317,2.3343,2.3311,2.3337,1185211.8
2024-12-13 13:53:00+09:00,2.3336,2.3343,2.3316,2.3323,613511.9
2024-12-13 13:54:00+09:00,2.3323,2.3328,2.3309,2.3319,411040.7
2024-12-13 13:55:00+09:00,2.3319,2.3333,2.3292,2.3296,572858.7
2024-12-13 13:56:00+09:00,2.3297,2.3311,2.3282,2.3283,221063.2
2024-12-13 13:57:00+09:00,2.3282,2.3296,2.3268,2.3278,1005984.8
2024-12-13 13:58:00+09:00,2.3279,2.3297,2.3279,2.3294,254603.7
2024-12-13 13:59:00+09:00,2.3294,2.3297,2.3283,2.3286,148546.8
2024-12-13 14:00:00+09:00,2.3285,2.3303,2.3280,2.3290,272496.5
2024-12-13 14:01:00+09:00,2.3290,2.3294,2.3251,2.3251,495605.2
2024-12-13 14:02:00+09:00,2.3250,2.3297,2.3232,2.3296,566871.7
2024-12-13 14:03:00+09:00,2.3297,2.3334,2.3285,2.3292,1108368.5
2024-12-13 14:04:00+09:00,2.3291,2.3333,2.3291,2.3312,867825.2
2024-12-13 14:05:00+09:00,2.3311,2.3344,2.3286,2.3342,750230.0
2024-12-13 14:06:00+09:00,2.3343,2.3368,2.3343,2.3358,637875.8
2024-12-13 14:07:00+09:00,2.3359,2.3394,2.3356,2.3376,763036.1
2024-12-13 14:08:00+09:00,2.3376,2.3392,2.3374,2.3391,334886.9
2024-12-13 14:09:00+09:00,2.3391,2.3411,2.3384,2.3398,516781.5
2024-12-13 14:10:00+09:00,2.3398,2.3399,2.3369,2.3385,613217.2
2024-12-13 14:11:00+09:00,2.3386,2.3439,2.3386,2.3430,584932.2
2024-12-13 14:12:00+09:00,2.3430,2.3431,2.3410,2.3429,475967.4
2024-12-13 14:13:00+09:00,2.3429,2.3453,2.3428,2.3446,453731.9
2024-12-13 14:14:00+09:00,2.3446,2.3448,2.3426,2.3427,488977.2
2024-12-13 14:15:00+09:00,2.3426,2.3451,2.3412,2.3445,465020.2
2024-12-13 14:16:00+09:00,2.3446,2.3460,2.3437,2.3451,458399.1
2024-12-13 14:17:00+09:00,2.3450,2.3497,2.3450,2.3491,1159019.1
2024-12-13 14:18:00+09:00,2.3490,2.3498,2.3460,2.3476,736114.9
2024-12-13 14:19:00+09:00,2.3476,2.3479,2.3451,2.3476,311986.3
2024-12-13 14:20:00+09:00,2.3476,2.3487,2.3465,2.3486,523824.9
2024-12-13 14:21:00+09:00,2.3485,2.3510,2.3466,2.3469,598303.1
2024-12-13 14:22:00+09:00,2.3469,2.3476,2.3440,2.3440,1018905.6
2024-12-13 14:23:00+09:00,2.3440,2.3468,2.3419,2.3426,564549.7
2024-12-13 14:24:00+09:00,2.3426,2.3431,2.3417,2.3426,451211.3
2024-12-13 14:25:00+09:00,2.3426,2.3428,2.3369,2.3383,819805.5
2024-12-13 14:26:00+09:00,2.3383,2.3394,2.3359,2.3359,551666.6
2024-12-13 14:27:00+09:00,2.3358,2.3363,2.3302,2.3331,1323400.2
2024-12-13 14:28:00+09:00,2.3330,2.3377,2.3325,2.3371,837544.0
2024-12-13 14:29:00+09:00,2.3371,2.3374,2.3351,2.3356,299025.0
2024-12-13 14:30:00+09:00,2.3355,2.3370,2.3340,2.3349,533569.5
2024-12-13 14:31:00+09:00,2.3349,2.3365,2.3337,2.3348,516769.2
2024-12-13 14:32:00+09:00,2.3348,2.3366,2.3336,2.3346,260361.0
2024-12-13 14:33:00+09:00,2.3347,2.3352,2.3312,2.3340,510782.7
2024-12-13 14:34:00+09:00,2.3339,2.3349,2.3335,2.3345,199134.5
2024-12-13 14:35:00+09:00,2.3345,2.3380,2.3344,2.3375,365733.6
2024-12-13 14:36:00+09:00,2.3376,2.3428,2.3369,2.3420,710174.1
2024-12-13 14:37:00+09:00,2.3420,2.3429,2.3396,2.3410,918457.0
2024-12-13 14:38:00+09:00,2.3412,2.3417,2.3393,2.3405,213619.8
2024-12-13 14:39:00+09:00,2.3404,2.3416,2.3396,2.3408,448171.0
2024-12-13 14:40:00+09:00,2.3408,2.3431,2.3401,2.3421,406495.2
2024-12-13 14:41:00+09:00,2.3421,2.3439,2.3411,2.3420,283323.6
2024-12-13 14:42:00+09:00,2.3420,2.3420,2.3391,2.3394,270239.0
2024-12-13 14:43:00+09:00,2.3394,2.3411,2.3392,2.3398,208063.3
2024-12-13 14:44:00+09:00,2.3398,2.3403,2.3384,2.3388,203413.3
2024-12-13 14:45:00+09:00,2.3388,2.3394,2.3357,2.3364,398604.0
2024-12-13 14:46:00+09:00,2.3364,2.3405,2.3364,2.3402,428889.8
2024-12-13 14:47:00+09:00,2.3402,2.3420,2.3398,2.3400,322265.6
2024-12-13 14:48:00+09:00,2.3400,2.3433,2.3391,2.3415,216913.0
2024-12-13 14:49:00+09:00,2.3415,2.3421,2.3393,2.3407,222085.9
2024-12-13 14:50:00+09:00,2.3407,2.3407,2.3370,2.3386,284280.5
2024-12-13 14:51:00+09:00,2.3386,2.3391,2.3368,2.3371,250040.5
2024-12-13 14:52:00+09:00,2.3371,2.3400,2.3357,2.3396,322640.0
2024-12-13 14:53:00+09:00,2.3397,2.3430,2.3396,2.3425,205985.3
2024-12-13 14:54:00+09:00,2.3425,2.3436,2.3385,2.3400,298993.3
2024-12-13 14:55:00+09:00,2.3400,2.3406,2.3351,2.3354,459007.2
2024-12-13 14:56:00+09:00,2.3353,2.3390,2.3340,2.3381,416840.9
2024-12-13 14:57:00+09:00,2.3381,2.3402,2.3377,2.3399,192244.4
2024-12-13 14:58:00+09:00,2.3400,2.3400,2.3376,2.3385,179110.7
2024-12-13 14:59:00+09:00,2.3385,2.3398,2.3370,2.3388,185825.1
2024-12-13 15:00:00+09:00,2.3388,2.3395,2.3371,2.3385,218698.2
2024-12-13 15:01:00+09:00,2.3386,2.3405,2.3379,2.3384,553983.4
2024-12-13 15:02:00+09:00,2.3383,2.3439,2.3383,2.3439,388821.1
2024-12-13 15:03:00+09:00,2.3439,2.3449,2.3402,2.3406,399071.9
2024-12-13 15:04:00+09:00,2.3406,2.3434,2.3406,2.3431,161782.9
2024-12-13 15:05:00+09:00,2.3431,2.3465,2.3430,2.3458,440568.8
2024-12-13 15:06:00+09:00,2.3457,2.3475,2.3447,2.3475,564215.1
2024-12-13 15:07:00+09:00,2.3474,2.3494,2.3472,2.3477,752753.0
2024-12-13 15:08:00+09:00,2.3478,2.3479,2.3456,2.3459,305304.9
2024-12-13 15:09:00+09:00,2.3459,2.3461,2.3440,2.3451,484029.1
2024-12-13 15:10:00+09:00,2.3452,2.3475,2.3452,2.3474,269458.9
2024-12-13 15:11:00+09:00,2.3475,2.3478,2.3452,2.3472,275977.4
2024-12-13 15:12:00+09:00,2.3473,2.3477,2.3456,2.3458,228145.0
2024-12-13 15:13:00+09:00,2.3459,2.3477,2.3458,2.3467,414100.5
2024-12-13 15:14:00+09:00,2.3467,2.3483,2.3460,2.3476,254139.5
2024-12-13 15:15:00+09:00,2.3477,2.3478,2.3460,2.3466,348662.7
2024-12-13 15:16:00+09:00,2.3466,2.3475,2.3419,2.3426,377051.2
2024-12-13 15:17:00+09:00,2.3427,2.3432,2.3385,2.3404,665481.3
2024-12-13 15:18:00+09:00,2.3403,2.3445,2.3403,2.3440,470203.2
2024-12-13 15:19:00+09:00,2.3441,2.3441,2.3418,2.3421,264944.0
2024-12-13 15:20:00+09:00,2.3422,2.3444,2.3409,2.3440,196499.4
2024-12-13 15:21:00+09:00,2.3440,2.3452,2.3415,2.3424,355327.9
2024-12-13 15:22:00+09:00,2.3424,2.3430,2.3415,2.3421,189038.4
2024-12-13 15:23:00+09:00,2.3421,2.3425,2.3407,2.3411,266101.7
2024-12-13 15:24:00+09:00,2.3411,2.3431,2.3408,2.3419,159089.4
2024-12-13 15:25:00+09:00,2.3420,2.3425,2.3395,2.3415,328337.4
2024-12-13 15:26:00+09:00,2.3416,2.3423,2.3400,2.3421,879993.9
2024-12-13 15:27:00+09:00,2.3421,2.3428,2.3411,2.3411,259318.4
2024-12-13 15:28:00+09:00,2.3412,2.3419,2.3400,2.3401,316789.1
2024-12-13 15:29:00+09:00,2.3401,2.3434,2.3400,2.3425,341156.6
2024-12-13 15:30:00+09:00,2.3424,2.3452,2.3414,2.3438,567901.7
2024-12-13 15:31:00+09:00,2.3438,2.3447,2.3431,2.3445,174979.1
2024-12-13 15:32:00+09:00,2.3446,2.3470,2.3443,2.3451,410906.7
2024-12-13 15:33:00+09:00,2.3450,2.3453,2.3391,2.3405,717131.2
2024-12-13 15:34:00+09:00,2.3405,2.3409,2.3381,2.3384,639369.2
2024-12-13 15:35:00+09:00,2.3384,2.3387,2.3312,2.3322,1076755.1
2024-12-13 15:36:00+09:00,2.3322,2.3342,2.3281,2.3281,1089819.5
2024-12-13 15:37:00+09:00,2.3282,2.3302,2.3268,2.3277,1042047.1
2024-12-13 15:38:00+09:00,2.3277,2.3314,2.3273,2.3313,829805.8
2024-12-13 15:39:00+09:00,2.3313,2.3316,2.3267,2.3269,746935.3
2024-12-13 15:40:00+09:00,2.3270,2.3285,2.3257,2.3269,907737.9
2024-12-13 15:41:00+09:00,2.3270,2.3282,2.3241,2.3246,1757364.7
2024-12-13 15:42:00+09:00,2.3246,2.3247,2.3176,2.3199,2376947.1
2024-12-13 15:43:00+09:00,2.3199,2.3209,2.3176,2.3203,1000036.1
2024-12-13 15:44:00+09:00,2.3204,2.3272,2.3200,2.3269,1224763.7
2024-12-13 15:45:00+09:00,2.3270,2.3272,2.3226,2.3230,1061294.0
2024-12-13 15:46:00+09:00,2.3231,2.3231,2.3192,2.3193,837994.3
2024-12-13 15:47:00+09:00,2.3193,2.3222,2.3184,2.3187,962107.1
2024-12-13 15:48:00+09:00,2.3187,2.3208,2.3170,2.3178,840908.9
2024-12-13 15:49:00+09:00,2.3177,2.3193,2.3143,2.3161,1494202.8
2024-12-13 15:50:00+09:00,2.3161,2.3178,2.3125,2.3129,1087951.5
2024-12-13 15:51:00+09:00,2.3129,2.3178,2.3129,2.3164,933785.2
2024-12-13 15:52:00+09:00,2.3164,2.3212,2.3163,2.3183,1833085.1
2024-12-13 15:53:00+09:00,2.3183,2.3197,2.3146,2.3149,860006.3
2024-12-13 15:54:00+09:00,2.3150,2.3160,2.3124,2.3126,640284.1
2024-12-13 15:55:00+09:00,2.3126,2.3140,2.3107,2.3122,1477514.1
2024-12-13 15:56:00+09:00,2.3122,2.3154,2.3110,2.3120,1232739.1
2024-12-13 15:57:00+09:00,2.3119,2.3123,2.3076,2.3093,1865713.2
2024-12-13 15:58:00+09:00,2.3093,2.3113,2.3083,2.3089,895035.9
2024-12-13 15:59:00+09:00,2.3089,2.3117,2.3028,2.3036,2172385.2
2024-12-13 16:00:00+09:00,2.3036,2.3089,2.3025,2.3052,2461224.9
2024-12-13 16:01:00+09:00,2.3051,2.3065,2.3018,2.3056,1669659.6
2024-12-13 16:02:00+09:00,2.3056,2.3088,2.3028,2.3046,1410006.0
2024-12-13 16:03:00+09:00,2.3046,2.3048,2.3020,2.3020,1039645.1
2024-12-13 16:04:00+09:00,2.3020,2.3034,2.2857,2.2948,10996691.1
2024-12-13 16:05:00+09:00,2.2948,2.2985,2.2921,2.2922,2037441.5
2024-12-13 16:06:00+09:00,2.2922,2.2955,2.2881,2.2920,3979089.4
2024-12-13 16:07:00+09:00,2.2920,2.2939,2.2825,2.2869,3234765.1
2024-12-13 16:08:00+09:00,2.2870,2.2955,2.2844,2.2954,2563321.5
2024-12-13 16:09:00+09:00,2.2955,2.3002,2.2918,2.2918,2497859.9
2024-12-13 16:10:00+09:00,2.2918,2.2943,2.2907,2.2923,1500268.5
2024-12-13 16:11:00+09:00,2.2923,2.2950,2.2920,2.2935,1051580.9
2024-12-13 16:12:00+09:00,2.2935,2.2986,2.2915,2.2978,977697.1
2024-12-13 16:13:00+09:00,2.2979,2.3001,2.2937,2.2952,1010548.5
2024-12-13 16:14:00+09:00,2.2952,2.2972,2.2900,2.2964,867313.1
2024-12-13 16:15:00+09:00,2.2964,2.2986,2.2932,2.2985,1437256.7
2024-12-13 16:16:00+09:00,2.2986,2.3028,2.2960,2.3028,1280098.9
2024-12-13 16:17:00+09:00,2.3028,2.3042,2.3006,2.3029,1962662.6
2024-12-13 16:18:00+09:00,2.3029,2.3061,2.3023,2.3048,858367.2
2024-12-13 16:19:00+09:00,2.3048,2.3097,2.3036,2.3076,1460406.8
2024-12-13 16:20:00+09:00,2.3077,2.3085,2.3036,2.3038,999426.8
2024-12-13 16:21:00+09:00,2.3037,2.3039,2.2985,2.2993,1340000.6
2024-12-13 16:22:00+09:00,2.2993,2.3007,2.2969,2.3002,1094163.2
2024-12-13 16:23:00+09:00,2.3002,2.3016,2.2978,2.3014,760810.4
2024-12-13 16:24:00+09:00,2.3014,2.3027,2.2990,2.2997,751930.8
2024-12-13 16:25:00+09:00,2.2997,2.3021,2.2970,2.2975,1176763.7
2024-12-13 16:26:00+09:00,2.2975,2.3028,2.2975,2.3028,560646.4
2024-12-13 16:27:00+09:00,2.3029,2.3047,2.3018,2.3031,601738.9
2024-12-13 16:28:00+09:00,2.3031,2.3056,2.3020,2.3040,585582.3
2024-12-13 16:29:00+09:00,2.3040,2.3058,2.3013,2.3048,605183.5
2024-12-13 16:30:00+09:00,2.3048,2.3064,2.3045,2.3064,404205.2
2024-12-13 16:31:00+09:00,2.3064,2.3132,2.3061,2.3129,1208004.7
2024-12-13 16:32:00+09:00,2.3128,2.3167,2.3110,2.3159,1773914.5
2024-12-13 16:33:00+09:00,2.3159,2.3166,2.3123,2.3136,982731.5
2024-12-13 16:34:00+09:00,2.3136,2.3142,2.3120,2.3139,673657.0
2024-12-13 16:35:00+09:00,2.3139,2.3148,2.3127,2.3143,761568.6
2024-12-13 16:36:00+09:00,2.3144,2.3182,2.3128,2.3176,1264643.0
2024-12-13 16:37:00+09:00,2.3176,2.3189,2.3154,2.3169,1377187.2
2024-12-13 16:38:00+09:00,2.3168,2.3181,2.3146,2.3178,845515.6
2024-12-13 16:39:00+09:00,2.3179,2.3193,2.3162,2.3168,611335.7
2024-12-13 16:40:00+09:00,2.3168,2.3172,2.3136,2.3151,564585.6
2024-12-13 16:41:00+09:00,2.3151,2.3210,2.3151,2.3195,1301485.2
2024-12-13 16:42:00+09:00,2.3196,2.3212,2.3185,2.3185,887649.4
2024-12-13 16:43:00+09:00,2.3185,2.3196,2.3170,2.3181,599240.0
2024-12-13 16:44:00+09:00,2.3181,2.3218,2.3179,2.3213,979954.8
2024-12-13 16:45:00+09:00,2.3212,2.3250,2.3210,2.3242,1659404.8
2024-12-13 16:46:00+09:00,2.3241,2.3245,2.3200,2.3215,1205664.9
2024-12-13 16:47:00+09:00,2.3215,2.3238,2.3203,2.3203,523139.1
2024-12-13 16:48:00+09:00,2.3202,2.3212,2.3181,2.3200,682763.1
2024-12-13 16:49:00+09:00,2.3199,2.3214,2.3188,2.3192,723251.7
2024-12-13 16:50:00+09:00,2.3192,2.3192,2.3160,2.3177,860860.9
2024-12-13 16:51:00+09:00,2.3176,2.3195,2.3166,2.3186,617203.9
2024-12-13 16:52:00+09:00,2.3186,2.3226,2.3183,2.3226,540062.5
2024-12-13 16:53:00+09:00,2.3225,2.3227,2.3193,2.3194,783674.6
2024-12-13 16:54:00+09:00,2.3193,2.3217,2.3189,2.3193,424997.6
2024-12-13 16:55:00+09:00,2.3194,2.3211,2.3181,2.3205,492616.5
2024-12-13 16:56:00+09:00,2.3205,2.3208,2.3190,2.3196,449158.6
2024-12-13 16:57:00+09:00,2.3196,2.3201,2.3164,2.3170,792452.5
2024-12-13 16:58:00+09:00,2.3170,2.3179,2.3122,2.3123,1491524.9
2024-12-13 16:59:00+09:00,2.3122,2.3144,2.3102,2.3141,1012937.9
2024-12-13 17:00:00+09:00,2.3141,2.3181,2.3110,2.3179,1074798.1
2024-12-13 17:01:00+09:00,2.3178,2.3196,2.3159,2.3196,1151083.9
2024-12-13 17:02:00+09:00,2.3195,2.3213,2.3182,2.3198,402988.3
2024-12-13 17:03:00+09:00,2.3198,2.3209,2.3170,2.3173,776974.2
2024-12-13 17:04:00+09:00,2.3174,2.3200,2.3163,2.3172,603191.0
2024-12-13 17:05:00+09:00,2.3173,2.3195,2.3140,2.3140,517617.0
2024-12-13 17:06:00+09:00,2.3140,2.3159,2.3100,2.3126,1158263.9
2024-12-13 17:07:00+09:00,2.3125,2.3132,2.3101,2.3110,1100516.0
2024-12-13 17:08:00+09:00,2.3111,2.3157,2.3104,2.3154,630513.3
2024-12-13 17:09:00+09:00,2.3154,2.3198,2.3131,2.3191,576219.4
2024-12-13 17:10:00+09:00,2.3191,2.3224,2.3177,2.3178,803351.9
2024-12-13 17:11:00+09:00,2.3177,2.3192,2.3162,2.3181,613577.0
2024-12-13 17:12:00+09:00,2.3181,2.3202,2.3150,2.3152,975143.4
2024-12-13 17:13:00+09:00,2.3152,2.3170,2.3135,2.3157,365096.6
2024-12-13 17:14:00+09:00,2.3156,2.3168,2.3124,2.3165,537187.0
2024-12-13 17:15:00+09:00,2.3166,2.3216,2.3164,2.3215,611286.5
2024-12-13 17:16:00+09:00,2.3215,2.3215,2.3185,2.3187,570944.1
2024-12-13 17:17:00+09:00,2.3187,2.3230,2.3187,2.3215,598611.5
2024-12-13 17:18:00+09:00,2.3215,2.3245,2.3206,2.3245,1007837.6
2024-12-13 17:19:00+09:00,2.3244,2.3252,2.3223,2.3235,432248.2
2024-12-13 17:20:00+09:00,2.3236,2.3286,2.3231,2.3269,1203914.1
2024-12-13 17:21:00+09:00,2.3270,2.3280,2.3239,2.3250,752337.4
2024-12-13 17:22:00+09:00,2.3251,2.3278,2.3242,2.3259,436515.2
2024-12-13 17:23:00+09:00,2.3258,2.3308,2.3258,2.3289,1658437.6
2024-12-13 17:24:00+09:00,2.3289,2.3301,2.3275,2.3289,1133417.1
2024-12-13 17:25:00+09:00,2.3289,2.3295,2.3267,2.3293,579934.3
2024-12-13 17:26:00+09:00,2.3292,2.3321,2.3291,2.3305,713923.4
2024-12-13 17:27:00+09:00,2.3305,2.3311,2.3287,2.3298,376443.8
2024-12-13 17:28:00+09:00,2.3297,2.3326,2.3290,2.3314,903171.8
2024-12-13 17:29:00+09:00,2.3313,2.3333,2.3308,2.3329,450780.2
2024-12-13 17:30:00+09:00,2.3328,2.3357,2.3319,2.3355,674815.5
2024-12-13 17:31:00+09:00,2.3355,2.3367,2.3325,2.3331,982176.9
2024-12-13 17:32:00+09:00,2.3330,2.3340,2.3321,2.3321,363633.6
2024-12-13 17:33:00+09:00,2.3321,2.3328,2.3304,2.3309,749499.5
2024-12-13 17:34:00+09:00,2.3309,2.3311,2.3265,2.3285,2301213.6
2024-12-13 17:35:00+09:00,2.3286,2.3318,2.3264,2.3275,1055268.6
2024-12-13 17:36:00+09:00,2.3274,2.3275,2.3250,2.3265,783612.1
2024-12-13 17:37:00+09:00,2.3265,2.3265,2.3237,2.3244,456521.1
2024-12-13 17:38:00+09:00,2.3243,2.3273,2.3229,2.3266,465026.8
2024-12-13 17:39:00+09:00,2.3267,2.3271,2.3248,2.3250,281225.1
2024-12-13 17:40:00+09:00,2.3249,2.3282,2.3249,2.3275,412887.0
2024-12-13 17:41:00+09:00,2.3275,2.3276,2.3249,2.3259,383026.7
2024-12-13 17:42:00+09:00,2.3258,2.3262,2.3226,2.3241,540534.9
2024-12-13 17:43:00+09:00,2.3240,2.3258,2.3233,2.3253,237916.7
2024-12-13 17:44:00+09:00,2.3253,2.3260,2.3244,2.3258,286051.4
2024-12-13 17:45:00+09:00,2.3259,2.3263,2.3237,2.3262,331711.5
2024-12-13 17:46:00+09:00,2.3262,2.3305,2.3261,2.3282,655117.6
2024-12-13 17:47:00+09:00,2.3282,2.3295,2.3267,2.3283,472773.9
2024-12-13 17:48:00+09:00,2.3282,2.3295,2.3279,2.3285,211963.6
2024-12-13 17:49:00+09:00,2.3285,2.3300,2.3279,2.3285,195455.4
2024-12-13 17:50:00+09:00,2.3285,2.3303,2.3285,2.3300,373156.1
2024-12-13 17:51:00+09:00,2.3300,2.3309,2.3277,2.3304,561216.6
2024-12-13 17:52:00+09:00,2.3304,2.3308,2.3294,2.3300,131336.2
2024-12-13 17:53:00+09:00,2.3299,2.3323,2.3283,2.3320,340926.1
2024-12-13 17:54:00+09:00,2.3320,2.3327,2.3300,2.3321,780825.4
2024-12-13 17:55:00+09:00,2.3320,2.3321,2.3291,2.3292,316885.1
2024-12-13 17:56:00+09:00,2.3293,2.3310,2.3290,2.3294,185428.1
2024-12-13 17:57:00+09:00,2.3295,2.3295,2.3276,2.3282,443710.4
2024-12-13 17:58:00+09:00,2.3282,2.3291,2.3271,2.3283,204294.2
2024-12-13 17:59:00+09:00,2.3283,2.3308,2.3279,2.3308,273086.8
2024-12-13 18:00:00+09:00,2.3307,2.3314,2.3287,2.3302,588414.5
2024-12-13 18:01:00+09:00,2.3302,2.3322,2.3291,2.3321,486673.7
2024-12-13 18:02:00+09:00,2.3321,2.3349,2.3320,2.3334,842893.9
2024-12-13 18:03:00+09:00,2.3335,2.3350,2.3302,2.3306,759455.0
2024-12-13 18:04:00+09:00,2.3306,2.3314,2.3270,2.3276,469189.3
2024-12-13 18:05:00+09:00,2.3276,2.3281,2.3238,2.3256,949783.6
2024-12-13 18:06:00+09:00,2.3256,2.3258,2.3228,2.3252,821755.0
2024-12-13 18:07:00+09:00,2.3252,2.3263,2.3227,2.3229,434376.7
2024-12-13 18:08:00+09:00,2.3229,2.3234,2.3203,2.3222,576619.8
2024-12-13 18:09:00+09:00,2.3222,2.3225,2.3197,2.3217,883492.4
2024-12-13 18:10:00+09:00,2.3217,2.3255,2.3212,2.3254,654703.6
2024-12-13 18:11:00+09:00,2.3254,2.3273,2.3241,2.3260,831471.5
2024-12-13 18:12:00+09:00,2.3260,2.3272,2.3217,2.3218,420274.0
2024-12-13 18:13:00+09:00,2.3218,2.3233,2.3213,2.3231,380221.7
2024-12-13 18:14:00+09:00,2.3232,2.3240,2.3222,2.3224,282175.4
2024-12-13 18:15:00+09:00,2.3224,2.3230,2.3200,2.3228,482414.5
2024-12-13 18:16:00+09:00,2.3227,2.3255,2.3217,2.3250,287197.6
2024-12-13 18:17:00+09:00,2.3249,2.3250,2.3227,2.3239,811840.6
2024-12-13 18:18:00+09:00,2.3239,2.3257,2.3239,2.3251,172638.2
2024-12-13 18:19:00+09:00,2.3251,2.3254,2.3193,2.3204,382440.3
2024-12-13 18:20:00+09:00,2.3204,2.3236,2.3204,2.3230,269837.8
2024-12-13 18:21:00+09:00,2.3229,2.3243,2.3205,2.3209,645080.0
2024-12-13 18:22:00+09:00,2.3210,2.3226,2.3207,2.3215,208400.3
2024-12-13 18:23:00+09:00,2.3215,2.3221,2.3210,2.3215,224528.1
2024-12-13 18:24:00+09:00,2.3215,2.3218,2.3169,2.3170,1052737.3
2024-12-13 18:25:00+09:00,2.3169,2.3169,2.3135,2.3144,1146228.7
2024-12-13 18:26:00+09:00,2.3144,2.3172,2.3143,2.3160,615459.1
2024-12-13 18:27:00+09:00,2.3159,2.3193,2.3159,2.3185,563970.6
2024-12-13 18:28:00+09:00,2.3186,2.3213,2.3180,2.3196,244651.3
2024-12-13 18:29:00+09:00,2.3196,2.3199,2.3178,2.3186,400402.6
2024-12-13 18:30:00+09:00,2.3185,2.3185,2.3142,2.3142,381476.5
2024-12-13 18:31:00+09:00,2.3141,2.3176,2.3128,2.3172,868318.7
2024-12-13 18:32:00+09:00,2.3173,2.3185,2.3168,2.3173,373866.5
2024-12-13 18:33:00+09:00,2.3173,2.3175,2.3144,2.3149,355042.7
2024-12-13 18:34:00+09:00,2.3150,2.3165,2.3139,2.3140,404176.3
2024-12-13 18:35:00+09:00,2.3139,2.3139,2.3076,2.3094,1973675.1
2024-12-13 18:36:00+09:00,2.3094,2.3126,2.3084,2.3091,526008.2
2024-12-13 18:37:00+09:00,2.3091,2.3095,2.3052,2.3092,698452.9
2024-12-13 18:38:00+09:00,2.3092,2.3099,2.3075,2.3079,429133.4
2024-12-13 18:39:00+09:00,2.3080,2.3111,2.3079,2.3100,669809.4
2024-12-13 18:40:00+09:00,2.3100,2.3136,2.3094,2.3110,988293.3
2024-12-13 18:41:00+09:00,2.3109,2.3117,2.3077,2.3105,740378.1
2024-12-13 18:42:00+09:00,2.3106,2.3151,2.3100,2.3147,1223719.9
2024-12-13 18:43:00+09:00,2.3146,2.3164,2.3144,2.3148,604893.8
2024-12-13 18:44:00+09:00,2.3147,2.3166,2.3143,2.3156,540164.3
2024-12-13 18:45:00+09:00,2.3156,2.3190,2.3154,2.3190,888751.0
2024-12-13 18:46:00+09:00,2.3191,2.3198,2.3174,2.3193,531983.2
2024-12-13 18:47:00+09:00,2.3193,2.3199,2.3171,2.3183,295462.1
2024-12-13 18:48:00+09:00,2.3183,2.3197,2.3173,2.3174,270057.9
2024-12-13 18:49:00+09:00,2.3175,2.3180,2.3145,2.3153,408554.4
2024-12-13 18:50:00+09:00,2.3152,2.3181,2.3147,2.3164,163120.6
2024-12-13 18:51:00+09:00,2.3165,2.3210,2.3165,2.3200,474768.1
2024-12-13 18:52:00+09:00,2.3201,2.3212,2.3192,2.3195,384170.2
2024-12-13 18:53:00+09:00,2.3195,2.3199,2.3181,2.3181,228799.2
2024-12-13 18:54:00+09:00,2.3181,2.3202,2.3180,2.3202,128740.0
2024-12-13 18:55:00+09:00,2.3202,2.3206,2.3179,2.3187,487886.3
2024-12-13 18:56:00+09:00,2.3187,2.3195,2.3185,2.3195,131823.1
2024-12-13 18:57:00+09:00,2.3194,2.3212,2.3191,2.3212,227526.7
2024-12-13 18:58:00+09:00,2.3212,2.3234,2.3212,2.3213,308535.3
2024-12-13 18:59:00+09:00,2.3213,2.3215,2.3185,2.3191,365773.3
2024-12-13 19:00:00+09:00,2.3192,2.3207,2.3190,2.3202,268404.0
2024-12-13 19:01:00+09:00,2.3202,2.3202,2.3172,2.3187,309333.3
2024-12-13 19:02:00+09:00,2.3187,2.3194,2.3174,2.3190,326035.8
2024-12-13 19:03:00+09:00,2.3191,2.3232,2.3190,2.3221,294975.2
2024-12-13 19:04:00+09:00,2.3221,2.3223,2.3205,2.3221,182610.3
2024-12-13 19:05:00+09:00,2.3222,2.3267,2.3209,2.3249,817037.0
2024-12-13 19:06:00+09:00,2.3250,2.3257,2.3233,2.3243,246231.9
2024-12-13 19:07:00+09:00,2.3242,2.3253,2.3236,2.3243,272796.4
2024-12-13 19:08:00+09:00,2.3244,2.3250,2.3238,2.3249,200470.2
2024-12-13 19:09:00+09:00,2.3249,2.3253,2.3235,2.3249,355271.8
2024-12-13 19:10:00+09:00,2.3250,2.3250,2.3227,2.3228,395834.1
2024-12-13 19:11:00+09:00,2.3227,2.3241,2.3221,2.3221,193188.5
2024-12-13 19:12:00+09:00,2.3222,2.3238,2.3220,2.3235,191027.2
2024-12-13 19:13:00+09:00,2.3235,2.3240,2.3228,2.3228,161945.4
2024-12-13 19:14:00+09:00,2.3228,2.3233,2.3213,2.3222,186291.1
2024-12-13 19:15:00+09:00,2.3223,2.3223,2.3138,2.3147,748955.6
2024-12-13 19:16:00+09:00,2.3147,2.3184,2.3129,2.3173,503835.0
2024-12-13 19:17:00+09:00,2.3173,2.3190,2.3163,2.3168,408929.5
2024-12-13 19:18:00+09:00,2.3168,2.3172,2.3150,2.3165,270624.1
2024-12-13 19:19:00+09:00,2.3164,2.3173,2.3134,2.3135,521736.1
2024-12-13 19:20:00+09:00,2.3134,2.3134,2.3090,2.3093,885154.1
2024-12-13 19:21:00+09:00,2.3093,2.3102,2.3066,2.3084,1055113.1
2024-12-13 19:22:00+09:00,2.3085,2.3093,2.3063,2.3068,555791.1
2024-12-13 19:23:00+09:00,2.3067,2.3086,2.3046,2.3047,836173.6
2024-12-13 19:24:00+09:00,2.3046,2.3082,2.3046,2.3056,991832.1
2024-12-13 19:25:00+09:00,2.3056,2.3057,2.3015,2.3016,1109891.8
2024-12-13 19:26:00+09:00,2.3017,2.3046,2.3014,2.3033,778036.6
2024-12-13 19:27:00+09:00,2.3033,2.3034,2.2992,2.3004,1660271.9
2024-12-13 19:28:00+09:00,2.3003,2.3034,2.2999,2.3000,910305.1
2024-12-13 19:29:00+09:00,2.3000,2.3035,2.3000,2.3030,778043.6
2024-12-13 19:30:00+09:00,2.3030,2.3085,2.3029,2.3071,1448959.7
2024-12-13 19:31:00+09:00,2.3072,2.3083,2.3058,2.3060,1024576.5
2024-12-13 19:32:00+09:00,2.3061,2.3073,2.3047,2.3050,630287.0
2024-12-13 19:33:00+09:00,2.3051,2.3085,2.3051,2.3081,631327.6
2024-12-13 19:34:00+09:00,2.3081,2.3089,2.3069,2.3082,313169.5
2024-12-13 19:35:00+09:00,2.3082,2.3120,2.3082,2.3114,660291.2
2024-12-13 19:36:00+09:00,2.3114,2.3141,2.3111,2.3119,1003763.0
2024-12-13 19:37:00+09:00,2.3118,2.3136,2.3096,2.3136,1141866.1
2024-12-13 19:38:00+09:00,2.3137,2.3163,2.3127,2.3131,845467.7
2024-12-13 19:39:00+09:00,2.3131,2.3153,2.3128,2.3141,285415.4
2024-12-13 19:40:00+09:00,2.3140,2.3149,2.3129,2.3139,517178.7
2024-12-13 19:41:00+09:00,2.3139,2.3169,2.3136,2.3169,350931.4
2024-12-13 19:42:00+09:00,2.3168,2.3191,2.3164,2.3188,906423.3
2024-12-13 19:43:00+09:00,2.3187,2.3200,2.3176,2.3189,832412.9
2024-12-13 19:44:00+09:00,2.3188,2.3191,2.3169,2.3179,503762.8
2024-12-13 19:45:00+09:00,2.3180,2.3184,2.3152,2.3170,763079.8
2024-12-13 19:46:00+09:00,2.3171,2.3222,2.3159,2.3212,856862.0
2024-12-13 19:47:00+09:00,2.3212,2.3256,2.3206,2.3235,884474.2
2024-12-13 19:48:00+09:00,2.3235,2.3236,2.3207,2.3232,755681.8
2024-12-13 19:49:00+09:00,2.3232,2.3246,2.3218,2.3234,498358.3
2024-12-13 19:50:00+09:00,2.3234,2.3242,2.3212,2.3220,624760.5
2024-12-13 19:51:00+09:00,2.3221,2.3229,2.3185,2.3203,766978.7
2024-12-13 19:52:00+09:00,2.3203,2.3229,2.3202,2.3226,920534.2
2024-12-13 19:53:00+09:00,2.3225,2.3253,2.3221,2.3239,643125.7
2024-12-13 19:54:00+09:00,2.3238,2.3239,2.3201,2.3222,640664.3
2024-12-13 19:55:00+09:00,2.3221,2.3221,2.3181,2.3200,649943.3
2024-12-13 19:56:00+09:00,2.3199,2.3218,2.3197,2.3207,289246.4
2024-12-13 19:57:00+09:00,2.3207,2.3235,2.3203,2.3234,294190.4
2024-12-13 19:58:00+09:00,2.3235,2.3262,2.3218,2.3227,1933216.1
2024-12-13 19:59:00+09:00,2.3227,2.3227,2.3195,2.3196,321863.2
2024-12-13 20:00:00+09:00,2.3195,2.3212,2.3185,2.3194,502351.5
2024-12-13 20:01:00+09:00,2.3193,2.3197,2.3176,2.3182,392517.2
2024-12-13 20:02:00+09:00,2.3182,2.3223,2.3180,2.3197,483411.7
2024-12-13 20:03:00+09:00,2.3198,2.3214,2.3191,2.3192,293379.1
2024-12-13 20:04:00+09:00,2.3192,2.3221,2.3191,2.3217,314687.3
2024-12-13 20:05:00+09:00,2.3217,2.3223,2.3175,2.3188,512517.8
2024-12-13 20:06:00+09:00,2.3188,2.3215,2.3174,2.3204,463024.9
2024-12-13 20:07:00+09:00,2.3204,2.3220,2.3200,2.3216,193317.4
2024-12-13 20:08:00+09:00,2.3216,2.3277,2.3210,2.3277,1028736.4
2024-12-13 20:09:00+09:00,2.3277,2.3406,2.3264,2.3349,10900512.8
2024-12-13 20:10:00+09:00,2.3349,2.3380,2.3325,2.3337,1363731.0
2024-12-13 20:11:00+09:00,2.3336,2.3337,2.3282,2.3284,824815.3
2024-12-13 20:12:00+09:00,2.3284,2.3324,2.3284,2.3313,1240714.3
2024-12-13 20:13:00+09:00,2.3312,2.3317,2.3290,2.3295,448419.2
2024-12-13 20:14:00+09:00,2.3295,2.3304,2.3281,2.3296,393076.5
2024-12-13 20:15:00+09:00,2.3295,2.3341,2.3274,2.3338,1176060.3
2024-12-13 20:16:00+09:00,2.3338,2.3359,2.3318,2.3334,1495436.7
2024-12-13 20:17:00+09:00,2.3334,2.3344,2.3317,2.3334,494411.9
2024-12-13 20:18:00+09:00,2.3334,2.3360,2.3322,2.3355,493771.3
2024-12-13 20:19:00+09:00,2.3356,2.3395,2.3354,2.3371,1636986.6
2024-12-13 20:20:00+09:00,2.3371,2.3396,2.3365,2.3366,1230932.9
2024-12-13 20:21:00+09:00,2.3365,2.3418,2.3350,2.3417,1174920.2
2024-12-13 20:22:00+09:00,2.3417,2.3440,2.3406,2.3438,1271088.4
2024-12-13 20:23:00+09:00,2.3437,2.3445,2.3408,2.3417,1127106.8
2024-12-13 20:24:00+09:00,2.3417,2.3447,2.3407,2.3441,595450.4
2024-12-13 20:25:00+09:00,2.3442,2.3466,2.3427,2.3454,1641218.8
2024-12-13 20:26:00+09:00,2.3454,2.3547,2.3449,2.3490,3664974.3
2024-12-13 20:27:00+09:00,2.3489,2.3495,2.3471,2.3493,966287.1
2024-12-13 20:28:00+09:00,2.3493,2.3496,2.3452,2.3474,1409235.1
2024-12-13 20:29:00+09:00,2.3475,2.3500,2.3461,2.3484,1314705.4
2024-12-13 20:30:00+09:00,2.3483,2.3489,2.3440,2.3462,1169040.0
2024-12-13 20:31:00+09:00,2.3461,2.3516,2.3455,2.3509,970560.4
2024-12-13 20:32:00+09:00,2.3508,2.3508,2.3432,2.3453,1883266.5
2024-12-13 20:33:00+09:00,2.3453,2.3470,2.3448,2.3468,456282.1
2024-12-13 20:34:00+09:00,2.3468,2.3479,2.3428,2.3434,972085.0
2024-12-13 20:35:00+09:00,2.3434,2.3440,2.3420,2.3426,1574387.9
2024-12-13 20:36:00+09:00,2.3426,2.3430,2.3379,2.3403,1327453.4
2024-12-13 20:37:00+09:00,2.3403,2.3411,2.3384,2.3398,561958.1
2024-12-13 20:38:00+09:00,2.3399,2.3408,2.3381,2.3384,417183.4
2024-12-13 20:39:00+09:00,2.3383,2.3437,2.3378,2.3404,1016868.7
2024-12-13 20:40:00+09:00,2.3404,2.3483,2.3396,2.3460,2275477.8
2024-12-13 20:41:00+09:00,2.3459,2.3471,2.3451,2.3458,613571.0
2024-12-13 20:42:00+09:00,2.3459,2.3471,2.3437,2.3437,499675.9
2024-12-13 20:43:00+09:00,2.3437,2.3466,2.3433,2.3465,487930.2
2024-12-13 20:44:00+09:00,2.3465,2.3482,2.3455,2.3455,580904.2
2024-12-13 20:45:00+09:00,2.3455,2.3463,2.3425,2.3436,765275.8
2024-12-13 20:46:00+09:00,2.3435,2.3448,2.3410,2.3411,480063.1
2024-12-13 20:47:00+09:00,2.3410,2.3435,2.3410,2.3429,587182.1
2024-12-13 20:48:00+09:00,2.3429,2.3450,2.3427,2.3427,363387.9
2024-12-13 20:49:00+09:00,2.3427,2.3429,2.3404,2.3406,341419.3
2024-12-13 20:50:00+09:00,2.3405,2.3415,2.3383,2.3389,1033120.6
2024-12-13 20:51:00+09:00,2.3388,2.3395,2.3361,2.3383,903111.9
2024-12-13 20:52:00+09:00,2.3383,2.3415,2.3383,2.3403,744752.8
2024-12-13 20:53:00+09:00,2.3403,2.3406,2.3396,2.3400,301850.2
2024-12-13 20:54:00+09:00,2.3400,2.3400,2.3383,2.3390,274777.8
2024-12-13 20:55:00+09:00,2.3390,2.3421,2.3377,2.3406,632973.8
2024-12-13 20:56:00+09:00,2.3407,2.3411,2.3382,2.3410,285496.2
2024-12-13 20:57:00+09:00,2.3409,2.3414,2.3388,2.3408,528110.8
2024-12-13 20:58:00+09:00,2.3407,2.3412,2.3380,2.3384,213069.0
2024-12-13 20:59:00+09:00,2.3385,2.3385,2.3327,2.3342,981283.1
2024-12-13 21:00:00+09:00,2.3343,2.3407,2.3339,2.3403,851985.2
2024-12-13 21:01:00+09:00,2.3402,2.3416,2.3384,2.3401,415958.7
2024-12-13 21:02:00+09:00,2.3401,2.3442,2.3400,2.3424,699921.7
2024-12-13 21:03:00+09:00,2.3424,2.3444,2.3421,2.3431,538722.2
2024-12-13 21:04:00+09:00,2.3431,2.3438,2.3414,2.3421,321948.4
2024-12-13 21:05:00+09:00,2.3420,2.3446,2.3418,2.3432,391146.0
2024-12-13 21:06:00+09:00,2.3433,2.3438,2.3412,2.3419,172490.1
2024-12-13 21:07:00+09:00,2.3419,2.3448,2.3415,2.3433,453915.5
2024-12-13 21:08:00+09:00,2.3432,2.3445,2.3420,2.3435,266532.3
2024-12-13 21:09:00+09:00,2.3436,2.3444,2.3418,2.3442,335987.1
2024-12-13 21:10:00+09:00,2.3442,2.3449,2.3432,2.3435,423751.9
2024-12-13 21:11:00+09:00,2.3434,2.3440,2.3413,2.3419,634017.6
2024-12-13 21:12:00+09:00,2.3418,2.3426,2.3402,2.3414,618503.5
2024-12-13 21:13:00+09:00,2.3415,2.3451,2.3410,2.3449,1715836.7
2024-12-13 21:14:00+09:00,2.3449,2.3467,2.3447,2.3461,1026177.2
2024-12-13 21:15:00+09:00,2.3461,2.3507,2.3460,2.3488,1476244.8
2024-12-13 21:16:00+09:00,2.3487,2.3499,2.3479,2.3496,1153794.8
2024-12-13 21:17:00+09:00,2.3496,2.3502,2.3488,2.3490,568104.0
2024-12-13 21:18:00+09:00,2.3490,2.3591,2.3488,2.3560,3289578.8
2024-12-13 21:19:00+09:00,2.3560,2.3595,2.3542,2.3579,3962858.1
2024-12-13 21:20:00+09:00,2.3578,2.3645,2.3578,2.3641,4749589.1
2024-12-13 21:21:00+09:00,2.3640,2.3744,2.3636,2.3743,4563489.8
2024-12-13 21:22:00+09:00,2.3741,2.3892,2.3739,2.3796,6542148.8
2024-12-13 21:23:00+09:00,2.3797,2.3871,2.3732,2.3745,3054588.7
2024-12-13 21:24:00+09:00,2.3745,2.3756,2.3676,2.3756,3157391.1
2024-12-13 21:25:00+09:00,2.3757,2.3820,2.3742,2.3775,2162509.2
2024-12-13 21:26:00+09:00,2.3775,2.3899,2.3752,2.3860,4766964.2
2024-12-13 21:27:00+09:00,2.3859,2.3886,2.3797,2.3821,2497125.5
2024-12-13 21:28:00+09:00,2.3821,2.3981,2.3820,2.3922,4922284.1
2024-12-13 21:29:00+09:00,2.3922,2.3945,2.3861,2.3861,2462879.2
2024-12-13 21:30:00+09:00,2.3860,2.3876,2.3794,2.3800,2571899.8
2024-12-13 21:31:00+09:00,2.3800,2.3801,2.3718,2.3725,3249790.6
2024-12-13 21:32:00+09:00,2.3725,2.3798,2.3710,2.3794,2094268.9
2024-12-13 21:33:00+09:00,2.3795,2.3795,2.3744,2.3790,1188505.2
2024-12-13 21:34:00+09:00,2.3789,2.3818,2.3766,2.3776,1322184.0
2024-12-13 21:35:00+09:00,2.3776,2.3825,2.3774,2.3803,1210747.3
2024-12-13 21:36:00+09:00,2.3804,2.3819,2.3777,2.3799,1396887.9
2024-12-13 21:37:00+09:00,2.3799,2.3813,2.3750,2.3751,1098775.8
2024-12-13 21:38:00+09:00,2.3752,2.3808,2.3735,2.3741,2206097.0
2024-12-13 21:39:00+09:00,2.3742,2.3773,2.3707,2.3763,1611651.0
2024-12-13 21:40:00+09:00,2.3762,2.3769,2.3700,2.3709,1091873.7
2024-12-13 21:41:00+09:00,2.3709,2.3722,2.3677,2.3695,1331845.7
2024-12-13 21:42:00+09:00,2.3695,2.3752,2.3690,2.3735,1083123.6
2024-12-13 21:43:00+09:00,2.3735,2.3758,2.3710,2.3730,967540.0
2024-12-13 21:44:00+09:00,2.3730,2.3735,2.3702,2.3715,626242.4
2024-12-13 21:45:00+09:00,2.3715,2.3715,2.3661,2.3673,1403170.6
2024-12-13 21:46:00+09:00,2.3674,2.3684,2.3612,2.3640,3583499.6
2024-12-13 21:47:00+09:00,2.3641,2.3642,2.3595,2.3634,1721864.1
2024-12-13 21:48:00+09:00,2.3634,2.3683,2.3634,2.3680,780306.4
2024-12-13 21:49:00+09:00,2.3679,2.3699,2.3662,2.3671,578673.9
2024-12-13 21:50:00+09:00,2.3671,2.3710,2.3671,2.3703,819862.9
2024-12-13 21:51:00+09:00,2.3703,2.3708,2.3675,2.3679,565177.3
2024-12-13 21:52:00+09:00,2.3678,2.3710,2.3675,2.3681,488625.6
2024-12-13 21:53:00+09:00,2.3681,2.3704,2.3663,2.3686,486953.9
2024-12-13 21:54:00+09:00,2.3685,2.3687,2.3661,2.3673,613861.2
2024-12-13 21:55:00+09:00,2.3672,2.3747,2.3666,2.3736,920480.2
2024-12-13 21:56:00+09:00,2.3736,2.3736,2.3694,2.3708,676317.7
2024-12-13 21:57:00+09:00,2.3709,2.3719,2.3684,2.3707,431562.9
2024-12-13 21:58:00+09:00,2.3706,2.3732,2.3692,2.3720,509651.3
2024-12-13 21:59:00+09:00,2.3720,2.3750,2.3719,2.3737,591383.7
2024-12-13 22:00:00+09:00,2.3737,2.3799,2.3736,2.3775,2430909.1
2024-12-13 22:01:00+09:00,2.3774,2.3790,2.3739,2.3747,1032840.2
2024-12-13 22:02:00+09:00,2.3746,2.3749,2.3703,2.3703,670381.3
2024-12-13 22:03:00+09:00,2.3703,2.3706,2.3678,2.3682,671756.0
2024-12-13 22:04:00+09:00,2.3681,2.3693,2.3657,2.3673,867559.5
2024-12-13 22:05:00+09:00,2.3673,2.3698,2.3670,2.3686,568645.7
2024-12-13 22:06:00+09:00,2.3686,2.3686,2.3652,2.3664,635776.3
2024-12-13 22:07:00+09:00,2.3664,2.3674,2.3648,2.3671,768973.0
2024-12-13 22:08:00+09:00,2.3671,2.3694,2.3671,2.3685,594494.7
2024-12-13 22:09:00+09:00,2.3686,2.3696,2.3630,2.3673,772198.2
2024-12-13 22:10:00+09:00,2.3673,2.3724,2.3668,2.3714,801591.4
2024-12-13 22:11:00+09:00,2.3715,2.3725,2.3669,2.3690,863802.4
2024-12-13 22:12:00+09:00,2.3690,2.3694,2.3649,2.3673,681718.3
2024-12-13 22:13:00+09:00,2.3674,2.3708,2.3639,2.3708,543873.3
2024-12-13 22:14:00+09:00,2.3708,2.3737,2.3694,2.3698,572539.2
2024-12-13 22:15:00+09:00,2.3698,2.3711,2.3661,2.3661,436578.5
2024-12-13 22:16:00+09:00,2.3661,2.3705,2.3652,2.3686,497159.2
2024-12-13 22:17:00+09:00,2.3687,2.3731,2.3679,2.3697,1006693.6
2024-12-13 22:18:00+09:00,2.3697,2.3771,2.3692,2.3763,1122118.1
2024-12-13 22:19:00+09:00,2.3763,2.3766,2.3718,2.3728,608649.4
2024-12-13 22:20:00+09:00,2.3728,2.3770,2.3718,2.3766,648877.3
2024-12-13 22:21:00+09:00,2.3766,2.3777,2.3735,2.3745,543455.8
2024-12-13 22:22:00+09:00,2.3746,2.3762,2.3728,2.3740,457878.3
2024-12-13 22:23:00+09:00,2.3739,2.3742,2.3705,2.3731,554034.7
2024-12-13 22:24:00+09:00,2.3731,2.3735,2.3661,2.3661,724045.2
2024-12-13 22:25:00+09:00,2.3661,2.3704,2.3647,2.3681,1009725.8
2024-12-13 22:26:00+09:00,2.3680,2.3718,2.3670,2.3715,499070.9
2024-12-13 22:27:00+09:00,2.3715,2.3763,2.3709,2.3761,868023.5
2024-12-13 22:28:00+09:00,2.3761,2.3788,2.3760,2.3783,686182.7
2024-12-13 22:29:00+09:00,2.3783,2.3790,2.3762,2.3762,670899.6
2024-12-13 22:30:00+09:00,2.3762,2.3762,2.3713,2.3731,612269.3
2024-12-13 22:31:00+09:00,2.3731,2.3766,2.3717,2.3733,607544.3
2024-12-13 22:32:00+09:00,2.3732,2.3765,2.3729,2.3744,507897.6
2024-12-13 22:33:00+09:00,2.3745,2.3779,2.3745,2.3770,392708.4
2024-12-13 22:34:00+09:00,2.3770,2.3788,2.3737,2.3739,655080.5
2024-12-13 22:35:00+09:00,2.3739,2.3750,2.3670,2.3677,859524.1
2024-12-13 22:36:00+09:00,2.3677,2.3711,2.3666,2.3695,909643.5
2024-12-13 22:37:00+09:00,2.3696,2.3696,2.3631,2.3638,1068189.2
2024-12-13 22:38:00+09:00,2.3643,2.3680,2.3634,2.3673,700305.6
2024-12-13 22:39:00+09:00,2.3673,2.3675,2.3643,2.3675,409410.9
2024-12-13 22:40:00+09:00,2.3675,2.3710,2.3670,2.3693,612016.6
2024-12-13 22:41:00+09:00,2.3693,2.3711,2.3670,2.3680,600500.4
2024-12-13 22:42:00+09:00,2.3680,2.3711,2.3679,2.3703,438333.2
2024-12-13 22:43:00+09:00,2.3703,2.3787,2.3703,2.3774,1042848.5
2024-12-13 22:44:00+09:00,2.3773,2.3848,2.3765,2.3842,2162399.7
2024-12-13 22:45:00+09:00,2.3841,2.3855,2.3792,2.3811,2381011.3
2024-12-13 22:46:00+09:00,2.3812,2.3830,2.3776,2.3785,2112462.3
2024-12-13 22:47:00+09:00,2.3784,2.3825,2.3776,2.3820,855616.1
2024-12-13 22:48:00+09:00,2.3820,2.3825,2.3796,2.3814,558286.5
2024-12-13 22:49:00+09:00,2.3815,2.3872,2.3815,2.3861,1378922.2
2024-12-13 22:50:00+09:00,2.3861,2.3883,2.3828,2.3859,1440297.8
2024-12-13 22:51:00+09:00,2.3859,2.3913,2.3859,2.3913,1965240.6
2024-12-13 22:52:00+09:00,2.3913,2.3945,2.3889,2.3918,2156359.8
2024-12-13 22:53:00+09:00,2.3917,2.3954,2.3914,2.3951,1094199.0
2024-12-13 22:54:00+09:00,2.3950,2.3952,2.3921,2.3921,1399696.3
2024-12-13 22:55:00+09:00,2.3921,2.3921,2.3879,2.3892,1872382.4
2024-12-13 22:56:00+09:00,2.3892,2.3922,2.3886,2.3909,689775.3
2024-12-13 22:57:00+09:00,2.3910,2.3930,2.3901,2.3911,416829.6
2024-12-13 22:58:00+09:00,2.3911,2.3964,2.3901,2.3964,1125353.8
2024-12-13 22:59:00+09:00,2.3963,2.3968,2.3939,2.3944,1009017.3
2024-12-13 23:00:00+09:00,2.3944,2.3944,2.3878,2.3888,1885335.7
2024-12-13 23:01:00+09:00,2.3889,2.3926,2.3872,2.3926,1160829.1
2024-12-13 23:02:00+09:00,2.3927,2.4032,2.3926,2.3987,3328498.4
2024-12-13 23:03:00+09:00,2.3987,2.4096,2.3982,2.4095,2667562.9
2024-12-13 23:04:00+09:00,2.4095,2.4155,2.4086,2.4103,3805663.7
2024-12-13 23:05:00+09:00,2.4104,2.4260,2.4054,2.4257,6785904.8
2024-12-13 23:06:00+09:00,2.4256,2.4287,2.4151,2.4281,5070539.8
2024-12-13 23:07:00+09:00,2.4281,2.4300,2.4199,2.4221,3748182.9
2024-12-13 23:08:00+09:00,2.4220,2.4344,2.4214,2.4303,3777070.5
2024-12-13 23:09:00+09:00,2.4304,2.4420,2.4298,2.4362,5604227.4
2024-12-13 23:10:00+09:00,2.4361,2.4405,2.4341,2.4391,2930524.0
2024-12-13 23:11:00+09:00,2.4392,2.4510,2.4391,2.4471,8259407.2
2024-12-13 23:12:00+09:00,2.4472,2.4507,2.4390,2.4500,4855152.6
2024-12-13 23:13:00+09:00,2.4500,2.4524,2.4401,2.4518,4484225.2
2024-12-13 23:14:00+09:00,2.4519,2.4557,2.4434,2.4503,5545412.5
2024-12-13 23:15:00+09:00,2.4504,2.4505,2.4355,2.4406,6459246.4
2024-12-13 23:16:00+09:00,2.4407,2.4420,2.4354,2.4416,2846745.8
2024-12-13 23:17:00+09:00,2.4416,2.4577,2.4410,2.4511,6496908.4
2024-12-13 23:18:00+09:00,2.4510,2.4544,2.4466,2.4507,3763142.0
2024-12-13 23:19:00+09:00,2.4506,2.4518,2.4441,2.4479,2172998.3
2024-12-13 23:20:00+09:00,2.4480,2.4520,2.4426,2.4515,3141085.9
2024-12-13 23:21:00+09:00,2.4514,2.4569,2.4492,2.4527,3504150.4
2024-12-13 23:22:00+09:00,2.4527,2.4598,2.4521,2.4565,4076112.6
2024-12-13 23:23:00+09:00,2.4566,2.4600,2.4486,2.4585,3566593.9
2024-12-13 23:24:00+09:00,2.4585,2.4615,2.4490,2.4517,2950008.0
2024-12-13 23:25:00+09:00,2.4519,2.4519,2.4376,2.4426,4553188.0
2024-12-13 23:26:00+09:00,2.4425,2.4426,2.4365,2.4394,3574885.6
2024-12-13 23:27:00+09:00,2.4394,2.4450,2.4385,2.4389,2019839.7
2024-12-13 23:28:00+09:00,2.4389,2.4405,2.4315,2.4386,3957742.7
2024-12-13 23:29:00+09:00,2.4387,2.4433,2.4380,2.4429,1863992.9
2024-12-13 23:30:00+09:00,2.4430,2.4474,2.4413,2.4436,2169877.9
2024-12-13 23:31:00+09:00,2.4436,2.4554,2.4400,2.4518,8040306.1
2024-12-13 23:32:00+09:00,2.4517,2.4592,2.4508,2.4581,3928595.1
2024-12-13 23:33:00+09:00,2.4581,2.4640,2.4571,2.4630,4503707.8
2024-12-13 23:34:00+09:00,2.4629,2.4659,2.4593,2.4621,4577317.4
2024-12-13 23:35:00+09:00,2.4621,2.4621,2.4500,2.4511,5653418.1
2024-12-13 23:36:00+09:00,2.4512,2.4578,2.4503,2.4577,1649287.3
2024-12-13 23:37:00+09:00,2.4578,2.4581,2.4506,2.4523,2098801.7
2024-12-13 23:38:00+09:00,2.4523,2.4567,2.4493,2.4495,2302512.7
2024-12-13 23:39:00+09:00,2.4496,2.4527,2.4474,2.4517,2575580.8
2024-12-13 23:40:00+09:00,2.4518,2.4532,2.4465,2.4499,2698548.4
2024-12-13 23:41:00+09:00,2.4498,2.4502,2.4444,2.4445,2563214.0
2024-12-13 23:42:00+09:00,2.4446,2.4508,2.4446,2.4497,1170750.8
2024-12-13 23:43:00+09:00,2.4498,2.4506,2.4441,2.4457,1432940.9
2024-12-13 23:44:00+09:00,2.4457,2.4509,2.4450,2.4507,1255303.3
2024-12-13 23:45:00+09:00,2.4506,2.4524,2.4488,2.4504,1507872.0
2024-12-13 23:46:00+09:00,2.4504,2.4550,2.4454,2.4538,1521303.5
2024-12-13 23:47:00+09:00,2.4537,2.4579,2.4526,2.4576,1723141.6
2024-12-13 23:48:00+09:00,2.4576,2.4576,2.4520,2.4526,1317922.9
2024-12-13 23:49:00+09:00,2.4526,2.4530,2.4458,2.4516,2813833.8
2024-12-13 23:50:00+09:00,2.4516,2.4538,2.4467,2.4488,986693.8
2024-12-13 23:51:00+09:00,2.4488,2.4520,2.4439,2.4442,2190359.8
2024-12-13 23:52:00+09:00,2.4443,2.4456,2.4382,2.4445,2889924.9
2024-12-13 23:53:00+09:00,2.4445,2.4488,2.4417,2.4483,1051677.2
2024-12-13 23:54:00+09:00,2.4482,2.4499,2.4432,2.4435,883362.0
2024-12-13 23:55:00+09:00,2.4434,2.4436,2.4402,2.4411,1532755.0
2024-12-13 23:56:00+09:00,2.4411,2.4461,2.4408,2.4450,1247717.3
2024-12-13 23:57:00+09:00,2.4450,2.4499,2.4450,2.4470,1486397.8
2024-12-13 23:58:00+09:00,2.4471,2.4500,2.4456,2.4488,1785991.7
2024-12-13 23:59:00+09:00,2.4488,2.4522,2.4480,2.4522,1047073.4
2024-12-14 00:00:00+09:00,2.4522,2.4620,2.4521,2.4528,5552224.7
2024-12-14 00:01:00+09:00,2.4528,2.4617,2.4528,2.4560,3865436.6
2024-12-14 00:02:00+09:00,2.4561,2.4578,2.4535,2.4546,1808491.1
2024-12-14 00:03:00+09:00,2.4545,2.4583,2.4535,2.4552,1053261.6
2024-12-14 00:04:00+09:00,2.4553,2.4594,2.4533,2.4534,1785166.8
2024-12-14 00:05:00+09:00,2.4534,2.4551,2.4502,2.4511,1571111.4
2024-12-14 00:06:00+09:00,2.4511,2.4521,2.4459,2.4495,2282050.2
2024-12-14 00:07:00+09:00,2.4494,2.4508,2.4450,2.4468,2189401.4
2024-12-14 00:08:00+09:00,2.4467,2.4520,2.4446,2.4501,1476650.9
2024-12-14 00:09:00+09:00,2.4500,2.4545,2.4498,2.4542,1546038.1
2024-12-14 00:10:00+09:00,2.4542,2.4600,2.4542,2.4598,1921510.7
2024-12-14 00:11:00+09:00,2.4598,2.4649,2.4580,2.4645,5827727.9
2024-12-14 00:12:00+09:00,2.4645,2.4724,2.4634,2.4667,6680602.2
2024-12-14 00:13:00+09:00,2.4666,2.4716,2.4656,2.4685,4610170.7
2024-12-14 00:14:00+09:00,2.4684,2.4692,2.4658,2.4659,1638216.6
2024-12-14 00:15:00+09:00,2.4658,2.4658,2.4582,2.4627,4220124.7
2024-12-14 00:16:00+09:00,2.4628,2.4634,2.4550,2.4574,2320789.4
2024-12-14 00:17:00+09:00,2.4574,2.4730,2.4567,2.4707,3619777.2
2024-12-14 00:18:00+09:00,2.4708,2.4799,2.4583,2.4674,14078772.8
2024-12-14 00:19:00+09:00,2.4673,2.4726,2.4657,2.4670,2217171.5
2024-12-14 00:20:00+09:00,2.4671,2.4726,2.4667,2.4723,1877461.4
2024-12-14 00:21:00+09:00,2.4724,2.4733,2.4651,2.4653,2300915.3
2024-12-14 00:22:00+09:00,2.4653,2.4663,2.4590,2.4641,1876321.8
2024-12-14 00:23:00+09:00,2.4642,2.4647,2.4609,2.4629,1148274.7
2024-12-14 00:24:00+09:00,2.4628,2.4629,2.4581,2.4591,1342940.6
2024-12-14 00:25:00+09:00,2.4590,2.4645,2.4568,2.4608,2560681.1
2024-12-14 00:26:00+09:00,2.4608,2.4628,2.4514,2.4534,3301201.9
2024-12-14 00:27:00+09:00,2.4534,2.4590,2.4504,2.4580,2242854.0
2024-12-14 00:28:00+09:00,2.4580,2.4603,2.4552,2.4556,1478815.2
2024-12-14 00:29:00+09:00,2.4556,2.4571,2.4536,2.4541,689900.1
2024-12-14 00:30:00+09:00,2.4541,2.4591,2.4530,2.4552,1098300.0
2024-12-14 00:31:00+09:00,2.4552,2.4580,2.4551,2.4572,977099.3
2024-12-14 00:32:00+09:00,2.4573,2.4605,2.4560,2.4576,1753156.7
2024-12-14 00:33:00+09:00,2.4575,2.4598,2.4520,2.4529,1077483.4
2024-12-14 00:34:00+09:00,2.4528,2.4548,2.4490,2.4505,1912477.7
2024-12-14 00:35:00+09:00,2.4504,2.4518,2.4472,2.4505,1804357.9
2024-12-14 00:36:00+09:00,2.4506,2.4527,2.4484,2.4496,1103857.8
2024-12-14 00:37:00+09:00,2.4496,2.4499,2.4457,2.4475,2314114.5
2024-12-14 00:38:00+09:00,2.4476,2.4518,2.4467,2.4511,1656886.4
2024-12-14 00:39:00+09:00,2.4511,2.4534,2.4510,2.4513,1291654.6
2024-12-14 00:40:00+09:00,2.4514,2.4550,2.4509,2.4526,1253047.9
2024-12-14 00:41:00+09:00,2.4527,2.4531,2.4426,2.4449,3398224.9
2024-12-14 00:42:00+09:00,2.4449,2.4468,2.4366,2.4380,5369359.6
2024-12-14 00:43:00+09:00,2.4381,2.4413,2.4319,2.4406,4892698.0
2024-12-14 00:44:00+09:00,2.4406,2.4406,2.4267,2.4339,10743561.0
2024-12-14 00:45:00+09:00,2.4340,2.4362,2.4191,2.4208,8772277.5
2024-12-14 00:46:00+09:00,2.4207,2.4227,2.4151,2.4173,7003777.2
2024-12-14 00:47:00+09:00,2.4172,2.4254,2.4170,2.4204,3868289.2
2024-12-14 00:48:00+09:00,2.4204,2.4217,2.4142,2.4170,3904749.9
2024-12-14 00:49:00+09:00,2.4170,2.4232,2.4148,2.4209,3494178.0
2024-12-14 00:50:00+09:00,2.4209,2.4222,2.4127,2.4138,2735201.2
2024-12-14 00:51:00+09:00,2.4138,2.4158,2.4082,2.4141,6994129.7
2024-12-14 00:52:00+09:00,2.4142,2.4162,2.4016,2.4031,6151018.9
2024-12-14 00:53:00+09:00,2.4032,2.4074,2.3964,2.4070,8505398.5
2024-12-14 00:54:00+09:00,2.4070,2.4122,2.4031,2.4101,3518322.6
2024-12-14 00:55:00+09:00,2.4101,2.4102,2.4053,2.4075,2237626.8
2024-12-14 00:56:00+09:00,2.4075,2.4097,2.3985,2.3991,2706050.5
2024-12-14 00:57:00+09:00,2.3993,2.4011,2.3942,2.3960,3771870.3
2024-12-14 00:58:00+09:00,2.3960,2.4010,2.3943,2.3993,1844012.9
2024-12-14 00:59:00+09:00,2.3993,2.4052,2.3978,2.3997,2116854.5
2024-12-14 01:00:00+09:00,2.3998,2.4142,2.3987,2.4121,5199676.3
2024-12-14 01:01:00+09:00,2.4120,2.4123,2.3994,2.3998,4397951.8
2024-12-14 01:02:00+09:00,2.3998,2.3998,2.3840,2.3941,6553908.2
2024-12-14 01:03:00+09:00,2.3942,2.3979,2.3912,2.3966,2261710.1
2024-12-14 01:04:00+09:00,2.3965,2.4009,2.3953,2.3981,1926124.1
2024-12-14 01:05:00+09:00,2.3982,2.3993,2.3903,2.3916,2455151.1
2024-12-14 01:06:00+09:00,2.3917,2.3996,2.3852,2.3996,3213481.1
2024-12-14 01:07:00+09:00,2.3995,2.4079,2.3947,2.4014,5317394.8
2024-12-14 01:08:00+09:00,2.4014,2.4019,2.3948,2.3978,2492304.8
2024-12-14 01:09:00+09:00,2.3977,2.4040,2.3954,2.4031,1450488.3
2024-12-14 01:10:00+09:00,2.4031,2.4133,2.4028,2.4035,3701211.5
2024-12-14 01:11:00+09:00,2.4036,2.4075,2.4030,2.4067,1440313.4
2024-12-14 01:12:00+09:00,2.4068,2.4147,2.4065,2.4143,2341397.9
2024-12-14 01:13:00+09:00,2.4143,2.4146,2.4100,2.4112,2167666.5
2024-12-14 01:14:00+09:00,2.4113,2.4127,2.4070,2.4093,1538103.3
2024-12-14 01:15:00+09:00,2.4094,2.4199,2.4091,2.4162,3447754.1
2024-12-14 01:16:00+09:00,2.4162,2.4225,2.4153,2.4212,2476080.0
2024-12-14 01:17:00+09:00,2.4212,2.4236,2.4168,2.4201,2268990.7
2024-12-14 01:18:00+09:00,2.4202,2.4221,2.4156,2.4158,1286289.3
2024-12-14 01:19:00+09:00,2.4157,2.4187,2.4120,2.4138,1872996.8
2024-12-14 01:20:00+09:00,2.4138,2.4142,2.4041,2.4096,2614629.0
2024-12-14 01:21:00+09:00,2.4097,2.4097,2.4005,2.4058,1604151.5
2024-12-14 01:22:00+09:00,2.4058,2.4092,2.4020,2.4072,1392895.4
2024-12-14 01:23:00+09:00,2.4071,2.4136,2.4053,2.4132,1046954.1
2024-12-14 01:24:00+09:00,2.4132,2.4178,2.4105,2.4161,1620614.5
2024-12-14 01:25:00+09:00,2.4161,2.4200,2.4157,2.4159,1669851.3
2024-12-14 01:26:00+09:00,2.4159,2.4169,2.4100,2.4105,1159023.6
2024-12-14 01:27:00+09:00,2.4105,2.4151,2.4105,2.4146,773367.7
2024-12-14 01:28:00+09:00,2.4146,2.4171,2.4118,2.4151,736171.0
2024-12-14 01:29:00+09:00,2.4151,2.4171,2.4071,2.4072,937808.9
2024-12-14 01:30:00+09:00,2.4072,2.4151,2.4070,2.4139,1338860.7
2024-12-14 01:31:00+09:00,2.4140,2.4188,2.4128,2.4181,956280.3
2024-12-14 01:32:00+09:00,2.4180,2.4210,2.4153,2.4205,772775.8
2024-12-14 01:33:00+09:00,2.4204,2.4325,2.4189,2.4314,3126141.4
2024-12-14 01:34:00+09:00,2.4314,2.4355,2.4246,2.4268,4210309.5
2024-12-14 01:35:00+09:00,2.4268,2.4270,2.4211,2.4227,1857200.4
2024-12-14 01:36:00+09:00,2.4228,2.4254,2.4185,2.4211,2115952.2
2024-12-14 01:37:00+09:00,2.4210,2.4239,2.4183,2.4230,997477.1
2024-12-14 01:38:00+09:00,2.4230,2.4349,2.4225,2.4342,3413570.6
2024-12-14 01:39:00+09:00,2.4342,2.4368,2.4300,2.4302,3148191.0
2024-12-14 01:40:00+09:00,2.4301,2.4315,2.4254,2.4257,1100117.1
2024-12-14 01:41:00+09:00,2.4258,2.4279,2.4231,2.4244,1497058.4
2024-12-14 01:42:00+09:00,2.4244,2.4304,2.4235,2.4303,798044.0
2024-12-14 01:43:00+09:00,2.4303,2.4337,2.4292,2.4318,901751.5
2024-12-14 01:44:00+09:00,2.4318,2.4340,2.4275,2.4283,773310.0
2024-12-14 01:45:00+09:00,2.4282,2.4306,2.4273,2.4291,1320983.6
2024-12-14 01:46:00+09:00,2.4291,2.4299,2.4234,2.4263,1102015.9
2024-12-14 01:47:00+09:00,2.4263,2.4373,2.4251,2.4369,3105424.6
2024-12-14 01:48:00+09:00,2.4369,2.4400,2.4326,2.4338,3641965.2
2024-12-14 01:49:00+09:00,2.4338,2.4353,2.4298,2.4315,1529559.1
2024-12-14 01:50:00+09:00,2.4315,2.4339,2.4293,2.4318,1140712.2
2024-12-14 01:51:00+09:00,2.4317,2.4350,2.4294,2.4295,1500875.3
2024-12-14 01:52:00+09:00,2.4295,2.4324,2.4276,2.4281,815593.3
2024-12-14 01:53:00+09:00,2.4281,2.4313,2.4272,2.4296,761530.5
2024-12-14 01:54:00+09:00,2.4296,2.4299,2.4127,2.4220,3678118.4
2024-12-14 01:55:00+09:00,2.4221,2.4228,2.4139,2.4159,2626345.9
2024-12-14 01:56:00+09:00,2.4159,2.4168,2.4115,2.4142,1489110.2
2024-12-14 01:57:00+09:00,2.4142,2.4200,2.4141,2.4197,1353848.0
2024-12-14 01:58:00+09:00,2.4196,2.4217,2.4181,2.4206,725003.6
2024-12-14 01:59:00+09:00,2.4206,2.4267,2.4205,2.4228,767125.6
2024-12-14 02:00:00+09:00,2.4228,2.4255,2.4194,2.4216,1610822.1
2024-12-14 02:01:00+09:00,2.4216,2.4251,2.4203,2.4203,919332.4
2024-12-14 02:02:00+09:00,2.4203,2.4234,2.4174,2.4178,796225.8
2024-12-14 02:03:00+09:00,2.4177,2.4218,2.4166,2.4208,789361.0
2024-12-14 02:04:00+09:00,2.4208,2.4249,2.4205,2.4240,649446.8
2024-12-14 02:05:00+09:00,2.4240,2.4269,2.4225,2.4243,688240.3
2024-12-14 02:06:00+09:00,2.4242,2.4296,2.4216,2.4290,604139.8
2024-12-14 02:07:00+09:00,2.4290,2.4290,2.4251,2.4261,736697.5
2024-12-14 02:08:00+09:00,2.4260,2.4272,2.4229,2.4247,758862.0
2024-12-14 02:09:00+09:00,2.4246,2.4290,2.4235,2.4271,485996.3
2024-12-14 02:10:00+09:00,2.4272,2.4310,2.4269,2.4293,529039.6
2024-12-14 02:11:00+09:00,2.4293,2.4348,2.4288,2.4342,1232189.5
2024-12-14 02:12:00+09:00,2.4342,2.4352,2.4320,2.4324,1358147.2
2024-12-14 02:13:00+09:00,2.4324,2.4344,2.4320,2.4333,471492.6
2024-12-14 02:14:00+09:00,2.4333,2.4337,2.4320,2.4337,372169.5
2024-12-14 02:15:00+09:00,2.4337,2.4388,2.4317,2.4320,2045373.3
2024-12-14 02:16:00+09:00,2.4320,2.4321,2.4277,2.4300,665512.1
2024-12-14 02:17:00+09:00,2.4300,2.4307,2.4269,2.4274,527550.3
2024-12-14 02:18:00+09:00,2.4274,2.4279,2.4244,2.4247,815641.7
2024-12-14 02:19:00+09:00,2.4246,2.4321,2.4241,2.4311,681838.8
2024-12-14 02:20:00+09:00,2.4312,2.4342,2.4310,2.4339,966310.1
2024-12-14 02:21:00+09:00,2.4339,2.4415,2.4339,2.4414,1944348.8
2024-12-14 02:22:00+09:00,2.4414,2.4426,2.4374,2.4380,1635931.5
2024-12-14 02:23:00+09:00,2.4381,2.4428,2.4355,2.4419,895863.8
2024-12-14 02:24:00+09:00,2.4419,2.4427,2.4400,2.4410,617677.7
2024-12-14 02:25:00+09:00,2.4410,2.4430,2.4385,2.4391,698126.0
2024-12-14 02:26:00+09:00,2.4390,2.4441,2.4376,2.4424,1390203.1
2024-12-14 02:27:00+09:00,2.4423,2.4430,2.4403,2.4414,1037199.7
2024-12-14 02:28:00+09:00,2.4415,2.4440,2.4389,2.4429,852995.4
2024-12-14 02:29:00+09:00,2.4429,2.4441,2.4419,2.4434,539883.7
2024-12-14 02:30:00+09:00,2.4433,2.4440,2.4389,2.4403,614493.9
2024-12-14 02:31:00+09:00,2.4403,2.4451,2.4401,2.4408,590303.9
2024-12-14 02:32:00+09:00,2.4408,2.4415,2.4348,2.4365,1165707.2
2024-12-14 02:33:00+09:00,2.4364,2.4364,2.4302,2.4321,1174446.8
2024-12-14 02:34:00+09:00,2.4321,2.4375,2.4310,2.4365,963949.7
2024-12-14 02:35:00+09:00,2.4366,2.4421,2.4366,2.4388,1524279.5
2024-12-14 02:36:00+09:00,2.4387,2.4387,2.4314,2.4328,1851873.4
2024-12-14 02:37:00+09:00,2.4327,2.4366,2.4327,2.4348,634227.8
2024-12-14 02:38:00+09:00,2.4349,2.4410,2.4328,2.4396,665766.1
2024-12-14 02:39:00+09:00,2.4396,2.4402,2.4369,2.4394,601990.2
2024-12-14 02:40:00+09:00,2.4395,2.4397,2.4321,2.4330,999808.4
2024-12-14 02:41:00+09:00,2.4327,2.4367,2.4325,2.4354,873999.5
2024-12-14 02:42:00+09:00,2.4354,2.4377,2.4345,2.4355,468787.0
2024-12-14 02:43:00+09:00,2.4356,2.4366,2.4318,2.4323,552518.1
2024-12-14 02:44:00+09:00,2.4323,2.4377,2.4316,2.4370,549731.2
2024-12-14 02:45:00+09:00,2.4370,2.4370,2.4258,2.4298,1541708.5
2024-12-14 02:46:00+09:00,2.4299,2.4311,2.4225,2.4237,1886978.5
2024-12-14 02:47:00+09:00,2.4236,2.4290,2.4226,2.4252,1033398.8
2024-12-14 02:48:00+09:00,2.4251,2.4273,2.4215,2.4267,1382993.0
2024-12-14 02:49:00+09:00,2.4268,2.4287,2.4256,2.4265,1281520.8
2024-12-14 02:50:00+09:00,2.4265,2.4267,2.4225,2.4254,626496.7
2024-12-14 02:51:00+09:00,2.4254,2.4315,2.4254,2.4303,567195.0
2024-12-14 02:52:00+09:00,2.4302,2.4337,2.4293,2.4314,895366.2
2024-12-14 02:53:00+09:00,2.4314,2.4364,2.4311,2.4345,1418784.2
2024-12-14 02:54:00+09:00,2.4346,2.4373,2.4316,2.4372,634244.1
2024-12-14 02:55:00+09:00,2.4372,2.4388,2.4348,2.4355,534388.0
2024-12-14 02:56:00+09:00,2.4355,2.4373,2.4332,2.4371,566607.5
2024-12-14 02:57:00+09:00,2.4370,2.4375,2.4332,2.4351,643251.3
2024-12-14 02:58:00+09:00,2.4350,2.4354,2.4327,2.4339,608793.0
2024-12-14 02:59:00+09:00,2.4340,2.4344,2.4310,2.4311,516043.3
2024-12-14 03:00:00+09:00,2.4311,2.4324,2.4275,2.4281,947093.7
2024-12-14 03:01:00+09:00,2.4280,2.4314,2.4248,2.4252,1157235.4
2024-12-14 03:01:00+09:00,2.4280,2.4314,2.4248,2.4252,1157235.4
2024-12-14 03:02:00+09:00,2.4251,2.4284,2.4238,2.4255,635101.5
2024-12-14 03:03:00+09:00,2.4254,2.4284,2.4241,2.4277,585661.0
2024-12-14 03:04:00+09:00,2.4278,2.4337,2.4275,2.4300,828397.2
2024-12-14 03:05:00+09:00,2.4300,2.4308,2.4269,2.4299,469386.2
2024-12-14 03:06:00+09:00,2.4298,2.4299,2.4240,2.4250,614756.9
2024-12-14 03:07:00+09:00,2.4250,2.4290,2.4230,2.4290,637956.7
2024-12-14 03:08:00+09:00,2.4290,2.4312,2.4269,2.4282,405519.1
2024-12-14 03:09:00+09:00,2.4281,2.4282,2.4239,2.4260,394924.8
2024-12-14 03:10:00+09:00,2.4260,2.4269,2.4171,2.4197,1657530.7
2024-12-14 03:11:00+09:00,2.4197,2.4197,2.4166,2.4179,1046777.7
2024-12-14 03:12:00+09:00,2.4180,2.4199,2.4173,2.4194,749608.3
2024-12-14 03:13:00+09:00,2.4193,2.4206,2.4188,2.4191,341051.5
2024-12-14 03:14:00+09:00,2.4192,2.4231,2.4190,2.4210,385543.6
2024-12-14 03:15:00+09:00,2.4209,2.4220,2.4186,2.4204,727596.0
2024-12-14 03:16:00+09:00,2.4204,2.4220,2.4135,2.4159,1465481.6
2024-12-14 03:17:00+09:00,2.4158,2.4192,2.4148,2.4192,493749.6
2024-12-14 03:18:00+09:00,2.4191,2.4240,2.4191,2.4238,477542.8
2024-12-14 03:19:00+09:00,2.4237,2.4237,2.4180,2.4196,484963.0
2024-12-14 03:20:00+09:00,2.4197,2.4262,2.4197,2.4242,619187.4
2024-12-14 03:21:00+09:00,2.4242,2.4242,2.4189,2.4197,490743.9
2024-12-14 03:22:00+09:00,2.4198,2.4207,2.4163,2.4183,642696.7
2024-12-14 03:23:00+09:00,2.4183,2.4210,2.4159,2.4163,432193.0
2024-12-14 03:24:00+09:00,2.4163,2.4183,2.4143,2.4174,722357.3
2024-12-14 03:25:00+09:00,2.4173,2.4185,2.4162,2.4167,433579.5
2024-12-14 03:26:00+09:00,2.4167,2.4211,2.4164,2.4176,472111.2
2024-12-14 03:27:00+09:00,2.4175,2.4225,2.4168,2.4208,514044.0
2024-12-14 03:28:00+09:00,2.4208,2.4227,2.4200,2.4201,275960.4
2024-12-14 03:29:00+09:00,2.4201,2.4222,2.4200,2.4219,138728.9
2024-12-14 03:30:00+09:00,2.4219,2.4250,2.4206,2.4249,384227.9
2024-12-14 03:31:00+09:00,2.4250,2.4268,2.4225,2.4225,505183.7
2024-12-14 03:32:00+09:00,2.4224,2.4243,2.4205,2.4243,255798.0
2024-12-14 03:33:00+09:00,2.4243,2.4271,2.4233,2.4265,340137.0
2024-12-14 03:34:00+09:00,2.4265,2.4287,2.4249,2.4286,320522.1
2024-12-14 03:35:00+09:00,2.4286,2.4340,2.4266,2.4331,875662.8
2024-12-14 03:36:00+09:00,2.4331,2.4357,2.4312,2.4350,1777874.6
2024-12-14 03:37:00+09:00,2.4349,2.4428,2.4343,2.4428,1993760.0
2024-12-14 03:38:00+09:00,2.4428,2.4434,2.4403,2.4418,1086657.4
2024-12-14 03:39:00+09:00,2.4418,2.4418,2.4364,2.4388,1568510.6
2024-12-14 03:40:00+09:00,2.4389,2.4404,2.4360,2.4396,560178.2
2024-12-14 03:41:00+09:00,2.4396,2.4406,2.4361,2.4376,772973.6
2024-12-14 03:42:00+09:00,2.4375,2.4385,2.4350,2.4367,383424.5
2024-12-14 03:43:00+09:00,2.4367,2.4371,2.4332,2.4363,744204.3
2024-12-14 03:44:00+09:00,2.4363,2.4377,2.4360,2.4368,490768.3
2024-12-14 03:45:00+09:00,2.4368,2.4371,2.4344,2.4366,403711.8
2024-12-14 03:46:00+09:00,2.4366,2.4366,2.4264,2.4277,1271517.1
2024-12-14 03:47:00+09:00,2.4278,2.4342,2.4272,2.4337,541211.0
2024-12-14 03:48:00+09:00,2.4336,2.4366,2.4317,2.4331,530260.9
2024-12-14 03:49:00+09:00,2.4332,2.4358,2.4330,2.4342,875514.6
2024-12-14 03:50:00+09:00,2.4341,2.4341,2.4295,2.4312,959890.4
2024-12-14 03:51:00+09:00,2.4311,2.4346,2.4274,2.4297,1241210.2
2024-12-14 03:52:00+09:00,2.4296,2.4309,2.4274,2.4308,735702.9
2024-12-14 03:53:00+09:00,2.4309,2.4310,2.4278,2.4294,309031.1
2024-12-14 03:54:00+09:00,2.4294,2.4307,2.4283,2.4293,547276.5
2024-12-14 03:55:00+09:00,2.4294,2.4300,2.4278,2.4281,334674.2
2024-12-14 03:56:00+09:00,2.4281,2.4282,2.4234,2.4251,697275.3
2024-12-14 03:57:00+09:00,2.4250,2.4250,2.4211,2.4225,1449425.3
2024-12-14 03:58:00+09:00,2.4224,2.4229,2.4207,2.4210,473263.9
2024-12-14 03:59:00+09:00,2.4210,2.4230,2.4209,2.4216,480292.3
2024-12-14 04:00:00+09:00,2.4217,2.4245,2.4208,2.4210,995684.4
2024-12-14 04:01:00+09:00,2.4210,2.4220,2.4158,2.4159,1151967.6
2024-12-14 04:02:00+09:00,2.4159,2.4169,2.4113,2.4121,1306771.7
2024-12-14 04:03:00+09:00,2.4122,2.4137,2.4084,2.4084,1330820.4
2024-12-14 04:04:00+09:00,2.4084,2.4104,2.4063,2.4081,2065688.0
2024-12-14 04:05:00+09:00,2.4082,2.4122,2.4061,2.4115,780176.5
2024-12-14 04:06:00+09:00,2.4115,2.4150,2.4111,2.4129,731838.0
2024-12-14 04:07:00+09:00,2.4129,2.4138,2.4111,2.4119,669196.8
2024-12-14 04:08:00+09:00,2.4120,2.4139,2.4110,2.4131,526292.1
2024-12-14 04:09:00+09:00,2.4131,2.4159,2.4121,2.4140,385217.6
2024-12-14 04:10:00+09:00,2.4140,2.4141,2.4094,2.4116,970357.2
2024-12-14 04:11:00+09:00,2.4117,2.4125,2.4089,2.4097,417557.3
2024-12-14 04:12:00+09:00,2.4097,2.4133,2.4094,2.4133,567356.1
2024-12-14 04:13:00+09:00,2.4133,2.4134,2.4096,2.4111,422683.8
2024-12-14 04:14:00+09:00,2.4111,2.4112,2.4076,2.4082,637367.4
2024-12-14 04:15:00+09:00,2.4082,2.4150,2.4080,2.4145,772203.4
2024-12-14 04:16:00+09:00,2.4145,2.4145,2.4106,2.4131,537214.1
2024-12-14 04:17:00+09:00,2.4131,2.4141,2.4112,2.4137,271864.6
2024-12-14 04:18:00+09:00,2.4138,2.4158,2.4122,2.4135,274259.9
2024-12-14 04:19:00+09:00,2.4135,2.4157,2.4135,2.4146,194945.0
2024-12-14 04:20:00+09:00,2.4145,2.4171,2.4136,2.4151,403688.9
2024-12-14 04:21:00+09:00,2.4151,2.4185,2.4137,2.4185,335878.6
2024-12-14 04:22:00+09:00,2.4185,2.4234,2.4179,2.4224,1252792.8
2024-12-14 04:23:00+09:00,2.4225,2.4225,2.4161,2.4197,574411.3
2024-12-14 04:24:00+09:00,2.4197,2.4197,2.4158,2.4187,360476.4
2024-12-14 04:25:00+09:00,2.4187,2.4198,2.4164,2.4186,295640.7
2024-12-14 04:26:00+09:00,2.4185,2.4196,2.4164,2.4195,205769.4
2024-12-14 04:27:00+09:00,2.4195,2.4202,2.4184,2.4200,237083.5
2024-12-14 04:28:00+09:00,2.4200,2.4202,2.4171,2.4171,350874.1
2024-12-14 04:29:00+09:00,2.4172,2.4220,2.4161,2.4210,466829.6
2024-12-14 04:30:00+09:00,2.4211,2.4272,2.4211,2.4260,629267.2
2024-12-14 04:31:00+09:00,2.4259,2.4290,2.4244,2.4290,733801.6
2024-12-14 04:32:00+09:00,2.4290,2.4300,2.4276,2.4282,524679.5
2024-12-14 04:33:00+09:00,2.4281,2.4285,2.4249,2.4254,421166.1
2024-12-14 04:34:00+09:00,2.4255,2.4255,2.4214,2.4226,941102.3
2024-12-14 04:35:00+09:00,2.4225,2.4241,2.4198,2.4218,1065089.1
2024-12-14 04:36:00+09:00,2.4218,2.4243,2.4211,2.4233,363349.9
2024-12-14 04:37:00+09:00,2.4232,2.4235,2.4193,2.4193,537548.8
2024-12-14 04:38:00+09:00,2.4194,2.4202,2.4168,2.4202,413997.8
2024-12-14 04:39:00+09:00,2.4203,2.4229,2.4199,2.4209,232049.4
2024-12-14 04:40:00+09:00,2.4209,2.4217,2.4179,2.4192,546215.8
2024-12-14 04:41:00+09:00,2.4192,2.4230,2.4191,2.4214,469967.8
2024-12-14 04:42:00+09:00,2.4214,2.4223,2.4196,2.4198,239788.6
2024-12-14 04:43:00+09:00,2.4198,2.4205,2.4177,2.4194,240933.3
2024-12-14 04:44:00+09:00,2.4195,2.4196,2.4175,2.4195,207933.8
2024-12-14 04:45:00+09:00,2.4195,2.4210,2.4195,2.4202,254587.7
2024-12-14 04:46:00+09:00,2.4202,2.4215,2.4191,2.4208,216403.3
2024-12-14 04:47:00+09:00,2.4208,2.4217,2.4188,2.4194,210055.1
2024-12-14 04:48:00+09:00,2.4194,2.4208,2.4167,2.4196,318968.2
2024-12-14 04:49:00+09:00,2.4197,2.4247,2.4196,2.4238,529847.4
2024-12-14 04:50:00+09:00,2.4238,2.4247,2.4201,2.4244,414826.9
2024-12-14 04:51:00+09:00,2.4244,2.4256,2.4234,2.4251,246157.5
2024-12-14 04:52:00+09:00,2.4251,2.4259,2.4234,2.4238,395752.6
2024-12-14 04:53:00+09:00,2.4238,2.4252,2.4221,2.4228,408192.3
2024-12-14 04:54:00+09:00,2.4227,2.4254,2.4220,2.4253,366477.0
2024-12-14 04:55:00+09:00,2.4253,2.4253,2.4198,2.4219,486102.4
2024-12-14 04:56:00+09:00,2.4219,2.4231,2.4219,2.4231,135682.6
2024-12-14 04:57:00+09:00,2.4231,2.4242,2.4215,2.4228,253778.8
2024-12-14 04:58:00+09:00,2.4228,2.4237,2.4187,2.4187,349113.9
2024-12-14 04:59:00+09:00,2.4187,2.4225,2.4178,2.4203,448931.9
2024-12-14 05:00:00+09:00,2.4203,2.4215,2.4195,2.4209,184849.1
2024-12-14 05:01:00+09:00,2.4209,2.4227,2.4195,2.4199,214080.7
2024-12-14 05:02:00+09:00,2.4199,2.4201,2.4146,2.4160,564628.1
2024-12-14 05:03:00+09:00,2.4159,2.4172,2.4142,2.4142,473867.2
2024-12-14 05:04:00+09:00,2.4142,2.4182,2.4140,2.4167,289966.1
2024-12-14 05:05:00+09:00,2.4167,2.4179,2.4146,2.4146,526471.4
2024-12-14 05:06:00+09:00,2.4145,2.4162,2.4130,2.4130,426668.3
2024-12-14 05:07:00+09:00,2.4131,2.4131,2.4102,2.4118,827840.5
2024-12-14 05:08:00+09:00,2.4119,2.4152,2.4113,2.4146,424485.0
2024-12-14 05:09:00+09:00,2.4145,2.4169,2.4131,2.4167,356557.3
2024-12-14 05:10:00+09:00,2.4166,2.4202,2.4166,2.4197,392750.6
2024-12-14 05:11:00+09:00,2.4198,2.4198,2.4175,2.4180,440959.1
2024-12-14 05:12:00+09:00,2.4180,2.4196,2.4179,2.4182,177192.9
2024-12-14 05:13:00+09:00,2.4182,2.4217,2.4165,2.4194,453165.8
2024-12-14 05:14:00+09:00,2.4194,2.4210,2.4187,2.4193,206252.1
2024-12-14 05:15:00+09:00,2.4194,2.4202,2.4157,2.4168,494477.1
2024-12-14 05:16:00+09:00,2.4168,2.4229,2.4168,2.4224,246860.6
2024-12-14 05:17:00+09:00,2.4224,2.4227,2.4196,2.4209,401748.6
2024-12-14 05:18:00+09:00,2.4209,2.4250,2.4208,2.4247,705198.6
2024-12-14 05:19:00+09:00,2.4246,2.4255,2.4225,2.4240,295206.7
2024-12-14 05:20:00+09:00,2.4241,2.4291,2.4241,2.4288,821529.8
2024-12-14 05:21:00+09:00,2.4288,2.4288,2.4257,2.4270,370645.8
2024-12-14 05:22:00+09:00,2.4270,2.4283,2.4246,2.4262,368571.5
2024-12-14 05:23:00+09:00,2.4262,2.4286,2.4254,2.4286,321921.0
2024-12-14 05:24:00+09:00,2.4287,2.4287,2.4256,2.4257,655387.5
2024-12-14 05:25:00+09:00,2.4256,2.4267,2.4235,2.4267,364438.0
2024-12-14 05:26:00+09:00,2.4267,2.4311,2.4267,2.4308,980052.5
2024-12-14 05:27:00+09:00,2.4308,2.4331,2.4308,2.4313,659403.7
2024-12-14 05:28:00+09:00,2.4313,2.4341,2.4305,2.4305,669849.3
2024-12-14 05:29:00+09:00,2.4306,2.4322,2.4306,2.4307,369460.7
2024-12-14 05:30:00+09:00,2.4307,2.4325,2.4285,2.4290,1583530.8
2024-12-14 05:31:00+09:00,2.4290,2.4298,2.4275,2.4290,582848.4
2024-12-14 05:32:00+09:00,2.4290,2.4290,2.4261,2.4265,397640.0
2024-12-14 05:33:00+09:00,2.4264,2.4278,2.4255,2.4278,266690.1
2024-12-14 05:34:00+09:00,2.4279,2.4282,2.4261,2.4262,218830.9
2024-12-14 05:35:00+09:00,2.4261,2.4269,2.4220,2.4220,935516.8
2024-12-14 05:36:00+09:00,2.4221,2.4250,2.4210,2.4248,324489.9
2024-12-14 05:37:00+09:00,2.4249,2.4276,2.4249,2.4274,271220.1
2024-12-14 05:38:00+09:00,2.4274,2.4274,2.4232,2.4247,308841.0
2024-12-14 05:39:00+09:00,2.4247,2.4269,2.4231,2.4269,194868.3
2024-12-14 05:40:00+09:00,2.4269,2.4300,2.4269,2.4300,542836.9
2024-12-14 05:41:00+09:00,2.4300,2.4334,2.4300,2.4324,724325.2
2024-12-14 05:42:00+09:00,2.4323,2.4349,2.4308,2.4344,648877.7
2024-12-14 05:43:00+09:00,2.4343,2.4344,2.4324,2.4326,636896.4
2024-12-14 05:44:00+09:00,2.4326,2.4340,2.4302,2.4313,328255.1
2024-12-14 05:45:00+09:00,2.4312,2.4319,2.4284,2.4317,539810.9
2024-12-14 05:46:00+09:00,2.4317,2.4325,2.4294,2.4312,564770.3
2024-12-14 05:47:00+09:00,2.4313,2.4318,2.4250,2.4252,543562.2
2024-12-14 05:48:00+09:00,2.4253,2.4256,2.4225,2.4239,729893.1
2024-12-14 05:49:00+09:00,2.4239,2.4270,2.4239,2.4266,237059.9
2024-12-14 05:50:00+09:00,2.4265,2.4286,2.4251,2.4272,353077.8
2024-12-14 05:51:00+09:00,2.4272,2.4275,2.4234,2.4234,383205.9
2024-12-14 05:52:00+09:00,2.4233,2.4235,2.4209,2.4215,468051.7
2024-12-14 05:53:00+09:00,2.4215,2.4218,2.4182,2.4205,715006.4
2024-12-14 05:54:00+09:00,2.4206,2.4213,2.4188,2.4199,410591.6
2024-12-14 05:55:00+09:00,2.4200,2.4218,2.4192,2.4198,940671.1
2024-12-14 05:56:00+09:00,2.4198,2.4227,2.4196,2.4223,538620.2
2024-12-14 05:57:00+09:00,2.4223,2.4223,2.4208,2.4208,335522.1
2024-12-14 05:58:00+09:00,2.4208,2.4244,2.4203,2.4244,614624.1
2024-12-14 05:59:00+09:00,2.4244,2.4274,2.4244,2.4260,686657.2
2024-12-14 06:00:00+09:00,2.4262,2.4273,2.4228,2.4233,283865.1
2024-12-14 06:01:00+09:00,2.4232,2.4239,2.4212,2.4232,308695.2
2024-12-14 06:02:00+09:00,2.4231,2.4275,2.4230,2.4262,280608.3
2024-12-14 06:03:00+09:00,2.4262,2.4294,2.4262,2.4293,972135.7
2024-12-14 06:04:00+09:00,2.4293,2.4327,2.4293,2.4311,1023617.6
2024-12-14 06:05:00+09:00,2.4311,2.4322,2.4303,2.4321,458810.9
2024-12-14 06:06:00+09:00,2.4320,2.4321,2.4292,2.4293,517149.4
2024-12-14 06:07:00+09:00,2.4293,2.4293,2.4253,2.4253,645392.4
2024-12-14 06:08:00+09:00,2.4254,2.4283,2.4253,2.4273,286120.4
2024-12-14 06:09:00+09:00,2.4273,2.4314,2.4269,2.4278,417165.7
2024-12-14 06:10:00+09:00,2.4279,2.4301,2.4270,2.4286,612133.0
2024-12-14 06:11:00+09:00,2.4285,2.4318,2.4280,2.4315,284793.2
2024-12-14 06:12:00+09:00,2.4315,2.4324,2.4300,2.4322,318643.6
2024-12-14 06:13:00+09:00,2.4322,2.4325,2.4305,2.4315,516568.7
2024-12-14 06:14:00+09:00,2.4314,2.4340,2.4314,2.4330,419066.1
2024-12-14 06:15:00+09:00,2.4329,2.4378,2.4324,2.4371,1466834.2
2024-12-14 06:16:00+09:00,2.4370,2.4399,2.4359,2.4398,604043.6
2024-12-14 06:17:00+09:00,2.4398,2.4418,2.4375,2.4398,857004.1
2024-12-14 06:18:00+09:00,2.4398,2.4398,2.4377,2.4380,599148.5
2024-12-14 06:19:00+09:00,2.4380,2.4380,2.4328,2.4329,494583.3
2024-12-14 06:20:00+09:00,2.4329,2.4329,2.4289,2.4319,724724.5
2024-12-14 06:21:00+09:00,2.4319,2.4385,2.4318,2.4378,610507.3
2024-12-14 06:22:00+09:00,2.4378,2.4381,2.4338,2.4338,1002720.1
2024-12-14 06:23:00+09:00,2.4338,2.4348,2.4305,2.4305,331420.5
2024-12-14 06:24:00+09:00,2.4305,2.4323,2.4292,2.4319,599102.3
2024-12-14 06:25:00+09:00,2.4320,2.4347,2.4304,2.4347,549149.3
2024-12-14 06:26:00+09:00,2.4347,2.4359,2.4299,2.4309,757372.9
2024-12-14 06:27:00+09:00,2.4309,2.4324,2.4272,2.4315,707254.6
2024-12-14 06:28:00+09:00,2.4314,2.4348,2.4312,2.4338,318104.6
2024-12-14 06:29:00+09:00,2.4338,2.4362,2.4331,2.4355,339121.8
2024-12-14 06:30:00+09:00,2.4355,2.4400,2.4337,2.4398,537254.5
2024-12-14 06:31:00+09:00,2.4397,2.4397,2.4356,2.4362,651627.5
2024-12-14 06:32:00+09:00,2.4362,2.4393,2.4356,2.4387,455289.2
2024-12-14 06:33:00+09:00,2.4388,2.4428,2.4371,2.4424,1300413.5
2024-12-14 06:34:00+09:00,2.4424,2.4440,2.4378,2.4386,836005.5
2024-12-14 06:35:00+09:00,2.4386,2.4388,2.4356,2.4361,445087.3
2024-12-14 06:36:00+09:00,2.4361,2.4414,2.4361,2.4413,654567.8
2024-12-14 06:37:00+09:00,2.4413,2.4430,2.4404,2.4417,413784.6
2024-12-14 06:38:00+09:00,2.4416,2.4437,2.4414,2.4433,595196.8
2024-12-14 06:39:00+09:00,2.4433,2.4433,2.4409,2.4418,284122.1
2024-12-14 06:40:00+09:00,2.4418,2.4420,2.4382,2.4382,386542.4
2024-12-14 06:41:00+09:00,2.4383,2.4430,2.4379,2.4409,409919.3
2024-12-14 06:42:00+09:00,2.4409,2.4409,2.4386,2.4393,515864.0
2024-12-14 06:43:00+09:00,2.4393,2.4402,2.4378,2.4397,226381.0
2024-12-14 06:44:00+09:00,2.4398,2.4413,2.4396,2.4413,291377.6
2024-12-14 06:45:00+09:00,2.4412,2.4412,2.4386,2.4386,329453.6
2024-12-14 06:46:00+09:00,2.4386,2.4386,2.4329,2.4353,1601773.0
2024-12-14 06:47:00+09:00,2.4354,2.4355,2.4324,2.4339,633148.6
2024-12-14 06:48:00+09:00,2.4339,2.4370,2.4337,2.4368,623266.9
2024-12-14 06:49:00+09:00,2.4367,2.4380,2.4355,2.4371,374842.2
2024-12-14 06:50:00+09:00,2.4371,2.4383,2.4348,2.4357,371478.6
2024-12-14 06:51:00+09:00,2.4356,2.4357,2.4333,2.4349,258195.6
2024-12-14 06:52:00+09:00,2.4348,2.4348,2.4326,2.4343,183377.2
2024-12-14 06:53:00+09:00,2.4342,2.4343,2.4302,2.4307,314520.5
2024-12-14 06:54:00+09:00,2.4307,2.4325,2.4307,2.4317,407243.9
2024-12-14 06:55:00+09:00,2.4317,2.4319,2.4278,2.4284,554109.6
2024-12-14 06:56:00+09:00,2.4284,2.4332,2.4284,2.4324,554534.8
2024-12-14 06:57:00+09:00,2.4324,2.4355,2.4320,2.4339,480592.6
2024-12-14 06:58:00+09:00,2.4339,2.4351,2.4335,2.4341,191102.8
2024-12-14 06:59:00+09:00,2.4341,2.4349,2.4313,2.4323,250252.8
2024-12-14 07:00:00+09:00,2.4323,2.4354,2.4314,2.4344,373561.7
2024-12-14 07:01:00+09:00,2.4345,2.4369,2.4342,2.4356,473444.4
2024-12-14 07:02:00+09:00,2.4356,2.4394,2.4348,2.4393,418741.2
2024-12-14 07:03:00+09:00,2.4394,2.4404,2.4361,2.4383,921258.0
2024-12-14 07:04:00+09:00,2.4383,2.4398,2.4373,2.4397,192251.6
2024-12-14 07:05:00+09:00,2.4397,2.4416,2.4397,2.4405,842371.9
2024-12-14 07:06:00+09:00,2.4405,2.4405,2.4371,2.4382,266993.8
2024-12-14 07:07:00+09:00,2.4381,2.4394,2.4352,2.4382,263294.9
2024-12-14 07:08:00+09:00,2.4381,2.4390,2.4371,2.4375,209936.7
2024-12-14 07:09:00+09:00,2.4375,2.4377,2.4322,2.4322,261751.5
2024-12-14 07:10:00+09:00,2.4322,2.4330,2.4290,2.4290,1167995.9
2024-12-14 07:11:00+09:00,2.4290,2.4314,2.4239,2.4243,941861.9
2024-12-14 07:12:00+09:00,2.4242,2.4258,2.4211,2.4250,1460322.5
2024-12-14 07:13:00+09:00,2.4251,2.4316,2.4251,2.4294,1217935.0
2024-12-14 07:14:00+09:00,2.4294,2.4349,2.4294,2.4329,650505.0
2024-12-14 07:15:00+09:00,2.4328,2.4328,2.4278,2.4286,562820.6
2024-12-14 07:16:00+09:00,2.4289,2.4331,2.4284,2.4305,387573.2
2024-12-14 07:17:00+09:00,2.4304,2.4309,2.4283,2.4293,562178.3
2024-12-14 07:18:00+09:00,2.4294,2.4294,2.4225,2.4241,717370.7
2024-12-14 07:19:00+09:00,2.4242,2.4272,2.4238,2.4241,815363.6
2024-12-14 07:20:00+09:00,2.4240,2.4258,2.4225,2.4254,632382.4
2024-12-14 07:21:00+09:00,2.4253,2.4302,2.4245,2.4301,818860.5
2024-12-14 07:22:00+09:00,2.4302,2.4315,2.4270,2.4313,755884.5
2024-12-14 07:23:00+09:00,2.4312,2.4324,2.4290,2.4296,407423.4
2024-12-14 07:24:00+09:00,2.4296,2.4297,2.4239,2.4267,968615.5
2024-12-14 07:25:00+09:00,2.4267,2.4275,2.4241,2.4258,460321.7
2024-12-14 07:26:00+09:00,2.4259,2.4259,2.4200,2.4208,1142170.3
2024-12-14 07:27:00+09:00,2.4207,2.4223,2.4169,2.4181,1683874.6
2024-12-14 07:28:00+09:00,2.4180,2.4204,2.4167,2.4194,567230.7
2024-12-14 07:29:00+09:00,2.4195,2.4195,2.4177,2.4181,342561.6
2024-12-14 07:30:00+09:00,2.4180,2.4181,2.4163,2.4169,702565.6
2024-12-14 07:31:00+09:00,2.4170,2.4195,2.4156,2.4156,697850.5
2024-12-14 07:32:00+09:00,2.4157,2.4171,2.4156,2.4159,375272.4
2024-12-14 07:33:00+09:00,2.4160,2.4183,2.4136,2.4180,1067106.8
2024-12-14 07:34:00+09:00,2.4181,2.4213,2.4181,2.4212,590120.8
2024-12-14 07:35:00+09:00,2.4212,2.4234,2.4193,2.4231,537201.0
2024-12-14 07:36:00+09:00,2.4230,2.4277,2.4230,2.4248,461708.5
2024-12-14 07:37:00+09:00,2.4249,2.4270,2.4236,2.4236,348995.3
2024-12-14 07:38:00+09:00,2.4237,2.4251,2.4179,2.4215,956663.0
2024-12-14 07:39:00+09:00,2.4215,2.4234,2.4199,2.4201,367210.4
2024-12-14 07:40:00+09:00,2.4201,2.4212,2.4162,2.4186,573497.0
2024-12-14 07:41:00+09:00,2.4186,2.4233,2.4185,2.4221,261410.4
2024-12-14 07:42:00+09:00,2.4222,2.4233,2.4221,2.4227,109141.6
2024-12-14 07:43:00+09:00,2.4227,2.4230,2.4205,2.4230,355851.0
2024-12-14 07:44:00+09:00,2.4229,2.4236,2.4225,2.4234,164007.2
2024-12-14 07:45:00+09:00,2.4235,2.4254,2.4213,2.4254,519933.8
2024-12-14 07:46:00+09:00,2.4253,2.4258,2.4220,2.4226,408632.8
2024-12-14 07:47:00+09:00,2.4226,2.4278,2.4216,2.4277,1129496.2
2024-12-14 07:48:00+09:00,2.4278,2.4278,2.4253,2.4267,462416.8
2024-12-14 07:49:00+09:00,2.4267,2.4269,2.4245,2.4245,149098.5
2024-12-14 07:50:00+09:00,2.4244,2.4246,2.4228,2.4238,270806.7
2024-12-14 07:51:00+09:00,2.4239,2.4243,2.4225,2.4225,184439.3
2024-12-14 07:52:00+09:00,2.4225,2.4225,2.4172,2.4180,1098653.0
2024-12-14 07:53:00+09:00,2.4180,2.4202,2.4176,2.4188,527071.2
2024-12-14 07:54:00+09:00,2.4188,2.4205,2.4175,2.4205,323251.8
2024-12-14 07:55:00+09:00,2.4205,2.4208,2.4191,2.4192,175161.8
2024-12-14 07:56:00+09:00,2.4191,2.4230,2.4188,2.4225,253690.3
2024-12-14 07:57:00+09:00,2.4226,2.4239,2.4199,2.4224,1268780.9
2024-12-14 07:58:00+09:00,2.4223,2.4230,2.4173,2.4180,358741.0
2024-12-14 07:59:00+09:00,2.4180,2.4183,2.4148,2.4151,1459417.1
2024-12-14 08:00:00+09:00,2.4152,2.4170,2.4123,2.4165,882633.6
2024-12-14 08:01:00+09:00,2.4166,2.4206,2.4165,2.4189,1058924.6
2024-12-14 08:02:00+09:00,2.4190,2.4220,2.4172,2.4205,414028.4
2024-12-14 08:03:00+09:00,2.4205,2.4220,2.4183,2.4216,569019.8
2024-12-14 08:04:00+09:00,2.4215,2.4270,2.4208,2.4263,1534537.8
2024-12-14 08:05:00+09:00,2.4262,2.4297,2.4255,2.4282,1180275.5
2024-12-14 08:06:00+09:00,2.4282,2.4298,2.4268,2.4298,535152.2
2024-12-14 08:07:00+09:00,2.4298,2.4300,2.4256,2.4269,769838.5
2024-12-14 08:08:00+09:00,2.4268,2.4293,2.4268,2.4276,396422.9
2024-12-14 08:09:00+09:00,2.4276,2.4318,2.4276,2.4313,738446.8
2024-12-14 08:10:00+09:00,2.4313,2.4321,2.4295,2.4303,711821.0
2024-12-14 08:11:00+09:00,2.4303,2.4303,2.4261,2.4273,597332.6
2024-12-14 08:12:00+09:00,2.4274,2.4311,2.4268,2.4307,478498.2
2024-12-14 08:13:00+09:00,2.4307,2.4321,2.4284,2.4297,426256.1
2024-12-14 08:14:00+09:00,2.4298,2.4336,2.4298,2.4327,966972.8
2024-12-14 08:15:00+09:00,2.4327,2.4345,2.4313,2.4329,763634.2
2024-12-14 08:16:00+09:00,2.4328,2.4328,2.4271,2.4293,722732.8
2024-12-14 08:17:00+09:00,2.4293,2.4300,2.4272,2.4280,874439.0
2024-12-14 08:18:00+09:00,2.4280,2.4300,2.4280,2.4284,274812.5
2024-12-14 08:19:00+09:00,2.4285,2.4317,2.4274,2.4286,553939.7
2024-12-14 08:20:00+09:00,2.4286,2.4286,2.4245,2.4280,875428.1
2024-12-14 08:21:00+09:00,2.4279,2.4281,2.4256,2.4262,441043.8
2024-12-14 08:22:00+09:00,2.4263,2.4294,2.4263,2.4294,229404.7
2024-12-14 08:23:00+09:00,2.4293,2.4310,2.4283,2.4289,475234.5
2024-12-14 08:24:00+09:00,2.4288,2.4300,2.4278,2.4297,233213.7
2024-12-14 08:25:00+09:00,2.4298,2.4305,2.4287,2.4296,521388.4
2024-12-14 08:26:00+09:00,2.4296,2.4317,2.4276,2.4312,568688.4
2024-12-14 08:27:00+09:00,2.4313,2.4330,2.4294,2.4304,1038327.6
2024-12-14 08:28:00+09:00,2.4303,2.4304,2.4241,2.4255,509156.5
2024-12-14 08:29:00+09:00,2.4255,2.4278,2.4240,2.4253,1387995.6
2024-12-14 08:30:00+09:00,2.4253,2.4292,2.4242,2.4292,424279.1
2024-12-14 08:31:00+09:00,2.4292,2.4316,2.4287,2.4309,416003.9
2024-12-14 08:32:00+09:00,2.4309,2.4323,2.4298,2.4312,320178.2
2024-12-14 08:33:00+09:00,2.4313,2.4320,2.4299,2.4313,227024.4
2024-12-14 08:34:00+09:00,2.4314,2.4317,2.4274,2.4274,1045463.3
2024-12-14 08:35:00+09:00,2.4275,2.4291,2.4271,2.4290,415863.6
2024-12-14 08:36:00+09:00,2.4290,2.4290,2.4258,2.4287,504619.9
2024-12-14 08:37:00+09:00,2.4286,2.4286,2.4270,2.4276,161437.0
2024-12-14 08:38:00+09:00,2.4276,2.4283,2.4264,2.4274,187006.8
2024-12-14 08:39:00+09:00,2.4275,2.4284,2.4261,2.4282,195186.6
2024-12-14 08:40:00+09:00,2.4282,2.4308,2.4272,2.4304,877027.5
2024-12-14 08:41:00+09:00,2.4304,2.4304,2.4267,2.4267,192772.9
2024-12-14 08:42:00+09:00,2.4267,2.4269,2.4251,2.4251,320286.1
2024-12-14 08:43:00+09:00,2.4251,2.4254,2.4232,2.4240,704479.3
2024-12-14 08:44:00+09:00,2.4241,2.4241,2.4208,2.4221,448160.0
2024-12-14 08:45:00+09:00,2.4220,2.4255,2.4220,2.4254,293196.4
2024-12-14 08:46:00+09:00,2.4254,2.4272,2.4238,2.4239,520201.2
2024-12-14 08:47:00+09:00,2.4239,2.4242,2.4202,2.4217,796450.6
2024-12-14 08:48:00+09:00,2.4216,2.4219,2.4181,2.4199,778322.7
2024-12-14 08:49:00+09:00,2.4199,2.4199,2.4171,2.4180,408348.8
2024-12-14 08:50:00+09:00,2.4180,2.4196,2.4164,2.4196,501776.1
2024-12-14 08:51:00+09:00,2.4196,2.4214,2.4160,2.4167,663251.4
2024-12-14 08:52:00+09:00,2.4167,2.4185,2.4165,2.4183,654730.3
2024-12-14 08:53:00+09:00,2.4182,2.4210,2.4174,2.4176,383871.4
2024-12-14 08:54:00+09:00,2.4177,2.4200,2.4177,2.4198,396313.2
2024-12-14 08:55:00+09:00,2.4198,2.4226,2.4197,2.4203,401085.6
2024-12-14 08:56:00+09:00,2.4203,2.4236,2.4196,2.4232,491399.7
2024-12-14 08:57:00+09:00,2.4233,2.4236,2.4205,2.4214,246353.4
2024-12-14 08:58:00+09:00,2.4213,2.4222,2.4161,2.4171,1251518.1
2024-12-14 08:59:00+09:00,2.4171,2.4233,2.4164,2.4220,1567545.0
2024-12-14 09:00:00+09:00,2.4219,2.4225,2.4190,2.4212,1022036.7
2024-12-14 09:01:00+09:00,2.4212,2.4233,2.4209,2.4225,774526.1
2024-12-14 09:02:00+09:00,2.4225,2.4253,2.4160,2.4160,982476.5
2024-12-14 09:03:00+09:00,2.4160,2.4173,2.4138,2.4172,1269925.7
2024-12-14 09:04:00+09:00,2.4172,2.4194,2.4147,2.4151,629331.9
2024-12-14 09:05:00+09:00,2.4151,2.4170,2.4144,2.4145,414056.5
2024-12-14 09:06:00+09:00,2.4145,2.4166,2.4136,2.4165,928173.7
2024-12-14 09:07:00+09:00,2.4165,2.4183,2.4138,2.4140,508788.3
2024-12-14 09:08:00+09:00,2.4139,2.4150,2.4125,2.4125,648889.1
2024-12-14 09:09:00+09:00,2.4126,2.4140,2.4082,2.4082,1538392.2
2024-12-14 09:10:00+09:00,2.4082,2.4108,2.4075,2.4095,988596.2
2024-12-14 09:11:00+09:00,2.4094,2.4100,2.4051,2.4060,882039.8
2024-12-14 09:12:00+09:00,2.4060,2.4075,2.4039,2.4050,1117565.1
2024-12-14 09:13:00+09:00,2.4050,2.4093,2.4040,2.4089,1649812.7
2024-12-14 09:14:00+09:00,2.4089,2.4104,2.4063,2.4067,675463.3
2024-12-14 09:15:00+09:00,2.4066,2.4080,2.4036,2.4037,761053.3
2024-12-14 09:16:00+09:00,2.4036,2.4041,2.4004,2.4015,1271093.2
2024-12-14 09:17:00+09:00,2.4015,2.4026,2.3982,2.4016,2183922.9
2024-12-14 09:18:00+09:00,2.4016,2.4207,2.4013,2.4170,10416739.5
2024-12-14 09:19:00+09:00,2.4171,2.4183,2.4131,2.4155,744000.8
2024-12-14 09:20:00+09:00,2.4156,2.4175,2.4152,2.4165,781577.5
2024-12-14 09:21:00+09:00,2.4166,2.4181,2.4150,2.4174,607983.2
2024-12-14 09:22:00+09:00,2.4175,2.4208,2.4168,2.4203,1055453.8
2024-12-14 09:23:00+09:00,2.4202,2.4242,2.4192,2.4230,876420.6
2024-12-14 09:24:00+09:00,2.4231,2.4252,2.4187,2.4211,544439.0
2024-12-14 09:25:00+09:00,2.4210,2.4226,2.4198,2.4204,432476.5
2024-12-14 09:26:00+09:00,2.4205,2.4222,2.4194,2.4221,366781.3
2024-12-14 09:27:00+09:00,2.4222,2.4250,2.4217,2.4234,451755.7
2024-12-14 09:28:00+09:00,2.4233,2.4249,2.4221,2.4226,416356.4
2024-12-14 09:29:00+09:00,2.4225,2.4229,2.4185,2.4194,776501.6
2024-12-14 09:30:00+09:00,2.4194,2.4220,2.4183,2.4202,443917.1
2024-12-14 09:31:00+09:00,2.4202,2.4213,2.4145,2.4154,647292.4
2024-12-14 09:32:00+09:00,2.4153,2.4159,2.4120,2.4127,812435.4
2024-12-14 09:33:00+09:00,2.4127,2.4165,2.4112,2.4164,709796.7
2024-12-14 09:34:00+09:00,2.4164,2.4192,2.4127,2.4133,431714.1
2024-12-14 09:35:00+09:00,2.4133,2.4152,2.4127,2.4140,251190.6
2024-12-14 09:36:00+09:00,2.4140,2.4153,2.4128,2.4146,216981.8
2024-12-14 09:37:00+09:00,2.4146,2.4166,2.4133,2.4155,372118.6
2024-12-14 09:38:00+09:00,2.4155,2.4178,2.4155,2.4169,203643.8
2024-12-14 09:39:00+09:00,2.4168,2.4207,2.4168,2.4198,344496.9
2024-12-14 09:40:00+09:00,2.4198,2.4200,2.4170,2.4171,340053.4
2024-12-14 09:41:00+09:00,2.4171,2.4185,2.4156,2.4176,231815.4
2024-12-14 09:42:00+09:00,2.4176,2.4200,2.4166,2.4184,248121.4
2024-12-14 09:43:00+09:00,2.4184,2.4194,2.4173,2.4175,174777.1
2024-12-14 09:44:00+09:00,2.4176,2.4199,2.4171,2.4191,315222.8
2024-12-14 09:45:00+09:00,2.4190,2.4208,2.4166,2.4167,246562.8
2024-12-14 09:46:00+09:00,2.4166,2.4172,2.4138,2.4171,331277.0
2024-12-14 09:47:00+09:00,2.4172,2.4176,2.4114,2.4131,459364.8
2024-12-14 09:48:00+09:00,2.4131,2.4135,2.4080,2.4084,523050.8
2024-12-14 09:49:00+09:00,2.4084,2.4108,2.4078,2.4088,497559.2
2024-12-14 09:50:00+09:00,2.4088,2.4089,2.4056,2.4069,473257.1
2024-12-14 09:51:00+09:00,2.4070,2.4105,2.4067,2.4082,333453.9
2024-12-14 09:52:00+09:00,2.4082,2.4100,2.4071,2.4081,271018.2
2024-12-14 09:53:00+09:00,2.4082,2.4093,2.4047,2.4047,618753.8
2024-12-14 09:54:00+09:00,2.4047,2.4051,2.4013,2.4030,959009.7
2024-12-14 09:55:00+09:00,2.4030,2.4049,2.4030,2.4044,523224.8
2024-12-14 09:56:00+09:00,2.4044,2.4080,2.4043,2.4076,479401.7
2024-12-14 09:57:00+09:00,2.4075,2.4098,2.4060,2.4088,332908.0
2024-12-14 09:58:00+09:00,2.4087,2.4134,2.4087,2.4134,408553.3
2024-12-14 09:59:00+09:00,2.4134,2.4140,2.4107,2.4125,453803.4
2024-12-14 10:00:00+09:00,2.4125,2.4271,2.4118,2.4241,2612791.1
2024-12-14 10:01:00+09:00,2.4241,2.4350,2.4239,2.4348,3438717.2
2024-12-14 10:02:00+09:00,2.4349,2.4416,2.4306,2.4341,4437616.5
2024-12-14 10:03:00+09:00,2.4342,2.4432,2.4305,2.4333,4797618.5
2024-12-14 10:04:00+09:00,2.4332,2.4399,2.4324,2.4395,1391355.5
2024-12-14 10:05:00+09:00,2.4394,2.4404,2.4353,2.4356,1390954.6
2024-12-14 10:06:00+09:00,2.4355,2.4362,2.4277,2.4317,1464806.7
2024-12-14 10:07:00+09:00,2.4317,2.4326,2.4263,2.4272,1040950.2
2024-12-14 10:08:00+09:00,2.4271,2.4343,2.4250,2.4338,746661.3
2024-12-14 10:09:00+09:00,2.4338,2.4386,2.4328,2.4379,1558523.1
2024-12-14 10:10:00+09:00,2.4379,2.4383,2.4349,2.4362,902393.1
2024-12-14 10:11:00+09:00,2.4361,2.4422,2.4351,2.4417,1110782.8
2024-12-14 10:12:00+09:00,2.4418,2.4458,2.4415,2.4419,2440244.2
2024-12-14 10:13:00+09:00,2.4419,2.4423,2.4369,2.4382,1551725.0
2024-12-14 10:14:00+09:00,2.4382,2.4410,2.4376,2.4405,985780.9
2024-12-14 10:15:00+09:00,2.4405,2.4460,2.4401,2.4453,1101969.3
2024-12-14 10:16:00+09:00,2.4453,2.4468,2.4431,2.4461,1479479.4
2024-12-14 10:17:00+09:00,2.4461,2.4489,2.4450,2.4479,1192275.4
2024-12-14 10:18:00+09:00,2.4479,2.4486,2.4456,2.4463,1095931.1
2024-12-14 10:19:00+09:00,2.4464,2.4497,2.4464,2.4475,1295699.9
2024-12-14 10:20:00+09:00,2.4476,2.4503,2.4466,2.4497,1830482.9
2024-12-14 10:21:00+09:00,2.4497,2.4540,2.4497,2.4507,1960101.0
2024-12-14 10:22:00+09:00,2.4507,2.4539,2.4507,2.4513,1055821.0
2024-12-14 10:23:00+09:00,2.4513,2.4530,2.4456,2.4469,3649257.8
2024-12-14 10:24:00+09:00,2.4468,2.4479,2.4417,2.4473,1713235.7
2024-12-14 10:25:00+09:00,2.4473,2.4504,2.4472,2.4487,775029.4
2024-12-14 10:26:00+09:00,2.4488,2.4505,2.4481,2.4496,685976.4
2024-12-14 10:27:00+09:00,2.4496,2.4505,2.4467,2.4476,877257.0
2024-12-14 10:28:00+09:00,2.4475,2.4485,2.4450,2.4454,500571.5
2024-12-14 10:29:00+09:00,2.4454,2.4493,2.4454,2.4489,514526.2
2024-12-14 10:30:00+09:00,2.4489,2.4511,2.4436,2.4455,647573.4
2024-12-14 10:31:00+09:00,2.4455,2.4456,2.4394,2.4427,909776.5
2024-12-14 10:32:00+09:00,2.4427,2.4493,2.4427,2.4476,612455.1
2024-12-14 10:33:00+09:00,2.4476,2.4480,2.4397,2.4413,1080853.6
2024-12-14 10:34:00+09:00,2.4414,2.4436,2.4393,2.4416,520444.7
2024-12-14 10:35:00+09:00,2.4416,2.4476,2.4416,2.4453,903814.1
2024-12-14 10:36:00+09:00,2.4453,2.4474,2.4434,2.4435,579075.0
2024-12-14 10:37:00+09:00,2.4435,2.4443,2.4409,2.4409,235130.9
2024-12-14 10:38:00+09:00,2.4410,2.4435,2.4388,2.4398,596826.3
2024-12-14 10:39:00+09:00,2.4399,2.4415,2.4379,2.4393,495113.3
2024-12-14 10:40:00+09:00,2.4392,2.4396,2.4351,2.4378,956603.9
2024-12-14 10:41:00+09:00,2.4379,2.4385,2.4345,2.4345,587324.9
2024-12-14 10:42:00+09:00,2.4345,2.4346,2.4297,2.4299,1264274.6
2024-12-14 10:43:00+09:00,2.4299,2.4342,2.4293,2.4325,1021108.8
2024-12-14 10:44:00+09:00,2.4325,2.4338,2.4302,2.4318,549760.4
2024-12-14 10:45:00+09:00,2.4319,2.4338,2.4293,2.4298,810553.5
2024-12-14 10:46:00+09:00,2.4297,2.4305,2.4278,2.4291,1046797.3
2024-12-14 10:47:00+09:00,2.4291,2.4298,2.4257,2.4266,792455.0
2024-12-14 10:48:00+09:00,2.4266,2.4350,2.4266,2.4339,2414100.7
2024-12-14 10:49:00+09:00,2.4339,2.4369,2.4339,2.4348,489840.7
2024-12-14 10:50:00+09:00,2.4348,2.4380,2.4333,2.4354,1422805.4
2024-12-14 10:51:00+09:00,2.4355,2.4370,2.4325,2.4368,884103.4
2024-12-14 10:52:00+09:00,2.4367,2.4390,2.4357,2.4385,237721.8
2024-12-14 10:53:00+09:00,2.4385,2.4393,2.4365,2.4382,215193.7
2024-12-14 10:54:00+09:00,2.4384,2.4384,2.4341,2.4341,318111.5
2024-12-14 10:55:00+09:00,2.4340,2.4359,2.4323,2.4356,306287.1
2024-12-14 10:56:00+09:00,2.4357,2.4368,2.4334,2.4352,233932.4
2024-12-14 10:57:00+09:00,2.4352,2.4366,2.4334,2.4357,258774.8
2024-12-14 10:58:00+09:00,2.4358,2.4361,2.4315,2.4332,452877.7
2024-12-14 10:59:00+09:00,2.4332,2.4345,2.4314,2.4319,310659.8
2024-12-14 11:00:00+09:00,2.4319,2.4340,2.4300,2.4303,459446.7
2024-12-14 11:01:00+09:00,2.4302,2.4307,2.4275,2.4280,1140064.8
2024-12-14 11:02:00+09:00,2.4281,2.4302,2.4269,2.4272,478995.8
2024-12-14 11:03:00+09:00,2.4273,2.4299,2.4268,2.4280,319373.6
2024-12-14 11:04:00+09:00,2.4281,2.4316,2.4270,2.4305,885582.0
2024-12-14 11:05:00+09:00,2.4305,2.4320,2.4293,2.4300,755953.6
2024-12-14 11:06:00+09:00,2.4300,2.4327,2.4284,2.4324,402813.8
2024-12-14 11:07:00+09:00,2.4323,2.4330,2.4306,2.4306,410790.6
2024-12-14 11:08:00+09:00,2.4305,2.4338,2.4300,2.4326,257496.4
2024-12-14 11:09:00+09:00,2.4326,2.4338,2.4311,2.4329,273002.8
2024-12-14 11:10:00+09:00,2.4328,2.4334,2.4289,2.4300,461033.4
2024-12-14 11:11:00+09:00,2.4300,2.4335,2.4290,2.4303,498098.8
2024-12-14 11:12:00+09:00,2.4304,2.4304,2.4265,2.4272,1022987.5
2024-12-14 11:13:00+09:00,2.4274,2.4310,2.4274,2.4307,397346.6
2024-12-14 11:14:00+09:00,2.4308,2.4321,2.4291,2.4305,323201.4
2024-12-14 11:15:00+09:00,2.4305,2.4350,2.4299,2.4346,557033.6
2024-12-14 11:16:00+09:00,2.4347,2.4369,2.4338,2.4368,378325.5
2024-12-14 11:17:00+09:00,2.4368,2.4399,2.4368,2.4386,401162.0
2024-12-14 11:18:00+09:00,2.4387,2.4410,2.4375,2.4376,696993.4
2024-12-14 11:19:00+09:00,2.4375,2.4378,2.4346,2.4360,362886.1
2024-12-14 11:20:00+09:00,2.4361,2.4376,2.4347,2.4358,234355.4
2024-12-14 11:21:00+09:00,2.4357,2.4376,2.4352,2.4365,202370.0
2024-12-14 11:22:00+09:00,2.4365,2.4365,2.4341,2.4342,508731.0
2024-12-14 11:23:00+09:00,2.4342,2.4344,2.4331,2.4338,172005.6
2024-12-14 11:24:00+09:00,2.4339,2.4352,2.4339,2.4350,181660.5
2024-12-14 11:25:00+09:00,2.4350,2.4392,2.4343,2.4392,265805.5
2024-12-14 11:26:00+09:00,2.4392,2.4398,2.4361,2.4375,286086.4
2024-12-14 11:27:00+09:00,2.4376,2.4388,2.4355,2.4375,729349.8
2024-12-14 11:28:00+09:00,2.4375,2.4388,2.4364,2.4388,156736.9
2024-12-14 11:29:00+09:00,2.4389,2.4421,2.4389,2.4411,376358.0
2024-12-14 11:30:00+09:00,2.4410,2.4451,2.4408,2.4436,916393.2
2024-12-14 11:31:00+09:00,2.4436,2.4441,2.4409,2.4414,356019.4
2024-12-14 11:32:00+09:00,2.4413,2.4453,2.4403,2.4434,716261.8
2024-12-14 11:33:00+09:00,2.4434,2.4450,2.4423,2.4423,373022.0
2024-12-14 11:34:00+09:00,2.4424,2.4424,2.4403,2.4408,176599.2
2024-12-14 11:35:00+09:00,2.4408,2.4427,2.4403,2.4424,253770.3
2024-12-14 11:36:00+09:00,2.4423,2.4449,2.4423,2.4440,221301.6
2024-12-14 11:37:00+09:00,2.4439,2.4450,2.4432,2.4437,240773.7
2024-12-14 11:38:00+09:00,2.4437,2.4446,2.4434,2.4442,218517.4
2024-12-14 11:39:00+09:00,2.4443,2.4445,2.4436,2.4437,229205.7
2024-12-14 11:40:00+09:00,2.4436,2.4486,2.4436,2.4483,737116.3
2024-12-14 11:41:00+09:00,2.4483,2.4500,2.4480,2.4481,786718.9
2024-12-14 11:42:00+09:00,2.4481,2.4525,2.4479,2.4519,789007.2
2024-12-14 11:43:00+09:00,2.4519,2.4567,2.4519,2.4551,1348993.1
2024-12-14 11:44:00+09:00,2.4551,2.4577,2.4543,2.4562,1012180.4
2024-12-14 11:45:00+09:00,2.4562,2.4596,2.4562,2.4583,1099008.8
2024-12-14 11:46:00+09:00,2.4584,2.4585,2.4505,2.4508,1286333.8
2024-12-14 11:47:00+09:00,2.4508,2.4528,2.4471,2.4508,2926779.7
2024-12-14 11:48:00+09:00,2.4508,2.4508,2.4456,2.4482,496064.7
2024-12-14 11:49:00+09:00,2.4481,2.4483,2.4464,2.4465,513420.7
2024-12-14 11:50:00+09:00,2.4466,2.4466,2.4440,2.4460,370444.1
2024-12-14 11:51:00+09:00,2.4460,2.4483,2.4450,2.4458,449548.4
2024-12-14 11:52:00+09:00,2.4458,2.4489,2.4458,2.4489,252903.8
2024-12-14 11:53:00+09:00,2.4488,2.4496,2.4476,2.4479,174136.8
2024-12-14 11:54:00+09:00,2.4479,2.4499,2.4474,2.4491,290400.7
2024-12-14 11:55:00+09:00,2.4491,2.4491,2.4452,2.4460,267400.3
2024-12-14 11:56:00+09:00,2.4460,2.4461,2.4440,2.4444,382520.8
2024-12-14 11:57:00+09:00,2.4445,2.4445,2.4415,2.4430,417085.3
2024-12-14 11:58:00+09:00,2.4431,2.4445,2.4426,2.4441,213967.8
2024-12-14 11:59:00+09:00,2.4441,2.4447,2.4424,2.4426,222470.9
2024-12-14 12:00:00+09:00,2.4426,2.4428,2.4402,2.4406,399311.8
2024-12-14 12:01:00+09:00,2.4407,2.4425,2.4407,2.4416,238106.8
2024-12-14 12:02:00+09:00,2.4416,2.4425,2.4408,2.4408,223388.4
2024-12-14 12:03:00+09:00,2.4409,2.4468,2.4383,2.4430,2738059.1
2024-12-14 12:04:00+09:00,2.4430,2.4477,2.4415,2.4470,309963.6
2024-12-14 12:05:00+09:00,2.4470,2.4473,2.4443,2.4462,249006.1
2024-12-14 12:06:00+09:00,2.4461,2.4491,2.4438,2.4479,1403338.8
2024-12-14 12:07:00+09:00,2.4478,2.4516,2.4478,2.4507,674553.7
2024-12-14 12:08:00+09:00,2.4506,2.4516,2.4500,2.4502,352497.6
2024-12-14 12:09:00+09:00,2.4503,2.4503,2.4483,2.4495,343053.9
2024-12-14 12:10:00+09:00,2.4494,2.4520,2.4494,2.4509,480073.2
2024-12-14 12:11:00+09:00,2.4509,2.4516,2.4493,2.4504,338976.6
2024-12-14 12:12:00+09:00,2.4503,2.4535,2.4496,2.4530,546936.1
2024-12-14 12:13:00+09:00,2.4530,2.4550,2.4525,2.4526,489621.9
2024-12-14 12:14:00+09:00,2.4526,2.4527,2.4490,2.4516,882115.2
2024-12-14 12:15:00+09:00,2.4516,2.4521,2.4473,2.4490,348395.6
2024-12-14 12:16:00+09:00,2.4489,2.4508,2.4481,2.4490,294908.7
2024-12-14 12:17:00+09:00,2.4489,2.4494,2.4475,2.4487,379057.6
2024-12-14 12:18:00+09:00,2.4487,2.4528,2.4487,2.4527,259565.9
2024-12-14 12:19:00+09:00,2.4527,2.4530,2.4510,2.4510,216946.8
2024-12-14 12:20:00+09:00,2.4511,2.4526,2.4507,2.4507,386583.5
2024-12-14 12:21:00+09:00,2.4507,2.4515,2.4482,2.4514,388252.7
2024-12-14 12:22:00+09:00,2.4513,2.4541,2.4500,2.4535,429800.8
2024-12-14 12:23:00+09:00,2.4535,2.4565,2.4535,2.4546,354513.8
2024-12-14 12:24:00+09:00,2.4546,2.4567,2.4546,2.4565,372318.3
2024-12-14 12:25:00+09:00,2.4566,2.4600,2.4563,2.4595,1369820.0
2024-12-14 12:26:00+09:00,2.4595,2.4628,2.4584,2.4620,3581171.9
2024-12-14 12:27:00+09:00,2.4620,2.4650,2.4620,2.4648,1183675.4
2024-12-14 12:28:00+09:00,2.4649,2.4662,2.4600,2.4644,2550408.0
2024-12-14 12:29:00+09:00,2.4645,2.4648,2.4616,2.4624,662684.0
2024-12-14 12:30:00+09:00,2.4624,2.4625,2.4585,2.4588,857662.9
2024-12-14 12:31:00+09:00,2.4588,2.4613,2.4569,2.4608,589343.0
2024-12-14 12:32:00+09:00,2.4607,2.4607,2.4580,2.4587,476791.3
2024-12-14 12:33:00+09:00,2.4588,2.4604,2.4564,2.4580,538401.4
2024-12-14 12:34:00+09:00,2.4580,2.4599,2.4570,2.4574,401370.2
2024-12-14 12:35:00+09:00,2.4574,2.4624,2.4573,2.4621,557860.1
2024-12-14 12:36:00+09:00,2.4621,2.4638,2.4607,2.4632,879204.5
2024-12-14 12:37:00+09:00,2.4631,2.4660,2.4614,2.4646,1043116.1
2024-12-14 12:38:00+09:00,2.4646,2.4652,2.4613,2.4650,568347.1
2024-12-14 12:39:00+09:00,2.4650,2.4696,2.4640,2.4693,2372497.7
2024-12-14 12:40:00+09:00,2.4693,2.4733,2.4680,2.4704,2293564.8
2024-12-14 12:41:00+09:00,2.4704,2.4724,2.4661,2.4674,2007423.5
2024-12-14 12:42:00+09:00,2.4674,2.4713,2.4671,2.4694,718075.1
2024-12-14 12:43:00+09:00,2.4695,2.4767,2.4678,2.4748,2643221.2
2024-12-14 12:44:00+09:00,2.4748,2.4760,2.4734,2.4753,1045821.7
2024-12-14 12:45:00+09:00,2.4753,2.4768,2.4732,2.4746,1108879.4
2024-12-14 12:46:00+09:00,2.4747,2.4749,2.4682,2.4697,1241834.9
2024-12-14 12:47:00+09:00,2.4698,2.4739,2.4694,2.4714,896193.9
2024-12-14 12:48:00+09:00,2.4714,2.4714,2.4682,2.4694,959466.0
2024-12-14 12:49:00+09:00,2.4694,2.4702,2.4671,2.4671,773693.1
2024-12-14 12:50:00+09:00,2.4670,2.4671,2.4637,2.4663,1110327.3
2024-12-14 12:51:00+09:00,2.4662,2.4728,2.4653,2.4722,593380.4
2024-12-14 12:52:00+09:00,2.4721,2.4721,2.4666,2.4671,623260.9
2024-12-14 12:53:00+09:00,2.4670,2.4726,2.4669,2.4721,572844.6
2024-12-14 12:54:00+09:00,2.4721,2.4773,2.4721,2.4757,1599606.0
2024-12-14 12:55:00+09:00,2.4757,2.4793,2.4744,2.4760,1734148.5
2024-12-14 12:56:00+09:00,2.4759,2.4759,2.4695,2.4703,937017.8
2024-12-14 12:57:00+09:00,2.4702,2.4703,2.4660,2.4694,2017771.7
2024-12-14 12:58:00+09:00,2.4693,2.4694,2.4666,2.4677,669896.3
2024-12-14 12:59:00+09:00,2.4678,2.4684,2.4620,2.4632,1413270.5
2024-12-14 13:00:00+09:00,2.4631,2.4647,2.4613,2.4615,938372.5
2024-12-14 13:01:00+09:00,2.4616,2.4630,2.4592,2.4598,1313003.1
2024-12-14 13:02:00+09:00,2.4598,2.4613,2.4590,2.4596,714546.4
2024-12-14 13:03:00+09:00,2.4597,2.4648,2.4592,2.4629,1448496.6
2024-12-14 13:04:00+09:00,2.4628,2.4648,2.4600,2.4608,728272.0
2024-12-14 13:05:00+09:00,2.4607,2.4614,2.4549,2.4562,1818732.6
2024-12-14 13:06:00+09:00,2.4562,2.4565,2.4529,2.4558,1800227.1
2024-12-14 13:07:00+09:00,2.4558,2.4584,2.4554,2.4565,1380282.8
2024-12-14 13:08:00+09:00,2.4565,2.4565,2.4529,2.4534,1160617.2
2024-12-14 13:09:00+09:00,2.4533,2.4534,2.4500,2.4505,1828996.8
2024-12-14 13:10:00+09:00,2.4506,2.4531,2.4493,2.4519,1478753.1
2024-12-14 13:11:00+09:00,2.4519,2.4520,2.4500,2.4500,967668.8
2024-12-14 13:12:00+09:00,2.4500,2.4504,2.4475,2.4483,972711.3
2024-12-14 13:13:00+09:00,2.4483,2.4499,2.4480,2.4495,484516.0
2024-12-14 13:14:00+09:00,2.4494,2.4508,2.4480,2.4504,971286.3
2024-12-14 13:15:00+09:00,2.4504,2.4526,2.4503,2.4524,548623.1
2024-12-14 13:16:00+09:00,2.4524,2.4543,2.4515,2.4516,555942.2
2024-12-14 13:17:00+09:00,2.4516,2.4549,2.4515,2.4532,588221.1
2024-12-14 13:18:00+09:00,2.4533,2.4564,2.4521,2.4549,407851.5
2024-12-14 13:19:00+09:00,2.4548,2.4566,2.4548,2.4551,357109.2
2024-12-14 13:20:00+09:00,2.4551,2.4594,2.4551,2.4585,556213.6
2024-12-14 13:21:00+09:00,2.4585,2.4603,2.4576,2.4598,558415.3
2024-12-14 13:22:00+09:00,2.4598,2.4620,2.4598,2.4614,513454.5
2024-12-14 13:23:00+09:00,2.4614,2.4625,2.4600,2.4601,456319.8
2024-12-14 13:24:00+09:00,2.4600,2.4607,2.4585,2.4590,387322.3
2024-12-14 13:25:00+09:00,2.4590,2.4600,2.4567,2.4576,385740.6
2024-12-14 13:26:00+09:00,2.4576,2.4596,2.4560,2.4576,375949.3
2024-12-14 13:27:00+09:00,2.4576,2.4626,2.4575,2.4626,494405.8
2024-12-14 13:28:00+09:00,2.4625,2.4646,2.4614,2.4638,937865.6
2024-12-14 13:29:00+09:00,2.4639,2.4646,2.4612,2.4613,686757.0
2024-12-14 13:30:00+09:00,2.4613,2.4622,2.4583,2.4584,683363.8
2024-12-14 13:31:00+09:00,2.4584,2.4618,2.4584,2.4609,346856.7
2024-12-14 13:32:00+09:00,2.4608,2.4641,2.4602,2.4637,473682.4
2024-12-14 13:33:00+09:00,2.4637,2.4643,2.4618,2.4618,532519.1
2024-12-14 13:34:00+09:00,2.4619,2.4635,2.4606,2.4625,515177.0
2024-12-14 13:35:00+09:00,2.4626,2.4698,2.4621,2.4693,889063.4
2024-12-14 13:36:00+09:00,2.4693,2.4710,2.4671,2.4672,1082855.3
2024-12-14 13:37:00+09:00,2.4672,2.4705,2.4664,2.4669,665057.0
2024-12-14 13:38:00+09:00,2.4668,2.4693,2.4642,2.4650,532661.2
2024-12-14 13:39:00+09:00,2.4649,2.4662,2.4638,2.4638,518105.9
2024-12-14 13:40:00+09:00,2.4639,2.4659,2.4633,2.4638,334971.2
2024-12-14 13:41:00+09:00,2.4638,2.4678,2.4634,2.4678,397279.2
2024-12-14 13:42:00+09:00,2.4678,2.4690,2.4661,2.4677,325906.1
2024-12-14 13:43:00+09:00,2.4678,2.4690,2.4663,2.4684,518800.0
2024-12-14 13:44:00+09:00,2.4684,2.4721,2.4675,2.4676,1052211.5
2024-12-14 13:45:00+09:00,2.4678,2.4718,2.4676,2.4682,613245.9
2024-12-14 13:46:00+09:00,2.4682,2.4694,2.4668,2.4690,612007.0
2024-12-14 13:47:00+09:00,2.4689,2.4704,2.4670,2.4692,414358.9
2024-12-14 13:48:00+09:00,2.4691,2.4714,2.4652,2.4653,632952.0
2024-12-14 13:49:00+09:00,2.4652,2.4667,2.4641,2.4658,541296.6
2024-12-14 13:50:00+09:00,2.4657,2.4679,2.4648,2.4671,509329.1
2024-12-14 13:51:00+09:00,2.4670,2.4696,2.4665,2.4665,291690.3
2024-12-14 13:52:00+09:00,2.4665,2.4673,2.4632,2.4639,378353.8
2024-12-14 13:53:00+09:00,2.4638,2.4670,2.4636,2.4654,328289.4
2024-12-14 13:54:00+09:00,2.4654,2.4672,2.4654,2.4670,182720.0
2024-12-14 13:55:00+09:00,2.4670,2.4706,2.4669,2.4706,289556.7
2024-12-14 13:56:00+09:00,2.4705,2.4706,2.4688,2.4693,428603.2
2024-12-14 13:57:00+09:00,2.4693,2.4698,2.4682,2.4693,238088.8
2024-12-14 13:58:00+09:00,2.4693,2.4698,2.4684,2.4695,240986.4
2024-12-14 13:59:00+09:00,2.4695,2.4715,2.4688,2.4704,314236.5
2024-12-14 14:00:00+09:00,2.4705,2.4747,2.4704,2.4744,1003664.5
2024-12-14 14:01:00+09:00,2.4743,2.4754,2.4681,2.4698,1012792.1
2024-12-14 14:02:00+09:00,2.4698,2.4730,2.4694,2.4720,382590.5
2024-12-14 14:03:00+09:00,2.4720,2.4724,2.4678,2.4682,764720.6
2024-12-14 14:04:00+09:00,2.4681,2.4719,2.4669,2.4714,536406.0
2024-12-14 14:05:00+09:00,2.4713,2.4719,2.4698,2.4708,427064.9
2024-12-14 14:06:00+09:00,2.4707,2.4708,2.4688,2.4700,286980.7
2024-12-14 14:07:00+09:00,2.4700,2.4702,2.4684,2.4685,347421.6
2024-12-14 14:08:00+09:00,2.4685,2.4691,2.4656,2.4656,390168.4
2024-12-14 14:09:00+09:00,2.4656,2.4675,2.4649,2.4667,804120.1
2024-12-14 14:10:00+09:00,2.4667,2.4682,2.4645,2.4678,793264.2
2024-12-14 14:11:00+09:00,2.4678,2.4681,2.4657,2.4679,247938.6
2024-12-14 14:12:00+09:00,2.4680,2.4716,2.4652,2.4707,675810.0
2024-12-14 14:13:00+09:00,2.4707,2.4749,2.4707,2.4728,778383.4
2024-12-14 14:14:00+09:00,2.4728,2.4750,2.4728,2.4737,471079.7
2024-12-14 14:15:00+09:00,2.4736,2.4737,2.4708,2.4718,683653.2
2024-12-14 14:16:00+09:00,2.4717,2.4734,2.4670,2.4695,1122238.6
2024-12-14 14:17:00+09:00,2.4695,2.4704,2.4670,2.4671,599027.3
2024-12-14 14:18:00+09:00,2.4671,2.4675,2.4615,2.4618,1149569.6
2024-12-14 14:19:00+09:00,2.4617,2.4658,2.4615,2.4636,869086.2
2024-12-14 14:20:00+09:00,2.4637,2.4675,2.4630,2.4674,517299.8
2024-12-14 14:21:00+09:00,2.4673,2.4697,2.4663,2.4693,349883.8
2024-12-14 14:22:00+09:00,2.4694,2.4699,2.4674,2.4693,333779.3
2024-12-14 14:23:00+09:00,2.4694,2.4712,2.4693,2.4701,453232.7
2024-12-14 14:24:00+09:00,2.4702,2.4711,2.4690,2.4699,405641.9
2024-12-14 14:25:00+09:00,2.4699,2.4699,2.4661,2.4688,470179.7
2024-12-14 14:26:00+09:00,2.4688,2.4730,2.4683,2.4718,523741.1
2024-12-14 14:27:00+09:00,2.4719,2.4719,2.4688,2.4713,482667.5
2024-12-14 14:28:00+09:00,2.4713,2.4722,2.4710,2.4720,260184.5
2024-12-14 14:29:00+09:00,2.4719,2.4734,2.4715,2.4724,631887.9
2024-12-14 14:30:00+09:00,2.4723,2.4750,2.4709,2.4749,767812.0
2024-12-14 14:31:00+09:00,2.4749,2.4779,2.4749,2.4767,1128134.7
2024-12-14 14:32:00+09:00,2.4767,2.4879,2.4767,2.4872,6510647.9
2024-12-14 14:33:00+09:00,2.4871,2.4909,2.4827,2.4891,3796932.5
2024-12-14 14:34:00+09:00,2.4890,2.4960,2.4879,2.4935,3362488.0
2024-12-14 14:35:00+09:00,2.4934,2.4958,2.4900,2.4953,2121482.6
2024-12-14 14:36:00+09:00,2.4952,2.5000,2.4948,2.4990,3523953.3
2024-12-14 14:37:00+09:00,2.4990,2.5000,2.4908,2.4911,2205414.8
2024-12-14 14:38:00+09:00,2.4912,2.4950,2.4905,2.4950,2570518.5
2024-12-14 14:39:00+09:00,2.4950,2.4997,2.4937,2.4968,1486154.7
2024-12-14 14:40:00+09:00,2.4968,2.5048,2.4965,2.5029,5404698.2
2024-12-14 14:41:00+09:00,2.5029,2.5073,2.5019,2.5070,2235892.3
2024-12-14 14:42:00+09:00,2.5069,2.5085,2.5014,2.5080,1728317.7
2024-12-14 14:43:00+09:00,2.5081,2.5114,2.5053,2.5107,2370390.7
2024-12-14 14:44:00+09:00,2.5107,2.5184,2.5107,2.5137,5101877.1
2024-12-14 14:45:00+09:00,2.5138,2.5208,2.5106,2.5208,3675069.2
2024-12-14 14:46:00+09:00,2.5209,2.5271,2.5185,2.5249,4344457.2
2024-12-14 14:47:00+09:00,2.5250,2.5251,2.5106,2.5115,5304565.8
2024-12-14 14:48:00+09:00,2.5115,2.5119,2.5051,2.5086,3104869.4
2024-12-14 14:49:00+09:00,2.5086,2.5156,2.5069,2.5148,2020106.9
2024-12-14 14:50:00+09:00,2.5147,2.5269,2.5140,2.5242,3812549.8
2024-12-14 14:51:00+09:00,2.5242,2.5313,2.5209,2.5312,3160691.8
2024-12-14 14:52:00+09:00,2.5313,2.5324,2.5206,2.5238,5122921.8
2024-12-14 14:53:00+09:00,2.5239,2.5260,2.5166,2.5199,2662594.7
2024-12-14 14:54:00+09:00,2.5199,2.5212,2.5161,2.5202,1676905.3
2024-12-14 14:55:00+09:00,2.5201,2.5206,2.5140,2.5146,1940779.7
2024-12-14 14:56:00+09:00,2.5146,2.5195,2.5075,2.5094,3691465.7
2024-12-14 14:57:00+09:00,2.5093,2.5131,2.5085,2.5089,3014957.3
2024-12-14 14:58:00+09:00,2.5089,2.5116,2.5055,2.5077,1544741.3
2024-12-14 14:59:00+09:00,2.5076,2.5166,2.5066,2.5150,3696896.8
2024-12-14 15:00:00+09:00,2.5150,2.5156,2.5095,2.5103,1386626.7
2024-12-14 15:01:00+09:00,2.5104,2.5138,2.5065,2.5116,1288167.2
2024-12-14 15:02:00+09:00,2.5115,2.5120,2.5086,2.5095,1188810.7
2024-12-14 15:03:00+09:00,2.5095,2.5096,2.5050,2.5052,1249249.0
2024-12-14 15:04:00+09:00,2.5052,2.5068,2.5012,2.5032,2985076.9
2024-12-14 15:05:00+09:00,2.5031,2.5085,2.5006,2.5057,1478338.9
2024-12-14 15:06:00+09:00,2.5057,2.5066,2.5014,2.5020,989391.8
2024-12-14 15:07:00+09:00,2.5020,2.5054,2.5014,2.5051,868619.8
2024-12-14 15:08:00+09:00,2.5051,2.5072,2.5039,2.5047,935878.9
2024-12-14 15:09:00+09:00,2.5047,2.5047,2.5014,2.5020,1059018.3
2024-12-14 15:10:00+09:00,2.5021,2.5025,2.4970,2.5013,1918576.0
2024-12-14 15:11:00+09:00,2.5013,2.5016,2.4984,2.4989,776967.6
2024-12-14 15:12:00+09:00,2.4989,2.5041,2.4978,2.5032,1123648.9
2024-12-14 15:13:00+09:00,2.5031,2.5122,2.5031,2.5099,1820775.4
2024-12-14 15:14:00+09:00,2.5098,2.5110,2.5079,2.5089,1466574.5
2024-12-14 15:15:00+09:00,2.5090,2.5097,2.5024,2.5053,1557658.2
2024-12-14 15:16:00+09:00,2.5053,2.5053,2.5022,2.5027,992189.4
2024-12-14 15:17:00+09:00,2.5027,2.5041,2.4906,2.4946,6465333.7
2024-12-14 15:18:00+09:00,2.4947,2.4987,2.4937,2.4957,1222956.5
2024-12-14 15:19:00+09:00,2.4957,2.4980,2.4930,2.4938,1225149.2
2024-12-14 15:20:00+09:00,2.4939,2.4964,2.4934,2.4959,608343.6
2024-12-14 15:21:00+09:00,2.4960,2.4977,2.4947,2.4961,1077807.6
2024-12-14 15:22:00+09:00,2.4962,2.4962,2.4935,2.4947,677908.3
2024-12-14 15:23:00+09:00,2.4947,2.4949,2.4918,2.4932,670972.6
2024-12-14 15:24:00+09:00,2.4931,2.4955,2.4923,2.4946,757075.0
2024-12-14 15:25:00+09:00,2.4946,2.4971,2.4934,2.4959,700470.7
2024-12-14 15:26:00+09:00,2.4959,2.4960,2.4928,2.4928,621238.9
2024-12-14 15:27:00+09:00,2.4929,2.4944,2.4911,2.4917,767800.0
2024-12-14 15:28:00+09:00,2.4918,2.4958,2.4916,2.4943,1493840.8
2024-12-14 15:29:00+09:00,2.4942,2.4969,2.4939,2.4961,878846.6
2024-12-14 15:30:00+09:00,2.4961,2.4970,2.4923,2.4923,1376406.2
2024-12-14 15:31:00+09:00,2.4923,2.4946,2.4917,2.4945,1063332.3
2024-12-14 15:32:00+09:00,2.4945,2.4945,2.4849,2.4903,4112493.3
2024-12-14 15:33:00+09:00,2.4902,2.4903,2.4834,2.4849,4244928.0
2024-12-14 15:34:00+09:00,2.4850,2.4850,2.4829,2.4845,1650886.3
2024-12-14 15:35:00+09:00,2.4845,2.4845,2.4816,2.4819,1312247.6
2024-12-14 15:36:00+09:00,2.4820,2.4876,2.4816,2.4871,1779171.3
2024-12-14 15:37:00+09:00,2.4871,2.4887,2.4860,2.4860,793616.8
2024-12-14 15:38:00+09:00,2.4861,2.4868,2.4843,2.4845,687240.0
2024-12-14 15:39:00+09:00,2.4845,2.4858,2.4826,2.4834,938786.8
2024-12-14 15:40:00+09:00,2.4834,2.4848,2.4812,2.4821,658654.5
2024-12-14 15:41:00+09:00,2.4821,2.4843,2.4819,2.4840,582667.6
2024-12-14 15:42:00+09:00,2.4841,2.4872,2.4840,2.4867,671705.7
2024-12-14 15:43:00+09:00,2.4866,2.4876,2.4865,2.4866,364501.4
2024-12-14 15:44:00+09:00,2.4866,2.4868,2.4833,2.4835,775251.1
2024-12-14 15:45:00+09:00,2.4835,2.4860,2.4781,2.4819,3948904.4
2024-12-14 15:46:00+09:00,2.4819,2.4840,2.4769,2.4786,1848749.5
2024-12-14 15:47:00+09:00,2.4787,2.4798,2.4774,2.4796,1015320.3
2024-12-14 15:48:00+09:00,2.4796,2.4796,2.4782,2.4795,475865.8
2024-12-14 15:49:00+09:00,2.4796,2.4796,2.4764,2.4769,1133799.8
2024-12-14 15:50:00+09:00,2.4769,2.4795,2.4767,2.4791,488517.8
2024-12-14 15:51:00+09:00,2.4792,2.4795,2.4774,2.4784,446443.9
2024-12-14 15:52:00+09:00,2.4784,2.4784,2.4769,2.4780,347494.7
2024-12-14 15:53:00+09:00,2.4779,2.4780,2.4760,2.4761,1298782.8
2024-12-14 15:54:00+09:00,2.4761,2.4786,2.4760,2.4781,923882.6
2024-12-14 15:55:00+09:00,2.4781,2.4795,2.4777,2.4790,629650.8
2024-12-14 15:56:00+09:00,2.4790,2.4800,2.4786,2.4794,2011968.2
2024-12-14 15:57:00+09:00,2.4794,2.4800,2.4788,2.4800,1271385.4
2024-12-14 15:58:00+09:00,2.4800,2.4800,2.4789,2.4800,1834435.3
2024-12-14 15:59:00+09:00,2.4800,2.4800,2.4780,2.4780,2007948.4
2024-12-14 16:00:00+09:00,2.4780,2.4855,2.4779,2.4849,2070937.5
2024-12-14 16:01:00+09:00,2.4848,2.4863,2.4816,2.4817,1430603.2
2024-12-14 16:02:00+09:00,2.4817,2.4849,2.4814,2.4833,727031.7
2024-12-14 16:03:00+09:00,2.4833,2.4866,2.4831,2.4866,834053.9
2024-12-14 16:04:00+09:00,2.4865,2.4866,2.4834,2.4848,800415.7
2024-12-14 16:05:00+09:00,2.4847,2.4899,2.4845,2.4894,1468591.6
2024-12-14 16:06:00+09:00,2.4894,2.4910,2.4890,2.4899,1516675.9
2024-12-14 16:07:00+09:00,2.4899,2.4927,2.4895,2.4921,1246840.2
2024-12-14 16:08:00+09:00,2.4922,2.4934,2.4891,2.4894,1502166.8
2024-12-14 16:09:00+09:00,2.4893,2.4897,2.4862,2.4872,1213627.0
2024-12-14 16:10:00+09:00,2.4872,2.4872,2.4824,2.4829,952724.5
2024-12-14 16:11:00+09:00,2.4830,2.4894,2.4830,2.4880,1316098.8
2024-12-14 16:12:00+09:00,2.4879,2.4879,2.4838,2.4841,814542.0
2024-12-14 16:13:00+09:00,2.4840,2.4851,2.4833,2.4846,579389.2
2024-12-14 16:14:00+09:00,2.4846,2.4857,2.4838,2.4843,336538.7
2024-12-14 16:15:00+09:00,2.4843,2.4845,2.4802,2.4845,888973.2
2024-12-14 16:16:00+09:00,2.4844,2.4845,2.4825,2.4828,503185.7
2024-12-14 16:17:00+09:00,2.4828,2.4835,2.4813,2.4835,263450.6
2024-12-14 16:18:00+09:00,2.4835,2.4880,2.4834,2.4860,592355.1
2024-12-14 16:19:00+09:00,2.4859,2.4866,2.4828,2.4834,380349.6
2024-12-14 16:20:00+09:00,2.4835,2.4835,2.4800,2.4810,497803.6
2024-12-14 16:21:00+09:00,2.4810,2.4843,2.4807,2.4822,291071.8
2024-12-14 16:22:00+09:00,2.4822,2.4829,2.4802,2.4809,363854.8
2024-12-14 16:23:00+09:00,2.4809,2.4818,2.4807,2.4812,282928.4
2024-12-14 16:24:00+09:00,2.4812,2.4820,2.4786,2.4789,808311.1
2024-12-14 16:25:00+09:00,2.4789,2.4805,2.4780,2.4789,661856.8
2024-12-14 16:26:00+09:00,2.4788,2.4792,2.4760,2.4786,561181.7
2024-12-14 16:27:00+09:00,2.4785,2.4787,2.4773,2.4779,360425.2
2024-12-14 16:28:00+09:00,2.4778,2.4820,2.4778,2.4812,508475.4
2024-12-14 16:29:00+09:00,2.4812,2.4840,2.4804,2.4840,341112.6
2024-12-14 16:30:00+09:00,2.4840,2.4874,2.4840,2.4874,723322.6
2024-12-14 16:31:00+09:00,2.4873,2.4884,2.4871,2.4871,401229.0
2024-12-14 16:32:00+09:00,2.4871,2.4877,2.4862,2.4865,386361.2
2024-12-14 16:33:00+09:00,2.4865,2.4872,2.4857,2.4869,266727.2
2024-12-14 16:34:00+09:00,2.4869,2.4869,2.4855,2.4861,248488.6
2024-12-14 16:35:00+09:00,2.4860,2.4879,2.4849,2.4856,306249.5
2024-12-14 16:36:00+09:00,2.4857,2.4890,2.4852,2.4890,458409.9
2024-12-14 16:37:00+09:00,2.4890,2.4900,2.4885,2.4897,1104652.8
2024-12-14 16:38:00+09:00,2.4897,2.4900,2.4890,2.4891,1599233.0
2024-12-14 16:39:00+09:00,2.4890,2.4899,2.4884,2.4897,719561.8
2024-12-14 16:40:00+09:00,2.4896,2.4900,2.4896,2.4900,1493096.5
2024-12-14 16:41:00+09:00,2.4900,2.4900,2.4893,2.4899,1792462.8
2024-12-14 16:42:00+09:00,2.4900,2.4900,2.4875,2.4875,2027480.3
2024-12-14 16:43:00+09:00,2.4875,2.4894,2.4872,2.4891,447767.0
2024-12-14 16:44:00+09:00,2.4891,2.4891,2.4819,2.4825,1340814.1
2024-12-14 16:45:00+09:00,2.4824,2.4862,2.4823,2.4824,637013.7
2024-12-14 16:46:00+09:00,2.4825,2.4827,2.4802,2.4816,790797.1
2024-12-14 16:47:00+09:00,2.4817,2.4856,2.4804,2.4855,619437.8
2024-12-14 16:48:00+09:00,2.4856,2.4865,2.4833,2.4834,649455.3
2024-12-14 16:49:00+09:00,2.4833,2.4854,2.4810,2.4850,463063.9
2024-12-14 16:50:00+09:00,2.4850,2.4878,2.4850,2.4858,615877.5
2024-12-14 16:51:00+09:00,2.4858,2.4887,2.4856,2.4883,376447.5
2024-12-14 16:52:00+09:00,2.4884,2.4911,2.4883,2.4895,2307939.4
2024-12-14 16:53:00+09:00,2.4894,2.4914,2.4893,2.4914,496346.8
2024-12-14 16:54:00+09:00,2.4914,2.4948,2.4908,2.4919,1478370.9
2024-12-14 16:55:00+09:00,2.4919,2.4922,2.4886,2.4894,1672653.4
2024-12-14 16:56:00+09:00,2.4893,2.4896,2.4874,2.4879,679588.4
2024-12-14 16:57:00+09:00,2.4879,2.4879,2.4850,2.4859,534280.7
2024-12-14 16:58:00+09:00,2.4859,2.4884,2.4858,2.4872,590325.1
2024-12-14 16:59:00+09:00,2.4872,2.4884,2.4866,2.4873,547221.5
2024-12-14 17:00:00+09:00,2.4873,2.4987,2.4855,2.4977,4075035.8
2024-12-14 17:01:00+09:00,2.4977,2.5038,2.4951,2.4986,5851939.3
2024-12-14 17:02:00+09:00,2.4986,2.5005,2.4957,2.4957,1828331.8
2024-12-14 17:03:00+09:00,2.4958,2.4997,2.4951,2.4977,1201390.5
2024-12-14 17:04:00+09:00,2.4976,2.4984,2.4928,2.4933,1033334.2
2024-12-14 17:05:00+09:00,2.4933,2.4994,2.4927,2.4991,1066068.4
2024-12-14 17:06:00+09:00,2.4992,2.5018,2.4975,2.4996,1773491.6
2024-12-14 17:07:00+09:00,2.4996,2.5003,2.4962,2.4966,1303909.5
2024-12-14 17:08:00+09:00,2.4965,2.4966,2.4927,2.4932,1350067.3
2024-12-14 17:09:00+09:00,2.4932,2.4938,2.4892,2.4935,971994.0
2024-12-14 17:10:00+09:00,2.4936,2.4972,2.4923,2.4949,1762754.0
2024-12-14 17:11:00+09:00,2.4948,2.4954,2.4921,2.4937,407119.1
2024-12-14 17:12:00+09:00,2.4936,2.4947,2.4921,2.4924,376761.1
2024-12-14 17:13:00+09:00,2.4925,2.4936,2.4895,2.4896,511195.1
2024-12-14 17:14:00+09:00,2.4897,2.4908,2.4850,2.4868,1499891.2
2024-12-14 17:15:00+09:00,2.4870,2.4916,2.4864,2.4914,642721.6
2024-12-14 17:16:00+09:00,2.4913,2.4914,2.4846,2.4849,904110.1
2024-12-14 17:17:00+09:00,2.4848,2.4852,2.4787,2.4804,3298967.1
2024-12-14 17:18:00+09:00,2.4804,2.4820,2.4796,2.4803,878582.2
2024-12-14 17:19:00+09:00,2.4803,2.4820,2.4774,2.4789,921517.9
2024-12-14 17:20:00+09:00,2.4789,2.4789,2.4700,2.4734,4048504.5
2024-12-14 17:21:00+09:00,2.4733,2.4750,2.4649,2.4667,2949315.1
2024-12-14 17:22:00+09:00,2.4668,2.4696,2.4660,2.4667,1626973.9
2024-12-14 17:23:00+09:00,2.4667,2.4715,2.4666,2.4715,1121438.3
2024-12-14 17:24:00+09:00,2.4715,2.4715,2.4668,2.4688,1424641.7
2024-12-14 17:25:00+09:00,2.4689,2.4714,2.4673,2.4698,838976.0
2024-12-14 17:26:00+09:00,2.4698,2.4719,2.4686,2.4719,575889.0
2024-12-14 17:27:00+09:00,2.4718,2.4733,2.4709,2.4723,1048218.5
2024-12-14 17:28:00+09:00,2.4722,2.4749,2.4713,2.4741,1171984.9
2024-12-14 17:29:00+09:00,2.4740,2.4742,2.4719,2.4723,795157.1
2024-12-14 17:30:00+09:00,2.4723,2.4723,2.4684,2.4688,812204.9
2024-12-14 17:31:00+09:00,2.4689,2.4695,2.4637,2.4645,1376472.0
2024-12-14 17:32:00+09:00,2.4645,2.4646,2.4527,2.4601,6363840.9
2024-12-14 17:33:00+09:00,2.4601,2.4627,2.4564,2.4622,1303436.0
2024-12-14 17:34:00+09:00,2.4622,2.4676,2.4616,2.4649,1625655.6
2024-12-14 17:35:00+09:00,2.4648,2.4676,2.4630,2.4630,707576.7
2024-12-14 17:36:00+09:00,2.4631,2.4640,2.4579,2.4592,1023736.7
2024-12-14 17:37:00+09:00,2.4592,2.4716,2.4561,2.4668,5178619.5
2024-12-14 17:38:00+09:00,2.4668,2.4696,2.4646,2.4649,1425840.7
2024-12-14 17:39:00+09:00,2.4649,2.4661,2.4639,2.4653,590025.0
2024-12-14 17:40:00+09:00,2.4653,2.4680,2.4644,2.4665,979588.4
2024-12-14 17:41:00+09:00,2.4664,2.4665,2.4641,2.4648,772737.5
2024-12-14 17:42:00+09:00,2.4648,2.4658,2.4642,2.4656,483230.5
2024-12-14 17:43:00+09:00,2.4657,2.4681,2.4649,2.4677,484124.9
2024-12-14 17:44:00+09:00,2.4678,2.4698,2.4672,2.4696,856879.0
2024-12-14 17:45:00+09:00,2.4697,2.4707,2.4641,2.4648,970809.8
2024-12-14 17:46:00+09:00,2.4648,2.4669,2.4633,2.4668,477612.9
2024-12-14 17:47:00+09:00,2.4669,2.4672,2.4611,2.4614,488030.9
2024-12-14 17:48:00+09:00,2.4613,2.4647,2.4605,2.4638,548633.4
2024-12-14 17:49:00+09:00,2.4639,2.4653,2.4622,2.4636,268075.3
2024-12-14 17:50:00+09:00,2.4636,2.4667,2.4631,2.4661,637151.3
2024-12-14 17:51:00+09:00,2.4660,2.4676,2.4654,2.4657,502323.3
2024-12-14 17:52:00+09:00,2.4656,2.4670,2.4647,2.4659,562567.0
2024-12-14 17:53:00+09:00,2.4660,2.4672,2.4650,2.4653,515595.1
2024-12-14 17:54:00+09:00,2.4653,2.4656,2.4621,2.4625,341112.2
2024-12-14 17:55:00+09:00,2.4625,2.4637,2.4603,2.4604,464234.2
2024-12-14 17:56:00+09:00,2.4604,2.4622,2.4588,2.4599,650464.1
2024-12-14 17:57:00+09:00,2.4599,2.4620,2.4590,2.4602,549952.3
2024-12-14 17:58:00+09:00,2.4602,2.4604,2.4592,2.4597,403977.2
2024-12-14 17:59:00+09:00,2.4597,2.4604,2.4585,2.4590,399507.1
2024-12-14 18:00:00+09:00,2.4591,2.4603,2.4575,2.4599,624206.1
2024-12-14 18:01:00+09:00,2.4598,2.4598,2.4563,2.4570,703783.1
2024-12-14 18:02:00+09:00,2.4570,2.4583,2.4532,2.4570,1263635.0
2024-12-14 18:03:00+09:00,2.4571,2.4655,2.4571,2.4651,1096825.2
2024-12-14 18:04:00+09:00,2.4650,2.4651,2.4627,2.4629,577934.2
2024-12-14 18:05:00+09:00,2.4629,2.4629,2.4563,2.4578,788998.8
2024-12-14 18:06:00+09:00,2.4579,2.4600,2.4558,2.4563,969649.9
2024-12-14 18:07:00+09:00,2.4564,2.4611,2.4563,2.4610,360024.2
2024-12-14 18:08:00+09:00,2.4611,2.4622,2.4600,2.4603,385801.5
2024-12-14 18:09:00+09:00,2.4603,2.4604,2.4576,2.4576,468718.7
2024-12-14 18:10:00+09:00,2.4575,2.4578,2.4538,2.4572,682909.3
2024-12-14 18:11:00+09:00,2.4571,2.4601,2.4570,2.4578,459331.3
2024-12-14 18:12:00+09:00,2.4579,2.4580,2.4550,2.4556,593274.4
2024-12-14 18:13:00+09:00,2.4556,2.4561,2.4542,2.4548,407931.9
2024-12-14 18:14:00+09:00,2.4547,2.4552,2.4501,2.4546,2597620.9
2024-12-14 18:15:00+09:00,2.4545,2.4568,2.4505,2.4567,1435425.5
2024-12-14 18:16:00+09:00,2.4566,2.4599,2.4555,2.4570,706678.6
2024-12-14 18:17:00+09:00,2.4569,2.4581,2.4562,2.4581,433213.3
2024-12-14 18:18:00+09:00,2.4581,2.4600,2.4575,2.4597,616624.4
2024-12-14 18:19:00+09:00,2.4597,2.4655,2.4585,2.4631,2491104.5
2024-12-14 18:20:00+09:00,2.4631,2.4632,2.4603,2.4614,484143.5
2024-12-14 18:21:00+09:00,2.4615,2.4621,2.4578,2.4578,701109.1
2024-12-14 18:22:00+09:00,2.4579,2.4606,2.4560,2.4597,484126.0
2024-12-14 18:23:00+09:00,2.4598,2.4616,2.4597,2.4597,264546.5
2024-12-14 18:24:00+09:00,2.4597,2.4634,2.4597,2.4629,323902.0
2024-12-14 18:25:00+09:00,2.4630,2.4630,2.4592,2.4609,380444.8
2024-12-14 18:26:00+09:00,2.4609,2.4624,2.4600,2.4615,422357.7
2024-12-14 18:27:00+09:00,2.4615,2.4617,2.4591,2.4597,246674.8
2024-12-14 18:28:00+09:00,2.4597,2.4606,2.4579,2.4580,319234.7
2024-12-14 18:29:00+09:00,2.4579,2.4584,2.4568,2.4573,247175.9
2024-12-14 18:30:00+09:00,2.4572,2.4604,2.4567,2.4591,264014.8
2024-12-14 18:31:00+09:00,2.4592,2.4598,2.4577,2.4596,244678.1
2024-12-14 18:32:00+09:00,2.4596,2.4603,2.4576,2.4592,368386.3
2024-12-14 18:33:00+09:00,2.4592,2.4600,2.4585,2.4597,275790.7
2024-12-14 18:34:00+09:00,2.4598,2.4631,2.4592,2.4624,681160.0
2024-12-14 18:35:00+09:00,2.4623,2.4624,2.4604,2.4604,352426.8
2024-12-14 18:36:00+09:00,2.4604,2.4618,2.4600,2.4614,247573.9
2024-12-14 18:37:00+09:00,2.4614,2.4615,2.4558,2.4572,631387.4
2024-12-14 18:38:00+09:00,2.4571,2.4592,2.4568,2.4592,264475.9
2024-12-14 18:39:00+09:00,2.4592,2.4610,2.4589,2.4590,326792.7
2024-12-14 18:40:00+09:00,2.4591,2.4598,2.4589,2.4593,185804.1
2024-12-14 18:41:00+09:00,2.4594,2.4595,2.4576,2.4581,384706.1
2024-12-14 18:42:00+09:00,2.4580,2.4608,2.4580,2.4607,270953.9
2024-12-14 18:43:00+09:00,2.4608,2.4626,2.4600,2.4616,601561.5
2024-12-14 18:44:00+09:00,2.4616,2.4620,2.4613,2.4618,238266.4
2024-12-14 18:45:00+09:00,2.4618,2.4628,2.4611,2.4615,401967.6
2024-12-14 18:46:00+09:00,2.4614,2.4614,2.4581,2.4585,570652.1
2024-12-14 18:47:00+09:00,2.4584,2.4593,2.4568,2.4577,447447.0
2024-12-14 18:48:00+09:00,2.4576,2.4588,2.4566,2.4573,1093993.6
2024-12-14 18:49:00+09:00,2.4573,2.4602,2.4573,2.4599,333087.7
2024-12-14 18:50:00+09:00,2.4599,2.4609,2.4576,2.4576,381313.4
2024-12-14 18:51:00+09:00,2.4577,2.4610,2.4570,2.4603,403867.5
2024-12-14 18:52:00+09:00,2.4604,2.4623,2.4598,2.4601,255901.3
2024-12-14 18:53:00+09:00,2.4602,2.4615,2.4600,2.4612,182595.1
2024-12-14 18:54:00+09:00,2.4611,2.4621,2.4603,2.4619,295846.2
2024-12-14 18:55:00+09:00,2.4620,2.4669,2.4612,2.4655,753906.3
2024-12-14 18:56:00+09:00,2.4655,2.4687,2.4650,2.4681,1190773.0
2024-12-14 18:57:00+09:00,2.4681,2.4681,2.4650,2.4654,1188461.9
2024-12-14 18:58:00+09:00,2.4655,2.4666,2.4645,2.4647,368321.4
2024-12-14 18:59:00+09:00,2.4647,2.4648,2.4629,2.4630,343244.6
2024-12-14 19:00:00+09:00,2.4629,2.4655,2.4628,2.4641,435510.4
2024-12-14 19:01:00+09:00,2.4640,2.4644,2.4556,2.4570,1109506.9
2024-12-14 19:02:00+09:00,2.4570,2.4584,2.4530,2.4553,1049037.3
2024-12-14 19:03:00+09:00,2.4553,2.4562,2.4515,2.4520,917160.7
2024-12-14 19:04:00+09:00,2.4520,2.4541,2.4514,2.4535,773688.0
2024-12-14 19:05:00+09:00,2.4535,2.4555,2.4452,2.4485,4061158.4
2024-12-14 19:06:00+09:00,2.4485,2.4515,2.4477,2.4484,1209592.7
2024-12-14 19:07:00+09:00,2.4484,2.4500,2.4471,2.4491,742760.5
2024-12-14 19:08:00+09:00,2.4491,2.4500,2.4482,2.4497,440029.2
2024-12-14 19:09:00+09:00,2.4498,2.4518,2.4467,2.4472,909393.1
2024-12-14 19:10:00+09:00,2.4471,2.4507,2.4471,2.4483,965191.1
2024-12-14 19:11:00+09:00,2.4482,2.4522,2.4481,2.4522,478596.3
2024-12-14 19:12:00+09:00,2.4522,2.4522,2.4493,2.4503,343618.2
2024-12-14 19:13:00+09:00,2.4505,2.4518,2.4492,2.4493,300123.5
2024-12-14 19:14:00+09:00,2.4494,2.4520,2.4494,2.4519,258572.3
2024-12-14 19:15:00+09:00,2.4519,2.4548,2.4510,2.4543,562447.7
2024-12-14 19:16:00+09:00,2.4544,2.4559,2.4527,2.4527,588493.5
2024-12-14 19:17:00+09:00,2.4527,2.4539,2.4480,2.4480,739961.4
2024-12-14 19:18:00+09:00,2.4480,2.4483,2.4432,2.4464,1777267.0
2024-12-14 19:19:00+09:00,2.4465,2.4486,2.4445,2.4448,505190.9
2024-12-14 19:20:00+09:00,2.4448,2.4484,2.4443,2.4476,690647.4
2024-12-14 19:21:00+09:00,2.4476,2.4499,2.4469,2.4482,505971.4
2024-12-14 19:22:00+09:00,2.4482,2.4484,2.4407,2.4438,1671326.7
2024-12-14 19:23:00+09:00,2.4439,2.4442,2.4386,2.4402,2179824.8
2024-12-14 19:24:00+09:00,2.4403,2.4440,2.4361,2.4440,2818563.7
2024-12-14 19:25:00+09:00,2.4440,2.4442,2.4391,2.4403,898514.3
2024-12-14 19:26:00+09:00,2.4402,2.4443,2.4394,2.4441,692373.9
2024-12-14 19:27:00+09:00,2.4442,2.4445,2.4415,2.4416,540140.8
2024-12-14 19:28:00+09:00,2.4416,2.4425,2.4386,2.4398,496265.2
2024-12-14 19:29:00+09:00,2.4398,2.4399,2.4375,2.4383,619101.1
2024-12-14 19:30:00+09:00,2.4383,2.4448,2.4382,2.4442,891460.7
2024-12-14 19:31:00+09:00,2.4441,2.4460,2.4435,2.4449,657096.2
2024-12-14 19:32:00+09:00,2.4449,2.4455,2.4429,2.4431,443386.8
2024-12-14 19:33:00+09:00,2.4430,2.4440,2.4396,2.4403,534094.1
2024-12-14 19:34:00+09:00,2.4404,2.4418,2.4398,2.4403,346997.7
2024-12-14 19:35:00+09:00,2.4403,2.4436,2.4402,2.4435,465980.2
2024-12-14 19:36:00+09:00,2.4435,2.4436,2.4409,2.4414,281753.8
2024-12-14 19:37:00+09:00,2.4415,2.4439,2.4413,2.4430,430243.4
2024-12-14 19:38:00+09:00,2.4430,2.4430,2.4404,2.4407,361872.6
2024-12-14 19:39:00+09:00,2.4408,2.4415,2.4381,2.4395,844377.2
2024-12-14 19:40:00+09:00,2.4394,2.4408,2.4390,2.4407,443017.5
2024-12-14 19:40:00+09:00,2.4394,2.4408,2.4390,2.4407,443017.5
2024-12-14 19:41:00+09:00,2.4406,2.4428,2.4403,2.4422,360627.8
2024-12-14 19:42:00+09:00,2.4422,2.4426,2.4410,2.4419,211387.3
2024-12-14 19:43:00+09:00,2.4420,2.4436,2.4414,2.4436,480868.4
2024-12-14 19:44:00+09:00,2.4435,2.4443,2.4424,2.4435,315161.3
2024-12-14 19:45:00+09:00,2.4436,2.4470,2.4435,2.4459,465747.0
2024-12-14 19:46:00+09:00,2.4459,2.4474,2.4447,2.4448,715666.1
2024-12-14 19:47:00+09:00,2.4447,2.4448,2.4417,2.4427,255965.0
2024-12-14 19:48:00+09:00,2.4428,2.4446,2.4417,2.4441,226118.4
2024-12-14 19:49:00+09:00,2.4441,2.4455,2.4438,2.4455,202340.4
2024-12-14 19:50:00+09:00,2.4455,2.4460,2.4440,2.4444,227787.1
2024-12-14 19:51:00+09:00,2.4445,2.4467,2.4441,2.4449,351973.0
2024-12-14 19:52:00+09:00,2.4449,2.4465,2.4449,2.4453,150112.5
2024-12-14 19:53:00+09:00,2.4453,2.4457,2.4442,2.4442,223654.5
2024-12-14 19:54:00+09:00,2.4442,2.4446,2.4414,2.4424,547949.0
2024-12-14 19:55:00+09:00,2.4425,2.4431,2.4409,2.4415,278567.8
2024-12-14 19:56:00+09:00,2.4415,2.4440,2.4413,2.4434,115398.3
2024-12-14 19:57:00+09:00,2.4434,2.4444,2.4421,2.4438,184973.3
2024-12-14 19:58:00+09:00,2.4437,2.4444,2.4427,2.4439,142074.7
2024-12-14 19:59:00+09:00,2.4439,2.4445,2.4431,2.4431,214891.9
2024-12-14 20:00:00+09:00,2.4432,2.4434,2.4409,2.4427,391591.7
2024-12-14 20:01:00+09:00,2.4427,2.4432,2.4409,2.4411,247153.9
2024-12-14 20:02:00+09:00,2.4411,2.4427,2.4371,2.4379,761071.1
2024-12-14 20:03:00+09:00,2.4378,2.4388,2.4368,2.4381,520450.0
2024-12-14 20:04:00+09:00,2.4380,2.4425,2.4380,2.4403,819568.7
2024-12-14 20:05:00+09:00,2.4404,2.4404,2.4353,2.4359,727926.8
2024-12-14 20:06:00+09:00,2.4359,2.4372,2.4353,2.4370,903104.2
2024-12-14 20:07:00+09:00,2.4371,2.4386,2.4353,2.4354,737658.6
2024-12-14 20:08:00+09:00,2.4355,2.4373,2.4320,2.4326,3468813.0
2024-12-14 20:09:00+09:00,2.4327,2.4332,2.4305,2.4328,1344605.0
2024-12-14 20:10:00+09:00,2.4328,2.4339,2.4322,2.4333,619455.8
2024-12-14 20:11:00+09:00,2.4333,2.4346,2.4312,2.4318,873166.6
2024-12-14 20:12:00+09:00,2.4319,2.4341,2.4315,2.4340,415831.2
2024-12-14 20:13:00+09:00,2.4340,2.4341,2.4322,2.4323,525733.3
2024-12-14 20:14:00+09:00,2.4323,2.4325,2.4301,2.4302,816115.1
2024-12-14 20:15:00+09:00,2.4301,2.4307,2.4247,2.4268,2970796.6
2024-12-14 20:16:00+09:00,2.4269,2.4289,2.4252,2.4280,864061.7
2024-12-14 20:17:00+09:00,2.4279,2.4306,2.4279,2.4289,552006.9
2024-12-14 20:18:00+09:00,2.4288,2.4336,2.4287,2.4335,908821.1
2024-12-14 20:19:00+09:00,2.4334,2.4340,2.4306,2.4307,631281.9
2024-12-14 20:20:00+09:00,2.4306,2.4333,2.4302,2.4327,352289.8
2024-12-14 20:21:00+09:00,2.4326,2.4362,2.4326,2.4354,959962.6
2024-12-14 20:22:00+09:00,2.4352,2.4361,2.4342,2.4355,522647.5
2024-12-14 20:23:00+09:00,2.4355,2.4359,2.4334,2.4337,645355.3
2024-12-14 20:24:00+09:00,2.4338,2.4352,2.4333,2.4339,422648.9
2024-12-14 20:25:00+09:00,2.4338,2.4338,2.4312,2.4325,337735.8
2024-12-14 20:26:00+09:00,2.4326,2.4347,2.4321,2.4335,391722.0
2024-12-14 20:27:00+09:00,2.4334,2.4366,2.4333,2.4364,625203.6
2024-12-14 20:28:00+09:00,2.4365,2.4380,2.4357,2.4380,424968.2
2024-12-14 20:29:00+09:00,2.4380,2.4381,2.4365,2.4371,560653.9
2024-12-14 20:30:00+09:00,2.4370,2.4375,2.4352,2.4352,359378.9
2024-12-14 20:31:00+09:00,2.4352,2.4353,2.4329,2.4341,497931.4
2024-12-14 20:32:00+09:00,2.4341,2.4349,2.4314,2.4343,604863.2
2024-12-14 20:33:00+09:00,2.4344,2.4362,2.4318,2.4321,462932.1
2024-12-14 20:34:00+09:00,2.4321,2.4326,2.4306,2.4323,293503.5
2024-12-14 20:35:00+09:00,2.4323,2.4330,2.4301,2.4313,392177.7
2024-12-14 20:36:00+09:00,2.4313,2.4313,2.4284,2.4285,480306.7
2024-12-14 20:37:00+09:00,2.4285,2.4305,2.4284,2.4304,326109.1
2024-12-14 20:38:00+09:00,2.4304,2.4327,2.4303,2.4316,333068.9
2024-12-14 20:39:00+09:00,2.4317,2.4317,2.4290,2.4291,264880.7
2024-12-14 20:40:00+09:00,2.4291,2.4303,2.4275,2.4297,471544.7
2024-12-14 20:41:00+09:00,2.4298,2.4329,2.4297,2.4325,235981.0
2024-12-14 20:42:00+09:00,2.4326,2.4359,2.4321,2.4354,690748.3
2024-12-14 20:43:00+09:00,2.4354,2.4365,2.4335,2.4338,331509.7
2024-12-14 20:44:00+09:00,2.4338,2.4354,2.4337,2.4344,355311.2
2024-12-14 20:45:00+09:00,2.4343,2.4351,2.4320,2.4322,318998.5
2024-12-14 20:46:00+09:00,2.4321,2.4344,2.4311,2.4330,311261.0
2024-12-14 20:47:00+09:00,2.4330,2.4354,2.4326,2.4343,227256.8
2024-12-14 20:48:00+09:00,2.4343,2.4372,2.4343,2.4365,423020.4
2024-12-14 20:49:00+09:00,2.4365,2.4386,2.4358,2.4382,453224.2
2024-12-14 20:50:00+09:00,2.4383,2.4390,2.4372,2.4390,500668.0
2024-12-14 20:51:00+09:00,2.4390,2.4392,2.4359,2.4360,574822.0
2024-12-14 20:52:00+09:00,2.4360,2.4383,2.4342,2.4380,501918.0
2024-12-14 20:53:00+09:00,2.4380,2.4387,2.4293,2.4300,3129922.7
2024-12-14 20:54:00+09:00,2.4299,2.4328,2.4295,2.4298,617765.4
2024-12-14 20:55:00+09:00,2.4299,2.4320,2.4298,2.4305,388738.1
2024-12-14 20:56:00+09:00,2.4305,2.4312,2.4281,2.4284,610324.6
2024-12-14 20:57:00+09:00,2.4283,2.4287,2.4253,2.4260,979587.5
2024-12-14 20:58:00+09:00,2.4259,2.4295,2.4259,2.4288,540885.4
2024-12-14 20:59:00+09:00,2.4288,2.4312,2.4283,2.4300,265990.9
2024-12-14 21:00:00+09:00,2.4299,2.4348,2.4272,2.4341,578256.4
2024-12-14 21:01:00+09:00,2.4340,2.4365,2.4331,2.4359,700559.6
2024-12-14 21:02:00+09:00,2.4359,2.4359,2.4339,2.4348,428979.2
2024-12-14 21:03:00+09:00,2.4348,2.4366,2.4346,2.4350,291478.9
2024-12-14 21:04:00+09:00,2.4350,2.4356,2.4328,2.4343,416423.7
2024-12-14 21:05:00+09:00,2.4343,2.4343,2.4313,2.4317,316092.0
2024-12-14 21:06:00+09:00,2.4318,2.4326,2.4290,2.4298,649136.3
2024-12-14 21:07:00+09:00,2.4297,2.4329,2.4297,2.4309,428593.8
2024-12-14 21:08:00+09:00,2.4308,2.4308,2.4252,2.4259,1334901.0
2024-12-14 21:09:00+09:00,2.4259,2.4272,2.4216,2.4229,1749212.9
2024-12-14 21:10:00+09:00,2.4229,2.4283,2.4222,2.4283,1374437.1
2024-12-14 21:11:00+09:00,2.4283,2.4298,2.4247,2.4253,672501.4
2024-12-14 21:12:00+09:00,2.4254,2.4263,2.4233,2.4241,441720.5
2024-12-14 21:13:00+09:00,2.4240,2.4263,2.4229,2.4253,414498.7
2024-12-14 21:14:00+09:00,2.4252,2.4256,2.4234,2.4249,605480.7
2024-12-14 21:15:00+09:00,2.4248,2.4285,2.4236,2.4277,639928.0
2024-12-14 21:16:00+09:00,2.4276,2.4277,2.4254,2.4256,460804.3
2024-12-14 21:17:00+09:00,2.4257,2.4278,2.4246,2.4275,407589.3
2024-12-14 21:18:00+09:00,2.4274,2.4278,2.4222,2.4235,325074.1
2024-12-14 21:19:00+09:00,2.4235,2.4282,2.4230,2.4273,477777.4
2024-12-14 21:20:00+09:00,2.4274,2.4293,2.4260,2.4293,398279.1
2024-12-14 21:21:00+09:00,2.4292,2.4295,2.4257,2.4268,324810.8
2024-12-14 21:22:00+09:00,2.4268,2.4280,2.4250,2.4260,485121.5
2024-12-14 21:23:00+09:00,2.4260,2.4272,2.4251,2.4256,202883.7
2024-12-14 21:24:00+09:00,2.4255,2.4259,2.4206,2.4206,676249.3
2024-12-14 21:25:00+09:00,2.4206,2.4267,2.4202,2.4267,1057238.1
2024-12-14 21:26:00+09:00,2.4266,2.4268,2.4233,2.4239,368391.4
2024-12-14 21:27:00+09:00,2.4239,2.4252,2.4219,2.4224,420178.4
2024-12-14 21:28:00+09:00,2.4223,2.4228,2.4190,2.4198,794672.2
2024-12-14 21:29:00+09:00,2.4198,2.4204,2.4176,2.4195,2268185.1
2024-12-14 21:30:00+09:00,2.4195,2.4206,2.4139,2.4141,2394204.8
2024-12-14 21:31:00+09:00,2.4141,2.4157,2.4116,2.4119,2037550.0
2024-12-14 21:32:00+09:00,2.4119,2.4135,2.4087,2.4119,2579884.1
2024-12-14 21:33:00+09:00,2.4119,2.4170,2.4116,2.4162,1159609.9
2024-12-14 21:34:00+09:00,2.4162,2.4171,2.4100,2.4128,1158240.6
2024-12-14 21:35:00+09:00,2.4130,2.4143,2.4082,2.4097,942448.8
2024-12-14 21:36:00+09:00,2.4097,2.4155,2.4097,2.4124,852308.6
2024-12-14 21:37:00+09:00,2.4124,2.4158,2.4114,2.4146,944395.0
2024-12-14 21:38:00+09:00,2.4145,2.4146,2.4114,2.4128,904965.3
2024-12-14 21:39:00+09:00,2.4129,2.4171,2.4128,2.4151,940710.4
2024-12-14 21:40:00+09:00,2.4151,2.4154,2.4110,2.4113,1172126.3
2024-12-14 21:41:00+09:00,2.4114,2.4179,2.4113,2.4173,1468950.7
2024-12-14 21:42:00+09:00,2.4173,2.4173,2.4148,2.4169,940048.3
2024-12-14 21:43:00+09:00,2.4168,2.4174,2.4154,2.4174,555851.6
2024-12-14 21:44:00+09:00,2.4173,2.4204,2.4168,2.4196,960309.4
2024-12-14 21:45:00+09:00,2.4196,2.4210,2.4177,2.4203,773743.4
2024-12-14 21:46:00+09:00,2.4204,2.4258,2.4201,2.4249,1541957.6
2024-12-14 21:47:00+09:00,2.4248,2.4260,2.4211,2.4216,1060005.6
2024-12-14 21:48:00+09:00,2.4216,2.4220,2.4182,2.4182,764683.6
2024-12-14 21:49:00+09:00,2.4182,2.4182,2.4134,2.4135,1221809.5
2024-12-14 21:50:00+09:00,2.4135,2.4169,2.4135,2.4153,928221.8
2024-12-14 21:51:00+09:00,2.4153,2.4180,2.4145,2.4179,795285.5
2024-12-14 21:52:00+09:00,2.4179,2.4191,2.4162,2.4185,700246.3
2024-12-14 21:53:00+09:00,2.4185,2.4186,2.4132,2.4136,646049.4
2024-12-14 21:54:00+09:00,2.4136,2.4153,2.4106,2.4108,990882.6
2024-12-14 21:55:00+09:00,2.4108,2.4160,2.4105,2.4137,834288.1
2024-12-14 21:56:00+09:00,2.4136,2.4140,2.4088,2.4101,968062.8
2024-12-14 21:57:00+09:00,2.4101,2.4130,2.4089,2.4123,1018446.3
2024-12-14 21:58:00+09:00,2.4123,2.4123,2.4055,2.4066,1110918.7
2024-12-14 21:59:00+09:00,2.4066,2.4106,2.4057,2.4090,1514090.6
2024-12-14 22:00:00+09:00,2.4090,2.4102,2.4066,2.4088,864505.0
2024-12-14 22:01:00+09:00,2.4088,2.4094,2.4040,2.4074,1916553.9
2024-12-14 22:02:00+09:00,2.4075,2.4111,2.4075,2.4106,1003974.2
2024-12-14 22:03:00+09:00,2.4107,2.4150,2.4090,2.4149,831837.2
2024-12-14 22:04:00+09:00,2.4150,2.4171,2.4124,2.4134,1358570.4
2024-12-14 22:05:00+09:00,2.4133,2.4136,2.4093,2.4104,1648984.8
2024-12-14 22:06:00+09:00,2.4103,2.4117,2.4065,2.4117,1111052.6
2024-12-14 22:07:00+09:00,2.4116,2.4145,2.4110,2.4144,704828.8
2024-12-14 22:08:00+09:00,2.4143,2.4150,2.4129,2.4132,653190.7
2024-12-14 22:09:00+09:00,2.4132,2.4132,2.4090,2.4093,738040.8
2024-12-14 22:10:00+09:00,2.4093,2.4099,2.4021,2.4025,1457279.2
2024-12-14 22:11:00+09:00,2.4025,2.4080,2.4021,2.4062,949034.6
2024-12-14 22:12:00+09:00,2.4061,2.4063,2.4001,2.4005,3215824.0
2024-12-14 22:13:00+09:00,2.4005,2.4013,2.3944,2.3962,5469287.6
2024-12-14 22:14:00+09:00,2.3962,2.3997,2.3962,2.3979,1418639.4
2024-12-14 22:15:00+09:00,2.3979,2.4012,2.3964,2.3990,2022307.1
2024-12-14 22:16:00+09:00,2.3989,2.3993,2.3925,2.3954,2513586.8
2024-12-14 22:17:00+09:00,2.3953,2.3955,2.3857,2.3865,6878799.1
2024-12-14 22:18:00+09:00,2.3866,2.3879,2.3726,2.3789,10698039.9
2024-12-14 22:19:00+09:00,2.3789,2.3903,2.3786,2.3898,2968549.9
2024-12-14 22:20:00+09:00,2.3897,2.3899,2.3776,2.3798,4011388.4
2024-12-14 22:21:00+09:00,2.3799,2.3835,2.3669,2.3700,4310274.5
2024-12-14 22:22:00+09:00,2.3701,2.3759,2.3685,2.3756,3872779.7
2024-12-14 22:23:00+09:00,2.3756,2.3757,2.3647,2.3680,5045377.9
2024-12-14 22:24:00+09:00,2.3680,2.3787,2.3656,2.3755,3825478.9
2024-12-14 22:25:00+09:00,2.3755,2.3836,2.3717,2.3800,2826388.0
2024-12-14 22:26:00+09:00,2.3801,2.3884,2.3792,2.3860,3441321.0
2024-12-14 22:27:00+09:00,2.3860,2.3880,2.3781,2.3852,2762315.3
2024-12-14 22:28:00+09:00,2.3852,2.3890,2.3833,2.3889,3067634.5
2024-12-14 22:29:00+09:00,2.3889,2.3890,2.3829,2.3853,2857243.8
2024-12-14 22:30:00+09:00,2.3853,2.3925,2.3840,2.3897,3689899.3
2024-12-14 22:31:00+09:00,2.3896,2.3939,2.3878,2.3935,2624276.3
2024-12-14 22:32:00+09:00,2.3936,2.3944,2.3881,2.3914,2633905.3
2024-12-14 22:33:00+09:00,2.3914,2.3915,2.3886,2.3905,1318391.9
2024-12-14 22:34:00+09:00,2.3905,2.3918,2.3876,2.3891,2126206.1
2024-12-14 22:35:00+09:00,2.3892,2.3933,2.3885,2.3918,1723925.1
2024-12-14 22:36:00+09:00,2.3918,2.3921,2.3866,2.3899,1456823.4
2024-12-14 22:37:00+09:00,2.3899,2.3910,2.3873,2.3883,1098237.1
2024-12-14 22:38:00+09:00,2.3882,2.3921,2.3874,2.3920,949892.3
2024-12-14 22:39:00+09:00,2.3921,2.3945,2.3913,2.3932,1689091.4
2024-12-14 22:40:00+09:00,2.3931,2.3967,2.3902,2.3964,1317838.5
2024-12-14 22:41:00+09:00,2.3964,2.4020,2.3954,2.4011,3690528.6
2024-12-14 22:42:00+09:00,2.4010,2.4011,2.3967,2.3978,1933535.2
2024-12-14 22:43:00+09:00,2.3977,2.3984,2.3939,2.3962,2039816.3
2024-12-14 22:44:00+09:00,2.3963,2.4000,2.3945,2.3945,1274735.5
2024-12-14 22:45:00+09:00,2.3945,2.3952,2.3898,2.3909,1580830.7
2024-12-14 22:46:00+09:00,2.3909,2.3927,2.3868,2.3904,1839026.0
2024-12-14 22:47:00+09:00,2.3904,2.3923,2.3897,2.3907,1007232.9
2024-12-14 22:48:00+09:00,2.3908,2.3913,2.3880,2.3880,671606.0
2024-12-14 22:49:00+09:00,2.3881,2.3905,2.3844,2.3848,1171708.0
2024-12-14 22:50:00+09:00,2.3849,2.3850,2.3794,2.3843,2102219.0
2024-12-14 22:51:00+09:00,2.3844,2.3859,2.3805,2.3806,1169229.3
2024-12-14 22:52:00+09:00,2.3805,2.3819,2.3755,2.3791,2792033.5
2024-12-14 22:53:00+09:00,2.3792,2.3795,2.3711,2.3731,2253982.9
2024-12-14 22:54:00+09:00,2.3731,2.3756,2.3713,2.3745,2194180.4
2024-12-14 22:55:00+09:00,2.3744,2.3836,2.3744,2.3798,2575263.9
2024-12-14 22:56:00+09:00,2.3798,2.3800,2.3764,2.3779,1372684.5
2024-12-14 22:57:00+09:00,2.3778,2.3828,2.3773,2.3807,1127694.9
2024-12-14 22:58:00+09:00,2.3807,2.3845,2.3807,2.3835,763771.9
2024-12-14 22:59:00+09:00,2.3834,2.3843,2.3813,2.3834,841300.4
2024-12-14 23:00:00+09:00,2.3833,2.3875,2.3825,2.3862,1020950.2
2024-12-14 23:01:00+09:00,2.3863,2.3916,2.3863,2.3897,1925484.1
2024-12-14 23:02:00+09:00,2.3897,2.3977,2.3896,2.3955,2574955.3
2024-12-14 23:03:00+09:00,2.3956,2.3965,2.3877,2.3912,2925644.9
2024-12-14 23:04:00+09:00,2.3912,2.3920,2.3893,2.3912,965883.5
2024-12-14 23:05:00+09:00,2.3912,2.3918,2.3890,2.3901,1007631.9
2024-12-14 23:06:00+09:00,2.3902,2.3906,2.3878,2.3891,1374427.3
2024-12-14 23:07:00+09:00,2.3890,2.3902,2.3878,2.3887,779591.5
2024-12-14 23:08:00+09:00,2.3888,2.3914,2.3887,2.3908,631861.8
2024-12-14 23:09:00+09:00,2.3909,2.3950,2.3886,2.3940,755068.6
2024-12-14 23:10:00+09:00,2.3940,2.3981,2.3935,2.3978,828629.4
2024-12-14 23:11:00+09:00,2.3977,2.3982,2.3923,2.3952,1143381.5
2024-12-14 23:12:00+09:00,2.3951,2.3981,2.3934,2.3976,956313.7
2024-12-14 23:13:00+09:00,2.3975,2.4032,2.3974,2.4025,1906252.8
2024-12-14 23:14:00+09:00,2.4025,2.4048,2.3997,2.3997,2768014.1
2024-12-14 23:15:00+09:00,2.3997,2.4060,2.3992,2.4045,2829293.9
2024-12-14 23:16:00+09:00,2.4045,2.4075,2.4040,2.4064,1696155.9
2024-12-14 23:17:00+09:00,2.4063,2.4071,2.4020,2.4031,2393717.9
2024-12-14 23:18:00+09:00,2.4032,2.4070,2.4028,2.4062,1223699.1
2024-12-14 23:19:00+09:00,2.4063,2.4105,2.4059,2.4100,2366917.9
2024-12-14 23:20:00+09:00,2.4100,2.4122,2.4051,2.4060,2943173.6
2024-12-14 23:21:00+09:00,2.4059,2.4077,2.4050,2.4068,1131587.0
2024-12-14 23:22:00+09:00,2.4067,2.4068,2.4014,2.4022,1745667.5
2024-12-14 23:23:00+09:00,2.4021,2.4040,2.4015,2.4026,1172987.9
2024-12-14 23:24:00+09:00,2.4026,2.4034,2.4015,2.4031,713428.0
2024-12-14 23:25:00+09:00,2.4031,2.4033,2.4020,2.4024,606442.8
2024-12-14 23:26:00+09:00,2.4024,2.4025,2.3967,2.3984,2632908.0
2024-12-14 23:27:00+09:00,2.3984,2.4017,2.3984,2.3998,905652.0
2024-12-14 23:28:00+09:00,2.3998,2.3999,2.3988,2.3999,370690.1
2024-12-14 23:29:00+09:00,2.3998,2.4020,2.3998,2.4013,757287.2
2024-12-14 23:30:00+09:00,2.4013,2.4014,2.3973,2.3985,1421983.4
2024-12-14 23:31:00+09:00,2.3984,2.4004,2.3961,2.3980,1144047.6
2024-12-14 23:32:00+09:00,2.3980,2.3992,2.3975,2.3992,485755.6
2024-12-14 23:33:00+09:00,2.3991,2.4009,2.3980,2.3988,912345.3
2024-12-14 23:34:00+09:00,2.3988,2.4061,2.3987,2.4059,1442191.6
2024-12-14 23:35:00+09:00,2.4059,2.4114,2.4056,2.4087,1971541.7
2024-12-14 23:36:00+09:00,2.4087,2.4091,2.4054,2.4073,1070357.7
2024-12-14 23:37:00+09:00,2.4073,2.4109,2.4059,2.4105,1042268.0
2024-12-14 23:38:00+09:00,2.4105,2.4130,2.4090,2.4129,1255398.0
2024-12-14 23:39:00+09:00,2.4130,2.4132,2.4102,2.4104,1098211.5
2024-12-14 23:40:00+09:00,2.4104,2.4110,2.4061,2.4067,1588960.7
2024-12-14 23:41:00+09:00,2.4067,2.4093,2.4058,2.4071,833460.2
2024-12-14 23:42:00+09:00,2.4072,2.4074,2.4019,2.4028,1972855.2
2024-12-14 23:43:00+09:00,2.4028,2.4055,2.4027,2.4045,816979.4
2024-12-14 23:44:00+09:00,2.4045,2.4047,2.4028,2.4038,771813.1
2024-12-14 23:45:00+09:00,2.4038,2.4066,2.4037,2.4059,809067.5
2024-12-14 23:46:00+09:00,2.4058,2.4071,2.4050,2.4071,620488.4
2024-12-14 23:47:00+09:00,2.4072,2.4098,2.4051,2.4092,963045.4
2024-12-14 23:48:00+09:00,2.4092,2.4111,2.4091,2.4102,847168.1
2024-12-14 23:49:00+09:00,2.4102,2.4142,2.4102,2.4142,1822689.9
2024-12-14 23:50:00+09:00,2.4142,2.4178,2.4134,2.4140,1938424.5
2024-12-14 23:51:00+09:00,2.4139,2.4152,2.4111,2.4112,933079.6
2024-12-14 23:52:00+09:00,2.4111,2.4123,2.4063,2.4074,1354509.4
2024-12-14 23:53:00+09:00,2.4074,2.4111,2.4073,2.4109,689159.5
2024-12-14 23:54:00+09:00,2.4109,2.4109,2.4089,2.4103,359674.6
2024-12-14 23:55:00+09:00,2.4104,2.4104,2.4086,2.4098,402114.2
2024-12-14 23:56:00+09:00,2.4099,2.4120,2.4096,2.4113,399354.4
2024-12-14 23:57:00+09:00,2.4113,2.4130,2.4093,2.4094,613032.9
2024-12-14 23:58:00+09:00,2.4094,2.4116,2.4093,2.4105,312836.4
2024-12-14 23:59:00+09:00,2.4104,2.4106,2.4058,2.4061,736381.8
2024-12-15 00:00:00+09:00,2.4062,2.4063,2.4035,2.4050,1890222.5
2024-12-15 00:01:00+09:00,2.4050,2.4050,2.4008,2.4008,1252408.4
2024-12-15 00:02:00+09:00,2.4008,2.4013,2.3974,2.3982,1700023.8
2024-12-15 00:03:00+09:00,2.3981,2.4027,2.3977,2.4003,1552134.2
2024-12-15 00:04:00+09:00,2.4002,2.4022,2.3990,2.4008,400647.5
2024-12-15 00:05:00+09:00,2.4008,2.4009,2.3966,2.3984,909066.1
2024-12-15 00:06:00+09:00,2.3985,2.4012,2.3985,2.3999,459393.4
2024-12-15 00:07:00+09:00,2.3998,2.4021,2.3998,2.4018,291866.4
2024-12-15 00:08:00+09:00,2.4018,2.4030,2.3994,2.4030,565359.9
2024-12-15 00:09:00+09:00,2.4030,2.4052,2.4025,2.4042,542082.7
2024-12-15 00:10:00+09:00,2.4042,2.4099,2.4035,2.4082,1240461.6
2024-12-15 00:11:00+09:00,2.4082,2.4089,2.4050,2.4084,1231470.1
2024-12-15 00:12:00+09:00,2.4083,2.4091,2.4062,2.4091,742935.2
2024-12-15 00:13:00+09:00,2.4090,2.4096,2.4066,2.4073,470340.3
2024-12-15 00:14:00+09:00,2.4073,2.4095,2.4053,2.4066,688215.4
2024-12-15 00:15:00+09:00,2.4065,2.4065,2.4018,2.4018,612366.6
2024-12-15 00:16:00+09:00,2.4018,2.4052,2.4011,2.4035,629978.4
2024-12-15 00:17:00+09:00,2.4034,2.4049,2.4014,2.4034,538781.7
2024-12-15 00:18:00+09:00,2.4034,2.4038,2.4010,2.4014,448867.4
2024-12-15 00:19:00+09:00,2.4014,2.4046,2.4014,2.4020,475364.7
2024-12-15 00:20:00+09:00,2.4020,2.4062,2.4020,2.4051,497696.9
2024-12-15 00:21:00+09:00,2.4052,2.4105,2.4043,2.4099,986378.4
2024-12-15 00:22:00+09:00,2.4100,2.4139,2.4090,2.4132,1398276.7
2024-12-15 00:23:00+09:00,2.4131,2.4137,2.4076,2.4086,1041163.5
2024-12-15 00:24:00+09:00,2.4086,2.4118,2.4085,2.4090,634430.3
2024-12-15 00:25:00+09:00,2.4090,2.4109,2.4058,2.4063,930715.4
2024-12-15 00:26:00+09:00,2.4063,2.4072,2.4036,2.4047,972423.9
2024-12-15 00:27:00+09:00,2.4047,2.4068,2.4038,2.4043,502042.0
2024-12-15 00:28:00+09:00,2.4044,2.4059,2.4021,2.4022,522776.3
2024-12-15 00:29:00+09:00,2.4021,2.4041,2.4016,2.4031,578593.4
2024-12-15 00:30:00+09:00,2.4031,2.4031,2.3992,2.4001,1444580.6
2024-12-15 00:31:00+09:00,2.4000,2.4061,2.4000,2.4053,697183.0
2024-12-15 00:32:00+09:00,2.4054,2.4054,2.4024,2.4039,354404.5
2024-12-15 00:33:00+09:00,2.4039,2.4064,2.4032,2.4058,533285.5
2024-12-15 00:34:00+09:00,2.4057,2.4058,2.4021,2.4028,416983.9
2024-12-15 00:35:00+09:00,2.4029,2.4065,2.4023,2.4049,265557.6
2024-12-15 00:36:00+09:00,2.4048,2.4053,2.4021,2.4036,268237.2
2024-12-15 00:37:00+09:00,2.4035,2.4036,2.4000,2.4001,529350.4
2024-12-15 00:38:00+09:00,2.4000,2.4018,2.3988,2.3996,699338.2
2024-12-15 00:39:00+09:00,2.3995,2.4000,2.3973,2.3990,1106151.2
2024-12-15 00:40:00+09:00,2.3990,2.4016,2.3981,2.3997,474561.5
2024-12-15 00:41:00+09:00,2.3997,2.4011,2.3980,2.4010,342239.8
2024-12-15 00:42:00+09:00,2.4010,2.4011,2.3990,2.4005,413248.1
2024-12-15 00:43:00+09:00,2.4004,2.4016,2.3996,2.4005,403085.2
2024-12-15 00:44:00+09:00,2.4005,2.4010,2.3984,2.3984,307105.3
2024-12-15 00:45:00+09:00,2.3984,2.3995,2.3982,2.3985,484400.2
2024-12-15 00:46:00+09:00,2.3985,2.3985,2.3936,2.3936,2320648.7
2024-12-15 00:47:00+09:00,2.3936,2.3953,2.3908,2.3910,1454855.5
2024-12-15 00:48:00+09:00,2.3911,2.3960,2.3883,2.3944,1976729.7
2024-12-15 00:49:00+09:00,2.3945,2.3962,2.3938,2.3951,683053.4
2024-12-15 00:50:00+09:00,2.3950,2.3963,2.3925,2.3961,585019.9
2024-12-15 00:51:00+09:00,2.3961,2.3980,2.3953,2.3978,612643.6
2024-12-15 00:52:00+09:00,2.3977,2.4012,2.3966,2.4007,800240.8
2024-12-15 00:53:00+09:00,2.4007,2.4012,2.3984,2.4001,732221.9
2024-12-15 00:54:00+09:00,2.4000,2.4001,2.3980,2.3998,307894.6
2024-12-15 00:55:00+09:00,2.3999,2.4006,2.3978,2.3990,305326.2
2024-12-15 00:56:00+09:00,2.3990,2.4009,2.3982,2.4003,270957.5
2024-12-15 00:57:00+09:00,2.4002,2.4020,2.3996,2.4015,343893.4
2024-12-15 00:58:00+09:00,2.4014,2.4021,2.3996,2.4011,645356.0
2024-12-15 00:59:00+09:00,2.4011,2.4039,2.4010,2.4037,641941.9
2024-12-15 01:00:00+09:00,2.4036,2.4036,2.3975,2.3979,1101179.8
2024-12-15 01:01:00+09:00,2.3980,2.4006,2.3962,2.3983,747603.3
2024-12-15 01:02:00+09:00,2.3983,2.4000,2.3967,2.3975,618196.8
2024-12-15 01:03:00+09:00,2.3974,2.4012,2.3974,2.3997,394650.5
2024-12-15 01:04:00+09:00,2.3998,2.4017,2.3992,2.3998,351321.4
2024-12-15 01:05:00+09:00,2.3998,2.4003,2.3944,2.3955,904697.5
2024-12-15 01:06:00+09:00,2.3956,2.3988,2.3952,2.3954,429462.0
2024-12-15 01:07:00+09:00,2.3955,2.3958,2.3913,2.3917,842744.9
2024-12-15 01:08:00+09:00,2.3916,2.3942,2.3904,2.3907,792364.5
2024-12-15 01:09:00+09:00,2.3908,2.3947,2.3900,2.3929,748560.4
2024-12-15 01:10:00+09:00,2.3928,2.3936,2.3859,2.3860,1646030.5
2024-12-15 01:11:00+09:00,2.3860,2.3884,2.3838,2.3854,1566200.9
2024-12-15 01:12:00+09:00,2.3854,2.3854,2.3826,2.3835,1398639.6
2024-12-15 01:13:00+09:00,2.3835,2.3885,2.3835,2.3845,1272396.6
2024-12-15 01:14:00+09:00,2.3845,2.3868,2.3824,2.3861,1080021.7
2024-12-15 01:15:00+09:00,2.3862,2.3944,2.3862,2.3903,1625446.4
2024-12-15 01:16:00+09:00,2.3903,2.3903,2.3839,2.3855,1739389.8
2024-12-15 01:17:00+09:00,2.3856,2.3887,2.3831,2.3867,747213.8
2024-12-15 01:18:00+09:00,2.3867,2.3903,2.3858,2.3901,658933.2
2024-12-15 01:19:00+09:00,2.3900,2.3972,2.3881,2.3966,1057575.0
2024-12-15 01:20:00+09:00,2.3965,2.4000,2.3956,2.3991,987381.4
2024-12-15 01:21:00+09:00,2.3991,2.3994,2.3945,2.3945,1407771.8
2024-12-15 01:22:00+09:00,2.3945,2.3972,2.3934,2.3955,562467.5
2024-12-15 01:23:00+09:00,2.3955,2.4010,2.3951,2.4004,698826.2
2024-12-15 01:24:00+09:00,2.4004,2.4004,2.3980,2.3996,516235.3
2024-12-15 01:25:00+09:00,2.3996,2.4005,2.3935,2.3939,850688.3
2024-12-15 01:26:00+09:00,2.3939,2.3977,2.3937,2.3963,367339.5
2024-12-15 01:27:00+09:00,2.3962,2.3966,2.3923,2.3936,492042.9
2024-12-15 01:28:00+09:00,2.3936,2.3949,2.3925,2.3936,334620.3
2024-12-15 01:29:00+09:00,2.3935,2.3936,2.3886,2.3898,1043048.5
2024-12-15 01:30:00+09:00,2.3897,2.3958,2.3892,2.3954,725594.8
2024-12-15 01:31:00+09:00,2.3954,2.3961,2.3916,2.3925,488347.2
2024-12-15 01:32:00+09:00,2.3925,2.3978,2.3921,2.3954,621170.7
2024-12-15 01:33:00+09:00,2.3953,2.3998,2.3948,2.3990,1576284.7
2024-12-15 01:34:00+09:00,2.3990,2.4025,2.3959,2.4025,888677.5
2024-12-15 01:35:00+09:00,2.4024,2.4054,2.4019,2.4053,1246049.7
2024-12-15 01:36:00+09:00,2.4053,2.4074,2.4034,2.4060,1071537.3
2024-12-15 01:37:00+09:00,2.4059,2.4068,2.4024,2.4041,645837.6
2024-12-15 01:38:00+09:00,2.4042,2.4081,2.4031,2.4035,801806.7
2024-12-15 01:39:00+09:00,2.4035,2.4043,2.4001,2.4001,1012240.2
2024-12-15 01:40:00+09:00,2.4002,2.4054,2.3998,2.4053,440072.9
2024-12-15 01:41:00+09:00,2.4054,2.4055,2.4032,2.4039,320587.3
2024-12-15 01:42:00+09:00,2.4039,2.4039,2.3996,2.4004,461408.3
2024-12-15 01:43:00+09:00,2.4004,2.4018,2.3985,2.4018,434731.8
2024-12-15 01:44:00+09:00,2.4018,2.4021,2.3997,2.4021,202525.9
2024-12-15 01:45:00+09:00,2.4021,2.4091,2.4021,2.4090,620873.3
2024-12-15 01:46:00+09:00,2.4091,2.4110,2.4057,2.4065,983054.3
2024-12-15 01:47:00+09:00,2.4065,2.4097,2.4059,2.4086,457745.0
2024-12-15 01:48:00+09:00,2.4087,2.4099,2.4046,2.4099,528235.3
2024-12-15 01:49:00+09:00,2.4098,2.4119,2.4089,2.4097,1391109.4
2024-12-15 01:50:00+09:00,2.4098,2.4103,2.4052,2.4056,586856.6
2024-12-15 01:51:00+09:00,2.4056,2.4067,2.4048,2.4059,381386.6
2024-12-15 01:52:00+09:00,2.4058,2.4094,2.4058,2.4079,439522.2
2024-12-15 01:53:00+09:00,2.4079,2.4085,2.4060,2.4067,704692.5
2024-12-15 01:54:00+09:00,2.4066,2.4080,2.4053,2.4053,387113.2
2024-12-15 01:55:00+09:00,2.4054,2.4067,2.4040,2.4066,379010.1
2024-12-15 01:56:00+09:00,2.4066,2.4066,2.4032,2.4034,447980.1
2024-12-15 01:57:00+09:00,2.4033,2.4035,2.4002,2.4030,800702.5
2024-12-15 01:58:00+09:00,2.4031,2.4051,2.4024,2.4050,314598.1
2024-12-15 01:59:00+09:00,2.4050,2.4065,2.4040,2.4058,229550.9
2024-12-15 02:00:00+09:00,2.4057,2.4064,2.4024,2.4036,271748.2
2024-12-15 02:01:00+09:00,2.4036,2.4036,2.3994,2.4002,1053350.2
2024-12-15 02:02:00+09:00,2.4002,2.4006,2.3966,2.3979,1354727.1
2024-12-15 02:03:00+09:00,2.3979,2.4025,2.3974,2.4021,544477.5
2024-12-15 02:04:00+09:00,2.4021,2.4021,2.3977,2.3984,844592.6
2024-12-15 02:05:00+09:00,2.3983,2.4013,2.3971,2.4011,378660.1
2024-12-15 02:06:00+09:00,2.4011,2.4026,2.4002,2.4021,388132.0
2024-12-15 02:07:00+09:00,2.4022,2.4023,2.3997,2.4006,210898.8
2024-12-15 02:08:00+09:00,2.4007,2.4038,2.4007,2.4018,433249.6
2024-12-15 02:09:00+09:00,2.4018,2.4029,2.4011,2.4024,251515.7
2024-12-15 02:10:00+09:00,2.4023,2.4081,2.4021,2.4075,578812.7
2024-12-15 02:11:00+09:00,2.4074,2.4086,2.4048,2.4048,744790.2
2024-12-15 02:12:00+09:00,2.4048,2.4049,2.3996,2.4003,1352857.6
2024-12-15 02:13:00+09:00,2.4003,2.4006,2.3971,2.3971,420985.0
2024-12-15 02:14:00+09:00,2.3972,2.3988,2.3951,2.3966,797250.9
2024-12-15 02:15:00+09:00,2.3966,2.3991,2.3906,2.3931,1430937.5
2024-12-15 02:16:00+09:00,2.3930,2.3960,2.3913,2.3920,918951.5
2024-12-15 02:17:00+09:00,2.3921,2.3927,2.3898,2.3905,786145.6
2024-12-15 02:18:00+09:00,2.3906,2.3945,2.3886,2.3918,1303750.6
2024-12-15 02:19:00+09:00,2.3918,2.3919,2.3890,2.3908,586829.2
2024-12-15 02:20:00+09:00,2.3908,2.3936,2.3893,2.3932,487339.4
2024-12-15 02:21:00+09:00,2.3932,2.3935,2.3913,2.3931,472789.3
2024-12-15 02:22:00+09:00,2.3930,2.3933,2.3893,2.3912,814940.3
2024-12-15 02:23:00+09:00,2.3912,2.3916,2.3897,2.3905,339559.9
2024-12-15 02:24:00+09:00,2.3906,2.3921,2.3895,2.3908,529284.8
2024-12-15 02:25:00+09:00,2.3909,2.3931,2.3892,2.3897,431664.7
2024-12-15 02:26:00+09:00,2.3898,2.3910,2.3842,2.3853,1973149.8
2024-12-15 02:27:00+09:00,2.3853,2.3889,2.3841,2.3868,666888.7
2024-12-15 02:28:00+09:00,2.3867,2.3873,2.3825,2.3833,811511.5
2024-12-15 02:29:00+09:00,2.3833,2.3852,2.3827,2.3827,880265.8
2024-12-15 02:30:00+09:00,2.3828,2.3875,2.3828,2.3874,947841.1
2024-12-15 02:31:00+09:00,2.3874,2.3880,2.3850,2.3868,645049.6
2024-12-15 02:32:00+09:00,2.3869,2.3883,2.3845,2.3851,584270.3
2024-12-15 02:33:00+09:00,2.3852,2.3885,2.3851,2.3875,578597.1
2024-12-15 02:34:00+09:00,2.3875,2.3910,2.3855,2.3889,1687313.5
2024-12-15 02:35:00+09:00,2.3890,2.3921,2.3888,2.3921,666049.9
2024-12-15 02:36:00+09:00,2.3921,2.3922,2.3875,2.3882,1086496.8
2024-12-15 02:37:00+09:00,2.3882,2.3886,2.3834,2.3840,976266.7
2024-12-15 02:38:00+09:00,2.3840,2.3878,2.3822,2.3850,937813.5
2024-12-15 02:39:00+09:00,2.3850,2.3857,2.3752,2.3782,3732449.0
2024-12-15 02:40:00+09:00,2.3781,2.3803,2.3756,2.3762,936861.8
2024-12-15 02:41:00+09:00,2.3762,2.3803,2.3730,2.3802,1932288.2
2024-12-15 02:42:00+09:00,2.3801,2.3812,2.3779,2.3782,856198.7
2024-12-15 02:43:00+09:00,2.3782,2.3793,2.3751,2.3762,877926.0
2024-12-15 02:44:00+09:00,2.3763,2.3783,2.3743,2.3753,610831.0
2024-12-15 02:45:00+09:00,2.3753,2.3793,2.3737,2.3785,983671.9
2024-12-15 02:46:00+09:00,2.3786,2.3817,2.3775,2.3787,820302.9
2024-12-15 02:47:00+09:00,2.3787,2.3802,2.3758,2.3774,638922.8
2024-12-15 02:48:00+09:00,2.3775,2.3819,2.3754,2.3814,963643.6
2024-12-15 02:49:00+09:00,2.3813,2.3822,2.3795,2.3804,373749.8
2024-12-15 02:50:00+09:00,2.3803,2.3820,2.3794,2.3798,732332.6
2024-12-15 02:51:00+09:00,2.3798,2.3807,2.3732,2.3766,1913947.5
2024-12-15 02:52:00+09:00,2.3765,2.3773,2.3740,2.3770,1471900.0
2024-12-15 02:53:00+09:00,2.3769,2.3844,2.3767,2.3844,915631.1
2024-12-15 02:54:00+09:00,2.3844,2.3861,2.3823,2.3833,921867.3
2024-12-15 02:55:00+09:00,2.3832,2.3837,2.3810,2.3824,725451.5
2024-12-15 02:56:00+09:00,2.3825,2.3869,2.3824,2.3844,662240.5
2024-12-15 02:57:00+09:00,2.3844,2.3846,2.3814,2.3818,486386.0
2024-12-15 02:58:00+09:00,2.3819,2.3860,2.3817,2.3846,1406640.0
2024-12-15 02:59:00+09:00,2.3846,2.3860,2.3829,2.3832,594948.1
2024-12-15 03:00:00+09:00,2.3832,2.3848,2.3813,2.3846,1028572.9
2024-12-15 03:01:00+09:00,2.3845,2.3879,2.3811,2.3879,701468.6
2024-12-15 03:02:00+09:00,2.3879,2.3900,2.3861,2.3892,914666.8
2024-12-15 03:03:00+09:00,2.3893,2.3893,2.3842,2.3852,496385.0
2024-12-15 03:04:00+09:00,2.3852,2.3864,2.3837,2.3857,576598.6
2024-12-15 03:05:00+09:00,2.3856,2.3896,2.3854,2.3887,458648.1
2024-12-15 03:06:00+09:00,2.3886,2.3898,2.3830,2.3847,1092356.9
2024-12-15 03:07:00+09:00,2.3847,2.3893,2.3843,2.3874,687238.4
2024-12-15 03:08:00+09:00,2.3874,2.3892,2.3867,2.3891,329525.1
2024-12-15 03:09:00+09:00,2.3891,2.3892,2.3860,2.3868,664396.0
2024-12-15 03:10:00+09:00,2.3868,2.3871,2.3821,2.3833,1820109.3
2024-12-15 03:11:00+09:00,2.3834,2.3870,2.3810,2.3869,533495.7
2024-12-15 03:12:00+09:00,2.3869,2.3880,2.3850,2.3855,753366.0
2024-12-15 03:13:00+09:00,2.3855,2.3855,2.3820,2.3835,696302.1
2024-12-15 03:14:00+09:00,2.3834,2.3865,2.3827,2.3861,1162944.8
2024-12-15 03:15:00+09:00,2.3861,2.3870,2.3838,2.3864,439650.5
2024-12-15 03:16:00+09:00,2.3863,2.3903,2.3858,2.3903,515089.1
2024-12-15 03:17:00+09:00,2.3903,2.3935,2.3890,2.3891,1210965.6
2024-12-15 03:18:00+09:00,2.3890,2.3912,2.3890,2.3897,397368.2
2024-12-15 03:19:00+09:00,2.3897,2.3898,2.3871,2.3878,741112.8
2024-12-15 03:20:00+09:00,2.3879,2.3882,2.3841,2.3844,647136.2
2024-12-15 03:21:00+09:00,2.3845,2.3875,2.3845,2.3864,469268.2
2024-12-15 03:22:00+09:00,2.3864,2.3884,2.3857,2.3867,357021.1
2024-12-15 03:23:00+09:00,2.3866,2.3868,2.3841,2.3841,677131.2
2024-12-15 03:24:00+09:00,2.3841,2.3860,2.3831,2.3854,433922.2
2024-12-15 03:25:00+09:00,2.3854,2.3861,2.3810,2.3811,552545.0
2024-12-15 03:26:00+09:00,2.3810,2.3811,2.3757,2.3771,2720490.2
2024-12-15 03:27:00+09:00,2.3771,2.3794,2.3754,2.3793,934614.7
2024-12-15 03:28:00+09:00,2.3793,2.3793,2.3660,2.3712,3856786.8
2024-12-15 03:29:00+09:00,2.3712,2.3723,2.3679,2.3694,1940702.7
2024-12-15 03:30:00+09:00,2.3694,2.3740,2.3667,2.3686,2502069.4
2024-12-15 03:31:00+09:00,2.3686,2.3715,2.3680,2.3693,1415731.1
2024-12-15 03:32:00+09:00,2.3694,2.3701,2.3667,2.3677,1061139.6
2024-12-15 03:33:00+09:00,2.3677,2.3746,2.3677,2.3738,846227.2
2024-12-15 03:34:00+09:00,2.3739,2.3742,2.3707,2.3713,853201.5
2024-12-15 03:35:00+09:00,2.3712,2.3775,2.3706,2.3771,932233.8
2024-12-15 03:36:00+09:00,2.3771,2.3804,2.3771,2.3777,1130143.7
2024-12-15 03:37:00+09:00,2.3777,2.3804,2.3761,2.3804,630929.6
2024-12-15 03:38:00+09:00,2.3805,2.3806,2.3776,2.3788,734247.7
2024-12-15 03:39:00+09:00,2.3788,2.3807,2.3784,2.3800,723282.2
2024-12-15 03:40:00+09:00,2.3801,2.3814,2.3770,2.3808,1005066.7
2024-12-15 03:41:00+09:00,2.3809,2.3827,2.3803,2.3807,436627.2
2024-12-15 03:42:00+09:00,2.3806,2.3862,2.3806,2.3858,770758.7
2024-12-15 03:43:00+09:00,2.3859,2.3870,2.3840,2.3840,544204.7
2024-12-15 03:44:00+09:00,2.3840,2.3855,2.3840,2.3852,902732.6
2024-12-15 03:45:00+09:00,2.3852,2.3856,2.3840,2.3845,1247599.1
2024-12-15 03:46:00+09:00,2.3846,2.3852,2.3816,2.3846,1604833.7
2024-12-15 03:47:00+09:00,2.3845,2.3884,2.3845,2.3883,897236.9
2024-12-15 03:48:00+09:00,2.3883,2.3884,2.3828,2.3828,531039.0
2024-12-15 03:49:00+09:00,2.3828,2.3856,2.3828,2.3843,409863.4
2024-12-15 03:50:00+09:00,2.3843,2.3850,2.3816,2.3831,476547.0
2024-12-15 03:51:00+09:00,2.3831,2.3831,2.3767,2.3797,782724.4
2024-12-15 03:52:00+09:00,2.3797,2.3805,2.3775,2.3786,856186.6
2024-12-15 03:53:00+09:00,2.3786,2.3796,2.3782,2.3795,272919.9
2024-12-15 03:54:00+09:00,2.3795,2.3830,2.3795,2.3829,749905.2
2024-12-15 03:55:00+09:00,2.3829,2.3830,2.3770,2.3785,2006660.0
2024-12-15 03:56:00+09:00,2.3784,2.3808,2.3780,2.3808,455117.6
2024-12-15 03:57:00+09:00,2.3808,2.3818,2.3793,2.3811,416394.4
2024-12-15 03:58:00+09:00,2.3812,2.3812,2.3775,2.3775,286620.6
2024-12-15 03:59:00+09:00,2.3776,2.3780,2.3763,2.3778,390137.0
2024-12-15 04:00:00+09:00,2.3777,2.3822,2.3766,2.3810,465332.7
2024-12-15 04:01:00+09:00,2.3810,2.3810,2.3777,2.3785,411996.3
2024-12-15 04:02:00+09:00,2.3785,2.3821,2.3778,2.3794,670988.8
2024-12-15 04:03:00+09:00,2.3794,2.3808,2.3776,2.3799,348255.7
2024-12-15 04:04:00+09:00,2.3799,2.3834,2.3795,2.3831,439035.8
2024-12-15 04:05:00+09:00,2.3831,2.3851,2.3810,2.3833,723857.0
2024-12-15 04:06:00+09:00,2.3833,2.3833,2.3801,2.3827,368572.0
2024-12-15 04:07:00+09:00,2.3828,2.3881,2.3828,2.3874,760254.6
2024-12-15 04:08:00+09:00,2.3874,2.3903,2.3858,2.3891,1134662.4
2024-12-15 04:09:00+09:00,2.3892,2.3895,2.3864,2.3864,305661.5
2024-12-15 04:10:00+09:00,2.3865,2.3908,2.3865,2.3898,702188.1
2024-12-15 04:11:00+09:00,2.3898,2.3925,2.3887,2.3921,701368.3
2024-12-15 04:12:00+09:00,2.3921,2.3922,2.3887,2.3890,770990.5
2024-12-15 04:13:00+09:00,2.3889,2.3889,2.3853,2.3855,513362.6
2024-12-15 04:14:00+09:00,2.3855,2.3890,2.3854,2.3881,293868.4
2024-12-15 04:15:00+09:00,2.3880,2.3916,2.3880,2.3903,640752.0
2024-12-15 04:16:00+09:00,2.3902,2.3915,2.3887,2.3888,401866.1
2024-12-15 04:17:00+09:00,2.3888,2.3889,2.3855,2.3856,342558.9
2024-12-15 04:18:00+09:00,2.3855,2.3860,2.3797,2.3802,1076137.7
2024-12-15 04:19:00+09:00,2.3801,2.3846,2.3801,2.3845,577058.0
2024-12-15 04:20:00+09:00,2.3845,2.3873,2.3831,2.3873,482678.5
2024-12-15 04:21:00+09:00,2.3872,2.3874,2.3831,2.3845,495617.4
2024-12-15 04:22:00+09:00,2.3845,2.3864,2.3835,2.3850,316761.2
2024-12-15 04:23:00+09:00,2.3849,2.3852,2.3812,2.3826,721108.5
2024-12-15 04:24:00+09:00,2.3825,2.3861,2.3818,2.3861,238460.4
2024-12-15 04:25:00+09:00,2.3861,2.3894,2.3854,2.3894,343930.5
2024-12-15 04:26:00+09:00,2.3893,2.3899,2.3867,2.3888,318633.9
2024-12-15 04:27:00+09:00,2.3888,2.3889,2.3862,2.3863,231932.1
2024-12-15 04:28:00+09:00,2.3862,2.3875,2.3851,2.3856,190974.0
2024-12-15 04:29:00+09:00,2.3855,2.3894,2.3855,2.3893,244430.5
2024-12-15 04:30:00+09:00,2.3893,2.3970,2.3883,2.3960,1670438.5
2024-12-15 04:31:00+09:00,2.3959,2.3959,2.3916,2.3922,1257120.0
2024-12-15 04:32:00+09:00,2.3922,2.3935,2.3910,2.3927,635673.7
2024-12-15 04:33:00+09:00,2.3926,2.3926,2.3904,2.3912,418029.6
2024-12-15 04:34:00+09:00,2.3913,2.3934,2.3912,2.3924,318985.0
2024-12-15 04:35:00+09:00,2.3924,2.3958,2.3917,2.3936,435342.7
2024-12-15 04:36:00+09:00,2.3935,2.3936,2.3907,2.3914,355112.3
2024-12-15 04:37:00+09:00,2.3914,2.3925,2.3900,2.3900,405633.7
2024-12-15 04:38:00+09:00,2.3900,2.3901,2.3878,2.3885,501904.9
2024-12-15 04:39:00+09:00,2.3885,2.3908,2.3852,2.3901,1476927.0
2024-12-15 04:40:00+09:00,2.3900,2.3919,2.3899,2.3908,287662.0
2024-12-15 04:41:00+09:00,2.3909,2.3922,2.3908,2.3914,215862.0
2024-12-15 04:42:00+09:00,2.3914,2.3928,2.3911,2.3915,743846.7
2024-12-15 04:43:00+09:00,2.3915,2.3920,2.3903,2.3912,486319.0
2024-12-15 04:44:00+09:00,2.3912,2.3937,2.3907,2.3925,897699.4
2024-12-15 04:45:00+09:00,2.3926,2.3926,2.3902,2.3902,524858.6
2024-12-15 04:46:00+09:00,2.3902,2.3930,2.3900,2.3921,1164128.8
2024-12-15 04:47:00+09:00,2.3920,2.3942,2.3917,2.3932,941035.2
2024-12-15 04:48:00+09:00,2.3931,2.3951,2.3930,2.3951,1225840.9
2024-12-15 04:49:00+09:00,2.3950,2.3951,2.3939,2.3948,319467.6
2024-12-15 04:50:00+09:00,2.3948,2.3956,2.3931,2.3937,649020.5
2024-12-15 04:51:00+09:00,2.3937,2.3945,2.3916,2.3935,436469.8
2024-12-15 04:52:00+09:00,2.3936,2.3945,2.3921,2.3938,392825.0
2024-12-15 04:53:00+09:00,2.3938,2.4014,2.3927,2.3992,3867379.1
2024-12-15 04:54:00+09:00,2.3992,2.3995,2.3957,2.3957,793203.7
2024-12-15 04:55:00+09:00,2.3957,2.3960,2.3934,2.3936,323963.3
2024-12-15 04:56:00+09:00,2.3936,2.3941,2.3922,2.3939,865616.4
2024-12-15 04:57:00+09:00,2.3938,2.3977,2.3938,2.3977,456788.2
2024-12-15 04:58:00+09:00,2.3977,2.4008,2.3968,2.3970,1128403.6
2024-12-15 04:59:00+09:00,2.3970,2.3971,2.3939,2.3939,235776.3
2024-12-15 05:00:00+09:00,2.3939,2.3958,2.3934,2.3942,1041567.1
2024-12-15 05:01:00+09:00,2.3942,2.3942,2.3907,2.3926,567688.9
2024-12-15 05:02:00+09:00,2.3925,2.3951,2.3921,2.3936,350744.3
2024-12-15 05:03:00+09:00,2.3935,2.3949,2.3926,2.3937,373466.9
2024-12-15 05:04:00+09:00,2.3936,2.3965,2.3928,2.3960,557993.7
2024-12-15 05:05:00+09:00,2.3961,2.3963,2.3948,2.3949,307206.7
2024-12-15 05:06:00+09:00,2.3949,2.3970,2.3943,2.3961,482328.1
2024-12-15 05:07:00+09:00,2.3961,2.3970,2.3956,2.3960,385652.3
2024-12-15 05:08:00+09:00,2.3960,2.3984,2.3938,2.3951,2767643.5
2024-12-15 05:09:00+09:00,2.3952,2.3957,2.3898,2.3913,2950801.9
2024-12-15 05:10:00+09:00,2.3913,2.3940,2.3906,2.3910,534191.4
2024-12-15 05:11:00+09:00,2.3910,2.3911,2.3859,2.3870,934861.3
2024-12-15 05:12:00+09:00,2.3870,2.3876,2.3850,2.3851,448190.6
2024-12-15 05:13:00+09:00,2.3850,2.3868,2.3838,2.3850,791430.5
2024-12-15 05:14:00+09:00,2.3849,2.3862,2.3836,2.3861,395684.3
2024-12-15 05:15:00+09:00,2.3862,2.3880,2.3861,2.3863,277806.1
2024-12-15 05:16:00+09:00,2.3862,2.3863,2.3822,2.3834,833191.8
2024-12-15 05:17:00+09:00,2.3834,2.3834,2.3784,2.3821,1201573.1
2024-12-15 05:18:00+09:00,2.3820,2.3838,2.3799,2.3832,456326.5
2024-12-15 05:19:00+09:00,2.3832,2.3832,2.3801,2.3802,331156.4
2024-12-15 05:20:00+09:00,2.3801,2.3801,2.3752,2.3777,1214837.0
2024-12-15 05:21:00+09:00,2.3777,2.3787,2.3745,2.3753,636152.0
2024-12-15 05:22:00+09:00,2.3753,2.3776,2.3734,2.3741,675239.3
2024-12-15 05:23:00+09:00,2.3742,2.3775,2.3741,2.3766,541699.7
2024-12-15 05:24:00+09:00,2.3766,2.3798,2.3766,2.3778,833385.1
2024-12-15 05:25:00+09:00,2.3779,2.3789,2.3767,2.3782,338155.7
2024-12-15 05:26:00+09:00,2.3782,2.3806,2.3782,2.3789,1096740.6
2024-12-15 05:27:00+09:00,2.3789,2.3793,2.3780,2.3782,334402.8
2024-12-15 05:28:00+09:00,2.3781,2.3781,2.3761,2.3762,214364.5
2024-12-15 05:29:00+09:00,2.3762,2.3769,2.3740,2.3745,276875.6
2024-12-15 05:30:00+09:00,2.3745,2.3765,2.3720,2.3755,870558.8
2024-12-15 05:31:00+09:00,2.3754,2.3798,2.3754,2.3786,547301.6
2024-12-15 05:32:00+09:00,2.3786,2.3788,2.3726,2.3736,481528.1
2024-12-15 05:33:00+09:00,2.3736,2.3748,2.3720,2.3730,491112.1
2024-12-15 05:34:00+09:00,2.3729,2.3730,2.3689,2.3720,811649.5
2024-12-15 05:35:00+09:00,2.3721,2.3752,2.3720,2.3731,504657.4
2024-12-15 05:36:00+09:00,2.3731,2.3731,2.3696,2.3705,446441.1
2024-12-15 05:37:00+09:00,2.3707,2.3737,2.3705,2.3706,527891.0
2024-12-15 05:38:00+09:00,2.3706,2.3706,2.3680,2.3689,791484.1
2024-12-15 05:39:00+09:00,2.3689,2.3692,2.3670,2.3674,602100.1
2024-12-15 05:40:00+09:00,2.3673,2.3708,2.3666,2.3697,1372999.2
2024-12-15 05:41:00+09:00,2.3693,2.3700,2.3684,2.3694,282334.5
2024-12-15 05:42:00+09:00,2.3694,2.3716,2.3693,2.3708,890174.8
2024-12-15 05:43:00+09:00,2.3708,2.3753,2.3707,2.3736,603042.6
2024-12-15 05:44:00+09:00,2.3735,2.3736,2.3693,2.3703,372820.9
2024-12-15 05:45:00+09:00,2.3704,2.3736,2.3697,2.3725,508135.7
2024-12-15 05:46:00+09:00,2.3724,2.3734,2.3709,2.3715,407877.1
2024-12-15 05:47:00+09:00,2.3715,2.3726,2.3702,2.3709,276473.2
2024-12-15 05:48:00+09:00,2.3708,2.3709,2.3600,2.3622,2835435.5
2024-12-15 05:49:00+09:00,2.3622,2.3646,2.3621,2.3642,1264024.6
2024-12-15 05:50:00+09:00,2.3642,2.3658,2.3628,2.3631,758850.5
2024-12-15 05:51:00+09:00,2.3631,2.3633,2.3557,2.3602,4579421.9
2024-12-15 05:52:00+09:00,2.3602,2.3602,2.3540,2.3557,1933804.8
2024-12-15 05:53:00+09:00,2.3557,2.3597,2.3534,2.3573,1942251.5
2024-12-15 05:54:00+09:00,2.3572,2.3616,2.3572,2.3587,941529.7
2024-12-15 05:55:00+09:00,2.3587,2.3600,2.3542,2.3554,983288.3
2024-12-15 05:56:00+09:00,2.3555,2.3572,2.3542,2.3552,766513.1
2024-12-15 05:57:00+09:00,2.3552,2.3614,2.3546,2.3600,873644.4
2024-12-15 05:58:00+09:00,2.3600,2.3608,2.3585,2.3597,343376.0
2024-12-15 05:59:00+09:00,2.3596,2.3600,2.3570,2.3599,382453.2
2024-12-15 06:00:00+09:00,2.3600,2.3656,2.3583,2.3647,986603.2
2024-12-15 06:01:00+09:00,2.3647,2.3647,2.3613,2.3626,563636.8
2024-12-15 06:02:00+09:00,2.3626,2.3632,2.3594,2.3616,574753.1
2024-12-15 06:03:00+09:00,2.3615,2.3616,2.3582,2.3598,544952.0
2024-12-15 06:04:00+09:00,2.3599,2.3638,2.3599,2.3638,464422.5
2024-12-15 06:05:00+09:00,2.3638,2.3638,2.3605,2.3615,630066.4
2024-12-15 06:06:00+09:00,2.3615,2.3672,2.3614,2.3670,608800.9
2024-12-15 06:07:00+09:00,2.3669,2.3679,2.3663,2.3664,634077.2
2024-12-15 06:08:00+09:00,2.3664,2.3675,2.3643,2.3663,487185.3
2024-12-15 06:09:00+09:00,2.3663,2.3680,2.3653,2.3660,269598.4
2024-12-15 06:10:00+09:00,2.3661,2.3676,2.3652,2.3674,319801.8
2024-12-15 06:11:00+09:00,2.3674,2.3707,2.3670,2.3705,486095.9
2024-12-15 06:12:00+09:00,2.3704,2.3727,2.3704,2.3725,525705.5
2024-12-15 06:13:00+09:00,2.3725,2.3735,2.3709,2.3735,354088.3
2024-12-15 06:14:00+09:00,2.3735,2.3743,2.3727,2.3742,685674.1
2024-12-15 06:15:00+09:00,2.3741,2.3784,2.3732,2.3776,1023332.4
2024-12-15 06:16:00+09:00,2.3775,2.3776,2.3740,2.3746,507662.8
2024-12-15 06:17:00+09:00,2.3746,2.3750,2.3711,2.3748,508426.9
2024-12-15 06:18:00+09:00,2.3748,2.3771,2.3739,2.3768,334230.3
2024-12-15 06:19:00+09:00,2.3768,2.3779,2.3742,2.3746,598739.6
2024-12-15 06:20:00+09:00,2.3746,2.3794,2.3745,2.3768,919579.1
2024-12-15 06:21:00+09:00,2.3767,2.3778,2.3751,2.3774,397386.4
2024-12-15 06:22:00+09:00,2.3774,2.3789,2.3768,2.3783,879461.1
2024-12-15 06:23:00+09:00,2.3784,2.3804,2.3773,2.3787,630764.4
2024-12-15 06:24:00+09:00,2.3787,2.3813,2.3785,2.3792,619584.9
2024-12-15 06:25:00+09:00,2.3792,2.3794,2.3767,2.3771,641712.7
2024-12-15 06:26:00+09:00,2.3772,2.3800,2.3771,2.3793,249350.0
2024-12-15 06:27:00+09:00,2.3793,2.3794,2.3780,2.3793,253418.0
2024-12-15 06:28:00+09:00,2.3793,2.3805,2.3786,2.3789,170946.1
2024-12-15 06:29:00+09:00,2.3788,2.3799,2.3786,2.3799,200714.4
2024-12-15 06:30:00+09:00,2.3800,2.3818,2.3795,2.3809,393215.2
2024-12-15 06:31:00+09:00,2.3809,2.3816,2.3800,2.3813,171265.3
2024-12-15 06:32:00+09:00,2.3813,2.3823,2.3775,2.3779,532971.5
2024-12-15 06:33:00+09:00,2.3780,2.3799,2.3756,2.3795,649671.2
2024-12-15 06:34:00+09:00,2.3796,2.3824,2.3796,2.3813,352554.0
2024-12-15 06:35:00+09:00,2.3812,2.3833,2.3799,2.3821,399380.6
2024-12-15 06:36:00+09:00,2.3821,2.3833,2.3814,2.3833,303277.4
2024-12-15 06:37:00+09:00,2.3833,2.3834,2.3812,2.3830,310123.8
2024-12-15 06:38:00+09:00,2.3831,2.3840,2.3816,2.3823,411309.4
2024-12-15 06:39:00+09:00,2.3823,2.3838,2.3816,2.3821,1206633.0
2024-12-15 06:40:00+09:00,2.3820,2.3828,2.3814,2.3821,269456.3
2024-12-15 06:41:00+09:00,2.3821,2.3850,2.3821,2.3849,460066.5
2024-12-15 06:42:00+09:00,2.3848,2.3849,2.3834,2.3837,309415.3
2024-12-15 06:43:00+09:00,2.3837,2.3853,2.3834,2.3850,346618.5
2024-12-15 06:44:00+09:00,2.3851,2.3885,2.3850,2.3882,584398.5
2024-12-15 06:45:00+09:00,2.3881,2.3881,2.3853,2.3873,707256.2
2024-12-15 06:46:00+09:00,2.3874,2.3874,2.3840,2.3852,382060.3
2024-12-15 06:47:00+09:00,2.3852,2.3854,2.3840,2.3842,191669.8
2024-12-15 06:48:00+09:00,2.3842,2.3854,2.3827,2.3830,878019.5
2024-12-15 06:49:00+09:00,2.3831,2.3844,2.3827,2.3830,497238.5
2024-12-15 06:50:00+09:00,2.3830,2.3847,2.3814,2.3818,1476756.6
2024-12-15 06:51:00+09:00,2.3818,2.3847,2.3818,2.3833,476209.2
2024-12-15 06:52:00+09:00,2.3833,2.3834,2.3792,2.3798,988495.2
2024-12-15 06:53:00+09:00,2.3798,2.3804,2.3761,2.3783,1198261.7
2024-12-15 06:54:00+09:00,2.3783,2.3796,2.3762,2.3772,433980.6
2024-12-15 06:55:00+09:00,2.3772,2.3785,2.3758,2.3784,433484.0
2024-12-15 06:56:00+09:00,2.3784,2.3804,2.3783,2.3800,445524.9
2024-12-15 06:57:00+09:00,2.3800,2.3804,2.3789,2.3800,155678.6
2024-12-15 06:58:00+09:00,2.3799,2.3818,2.3795,2.3803,511237.9
2024-12-15 06:59:00+09:00,2.3804,2.3831,2.3799,2.3819,808151.5
2024-12-15 07:00:00+09:00,2.3818,2.3842,2.3809,2.3837,296953.4
2024-12-15 07:01:00+09:00,2.3837,2.3877,2.3833,2.3871,990771.5
2024-12-15 07:02:00+09:00,2.3871,2.3894,2.3870,2.3893,518506.2
2024-12-15 07:03:00+09:00,2.3893,2.3895,2.3873,2.3876,403933.1
2024-12-15 07:04:00+09:00,2.3875,2.3893,2.3852,2.3857,669042.1
2024-12-15 07:05:00+09:00,2.3857,2.3879,2.3857,2.3872,268886.2
2024-12-15 07:06:00+09:00,2.3871,2.3899,2.3867,2.3877,390348.2
2024-12-15 07:07:00+09:00,2.3876,2.3890,2.3873,2.3876,271709.2
2024-12-15 07:08:00+09:00,2.3877,2.3885,2.3864,2.3873,536695.0
2024-12-15 07:09:00+09:00,2.3874,2.3874,2.3851,2.3857,871450.2
2024-12-15 07:10:00+09:00,2.3858,2.3858,2.3830,2.3849,1488186.2
2024-12-15 07:11:00+09:00,2.3850,2.3870,2.3850,2.3854,337162.5
2024-12-15 07:12:00+09:00,2.3854,2.3900,2.3854,2.3899,355297.3
2024-12-15 07:13:00+09:00,2.3899,2.3905,2.3880,2.3893,498482.3
2024-12-15 07:14:00+09:00,2.3894,2.3917,2.3894,2.3909,672773.7
2024-12-15 07:15:00+09:00,2.3909,2.3927,2.3909,2.3916,627268.9
2024-12-15 07:16:00+09:00,2.3915,2.3940,2.3915,2.3930,597939.2
2024-12-15 07:17:00+09:00,2.3930,2.3954,2.3919,2.3948,1293553.5
2024-12-15 07:18:00+09:00,2.3948,2.3971,2.3937,2.3969,822998.6
2024-12-15 07:19:00+09:00,2.3969,2.3969,2.3955,2.3969,412543.2
2024-12-15 07:20:00+09:00,2.3970,2.3984,2.3968,2.3974,1234044.2
2024-12-15 07:21:00+09:00,2.3973,2.3979,2.3970,2.3978,435154.5
2024-12-15 07:22:00+09:00,2.3978,2.3978,2.3970,2.3970,590371.5
2024-12-15 07:23:00+09:00,2.3970,2.3988,2.3970,2.3976,1912116.3
2024-12-15 07:24:00+09:00,2.3976,2.3993,2.3970,2.3983,741448.6
2024-12-15 07:25:00+09:00,2.3984,2.3993,2.3980,2.3986,406215.9
2024-12-15 07:26:00+09:00,2.3986,2.4007,2.3978,2.4007,1012335.5
2024-12-15 07:27:00+09:00,2.4007,2.4065,2.4000,2.4065,1672995.8
2024-12-15 07:28:00+09:00,2.4064,2.4085,2.4052,2.4080,1617902.8
2024-12-15 07:29:00+09:00,2.4081,2.4081,2.4070,2.4071,749971.0
2024-12-15 07:30:00+09:00,2.4070,2.4071,2.4036,2.4036,755720.7
2024-12-15 07:31:00+09:00,2.4036,2.4036,2.3988,2.3997,1186053.8
2024-12-15 07:32:00+09:00,2.3996,2.4003,2.3986,2.3991,456696.8
2024-12-15 07:33:00+09:00,2.3990,2.3995,2.3964,2.3967,515882.7
2024-12-15 07:34:00+09:00,2.3967,2.3987,2.3963,2.3986,334991.4
2024-12-15 07:35:00+09:00,2.3985,2.4027,2.3985,2.4027,529462.7
2024-12-15 07:36:00+09:00,2.4027,2.4042,2.4010,2.4018,514318.4
2024-12-15 07:37:00+09:00,2.4018,2.4018,2.3989,2.4000,318441.5
2024-12-15 07:38:00+09:00,2.3999,2.4005,2.3971,2.3976,323562.7
2024-12-15 07:39:00+09:00,2.3977,2.3977,2.3958,2.3962,490371.4
2024-12-15 07:40:00+09:00,2.3962,2.3973,2.3947,2.3965,539058.7
2024-12-15 07:41:00+09:00,2.3965,2.4005,2.3958,2.3985,738410.8
2024-12-15 07:42:00+09:00,2.3986,2.4005,2.3986,2.3992,450379.5
2024-12-15 07:43:00+09:00,2.3991,2.4040,2.3991,2.4037,592630.8
2024-12-15 07:44:00+09:00,2.4037,2.4040,2.4023,2.4027,276492.1
2024-12-15 07:45:00+09:00,2.4026,2.4027,2.3969,2.3969,674618.3
2024-12-15 07:46:00+09:00,2.3969,2.3984,2.3968,2.3969,489236.3
2024-12-15 07:47:00+09:00,2.3969,2.3997,2.3966,2.3992,636542.6
2024-12-15 07:48:00+09:00,2.3991,2.4001,2.3981,2.4001,240417.3
2024-12-15 07:49:00+09:00,2.4001,2.4018,2.3997,2.4004,275935.4
2024-12-15 07:50:00+09:00,2.4004,2.4020,2.4001,2.4003,182487.4
2024-12-15 07:51:00+09:00,2.4003,2.4009,2.3973,2.3974,845663.5
2024-12-15 07:52:00+09:00,2.3974,2.3993,2.3972,2.3992,296067.9
2024-12-15 07:53:00+09:00,2.3992,2.3992,2.3976,2.3983,225039.7
2024-12-15 07:54:00+09:00,2.3983,2.4029,2.3983,2.4017,666365.6
2024-12-15 07:55:00+09:00,2.4016,2.4040,2.3976,2.3994,695412.2
2024-12-15 07:56:00+09:00,2.3995,2.4008,2.3989,2.4004,122374.0
2024-12-15 07:57:00+09:00,2.4005,2.4015,2.3995,2.4001,202651.4
2024-12-15 07:58:00+09:00,2.4001,2.4004,2.3979,2.3982,674442.8
2024-12-15 07:59:00+09:00,2.3981,2.3986,2.3970,2.3981,368646.7
2024-12-15 08:00:00+09:00,2.3982,2.4034,2.3982,2.4010,391231.2
2024-12-15 08:01:00+09:00,2.4009,2.4010,2.3979,2.3982,262859.1
2024-12-15 08:02:00+09:00,2.3982,2.3993,2.3975,2.3976,232474.8
2024-12-15 08:03:00+09:00,2.3976,2.3986,2.3966,2.3975,233172.8
2024-12-15 08:04:00+09:00,2.3976,2.3976,2.3925,2.3964,1818396.6
2024-12-15 08:05:00+09:00,2.3963,2.3973,2.3949,2.3963,525708.4
2024-12-15 08:06:00+09:00,2.3963,2.3984,2.3949,2.3975,474399.5
2024-12-15 08:07:00+09:00,2.3975,2.4007,2.3972,2.4001,403909.1
2024-12-15 08:08:00+09:00,2.4001,2.4011,2.3993,2.4005,335285.1
2024-12-15 08:09:00+09:00,2.4005,2.4009,2.3954,2.3991,957746.5
2024-12-15 08:10:00+09:00,2.3990,2.4000,2.3977,2.3989,282200.1
2024-12-15 08:11:00+09:00,2.3990,2.4028,2.3990,2.4014,639708.9
2024-12-15 08:12:00+09:00,2.4014,2.4053,2.4009,2.4050,1130538.5
2024-12-15 08:13:00+09:00,2.4049,2.4060,2.4018,2.4025,773129.5
2024-12-15 08:14:00+09:00,2.4024,2.4024,2.3977,2.3990,933679.6
2024-12-15 08:15:00+09:00,2.3990,2.4023,2.3987,2.4010,439741.6
2024-12-15 08:16:00+09:00,2.4011,2.4022,2.3993,2.4017,246951.5
2024-12-15 08:17:00+09:00,2.4018,2.4044,2.4018,2.4026,416304.9
2024-12-15 08:18:00+09:00,2.4027,2.4047,2.4020,2.4032,444227.9
2024-12-15 08:19:00+09:00,2.4031,2.4042,2.4023,2.4027,456286.9
2024-12-15 08:20:00+09:00,2.4027,2.4039,2.4015,2.4015,535362.7
2024-12-15 08:21:00+09:00,2.4015,2.4028,2.4002,2.4002,404923.3
2024-12-15 08:22:00+09:00,2.4001,2.4006,2.3990,2.4000,635197.5
2024-12-15 08:23:00+09:00,2.4000,2.4023,2.3992,2.4019,240646.7
2024-12-15 08:24:00+09:00,2.4020,2.4028,2.4006,2.4010,152176.3
2024-12-15 08:25:00+09:00,2.4010,2.4024,2.4000,2.4021,189749.2
2024-12-15 08:26:00+09:00,2.4021,2.4034,2.4014,2.4017,255108.8
2024-12-15 08:27:00+09:00,2.4018,2.4032,2.4012,2.4014,367345.5
2024-12-15 08:28:00+09:00,2.4015,2.4020,2.4008,2.4008,154616.9
2024-12-15 08:29:00+09:00,2.4008,2.4036,2.4008,2.4036,198888.7
2024-12-15 08:30:00+09:00,2.4035,2.4066,2.4035,2.4062,516874.1
2024-12-15 08:31:00+09:00,2.4061,2.4065,2.4016,2.4020,515143.6
2024-12-15 08:32:00+09:00,2.4021,2.4031,2.3994,2.4006,543099.7
2024-12-15 08:33:00+09:00,2.4006,2.4008,2.3969,2.3971,841218.1
2024-12-15 08:34:00+09:00,2.3971,2.4008,2.3971,2.4000,312748.4
2024-12-15 08:35:00+09:00,2.4000,2.4017,2.3997,2.4013,296579.1
2024-12-15 08:36:00+09:00,2.4013,2.4021,2.3991,2.3997,254659.5
2024-12-15 08:37:00+09:00,2.3998,2.4020,2.3997,2.4008,184040.7
2024-12-15 08:38:00+09:00,2.4009,2.4027,2.4009,2.4013,167388.3
2024-12-15 08:39:00+09:00,2.4014,2.4024,2.4002,2.4008,110056.6
2024-12-15 08:40:00+09:00,2.4008,2.4010,2.3996,2.3999,246638.5
2024-12-15 08:41:00+09:00,2.3999,2.3999,2.3981,2.3990,192893.0
2024-12-15 08:42:00+09:00,2.3990,2.3991,2.3972,2.3980,215328.2
2024-12-15 08:43:00+09:00,2.3980,2.3989,2.3970,2.3989,398707.2
2024-12-15 08:44:00+09:00,2.3988,2.3995,2.3982,2.3995,163726.1
2024-12-15 08:45:00+09:00,2.3995,2.3995,2.3970,2.3971,190950.1
2024-12-15 08:46:00+09:00,2.3971,2.3981,2.3939,2.3953,654433.1
2024-12-15 08:47:00+09:00,2.3952,2.3958,2.3933,2.3946,393723.3
2024-12-15 08:48:00+09:00,2.3946,2.3968,2.3938,2.3967,312925.8
2024-12-15 08:49:00+09:00,2.3968,2.3994,2.3964,2.3993,279429.0
2024-12-15 08:50:00+09:00,2.3993,2.3994,2.3972,2.3973,296099.1
2024-12-15 08:51:00+09:00,2.3973,2.3981,2.3966,2.3979,181442.1
2024-12-15 08:52:00+09:00,2.3979,2.3989,2.3970,2.3989,144044.4
2024-12-15 08:53:00+09:00,2.3989,2.3994,2.3973,2.3973,227988.8
2024-12-15 08:54:00+09:00,2.3973,2.3973,2.3955,2.3967,519057.7
2024-12-15 08:55:00+09:00,2.3967,2.3993,2.3959,2.3992,334593.9
2024-12-15 08:56:00+09:00,2.3992,2.3999,2.3982,2.3987,202518.2
2024-12-15 08:57:00+09:00,2.3986,2.3998,2.3982,2.3994,146199.5
2024-12-15 08:58:00+09:00,2.3994,2.3994,2.3982,2.3984,185496.9
2024-12-15 08:59:00+09:00,2.3983,2.3999,2.3977,2.3997,360164.7
2024-12-15 09:00:00+09:00,2.3998,2.4000,2.3950,2.3950,455979.7
2024-12-15 09:01:00+09:00,2.3950,2.3951,2.3914,2.3931,1222064.4
2024-12-15 09:02:00+09:00,2.3931,2.3981,2.3931,2.3980,622398.3
2024-12-15 09:03:00+09:00,2.3980,2.4023,2.3980,2.4020,632881.9
2024-12-15 09:04:00+09:00,2.4019,2.4020,2.3980,2.3995,528727.9
2024-12-15 09:05:00+09:00,2.3996,2.4021,2.3996,2.4008,474385.1
2024-12-15 09:06:00+09:00,2.4008,2.4019,2.3961,2.3971,697075.9
2024-12-15 09:07:00+09:00,2.3972,2.3988,2.3972,2.3976,558722.2
2024-12-15 09:08:00+09:00,2.3977,2.3977,2.3941,2.3941,482902.8
2024-12-15 09:09:00+09:00,2.3941,2.3954,2.3931,2.3946,559430.4
2024-12-15 09:10:00+09:00,2.3946,2.3972,2.3933,2.3967,778866.0
2024-12-15 09:11:00+09:00,2.3967,2.3999,2.3963,2.3973,468244.7
2024-12-15 09:12:00+09:00,2.3973,2.3975,2.3948,2.3960,572607.1
2024-12-15 09:13:00+09:00,2.3960,2.3973,2.3944,2.3972,242813.7
2024-12-15 09:14:00+09:00,2.3971,2.3980,2.3966,2.3975,173308.5
2024-12-15 09:15:00+09:00,2.3974,2.4007,2.3951,2.3977,948564.0
2024-12-15 09:16:00+09:00,2.3977,2.3996,2.3974,2.3988,306255.3
2024-12-15 09:17:00+09:00,2.3988,2.3988,2.3966,2.3985,304634.5
2024-12-15 09:18:00+09:00,2.3984,2.3994,2.3974,2.3975,153823.9
2024-12-15 09:19:00+09:00,2.3976,2.3991,2.3973,2.3975,229033.4
2024-12-15 09:20:00+09:00,2.3975,2.4019,2.3965,2.4015,397730.1
2024-12-15 09:21:00+09:00,2.4015,2.4029,2.4003,2.4004,382513.6
2024-12-15 09:22:00+09:00,2.4003,2.4022,2.3996,2.4006,428490.4
2024-12-15 09:23:00+09:00,2.4006,2.4015,2.3994,2.3995,243030.5
2024-12-15 09:24:00+09:00,2.3994,2.4013,2.3993,2.3996,180667.7
2024-12-15 09:25:00+09:00,2.3996,2.4011,2.3996,2.4011,185937.9
2024-12-15 09:26:00+09:00,2.4010,2.4037,2.4004,2.4030,430154.8
2024-12-15 09:27:00+09:00,2.4030,2.4047,2.4027,2.4047,500577.9
2024-12-15 09:28:00+09:00,2.4043,2.4064,2.4039,2.4056,406174.2
2024-12-15 09:29:00+09:00,2.4056,2.4081,2.4056,2.4062,582680.0
2024-12-15 09:30:00+09:00,2.4061,2.4071,2.4056,2.4071,296266.0
2024-12-15 09:31:00+09:00,2.4070,2.4082,2.4008,2.4017,573430.8
2024-12-15 09:32:00+09:00,2.4017,2.4034,2.4016,2.4023,423792.5
2024-12-15 09:33:00+09:00,2.4023,2.4023,2.3988,2.3989,912957.8
2024-12-15 09:34:00+09:00,2.3988,2.3999,2.3966,2.3966,444815.7
2024-12-15 09:35:00+09:00,2.3966,2.3966,2.3928,2.3932,790010.4
2024-12-15 09:36:00+09:00,2.3932,2.3957,2.3932,2.3941,570636.5
2024-12-15 09:37:00+09:00,2.3941,2.3941,2.3907,2.3907,876860.7
2024-12-15 09:38:00+09:00,2.3907,2.3942,2.3903,2.3913,1274275.2
2024-12-15 09:39:00+09:00,2.3913,2.3926,2.3895,2.3896,633945.9
2024-12-15 09:40:00+09:00,2.3895,2.3907,2.3851,2.3880,2260524.3
2024-12-15 09:41:00+09:00,2.3881,2.3906,2.3872,2.3891,722343.2
2024-12-15 09:42:00+09:00,2.3891,2.3962,2.3891,2.3958,690946.0
2024-12-15 09:43:00+09:00,2.3959,2.3959,2.3930,2.3943,340327.1
2024-12-15 09:44:00+09:00,2.3944,2.3944,2.3909,2.3910,429086.9
2024-12-15 09:45:00+09:00,2.3911,2.3969,2.3911,2.3937,1518345.9
2024-12-15 09:46:00+09:00,2.3937,2.3937,2.3897,2.3901,430031.1
2024-12-15 09:47:00+09:00,2.3901,2.3935,2.3900,2.3912,403654.5
2024-12-15 09:48:00+09:00,2.3912,2.3913,2.3843,2.3856,1045840.2
2024-12-15 09:49:00+09:00,2.3856,2.3874,2.3833,2.3873,950560.1
2024-12-15 09:50:00+09:00,2.3873,2.3880,2.3847,2.3847,307158.4
2024-12-15 09:51:00+09:00,2.3848,2.3869,2.3846,2.3868,296251.3
2024-12-15 09:52:00+09:00,2.3868,2.3916,2.3868,2.3911,710219.7
2024-12-15 09:53:00+09:00,2.3911,2.3924,2.3898,2.3922,141390.8
2024-12-15 09:54:00+09:00,2.3922,2.3954,2.3922,2.3946,483735.1
2024-12-15 09:55:00+09:00,2.3945,2.3957,2.3938,2.3954,202865.4
2024-12-15 09:56:00+09:00,2.3954,2.3974,2.3954,2.3965,298144.6
2024-12-15 09:57:00+09:00,2.3964,2.3979,2.3943,2.3954,290765.1
2024-12-15 09:58:00+09:00,2.3955,2.3960,2.3939,2.3955,275121.1
2024-12-15 09:59:00+09:00,2.3956,2.3956,2.3933,2.3942,206071.0
2024-12-15 10:00:00+09:00,2.3942,2.3960,2.3940,2.3949,261245.8
2024-12-15 10:01:00+09:00,2.3949,2.3984,2.3948,2.3981,220502.9
2024-12-15 10:02:00+09:00,2.3981,2.4027,2.3980,2.4002,979355.2
2024-12-15 10:03:00+09:00,2.4003,2.4003,2.3965,2.3973,890698.2
2024-12-15 10:04:00+09:00,2.3972,2.3977,2.3952,2.3963,320552.9
2024-12-15 10:05:00+09:00,2.3964,2.3985,2.3944,2.3944,377235.5
2024-12-15 10:06:00+09:00,2.3945,2.3966,2.3936,2.3966,217770.0
2024-12-15 10:07:00+09:00,2.3966,2.3989,2.3965,2.3973,220151.0
2024-12-15 10:08:00+09:00,2.3974,2.3985,2.3963,2.3981,192136.4
2024-12-15 10:09:00+09:00,2.3981,2.3995,2.3976,2.3982,238128.8
2024-12-15 10:10:00+09:00,2.3981,2.3983,2.3951,2.3971,406151.3
2024-12-15 10:11:00+09:00,2.3972,2.3982,2.3954,2.3978,253393.4
2024-12-15 10:12:00+09:00,2.3977,2.3996,2.3964,2.3989,375974.9
2024-12-15 10:13:00+09:00,2.3988,2.4015,2.3988,2.4012,241296.5
2024-12-15 10:14:00+09:00,2.4013,2.4019,2.3995,2.4004,472251.8
2024-12-15 10:15:00+09:00,2.4003,2.4016,2.3994,2.4003,184437.3
2024-12-15 10:16:00+09:00,2.4003,2.4032,2.4002,2.4031,253826.1
2024-12-15 10:17:00+09:00,2.4032,2.4064,2.4027,2.4040,595483.5
2024-12-15 10:18:00+09:00,2.4039,2.4049,2.4024,2.4024,268087.9
2024-12-15 10:19:00+09:00,2.4024,2.4033,2.3995,2.3996,248759.4
2024-12-15 10:20:00+09:00,2.3996,2.4041,2.3995,2.4036,440424.0
2024-12-15 10:21:00+09:00,2.4037,2.4037,2.4013,2.4019,206325.7
2024-12-15 10:22:00+09:00,2.4019,2.4025,2.4014,2.4016,147761.8
2024-12-15 10:23:00+09:00,2.4017,2.4042,2.4009,2.4039,264606.6
2024-12-15 10:24:00+09:00,2.4038,2.4059,2.4036,2.4059,376852.7
2024-12-15 10:25:00+09:00,2.4058,2.4100,2.4058,2.4096,1131673.1
2024-12-15 10:26:00+09:00,2.4097,2.4108,2.4042,2.4052,948433.2
2024-12-15 10:27:00+09:00,2.4051,2.4067,2.4010,2.4013,769189.8
2024-12-15 10:28:00+09:00,2.4013,2.4014,2.3970,2.4006,1334391.5
2024-12-15 10:29:00+09:00,2.4006,2.4025,2.4006,2.4020,264271.4
2024-12-15 10:30:00+09:00,2.4020,2.4044,2.4011,2.4040,247820.1
2024-12-15 10:31:00+09:00,2.4039,2.4042,2.4002,2.4002,331370.6
2024-12-15 10:32:00+09:00,2.4002,2.4025,2.3986,2.4005,403824.3
2024-12-15 10:33:00+09:00,2.4005,2.4044,2.4004,2.4035,381707.8
2024-12-15 10:34:00+09:00,2.4034,2.4050,2.4018,2.4021,381974.8
2024-12-15 10:35:00+09:00,2.4021,2.4035,2.4019,2.4035,142135.6
2024-12-15 10:36:00+09:00,2.4035,2.4101,2.4035,2.4100,1221658.7
2024-12-15 10:37:00+09:00,2.4100,2.4105,2.4071,2.4075,728735.3
2024-12-15 10:38:00+09:00,2.4076,2.4082,2.4062,2.4062,459706.3
2024-12-15 10:39:00+09:00,2.4062,2.4070,2.4055,2.4059,318959.5
2024-12-15 10:40:00+09:00,2.4059,2.4087,2.4059,2.4072,736096.1
2024-12-15 10:41:00+09:00,2.4073,2.4085,2.4058,2.4065,210465.2
2024-12-15 10:42:00+09:00,2.4064,2.4080,2.4057,2.4080,260377.5
2024-12-15 10:43:00+09:00,2.4079,2.4091,2.4070,2.4070,192700.6
2024-12-15 10:44:00+09:00,2.4070,2.4090,2.4070,2.4088,276730.0
2024-12-15 10:45:00+09:00,2.4087,2.4098,2.4064,2.4096,369341.7
2024-12-15 10:46:00+09:00,2.4097,2.4137,2.4097,2.4136,1236390.0
2024-12-15 10:47:00+09:00,2.4137,2.4150,2.4129,2.4139,835788.7
2024-12-15 10:48:00+09:00,2.4139,2.4139,2.4107,2.4120,824922.1
2024-12-15 10:49:00+09:00,2.4119,2.4119,2.4089,2.4107,962946.7
2024-12-15 10:50:00+09:00,2.4106,2.4127,2.4102,2.4102,340950.7
2024-12-15 10:51:00+09:00,2.4102,2.4112,2.4082,2.4109,765676.8
2024-12-15 10:52:00+09:00,2.4110,2.4162,2.4107,2.4153,996948.0
2024-12-15 10:53:00+09:00,2.4153,2.4153,2.4120,2.4137,690063.0
2024-12-15 10:54:00+09:00,2.4136,2.4159,2.4130,2.4148,653209.5
2024-12-15 10:55:00+09:00,2.4149,2.4169,2.4142,2.4166,801097.7
2024-12-15 10:56:00+09:00,2.4166,2.4200,2.4160,2.4189,1473435.4
2024-12-15 10:57:00+09:00,2.4189,2.4213,2.4180,2.4205,1036550.3
2024-12-15 10:58:00+09:00,2.4204,2.4212,2.4176,2.4188,873289.3
2024-12-15 10:59:00+09:00,2.4189,2.4209,2.4188,2.4201,459992.6
2024-12-15 11:00:00+09:00,2.4201,2.4210,2.4163,2.4169,1709837.3
2024-12-15 11:01:00+09:00,2.4170,2.4179,2.4150,2.4151,878596.4
2024-12-15 11:02:00+09:00,2.4150,2.4154,2.4123,2.4125,1351497.2
2024-12-15 11:03:00+09:00,2.4125,2.4149,2.4120,2.4126,477587.5
2024-12-15 11:04:00+09:00,2.4126,2.4167,2.4126,2.4152,570154.1
2024-12-15 11:05:00+09:00,2.4151,2.4175,2.4147,2.4166,447870.5
2024-12-15 11:06:00+09:00,2.4165,2.4233,2.4165,2.4231,1434326.0
2024-12-15 11:07:00+09:00,2.4232,2.4300,2.4231,2.4296,2861619.4
2024-12-15 11:08:00+09:00,2.4295,2.4352,2.4293,2.4315,2460121.5
2024-12-15 11:09:00+09:00,2.4315,2.4345,2.4299,2.4321,2151416.5
2024-12-15 11:10:00+09:00,2.4321,2.4327,2.4280,2.4302,2007169.8
2024-12-15 11:11:00+09:00,2.4302,2.4346,2.4302,2.4345,1045343.3
2024-12-15 11:12:00+09:00,2.4345,2.4369,2.4344,2.4366,1289049.2
2024-12-15 11:13:00+09:00,2.4366,2.4366,2.4301,2.4344,1664228.5
2024-12-15 11:14:00+09:00,2.4343,2.4354,2.4307,2.4312,787841.9
2024-12-15 11:15:00+09:00,2.4311,2.4338,2.4307,2.4334,563254.1
2024-12-15 11:16:00+09:00,2.4335,2.4337,2.4301,2.4301,533686.1
2024-12-15 11:17:00+09:00,2.4301,2.4320,2.4301,2.4308,632438.7
2024-12-15 11:18:00+09:00,2.4308,2.4323,2.4306,2.4308,473931.5
2024-12-15 11:19:00+09:00,2.4308,2.4312,2.4277,2.4306,1154156.0
2024-12-15 11:20:00+09:00,2.4306,2.4307,2.4281,2.4291,470859.5
2024-12-15 11:21:00+09:00,2.4291,2.4292,2.4254,2.4264,1119563.8
2024-12-15 11:22:00+09:00,2.4263,2.4271,2.4240,2.4256,826581.8
2024-12-15 11:23:00+09:00,2.4255,2.4255,2.4220,2.4230,1015927.2
2024-12-15 11:24:00+09:00,2.4229,2.4288,2.4222,2.4287,805912.1
2024-12-15 11:25:00+09:00,2.4288,2.4288,2.4249,2.4253,736046.6
2024-12-15 11:26:00+09:00,2.4252,2.4270,2.4239,2.4270,398567.2
2024-12-15 11:27:00+09:00,2.4269,2.4270,2.4228,2.4237,694412.8
2024-12-15 11:28:00+09:00,2.4238,2.4257,2.4238,2.4242,420464.0
2024-12-15 11:29:00+09:00,2.4243,2.4258,2.4242,2.4254,261015.2
2024-12-15 11:30:00+09:00,2.4254,2.4258,2.4221,2.4238,577935.9
2024-12-15 11:31:00+09:00,2.4237,2.4254,2.4226,2.4250,299407.0
2024-12-15 11:32:00+09:00,2.4250,2.4290,2.4250,2.4264,493733.5
2024-12-15 11:33:00+09:00,2.4265,2.4286,2.4238,2.4250,563500.9
2024-12-15 11:34:00+09:00,2.4249,2.4250,2.4214,2.4219,671977.2
2024-12-15 11:35:00+09:00,2.4219,2.4244,2.4209,2.4243,475599.8
2024-12-15 11:36:00+09:00,2.4243,2.4243,2.4217,2.4235,293436.9
2024-12-15 11:37:00+09:00,2.4236,2.4253,2.4235,2.4243,312474.6
2024-12-15 11:38:00+09:00,2.4242,2.4276,2.4239,2.4276,345617.6
2024-12-15 11:39:00+09:00,2.4276,2.4288,2.4259,2.4260,599579.4
2024-12-15 11:40:00+09:00,2.4259,2.4262,2.4244,2.4250,178549.9
2024-12-15 11:41:00+09:00,2.4249,2.4249,2.4191,2.4207,763558.3
2024-12-15 11:42:00+09:00,2.4206,2.4220,2.4184,2.4191,451112.7
2024-12-15 11:43:00+09:00,2.4191,2.4224,2.4176,2.4212,603280.6
2024-12-15 11:44:00+09:00,2.4213,2.4233,2.4210,2.4230,445435.2
2024-12-15 11:45:00+09:00,2.4230,2.4236,2.4208,2.4215,483155.0
2024-12-15 11:46:00+09:00,2.4215,2.4232,2.4212,2.4220,228003.6
2024-12-15 11:47:00+09:00,2.4220,2.4224,2.4194,2.4199,561940.6
2024-12-15 11:48:00+09:00,2.4198,2.4199,2.4175,2.4186,330915.7
2024-12-15 11:49:00+09:00,2.4186,2.4206,2.4179,2.4193,242440.6
2024-12-15 11:50:00+09:00,2.4193,2.4193,2.4162,2.4185,473662.8
2024-12-15 11:51:00+09:00,2.4186,2.4204,2.4185,2.4200,289533.4
2024-12-15 11:52:00+09:00,2.4199,2.4203,2.4190,2.4197,153445.2
2024-12-15 11:53:00+09:00,2.4197,2.4221,2.4195,2.4211,497263.6
2024-12-15 11:54:00+09:00,2.4210,2.4237,2.4202,2.4225,713967.7
2024-12-15 11:55:00+09:00,2.4225,2.4245,2.4225,2.4242,241102.9
2024-12-15 11:56:00+09:00,2.4242,2.4280,2.4242,2.4255,1364283.9
2024-12-15 11:57:00+09:00,2.4255,2.4261,2.4222,2.4228,348198.3
2024-12-15 11:58:00+09:00,2.4229,2.4231,2.4210,2.4219,244639.4
2024-12-15 11:59:00+09:00,2.4218,2.4222,2.4205,2.4205,127171.5
2024-12-15 12:00:00+09:00,2.4206,2.4242,2.4206,2.4220,496024.5
2024-12-15 12:01:00+09:00,2.4220,2.4220,2.4167,2.4177,1069182.6
2024-12-15 12:02:00+09:00,2.4177,2.4199,2.4154,2.4157,1029289.2
2024-12-15 12:03:00+09:00,2.4157,2.4165,2.4137,2.4147,1101426.0
2024-12-15 12:04:00+09:00,2.4146,2.4150,2.4129,2.4135,566985.0
2024-12-15 12:05:00+09:00,2.4135,2.4147,2.4114,2.4145,698536.9
2024-12-15 12:06:00+09:00,2.4144,2.4164,2.4139,2.4158,518108.7
2024-12-15 12:07:00+09:00,2.4157,2.4158,2.4131,2.4131,385394.5
2024-12-15 12:08:00+09:00,2.4132,2.4145,2.4111,2.4111,428644.6
2024-12-15 12:09:00+09:00,2.4111,2.4138,2.4111,2.4138,683724.9
2024-12-15 12:10:00+09:00,2.4137,2.4138,2.4117,2.4135,445598.2
2024-12-15 12:11:00+09:00,2.4134,2.4150,2.4134,2.4145,200754.3
2024-12-15 12:12:00+09:00,2.4144,2.4145,2.4118,2.4127,282627.5
2024-12-15 12:13:00+09:00,2.4126,2.4131,2.4117,2.4126,212546.1
2024-12-15 12:14:00+09:00,2.4126,2.4152,2.4126,2.4150,509191.9
2024-12-15 12:15:00+09:00,2.4150,2.4152,2.4141,2.4149,282881.6
2024-12-15 12:16:00+09:00,2.4149,2.4154,2.4130,2.4133,220544.7
2024-12-15 12:17:00+09:00,2.4133,2.4139,2.4121,2.4127,189044.9
2024-12-15 12:18:00+09:00,2.4127,2.4138,2.4118,2.4123,194201.3
2024-12-15 12:19:00+09:00,2.4123,2.4123,2.4088,2.4088,752689.6
2024-12-15 12:19:00+09:00,2.4123,2.4123,2.4088,2.4088,752689.6
2024-12-15 12:20:00+09:00,2.4088,2.4090,2.4060,2.4065,1914751.2
2024-12-15 12:21:00+09:00,2.4065,2.4096,2.4060,2.4089,441944.1
2024-12-15 12:22:00+09:00,2.4088,2.4107,2.4071,2.4088,415851.6
2024-12-15 12:23:00+09:00,2.4088,2.4105,2.4085,2.4099,231906.4
2024-12-15 12:24:00+09:00,2.4099,2.4130,2.4099,2.4126,421384.6
2024-12-15 12:25:00+09:00,2.4125,2.4138,2.4113,2.4133,276172.2
2024-12-15 12:26:00+09:00,2.4133,2.4142,2.4126,2.4134,189232.2
2024-12-15 12:27:00+09:00,2.4133,2.4134,2.4125,2.4125,153637.3
2024-12-15 12:28:00+09:00,2.4125,2.4127,2.4095,2.4095,234566.2
2024-12-15 12:29:00+09:00,2.4095,2.4127,2.4085,2.4127,227797.8
2024-12-15 12:30:00+09:00,2.4126,2.4126,2.4093,2.4101,208469.2
2024-12-15 12:31:00+09:00,2.4102,2.4102,2.4069,2.4097,435825.0
2024-12-15 12:32:00+09:00,2.4097,2.4103,2.4085,2.4094,301535.6
2024-12-15 12:33:00+09:00,2.4095,2.4095,2.4057,2.4063,487136.7
2024-12-15 12:34:00+09:00,2.4063,2.4089,2.4063,2.4079,241294.6
2024-12-15 12:35:00+09:00,2.4080,2.4080,2.4065,2.4068,225711.3
2024-12-15 12:36:00+09:00,2.4069,2.4080,2.4060,2.4073,205466.5
2024-12-15 12:37:00+09:00,2.4072,2.4125,2.4071,2.4113,522879.3
2024-12-15 12:38:00+09:00,2.4112,2.4122,2.4102,2.4110,199306.3
2024-12-15 12:39:00+09:00,2.4110,2.4116,2.4104,2.4110,365005.8
2024-12-15 12:40:00+09:00,2.4109,2.4123,2.4109,2.4120,109888.9
2024-12-15 12:41:00+09:00,2.4119,2.4124,2.4094,2.4099,247788.8
2024-12-15 12:42:00+09:00,2.4099,2.4099,2.4080,2.4088,258203.4
2024-12-15 12:43:00+09:00,2.4089,2.4094,2.4080,2.4088,102043.1
2024-12-15 12:44:00+09:00,2.4088,2.4121,2.4088,2.4120,195154.9
2024-12-15 12:45:00+09:00,2.4119,2.4144,2.4119,2.4135,329908.0
2024-12-15 12:46:00+09:00,2.4134,2.4139,2.4108,2.4115,281392.6
2024-12-15 12:47:00+09:00,2.4115,2.4148,2.4114,2.4142,158903.6
2024-12-15 12:48:00+09:00,2.4141,2.4148,2.4125,2.4125,215993.6
2024-12-15 12:49:00+09:00,2.4124,2.4124,2.4099,2.4099,295626.9
2024-12-15 12:50:00+09:00,2.4098,2.4120,2.4081,2.4119,387616.3
2024-12-15 12:51:00+09:00,2.4119,2.4129,2.4100,2.4117,195737.3
2024-12-15 12:52:00+09:00,2.4117,2.4118,2.4108,2.4117,126103.4
2024-12-15 12:53:00+09:00,2.4117,2.4132,2.4108,2.4131,144332.0
2024-12-15 12:54:00+09:00,2.4131,2.4131,2.4116,2.4117,143960.7
2024-12-15 12:55:00+09:00,2.4116,2.4133,2.4111,2.4133,262657.5
2024-12-15 12:56:00+09:00,2.4134,2.4168,2.4130,2.4166,660709.7
2024-12-15 12:57:00+09:00,2.4166,2.4181,2.4149,2.4177,759614.7
2024-12-15 12:58:00+09:00,2.4177,2.4181,2.4159,2.4159,608541.9
2024-12-15 12:59:00+09:00,2.4160,2.4160,2.4128,2.4147,367586.6
2024-12-15 13:00:00+09:00,2.4148,2.4182,2.4148,2.4171,550743.5
2024-12-15 13:01:00+09:00,2.4171,2.4188,2.4162,2.4163,384865.0
2024-12-15 13:02:00+09:00,2.4163,2.4186,2.4156,2.4171,338536.7
2024-12-15 13:03:00+09:00,2.4171,2.4197,2.4160,2.4197,420610.7
2024-12-15 13:04:00+09:00,2.4197,2.4202,2.4173,2.4173,321007.2
2024-12-15 13:05:00+09:00,2.4173,2.4212,2.4170,2.4212,524069.8
2024-12-15 13:06:00+09:00,2.4212,2.4215,2.4184,2.4184,489737.4
2024-12-15 13:07:00+09:00,2.4184,2.4208,2.4180,2.4195,334298.6
2024-12-15 13:08:00+09:00,2.4196,2.4215,2.4196,2.4201,303739.3
2024-12-15 13:09:00+09:00,2.4201,2.4201,2.4182,2.4186,287325.5
2024-12-15 13:10:00+09:00,2.4187,2.4187,2.4162,2.4171,312276.2
2024-12-15 13:11:00+09:00,2.4170,2.4185,2.4170,2.4181,158296.7
2024-12-15 13:12:00+09:00,2.4181,2.4195,2.4175,2.4192,236564.3
2024-12-15 13:13:00+09:00,2.4192,2.4234,2.4188,2.4233,471362.6
2024-12-15 13:14:00+09:00,2.4233,2.4255,2.4233,2.4236,942400.6
2024-12-15 13:15:00+09:00,2.4236,2.4290,2.4235,2.4288,741489.7
2024-12-15 13:16:00+09:00,2.4288,2.4302,2.4280,2.4296,616285.4
2024-12-15 13:17:00+09:00,2.4295,2.4332,2.4289,2.4312,1260612.7
2024-12-15 13:18:00+09:00,2.4311,2.4325,2.4278,2.4321,803004.7
2024-12-15 13:19:00+09:00,2.4321,2.4366,2.4319,2.4343,1478785.3
2024-12-15 13:20:00+09:00,2.4343,2.4351,2.4287,2.4300,822578.0
2024-12-15 13:21:00+09:00,2.4300,2.4390,2.4286,2.4354,1650501.8
2024-12-15 13:22:00+09:00,2.4355,2.4383,2.4330,2.4352,1427881.9
2024-12-15 13:23:00+09:00,2.4352,2.4353,2.4324,2.4339,568949.7
2024-12-15 13:24:00+09:00,2.4339,2.4363,2.4335,2.4361,542786.2
2024-12-15 13:25:00+09:00,2.4360,2.4361,2.4318,2.4337,658719.1
2024-12-15 13:26:00+09:00,2.4336,2.4347,2.4311,2.4325,758953.8
2024-12-15 13:27:00+09:00,2.4325,2.4334,2.4301,2.4309,1273459.6
2024-12-15 13:28:00+09:00,2.4310,2.4318,2.4268,2.4300,1673524.0
2024-12-15 13:29:00+09:00,2.4299,2.4305,2.4280,2.4294,671858.1
2024-12-15 13:30:00+09:00,2.4295,2.4325,2.4292,2.4316,443065.8
2024-12-15 13:31:00+09:00,2.4316,2.4335,2.4306,2.4331,627397.0
2024-12-15 13:32:00+09:00,2.4332,2.4342,2.4302,2.4303,663457.3
2024-12-15 13:33:00+09:00,2.4303,2.4317,2.4280,2.4300,792135.5
2024-12-15 13:34:00+09:00,2.4300,2.4316,2.4286,2.4315,344495.0
2024-12-15 13:35:00+09:00,2.4314,2.4357,2.4312,2.4352,615590.6
2024-12-15 13:36:00+09:00,2.4353,2.4355,2.4332,2.4337,353566.7
2024-12-15 13:37:00+09:00,2.4336,2.4341,2.4316,2.4318,409883.7
2024-12-15 13:38:00+09:00,2.4318,2.4328,2.4300,2.4326,365103.2
2024-12-15 13:39:00+09:00,2.4326,2.4349,2.4322,2.4347,212282.1
2024-12-15 13:40:00+09:00,2.4348,2.4380,2.4345,2.4374,1006931.0
2024-12-15 13:41:00+09:00,2.4373,2.4428,2.4373,2.4408,1950203.4
2024-12-15 13:42:00+09:00,2.4408,2.4408,2.4384,2.4400,858554.9
2024-12-15 13:43:00+09:00,2.4401,2.4410,2.4362,2.4386,1035971.1
2024-12-15 13:44:00+09:00,2.4387,2.4414,2.4368,2.4369,610806.0
2024-12-15 13:45:00+09:00,2.4368,2.4392,2.4368,2.4388,386440.3
2024-12-15 13:46:00+09:00,2.4388,2.4398,2.4370,2.4372,649212.4
2024-12-15 13:47:00+09:00,2.4373,2.4392,2.4372,2.4382,450106.3
2024-12-15 13:48:00+09:00,2.4382,2.4390,2.4329,2.4332,581073.9
2024-12-15 13:49:00+09:00,2.4332,2.4354,2.4332,2.4338,387146.6
2024-12-15 13:50:00+09:00,2.4338,2.4364,2.4320,2.4359,576829.8
2024-12-15 13:51:00+09:00,2.4359,2.4390,2.4359,2.4361,521531.8
2024-12-15 13:52:00+09:00,2.4361,2.4375,2.4356,2.4364,286257.5
2024-12-15 13:53:00+09:00,2.4364,2.4367,2.4336,2.4341,770047.3
2024-12-15 13:54:00+09:00,2.4341,2.4347,2.4325,2.4325,592120.2
2024-12-15 13:55:00+09:00,2.4325,2.4340,2.4321,2.4337,363998.5
2024-12-15 13:56:00+09:00,2.4338,2.4356,2.4327,2.4349,310273.2
2024-12-15 13:57:00+09:00,2.4349,2.4356,2.4319,2.4338,740557.3
2024-12-15 13:58:00+09:00,2.4338,2.4371,2.4338,2.4355,503114.7
2024-12-15 13:59:00+09:00,2.4355,2.4371,2.4354,2.4366,188372.4
2024-12-15 14:00:00+09:00,2.4366,2.4383,2.4361,2.4380,604089.2
2024-12-15 14:01:00+09:00,2.4380,2.4406,2.4372,2.4401,684428.8
2024-12-15 14:02:00+09:00,2.4402,2.4413,2.4394,2.4395,580283.4
2024-12-15 14:03:00+09:00,2.4396,2.4408,2.4384,2.4404,374167.8
2024-12-15 14:04:00+09:00,2.4405,2.4426,2.4400,2.4422,1215563.0
2024-12-15 14:05:00+09:00,2.4422,2.4434,2.4405,2.4423,508723.5
2024-12-15 14:06:00+09:00,2.4424,2.4426,2.4400,2.4404,448122.4
2024-12-15 14:07:00+09:00,2.4404,2.4404,2.4353,2.4356,550340.7
2024-12-15 14:08:00+09:00,2.4357,2.4373,2.4331,2.4336,612145.9
2024-12-15 14:09:00+09:00,2.4336,2.4351,2.4330,2.4346,312008.1
2024-12-15 14:10:00+09:00,2.4346,2.4346,2.4312,2.4328,746707.5
2024-12-15 14:11:00+09:00,2.4328,2.4332,2.4313,2.4332,431066.4
2024-12-15 14:12:00+09:00,2.4331,2.4331,2.4308,2.4308,357305.3
2024-12-15 14:13:00+09:00,2.4309,2.4314,2.4254,2.4262,1571249.6
2024-12-15 14:14:00+09:00,2.4262,2.4283,2.4253,2.4283,444715.1
2024-12-15 14:15:00+09:00,2.4283,2.4288,2.4268,2.4285,356721.7
2024-12-15 14:16:00+09:00,2.4286,2.4325,2.4271,2.4302,1408817.9
2024-12-15 14:17:00+09:00,2.4302,2.4316,2.4295,2.4310,405982.0
2024-12-15 14:18:00+09:00,2.4311,2.4330,2.4310,2.4322,342996.4
2024-12-15 14:19:00+09:00,2.4322,2.4322,2.4291,2.4317,543866.7
2024-12-15 14:20:00+09:00,2.4318,2.4330,2.4306,2.4313,200403.3
2024-12-15 14:21:00+09:00,2.4313,2.4344,2.4312,2.4344,271722.8
2024-12-15 14:22:00+09:00,2.4343,2.4348,2.4325,2.4346,374975.3
2024-12-15 14:23:00+09:00,2.4346,2.4366,2.4346,2.4364,428163.9
2024-12-15 14:24:00+09:00,2.4365,2.4370,2.4359,2.4368,234604.4
2024-12-15 14:25:00+09:00,2.4367,2.4385,2.4358,2.4381,273704.8
2024-12-15 14:26:00+09:00,2.4382,2.4387,2.4377,2.4377,361426.8
2024-12-15 14:27:00+09:00,2.4378,2.4381,2.4340,2.4345,693371.9
2024-12-15 14:28:00+09:00,2.4346,2.4366,2.4345,2.4364,497367.1
2024-12-15 14:29:00+09:00,2.4364,2.4372,2.4354,2.4360,267452.3
2024-12-15 14:30:00+09:00,2.4361,2.4381,2.4358,2.4379,594585.2
2024-12-15 14:31:00+09:00,2.4379,2.4386,2.4366,2.4381,258113.1
2024-12-15 14:32:00+09:00,2.4380,2.4394,2.4370,2.4384,396787.2
2024-12-15 14:33:00+09:00,2.4383,2.4385,2.4352,2.4366,629911.9
2024-12-15 14:34:00+09:00,2.4367,2.4376,2.4328,2.4338,708111.8
2024-12-15 14:35:00+09:00,2.4339,2.4351,2.4327,2.4350,242821.7
2024-12-15 14:36:00+09:00,2.4351,2.4359,2.4340,2.4348,220601.3
2024-12-15 14:37:00+09:00,2.4348,2.4348,2.4303,2.4303,587260.0
2024-12-15 14:38:00+09:00,2.4303,2.4312,2.4292,2.4312,275151.4
2024-12-15 14:39:00+09:00,2.4312,2.4324,2.4305,2.4320,269090.8
2024-12-15 14:40:00+09:00,2.4319,2.4320,2.4304,2.4318,252463.6
2024-12-15 14:41:00+09:00,2.4317,2.4344,2.4317,2.4344,115437.2
2024-12-15 14:42:00+09:00,2.4344,2.4359,2.4343,2.4358,356610.6
2024-12-15 14:43:00+09:00,2.4358,2.4362,2.4331,2.4331,315761.0
2024-12-15 14:44:00+09:00,2.4332,2.4335,2.4311,2.4314,237998.9
2024-12-15 14:45:00+09:00,2.4313,2.4323,2.4303,2.4315,180469.5
2024-12-15 14:46:00+09:00,2.4316,2.4318,2.4299,2.4311,259628.4
2024-12-15 14:47:00+09:00,2.4310,2.4321,2.4302,2.4305,218831.4
2024-12-15 14:48:00+09:00,2.4304,2.4346,2.4304,2.4346,189319.2
2024-12-15 14:49:00+09:00,2.4346,2.4346,2.4328,2.4329,135379.0
2024-12-15 14:50:00+09:00,2.4329,2.4334,2.4315,2.4323,154700.6
2024-12-15 14:51:00+09:00,2.4324,2.4342,2.4300,2.4303,313349.9
2024-12-15 14:52:00+09:00,2.4302,2.4329,2.4302,2.4320,216904.8
2024-12-15 14:53:00+09:00,2.4320,2.4353,2.4319,2.4347,764064.6
2024-12-15 14:54:00+09:00,2.4347,2.4366,2.4346,2.4356,265203.7
2024-12-15 14:55:00+09:00,2.4356,2.4356,2.4331,2.4332,190752.1
2024-12-15 14:56:00+09:00,2.4332,2.4370,2.4322,2.4357,923956.8
2024-12-15 14:57:00+09:00,2.4358,2.4377,2.4357,2.4365,397744.5
2024-12-15 14:58:00+09:00,2.4366,2.4374,2.4360,2.4366,230065.4
2024-12-15 14:59:00+09:00,2.4366,2.4366,2.4336,2.4336,382864.8
2024-12-15 15:00:00+09:00,2.4337,2.4358,2.4326,2.4329,366949.5
2024-12-15 15:01:00+09:00,2.4329,2.4350,2.4328,2.4342,293721.5
2024-12-15 15:02:00+09:00,2.4342,2.4374,2.4338,2.4374,195250.9
2024-12-15 15:03:00+09:00,2.4373,2.4410,2.4370,2.4409,714485.8
2024-12-15 15:04:00+09:00,2.4409,2.4434,2.4393,2.4406,1667489.2
2024-12-15 15:05:00+09:00,2.4405,2.4405,2.4373,2.4377,1063125.7
2024-12-15 15:06:00+09:00,2.4376,2.4395,2.4376,2.4391,358909.0
2024-12-15 15:07:00+09:00,2.4391,2.4391,2.4373,2.4378,227618.1
2024-12-15 15:08:00+09:00,2.4379,2.4380,2.4342,2.4366,318517.7
2024-12-15 15:09:00+09:00,2.4366,2.4395,2.4366,2.4393,488488.8
2024-12-15 15:10:00+09:00,2.4393,2.4394,2.4353,2.4353,429903.8
2024-12-15 15:11:00+09:00,2.4352,2.4358,2.4328,2.4334,650865.7
2024-12-15 15:12:00+09:00,2.4333,2.4344,2.4319,2.4338,416072.1
2024-12-15 15:13:00+09:00,2.4338,2.4348,2.4322,2.4326,445086.2
2024-12-15 15:14:00+09:00,2.4326,2.4345,2.4325,2.4345,280261.5
2024-12-15 15:15:00+09:00,2.4344,2.4385,2.4344,2.4382,490675.6
2024-12-15 15:16:00+09:00,2.4383,2.4407,2.4380,2.4386,812287.5
2024-12-15 15:17:00+09:00,2.4386,2.4392,2.4375,2.4390,429930.8
2024-12-15 15:18:00+09:00,2.4389,2.4403,2.4384,2.4392,370732.7
2024-12-15 15:19:00+09:00,2.4392,2.4392,2.4356,2.4371,472531.8
2024-12-15 15:20:00+09:00,2.4371,2.4375,2.4346,2.4355,651797.7
2024-12-15 15:21:00+09:00,2.4355,2.4364,2.4338,2.4358,309814.0
2024-12-15 15:22:00+09:00,2.4358,2.4399,2.4357,2.4397,990177.8
2024-12-15 15:23:00+09:00,2.4398,2.4398,2.4381,2.4386,270147.4
2024-12-15 15:24:00+09:00,2.4385,2.4400,2.4385,2.4395,462288.3
2024-12-15 15:25:00+09:00,2.4394,2.4398,2.4378,2.4391,861948.1
2024-12-15 15:26:00+09:00,2.4392,2.4419,2.4389,2.4419,758077.9
2024-12-15 15:27:00+09:00,2.4420,2.4489,2.4420,2.4475,2550701.1
2024-12-15 15:28:00+09:00,2.4476,2.4476,2.4447,2.4449,630454.4
2024-12-15 15:29:00+09:00,2.4448,2.4448,2.4416,2.4423,486957.2
2024-12-15 15:30:00+09:00,2.4422,2.4460,2.4418,2.4450,561087.5
2024-12-15 15:31:00+09:00,2.4450,2.4450,2.4416,2.4424,504139.5
2024-12-15 15:32:00+09:00,2.4425,2.4430,2.4382,2.4382,805750.7
2024-12-15 15:33:00+09:00,2.4382,2.4425,2.4382,2.4417,405931.4
2024-12-15 15:34:00+09:00,2.4417,2.4425,2.4395,2.4406,330191.8
2024-12-15 15:35:00+09:00,2.4406,2.4412,2.4357,2.4375,698919.3
2024-12-15 15:36:00+09:00,2.4375,2.4381,2.4354,2.4354,358343.2
2024-12-15 15:37:00+09:00,2.4354,2.4355,2.4322,2.4324,1213424.4
2024-12-15 15:38:00+09:00,2.4324,2.4365,2.4305,2.4363,1014652.0
2024-12-15 15:39:00+09:00,2.4362,2.4362,2.4313,2.4322,386702.4
2024-12-15 15:40:00+09:00,2.4321,2.4321,2.4263,2.4273,1997660.5
2024-12-15 15:41:00+09:00,2.4272,2.4303,2.4261,2.4280,833768.8
2024-12-15 15:42:00+09:00,2.4281,2.4310,2.4280,2.4297,330873.6
2024-12-15 15:43:00+09:00,2.4297,2.4323,2.4297,2.4316,595543.1
2024-12-15 15:44:00+09:00,2.4316,2.4316,2.4284,2.4294,418675.6
2024-12-15 15:45:00+09:00,2.4295,2.4330,2.4295,2.4307,1024472.7
2024-12-15 15:46:00+09:00,2.4306,2.4330,2.4296,2.4315,358190.3
2024-12-15 15:47:00+09:00,2.4314,2.4330,2.4307,2.4318,164396.6
2024-12-15 15:48:00+09:00,2.4317,2.4317,2.4270,2.4270,711021.7
2024-12-15 15:49:00+09:00,2.4270,2.4270,2.4207,2.4237,2289972.0
2024-12-15 15:50:00+09:00,2.4237,2.4241,2.4200,2.4205,1425281.0
2024-12-15 15:51:00+09:00,2.4205,2.4228,2.4180,2.4191,1634522.9
2024-12-15 15:52:00+09:00,2.4190,2.4210,2.4173,2.4208,903627.2
2024-12-15 15:53:00+09:00,2.4209,2.4228,2.4196,2.4218,696315.3
2024-12-15 15:54:00+09:00,2.4218,2.4220,2.4188,2.4191,457605.7
2024-12-15 15:55:00+09:00,2.4192,2.4218,2.4190,2.4207,475132.4
2024-12-15 15:56:00+09:00,2.4207,2.4218,2.4192,2.4197,702078.6
2024-12-15 15:57:00+09:00,2.4196,2.4201,2.4178,2.4201,500288.2
2024-12-15 15:58:00+09:00,2.4201,2.4226,2.4201,2.4221,347751.8
2024-12-15 15:59:00+09:00,2.4221,2.4222,2.4204,2.4209,304944.4
2024-12-15 16:00:00+09:00,2.4209,2.4260,2.4209,2.4260,707916.6
2024-12-15 16:01:00+09:00,2.4260,2.4274,2.4245,2.4245,637834.4
2024-12-15 16:02:00+09:00,2.4245,2.4265,2.4239,2.4244,447228.8
2024-12-15 16:03:00+09:00,2.4245,2.4253,2.4220,2.4239,313343.0
2024-12-15 16:04:00+09:00,2.4239,2.4267,2.4236,2.4261,559972.1
2024-12-15 16:05:00+09:00,2.4261,2.4272,2.4240,2.4242,285509.0
2024-12-15 16:06:00+09:00,2.4242,2.4250,2.4220,2.4224,468829.5
2024-12-15 16:07:00+09:00,2.4225,2.4237,2.4210,2.4217,320111.1
2024-12-15 16:08:00+09:00,2.4216,2.4220,2.4166,2.4169,1660564.3
2024-12-15 16:09:00+09:00,2.4169,2.4183,2.4133,2.4144,1328116.1
2024-12-15 16:10:00+09:00,2.4144,2.4150,2.4105,2.4107,1554048.2
2024-12-15 16:11:00+09:00,2.4106,2.4122,2.4102,2.4115,997095.5
2024-12-15 16:12:00+09:00,2.4115,2.4159,2.4115,2.4158,775209.3
2024-12-15 16:13:00+09:00,2.4158,2.4185,2.4146,2.4150,1197990.2
2024-12-15 16:14:00+09:00,2.4149,2.4150,2.4132,2.4140,533669.7
2024-12-15 16:15:00+09:00,2.4141,2.4257,2.4136,2.4242,3677014.3
2024-12-15 16:16:00+09:00,2.4242,2.4298,2.4242,2.4285,1644206.2
2024-12-15 16:17:00+09:00,2.4285,2.4297,2.4253,2.4295,1894476.9
2024-12-15 16:18:00+09:00,2.4295,2.4297,2.4257,2.4275,663502.7
2024-12-15 16:19:00+09:00,2.4274,2.4292,2.4262,2.4264,737247.3
2024-12-15 16:20:00+09:00,2.4264,2.4276,2.4246,2.4262,497739.9
2024-12-15 16:21:00+09:00,2.4261,2.4263,2.4227,2.4234,775869.7
2024-12-15 16:22:00+09:00,2.4235,2.4247,2.4217,2.4226,488021.8
2024-12-15 16:23:00+09:00,2.4225,2.4274,2.4220,2.4274,530092.0
2024-12-15 16:24:00+09:00,2.4273,2.4299,2.4171,2.4190,3075266.5
2024-12-15 16:25:00+09:00,2.4190,2.4217,2.4188,2.4212,570908.6
2024-12-15 16:26:00+09:00,2.4212,2.4214,2.4170,2.4179,618962.1
2024-12-15 16:27:00+09:00,2.4180,2.4196,2.4135,2.4144,953466.0
2024-12-15 16:28:00+09:00,2.4144,2.4158,2.4110,2.4110,1651944.4
2024-12-15 16:29:00+09:00,2.4111,2.4134,2.4108,2.4128,665601.9
2024-12-15 16:30:00+09:00,2.4128,2.4179,2.4127,2.4176,623254.3
2024-12-15 16:31:00+09:00,2.4175,2.4178,2.4117,2.4119,675536.3
2024-12-15 16:32:00+09:00,2.4118,2.4121,2.4060,2.4064,1814074.9
2024-12-15 16:33:00+09:00,2.4063,2.4063,2.4003,2.4016,2436449.6
2024-12-15 16:34:00+09:00,2.4016,2.4026,2.3968,2.3991,2758804.2
2024-12-15 16:35:00+09:00,2.3990,2.4015,2.3966,2.4006,1521181.0
2024-12-15 16:36:00+09:00,2.4005,2.4006,2.3980,2.3983,1063812.5
2024-12-15 16:37:00+09:00,2.3982,2.4010,2.3950,2.3951,1598355.9
2024-12-15 16:38:00+09:00,2.3952,2.3970,2.3931,2.3935,1332895.6
2024-12-15 16:39:00+09:00,2.3935,2.3952,2.3901,2.3905,1786778.6
2024-12-15 16:40:00+09:00,2.3905,2.3940,2.3891,2.3931,1525109.4
2024-12-15 16:41:00+09:00,2.3932,2.3948,2.3908,2.3910,1038199.5
2024-12-15 16:42:00+09:00,2.3911,2.3965,2.3885,2.3959,1305403.7
2024-12-15 16:43:00+09:00,2.3958,2.3958,2.3919,2.3932,1028881.9
2024-12-15 16:44:00+09:00,2.3932,2.3935,2.3870,2.3926,1547416.3
2024-12-15 16:45:00+09:00,2.3926,2.3976,2.3916,2.3976,976716.7
2024-12-15 16:46:00+09:00,2.3976,2.3982,2.3936,2.3952,857135.1
2024-12-15 16:47:00+09:00,2.3951,2.3958,2.3938,2.3943,425930.0
2024-12-15 16:48:00+09:00,2.3943,2.3962,2.3912,2.3955,569986.3
2024-12-15 16:49:00+09:00,2.3955,2.3975,2.3949,2.3975,640625.2
2024-12-15 16:50:00+09:00,2.3975,2.3977,2.3953,2.3972,694905.7
2024-12-15 16:51:00+09:00,2.3972,2.3981,2.3957,2.3968,597464.9
2024-12-15 16:52:00+09:00,2.3968,2.4019,2.3968,2.4001,1641665.2
2024-12-15 16:53:00+09:00,2.4002,2.4011,2.3984,2.3994,537031.3
2024-12-15 16:54:00+09:00,2.3995,2.3999,2.3942,2.3952,832730.4
2024-12-15 16:55:00+09:00,2.3952,2.3966,2.3945,2.3949,461655.9
2024-12-15 16:56:00+09:00,2.3950,2.3987,2.3950,2.3986,432876.8
2024-12-15 16:57:00+09:00,2.3986,2.4014,2.3985,2.3987,777075.3
2024-12-15 16:58:00+09:00,2.3986,2.4001,2.3985,2.3992,331068.9
2024-12-15 16:59:00+09:00,2.3993,2.4000,2.3981,2.3989,403169.4
2024-12-15 17:00:00+09:00,2.3988,2.4042,2.3983,2.4035,1060967.6
2024-12-15 17:01:00+09:00,2.4035,2.4079,2.4035,2.4079,886494.2
2024-12-15 17:02:00+09:00,2.4078,2.4079,2.4001,2.4018,1262714.3
2024-12-15 17:03:00+09:00,2.4019,2.4020,2.3963,2.3973,745603.9
2024-12-15 17:04:00+09:00,2.3972,2.3982,2.3939,2.3982,1914811.7
2024-12-15 17:05:00+09:00,2.3982,2.4052,2.3974,2.4033,1452738.9
2024-12-15 17:06:00+09:00,2.4034,2.4047,2.4000,2.4033,932456.3
2024-12-15 17:07:00+09:00,2.4033,2.4050,2.4029,2.4041,428413.3
2024-12-15 17:08:00+09:00,2.4042,2.4050,2.4016,2.4017,441851.8
2024-12-15 17:09:00+09:00,2.4017,2.4051,2.4012,2.4049,460256.7
2024-12-15 17:10:00+09:00,2.4048,2.4060,2.4030,2.4050,523113.5
2024-12-15 17:11:00+09:00,2.4051,2.4063,2.4043,2.4062,342144.1
2024-12-15 17:12:00+09:00,2.4062,2.4079,2.4048,2.4061,694638.9
2024-12-15 17:13:00+09:00,2.4060,2.4078,2.4048,2.4048,556123.4
2024-12-15 17:14:00+09:00,2.4049,2.4064,2.4012,2.4015,386355.3
2024-12-15 17:15:00+09:00,2.4014,2.4060,2.4011,2.4047,367173.8
2024-12-15 17:16:00+09:00,2.4047,2.4055,2.4005,2.4018,1109089.2
2024-12-15 17:17:00+09:00,2.4018,2.4048,2.4014,2.4020,998227.0
2024-12-15 17:18:00+09:00,2.4020,2.4027,2.3930,2.3941,1643749.4
2024-12-15 17:19:00+09:00,2.3940,2.3965,2.3920,2.3958,621002.4
2024-12-15 17:20:00+09:00,2.3958,2.3987,2.3957,2.3969,407164.0
2024-12-15 17:21:00+09:00,2.3970,2.4009,2.3970,2.3992,334662.9
2024-12-15 17:22:00+09:00,2.3992,2.4000,2.3960,2.3963,475218.4
2024-12-15 17:23:00+09:00,2.3963,2.3966,2.3950,2.3964,337989.9
2024-12-15 17:24:00+09:00,2.3965,2.3982,2.3950,2.3958,418461.2
2024-12-15 17:25:00+09:00,2.3958,2.3981,2.3953,2.3956,281449.9
2024-12-15 17:26:00+09:00,2.3956,2.3994,2.3956,2.3991,213774.4
2024-12-15 17:27:00+09:00,2.3991,2.3991,2.3919,2.3919,905961.0
2024-12-15 17:28:00+09:00,2.3919,2.3932,2.3889,2.3909,1006197.2
2024-12-15 17:29:00+09:00,2.3910,2.3919,2.3870,2.3887,1109726.9
2024-12-15 17:30:00+09:00,2.3887,2.3918,2.3887,2.3915,749889.3
2024-12-15 17:31:00+09:00,2.3916,2.3945,2.3915,2.3934,479459.3
2024-12-15 17:32:00+09:00,2.3934,2.3934,2.3905,2.3913,1338665.9
2024-12-15 17:33:00+09:00,2.3914,2.3983,2.3914,2.3978,330576.6
2024-12-15 17:34:00+09:00,2.3978,2.4017,2.3978,2.4011,426989.6
2024-12-15 17:35:00+09:00,2.4011,2.4030,2.3994,2.4029,655351.7
2024-12-15 17:36:00+09:00,2.4030,2.4082,2.4029,2.4077,1367792.6
2024-12-15 17:37:00+09:00,2.4076,2.4085,2.4032,2.4050,745824.3
2024-12-15 17:38:00+09:00,2.4050,2.4050,2.4006,2.4011,561197.7
2024-12-15 17:39:00+09:00,2.4011,2.4048,2.4011,2.4043,297416.9
2024-12-15 17:40:00+09:00,2.4042,2.4062,2.4038,2.4049,451363.1
2024-12-15 17:41:00+09:00,2.4050,2.4080,2.4048,2.4064,530955.8
2024-12-15 17:42:00+09:00,2.4064,2.4075,2.4060,2.4066,246853.0
2024-12-15 17:43:00+09:00,2.4067,2.4092,2.4067,2.4078,412342.3
2024-12-15 17:44:00+09:00,2.4077,2.4081,2.4051,2.4055,268992.1
2024-12-15 17:45:00+09:00,2.4055,2.4092,2.4050,2.4090,563502.0
2024-12-15 17:46:00+09:00,2.4090,2.4123,2.4089,2.4105,1084108.4
2024-12-15 17:47:00+09:00,2.4104,2.4122,2.4094,2.4098,528261.7
2024-12-15 17:48:00+09:00,2.4097,2.4104,2.4076,2.4100,326353.4
2024-12-15 17:49:00+09:00,2.4100,2.4105,2.4078,2.4082,335120.4
2024-12-15 17:50:00+09:00,2.4082,2.4094,2.4076,2.4076,323224.3
2024-12-15 17:51:00+09:00,2.4076,2.4076,2.4035,2.4063,684908.9
2024-12-15 17:52:00+09:00,2.4062,2.4084,2.4062,2.4067,278809.4
2024-12-15 17:53:00+09:00,2.4067,2.4094,2.4064,2.4093,196009.3
2024-12-15 17:54:00+09:00,2.4093,2.4121,2.4076,2.4076,484733.9
2024-12-15 17:55:00+09:00,2.4077,2.4077,2.4059,2.4065,268394.9
2024-12-15 17:56:00+09:00,2.4065,2.4070,2.4053,2.4056,294951.1
2024-12-15 17:57:00+09:00,2.4056,2.4057,2.4038,2.4057,305872.7
2024-12-15 17:58:00+09:00,2.4057,2.4096,2.4057,2.4091,317788.5
2024-12-15 17:59:00+09:00,2.4091,2.4100,2.4085,2.4096,445407.7
2024-12-15 18:00:00+09:00,2.4097,2.4097,2.4069,2.4069,277548.3
2024-12-15 18:01:00+09:00,2.4070,2.4083,2.4007,2.4022,1672666.5
2024-12-15 18:02:00+09:00,2.4022,2.4054,2.4020,2.4049,593766.2
2024-12-15 18:03:00+09:00,2.4049,2.4051,2.4016,2.4016,267405.0
2024-12-15 18:04:00+09:00,2.4016,2.4037,2.4016,2.4029,292701.4
2024-12-15 18:05:00+09:00,2.4030,2.4050,2.4019,2.4034,466023.7
2024-12-15 18:06:00+09:00,2.4034,2.4054,2.4034,2.4043,289932.4
2024-12-15 18:07:00+09:00,2.4043,2.4063,2.4038,2.4056,370537.1
2024-12-15 18:08:00+09:00,2.4056,2.4095,2.4055,2.4090,492856.4
2024-12-15 18:09:00+09:00,2.4090,2.4120,2.4083,2.4115,896681.0
2024-12-15 18:10:00+09:00,2.4115,2.4140,2.4102,2.4139,757122.7
2024-12-15 18:11:00+09:00,2.4138,2.4148,2.4116,2.4138,587066.1
2024-12-15 18:12:00+09:00,2.4137,2.4163,2.4133,2.4135,1259807.5
2024-12-15 18:13:00+09:00,2.4136,2.4144,2.4111,2.4124,616602.9
2024-12-15 18:14:00+09:00,2.4124,2.4126,2.4088,2.4090,777784.2
2024-12-15 18:15:00+09:00,2.4092,2.4115,2.4089,2.4100,343623.6
2024-12-15 18:16:00+09:00,2.4101,2.4104,2.4040,2.4048,862454.5
2024-12-15 18:17:00+09:00,2.4048,2.4057,2.4018,2.4018,420266.3
2024-12-15 18:18:00+09:00,2.4018,2.4042,2.4018,2.4031,588382.9
2024-12-15 18:19:00+09:00,2.4031,2.4050,2.4012,2.4049,335453.7
2024-12-15 18:20:00+09:00,2.4050,2.4071,2.4038,2.4065,237466.6
2024-12-15 18:21:00+09:00,2.4065,2.4068,2.4046,2.4057,201060.6
2024-12-15 18:22:00+09:00,2.4056,2.4085,2.4048,2.4070,425114.6
2024-12-15 18:23:00+09:00,2.4070,2.4076,2.4029,2.4029,439128.9
2024-12-15 18:24:00+09:00,2.4028,2.4042,2.4020,2.4035,243567.1
2024-12-15 18:25:00+09:00,2.4036,2.4076,2.4035,2.4073,331780.2
2024-12-15 18:26:00+09:00,2.4073,2.4086,2.4070,2.4072,234635.3
2024-12-15 18:27:00+09:00,2.4072,2.4080,2.4032,2.4035,274621.8
2024-12-15 18:28:00+09:00,2.4035,2.4059,2.4035,2.4059,211199.5
2024-12-15 18:29:00+09:00,2.4059,2.4059,2.4030,2.4039,336382.2
2024-12-15 18:30:00+09:00,2.4039,2.4071,2.4039,2.4065,272810.3
2024-12-15 18:31:00+09:00,2.4064,2.4072,2.4050,2.4058,280605.8
2024-12-15 18:32:00+09:00,2.4057,2.4099,2.4057,2.4097,246337.2
2024-12-15 18:33:00+09:00,2.4096,2.4109,2.4084,2.4100,387430.5
2024-12-15 18:34:00+09:00,2.4100,2.4114,2.4099,2.4111,550124.1
2024-12-15 18:35:00+09:00,2.4111,2.4112,2.4091,2.4100,173454.3
2024-12-15 18:36:00+09:00,2.4099,2.4120,2.4099,2.4120,269844.6
2024-12-15 18:37:00+09:00,2.4120,2.4130,2.4118,2.4120,213545.4
2024-12-15 18:38:00+09:00,2.4120,2.4129,2.4106,2.4107,526910.3
2024-12-15 18:39:00+09:00,2.4106,2.4124,2.4100,2.4123,378359.1
2024-12-15 18:40:00+09:00,2.4124,2.4156,2.4120,2.4155,541059.0
2024-12-15 18:41:00+09:00,2.4155,2.4176,2.4148,2.4164,1123938.6
2024-12-15 18:42:00+09:00,2.4164,2.4176,2.4163,2.4172,322786.9
2024-12-15 18:43:00+09:00,2.4171,2.4171,2.4108,2.4113,911840.8
2024-12-15 18:44:00+09:00,2.4113,2.4147,2.4111,2.4141,688170.6
2024-12-15 18:45:00+09:00,2.4140,2.4164,2.4126,2.4133,449843.0
2024-12-15 18:46:00+09:00,2.4134,2.4177,2.4133,2.4177,398128.6
2024-12-15 18:47:00+09:00,2.4177,2.4180,2.4168,2.4173,388984.4
2024-12-15 18:48:00+09:00,2.4172,2.4183,2.4166,2.4174,610042.1
2024-12-15 18:49:00+09:00,2.4174,2.4187,2.4174,2.4185,664191.9
2024-12-15 18:50:00+09:00,2.4185,2.4195,2.4172,2.4187,407496.6
2024-12-15 18:51:00+09:00,2.4187,2.4194,2.4174,2.4175,249814.7
2024-12-15 18:52:00+09:00,2.4175,2.4175,2.4149,2.4158,956751.2
2024-12-15 18:53:00+09:00,2.4158,2.4179,2.4145,2.4165,385005.4
2024-12-15 18:54:00+09:00,2.4165,2.4174,2.4158,2.4174,200097.7
2024-12-15 18:55:00+09:00,2.4173,2.4224,2.4173,2.4218,1128188.4
2024-12-15 18:56:00+09:00,2.4218,2.4219,2.4203,2.4215,438509.7
2024-12-15 18:57:00+09:00,2.4214,2.4238,2.4214,2.4236,829115.9
2024-12-15 18:58:00+09:00,2.4237,2.4241,2.4220,2.4224,727723.5
2024-12-15 18:59:00+09:00,2.4223,2.4229,2.4204,2.4212,415523.3
2024-12-15 19:00:00+09:00,2.4213,2.4226,2.4200,2.4201,449677.7
2024-12-15 19:01:00+09:00,2.4200,2.4200,2.4176,2.4193,981268.8
2024-12-15 19:02:00+09:00,2.4193,2.4246,2.4193,2.4240,690244.7
2024-12-15 19:03:00+09:00,2.4240,2.4280,2.4231,2.4280,1113931.0
2024-12-15 19:04:00+09:00,2.4279,2.4282,2.4260,2.4280,706821.2
2024-12-15 19:05:00+09:00,2.4281,2.4305,2.4278,2.4302,1678499.8
2024-12-15 19:06:00+09:00,2.4302,2.4330,2.4262,2.4327,1635238.1
2024-12-15 19:07:00+09:00,2.4327,2.4333,2.4307,2.4310,840801.8
2024-12-15 19:08:00+09:00,2.4310,2.4337,2.4296,2.4320,1492342.6
2024-12-15 19:09:00+09:00,2.4320,2.4336,2.4316,2.4329,514188.2
2024-12-15 19:10:00+09:00,2.4328,2.4345,2.4311,2.4322,2261520.0
2024-12-15 19:11:00+09:00,2.4322,2.4322,2.4295,2.4303,567022.5
2024-12-15 19:12:00+09:00,2.4303,2.4308,2.4265,2.4273,945010.7
2024-12-15 19:13:00+09:00,2.4272,2.4286,2.4267,2.4275,470573.6
2024-12-15 19:14:00+09:00,2.4275,2.4292,2.4274,2.4287,1424233.0
2024-12-15 19:15:00+09:00,2.4287,2.4304,2.4286,2.4294,528761.1
2024-12-15 19:16:00+09:00,2.4294,2.4295,2.4255,2.4266,1469658.5
2024-12-15 19:17:00+09:00,2.4265,2.4282,2.4256,2.4275,395102.1
2024-12-15 19:18:00+09:00,2.4274,2.4277,2.4261,2.4270,285516.2
2024-12-15 19:19:00+09:00,2.4270,2.4274,2.4253,2.4274,382271.0
2024-12-15 19:20:00+09:00,2.4274,2.4285,2.4260,2.4284,727199.6
2024-12-15 19:21:00+09:00,2.4283,2.4284,2.4227,2.4245,1327558.4
2024-12-15 19:22:00+09:00,2.4245,2.4246,2.4206,2.4210,1127212.0
2024-12-15 19:23:00+09:00,2.4210,2.4244,2.4210,2.4222,730183.6
2024-12-15 19:24:00+09:00,2.4222,2.4234,2.4212,2.4215,372593.7
2024-12-15 19:25:00+09:00,2.4215,2.4227,2.4192,2.4226,864445.9
2024-12-15 19:26:00+09:00,2.4225,2.4226,2.4199,2.4205,360372.1
2024-12-15 19:27:00+09:00,2.4205,2.4205,2.4188,2.4191,446670.8
2024-12-15 19:28:00+09:00,2.4192,2.4201,2.4189,2.4198,339225.8
2024-12-15 19:29:00+09:00,2.4199,2.4201,2.4185,2.4192,427236.1
2024-12-15 19:30:00+09:00,2.4192,2.4228,2.4192,2.4201,2184672.3
2024-12-15 19:31:00+09:00,2.4201,2.4204,2.4178,2.4178,464285.9
2024-12-15 19:32:00+09:00,2.4178,2.4188,2.4166,2.4172,464246.9
2024-12-15 19:33:00+09:00,2.4172,2.4180,2.4150,2.4164,600523.2
2024-12-15 19:34:00+09:00,2.4164,2.4184,2.4141,2.4184,831972.2
2024-12-15 19:35:00+09:00,2.4184,2.4184,2.4161,2.4169,479633.0
2024-12-15 19:36:00+09:00,2.4169,2.4182,2.4145,2.4145,378058.5
2024-12-15 19:37:00+09:00,2.4145,2.4163,2.4132,2.4153,426710.8
2024-12-15 19:38:00+09:00,2.4152,2.4164,2.4142,2.4150,879492.7
2024-12-15 19:39:00+09:00,2.4150,2.4151,2.4112,2.4117,701888.6
2024-12-15 19:40:00+09:00,2.4117,2.4121,2.4115,2.4115,372194.9
2024-12-15 19:41:00+09:00,2.4115,2.4121,2.4100,2.4104,757556.4
2024-12-15 19:42:00+09:00,2.4103,2.4121,2.4103,2.4117,2026238.4
2024-12-15 19:43:00+09:00,2.4117,2.4120,2.4116,2.4120,1026195.2
2024-12-15 19:44:00+09:00,2.4120,2.4128,2.4104,2.4110,1069856.9
2024-12-15 19:45:00+09:00,2.4111,2.4119,2.4092,2.4098,1002737.7
2024-12-15 19:46:00+09:00,2.4099,2.4110,2.4080,2.4092,617262.6
2024-12-15 19:47:00+09:00,2.4092,2.4115,2.4089,2.4099,437525.5
2024-12-15 19:48:00+09:00,2.4098,2.4110,2.4092,2.4108,285301.5
2024-12-15 19:49:00+09:00,2.4108,2.4116,2.4099,2.4104,312392.7
2024-12-15 19:50:00+09:00,2.4104,2.4119,2.4098,2.4113,406968.4
2024-12-15 19:51:00+09:00,2.4112,2.4112,2.4084,2.4104,558548.6
2024-12-15 19:52:00+09:00,2.4103,2.4156,2.4102,2.4153,772248.1
2024-12-15 19:53:00+09:00,2.4153,2.4153,2.4130,2.4143,325350.7
2024-12-15 19:54:00+09:00,2.4144,2.4168,2.4143,2.4156,488863.7
2024-12-15 19:55:00+09:00,2.4157,2.4178,2.4156,2.4158,386335.8
2024-12-15 19:56:00+09:00,2.4158,2.4159,2.4123,2.4146,370091.6
2024-12-15 19:57:00+09:00,2.4147,2.4165,2.4141,2.4147,384109.4
2024-12-15 19:58:00+09:00,2.4147,2.4156,2.4137,2.4137,140452.3
2024-12-15 19:59:00+09:00,2.4136,2.4137,2.4120,2.4122,274651.1
2024-12-15 20:00:00+09:00,2.4121,2.4123,2.4100,2.4106,468010.9
2024-12-15 20:01:00+09:00,2.4106,2.4158,2.4106,2.4157,325958.1
2024-12-15 20:02:00+09:00,2.4157,2.4160,2.4122,2.4143,341699.4
2024-12-15 20:03:00+09:00,2.4143,2.4146,2.4131,2.4142,168752.3
2024-12-15 20:04:00+09:00,2.4143,2.4158,2.4133,2.4145,262409.7
2024-12-15 20:05:00+09:00,2.4145,2.4178,2.4145,2.4162,356345.1
2024-12-15 20:06:00+09:00,2.4161,2.4172,2.4154,2.4160,235242.9
2024-12-15 20:07:00+09:00,2.4161,2.4187,2.4161,2.4183,622381.2
2024-12-15 20:08:00+09:00,2.4183,2.4194,2.4173,2.4190,681288.1
2024-12-15 20:09:00+09:00,2.4191,2.4208,2.4185,2.4198,508379.4
2024-12-15 20:10:00+09:00,2.4198,2.4206,2.4190,2.4191,345319.8
2024-12-15 20:11:00+09:00,2.4191,2.4201,2.4190,2.4201,166449.1
2024-12-15 20:12:00+09:00,2.4201,2.4226,2.4200,2.4216,451138.5
2024-12-15 20:13:00+09:00,2.4217,2.4238,2.4214,2.4223,468963.3
2024-12-15 20:14:00+09:00,2.4223,2.4223,2.4180,2.4196,475955.9
2024-12-15 20:15:00+09:00,2.4196,2.4240,2.4195,2.4236,475936.7
2024-12-15 20:16:00+09:00,2.4237,2.4240,2.4217,2.4237,331659.2
2024-12-15 20:17:00+09:00,2.4237,2.4238,2.4212,2.4219,311780.7
2024-12-15 20:18:00+09:00,2.4220,2.4230,2.4200,2.4211,380451.6
2024-12-15 20:19:00+09:00,2.4211,2.4212,2.4178,2.4184,513639.4
2024-12-15 20:20:00+09:00,2.4184,2.4196,2.4155,2.4196,447870.6
2024-12-15 20:21:00+09:00,2.4196,2.4220,2.4189,2.4203,281573.4
2024-12-15 20:22:00+09:00,2.4202,2.4203,2.4169,2.4169,438639.0
2024-12-15 20:23:00+09:00,2.4169,2.4196,2.4166,2.4181,336920.6
2024-12-15 20:24:00+09:00,2.4181,2.4181,2.4165,2.4168,207568.0
2024-12-15 20:25:00+09:00,2.4168,2.4200,2.4168,2.4191,282551.2
2024-12-15 20:26:00+09:00,2.4191,2.4212,2.4189,2.4210,153411.2
2024-12-15 20:27:00+09:00,2.4209,2.4228,2.4205,2.4216,658796.8
2024-12-15 20:28:00+09:00,2.4217,2.4228,2.4200,2.4214,344635.0
2024-12-15 20:29:00+09:00,2.4215,2.4215,2.4200,2.4205,132085.3
2024-12-15 20:30:00+09:00,2.4205,2.4212,2.4186,2.4196,294023.8
2024-12-15 20:31:00+09:00,2.4196,2.4196,2.4170,2.4174,224524.3
2024-12-15 20:32:00+09:00,2.4174,2.4200,2.4174,2.4197,203160.6
2024-12-15 20:33:00+09:00,2.4197,2.4218,2.4197,2.4201,547817.7
2024-12-15 20:34:00+09:00,2.4201,2.4201,2.4178,2.4178,310980.7
2024-12-15 20:35:00+09:00,2.4179,2.4189,2.4158,2.4160,417603.4
2024-12-15 20:36:00+09:00,2.4161,2.4173,2.4133,2.4148,1794434.5
2024-12-15 20:37:00+09:00,2.4147,2.4192,2.4147,2.4184,378738.0
2024-12-15 20:38:00+09:00,2.4184,2.4190,2.4170,2.4189,243287.9
2024-12-15 20:39:00+09:00,2.4190,2.4210,2.4180,2.4206,462414.2
2024-12-15 20:40:00+09:00,2.4205,2.4240,2.4200,2.4236,949949.1
2024-12-15 20:41:00+09:00,2.4237,2.4259,2.4235,2.4245,968307.3
2024-12-15 20:42:00+09:00,2.4246,2.4270,2.4243,2.4264,699774.1
2024-12-15 20:43:00+09:00,2.4263,2.4274,2.4239,2.4267,559291.6
2024-12-15 20:44:00+09:00,2.4266,2.4270,2.4252,2.4253,432123.9
2024-12-15 20:45:00+09:00,2.4253,2.4274,2.4251,2.4260,569629.0
2024-12-15 20:46:00+09:00,2.4261,2.4268,2.4248,2.4261,245509.1
2024-12-15 20:47:00+09:00,2.4261,2.4264,2.4247,2.4250,299425.9
2024-12-15 20:48:00+09:00,2.4250,2.4250,2.4226,2.4239,449808.6
2024-12-15 20:49:00+09:00,2.4239,2.4255,2.4231,2.4238,429588.2
2024-12-15 20:50:00+09:00,2.4238,2.4252,2.4218,2.4238,340162.7
2024-12-15 20:51:00+09:00,2.4238,2.4256,2.4226,2.4253,308534.8
2024-12-15 20:52:00+09:00,2.4252,2.4268,2.4246,2.4260,249383.3
2024-12-15 20:53:00+09:00,2.4260,2.4284,2.4257,2.4281,374003.6
2024-12-15 20:54:00+09:00,2.4280,2.4293,2.4280,2.4287,354141.6
2024-12-15 20:55:00+09:00,2.4288,2.4306,2.4282,2.4291,592968.8
2024-12-15 20:56:00+09:00,2.4292,2.4292,2.4262,2.4268,308251.3
2024-12-15 20:57:00+09:00,2.4269,2.4282,2.4250,2.4282,1191405.7
2024-12-15 20:58:00+09:00,2.4281,2.4282,2.4263,2.4274,338351.6
2024-12-15 20:59:00+09:00,2.4273,2.4282,2.4269,2.4271,324812.0
2024-12-15 21:00:00+09:00,2.4270,2.4308,2.4270,2.4290,1104113.6
2024-12-15 21:01:00+09:00,2.4290,2.4290,2.4265,2.4270,550986.8
2024-12-15 21:02:00+09:00,2.4270,2.4289,2.4258,2.4266,515114.2
2024-12-15 21:03:00+09:00,2.4266,2.4270,2.4224,2.4240,1500270.6
2024-12-15 21:04:00+09:00,2.4240,2.4252,2.4206,2.4250,910262.4
2024-12-15 21:05:00+09:00,2.4251,2.4296,2.4223,2.4223,1556612.7
2024-12-15 21:06:00+09:00,2.4222,2.4244,2.4210,2.4244,572264.4
2024-12-15 21:07:00+09:00,2.4243,2.4244,2.4211,2.4235,892102.6
2024-12-15 21:08:00+09:00,2.4235,2.4262,2.4234,2.4255,533980.9
2024-12-15 21:09:00+09:00,2.4256,2.4260,2.4225,2.4240,679207.0
2024-12-15 21:10:00+09:00,2.4240,2.4284,2.4239,2.4265,774509.9
2024-12-15 21:11:00+09:00,2.4265,2.4265,2.4240,2.4248,681068.0
2024-12-15 21:12:00+09:00,2.4247,2.4248,2.4197,2.4203,915720.9
2024-12-15 21:13:00+09:00,2.4202,2.4204,2.4125,2.4125,1809518.9
2024-12-15 21:14:00+09:00,2.4125,2.4170,2.4104,2.4137,1467971.7
2024-12-15 21:15:00+09:00,2.4137,2.4149,2.4065,2.4091,2214992.7
2024-12-15 21:16:00+09:00,2.4091,2.4140,2.4075,2.4130,951489.3
2024-12-15 21:17:00+09:00,2.4130,2.4184,2.4117,2.4166,990143.0
2024-12-15 21:18:00+09:00,2.4166,2.4193,2.4140,2.4174,970626.3
2024-12-15 21:19:00+09:00,2.4174,2.4197,2.4152,2.4153,559011.3
2024-12-15 21:20:00+09:00,2.4153,2.4180,2.4149,2.4170,767782.1
2024-12-15 21:21:00+09:00,2.4171,2.4190,2.4153,2.4188,369620.4
2024-12-15 21:22:00+09:00,2.4188,2.4205,2.4176,2.4198,636437.2
2024-12-15 21:23:00+09:00,2.4198,2.4240,2.4197,2.4229,613492.4
2024-12-15 21:24:00+09:00,2.4229,2.4250,2.4219,2.4220,491722.0
2024-12-15 21:25:00+09:00,2.4220,2.4226,2.4200,2.4207,303148.8
2024-12-15 21:26:00+09:00,2.4208,2.4236,2.4196,2.4228,360856.7
2024-12-15 21:27:00+09:00,2.4228,2.4228,2.4196,2.4198,300052.2
2024-12-15 21:28:00+09:00,2.4198,2.4198,2.4107,2.4107,1013804.2
2024-12-15 21:29:00+09:00,2.4107,2.4127,2.4075,2.4112,1321971.0
2024-12-15 21:30:00+09:00,2.4111,2.4141,2.4089,2.4140,626822.7
2024-12-15 21:31:00+09:00,2.4140,2.4141,2.4114,2.4123,537979.8
2024-12-15 21:32:00+09:00,2.4122,2.4131,2.4103,2.4115,546621.6
2024-12-15 21:33:00+09:00,2.4115,2.4118,2.4081,2.4082,586793.4
2024-12-15 21:34:00+09:00,2.4082,2.4094,2.4056,2.4087,1140240.7
2024-12-15 21:35:00+09:00,2.4088,2.4099,2.4065,2.4071,478447.2
2024-12-15 21:36:00+09:00,2.4070,2.4078,2.4018,2.4019,2138258.7
2024-12-15 21:37:00+09:00,2.4019,2.4038,2.3966,2.4016,3931356.3
2024-12-15 21:38:00+09:00,2.4017,2.4082,2.4015,2.4033,1381534.1
2024-12-15 21:39:00+09:00,2.4032,2.4073,2.4030,2.4056,1348258.0
2024-12-15 21:40:00+09:00,2.4056,2.4085,2.4031,2.4077,1259210.9
2024-12-15 21:41:00+09:00,2.4077,2.4100,2.4058,2.4067,1781793.9
2024-12-15 21:42:00+09:00,2.4067,2.4067,2.4000,2.4037,1028409.9
2024-12-15 21:43:00+09:00,2.4038,2.4105,2.4029,2.4101,993329.5
2024-12-15 21:44:00+09:00,2.4101,2.4139,2.4097,2.4134,940393.3
2024-12-15 21:45:00+09:00,2.4135,2.4149,2.4083,2.4087,1313264.2
2024-12-15 21:46:00+09:00,2.4087,2.4126,2.4070,2.4099,764121.8
2024-12-15 21:47:00+09:00,2.4100,2.4136,2.4025,2.4035,2746982.2
2024-12-15 21:48:00+09:00,2.4035,2.4073,2.4008,2.4043,1261746.7
2024-12-15 21:49:00+09:00,2.4044,2.4047,2.3980,2.3997,1228901.7
2024-12-15 21:50:00+09:00,2.3997,2.4023,2.3978,2.3988,1889067.8
2024-12-15 21:51:00+09:00,2.3987,2.4036,2.3981,2.4035,689617.9
2024-12-15 21:52:00+09:00,2.4036,2.4053,2.4032,2.4048,625087.9
2024-12-15 21:53:00+09:00,2.4047,2.4056,2.4018,2.4038,506031.2
2024-12-15 21:54:00+09:00,2.4038,2.4048,2.4006,2.4018,1450166.1
2024-12-15 21:55:00+09:00,2.4019,2.4038,2.4002,2.4026,1047497.0
2024-12-15 21:56:00+09:00,2.4026,2.4037,2.4003,2.4036,550771.3
2024-12-15 21:57:00+09:00,2.4036,2.4061,2.4031,2.4042,898735.5
2024-12-15 21:58:00+09:00,2.4042,2.4042,2.3983,2.4019,1971561.2
2024-12-15 21:59:00+09:00,2.4020,2.4023,2.3985,2.4023,973349.0
2024-12-15 22:00:00+09:00,2.4023,2.4050,2.4004,2.4013,773605.7
2024-12-15 22:01:00+09:00,2.4013,2.4013,2.3996,2.3998,601978.2
2024-12-15 22:02:00+09:00,2.3997,2.4014,2.3994,2.3994,325743.4
2024-12-15 22:03:00+09:00,2.3994,2.4005,2.3953,2.3953,905605.7
2024-12-15 22:04:00+09:00,2.3953,2.3961,2.3921,2.3944,2536872.0
2024-12-15 22:05:00+09:00,2.3945,2.3947,2.3902,2.3944,1477797.6
2024-12-15 22:06:00+09:00,2.3945,2.3965,2.3928,2.3945,522140.5
2024-12-15 22:07:00+09:00,2.3944,2.3955,2.3904,2.3928,879295.6
2024-12-15 22:08:00+09:00,2.3928,2.3938,2.3912,2.3922,420133.4
2024-12-15 22:09:00+09:00,2.3921,2.3969,2.3918,2.3948,1029158.6
2024-12-15 22:10:00+09:00,2.3948,2.3970,2.3948,2.3962,313804.4
2024-12-15 22:11:00+09:00,2.3962,2.3970,2.3941,2.3968,363442.4
2024-12-15 22:12:00+09:00,2.3969,2.3984,2.3957,2.3964,327139.6
2024-12-15 22:13:00+09:00,2.3965,2.3979,2.3963,2.3973,252898.3
2024-12-15 22:14:00+09:00,2.3972,2.3980,2.3957,2.3974,441174.1
2024-12-15 22:15:00+09:00,2.3974,2.3974,2.3930,2.3931,429661.8
2024-12-15 22:16:00+09:00,2.3931,2.3952,2.3915,2.3916,364289.1
2024-12-15 22:17:00+09:00,2.3916,2.3932,2.3914,2.3928,415140.7
2024-12-15 22:18:00+09:00,2.3928,2.3962,2.3927,2.3952,365628.9
2024-12-15 22:19:00+09:00,2.3952,2.3957,2.3932,2.3938,623618.5
2024-12-15 22:20:00+09:00,2.3938,2.3981,2.3934,2.3980,369064.5
2024-12-15 22:21:00+09:00,2.3979,2.4050,2.3979,2.4036,1019629.3
2024-12-15 22:22:00+09:00,2.4035,2.4039,2.4020,2.4033,519852.4
2024-12-15 22:23:00+09:00,2.4033,2.4050,2.4011,2.4028,740643.4
2024-12-15 22:24:00+09:00,2.4029,2.4041,2.4018,2.4030,451958.8
2024-12-15 22:25:00+09:00,2.4030,2.4093,2.4030,2.4087,936644.1
2024-12-15 22:26:00+09:00,2.4086,2.4107,2.4072,2.4107,872193.2
2024-12-15 22:27:00+09:00,2.4106,2.4122,2.4095,2.4107,830131.0
2024-12-15 22:28:00+09:00,2.4108,2.4118,2.4077,2.4087,678032.0
2024-12-15 22:29:00+09:00,2.4087,2.4102,2.4075,2.4083,464489.2
2024-12-15 22:30:00+09:00,2.4083,2.4083,2.4040,2.4048,653647.9
2024-12-15 22:31:00+09:00,2.4047,2.4053,2.4025,2.4041,399805.9
2024-12-15 22:32:00+09:00,2.4040,2.4060,2.4040,2.4052,409990.2
2024-12-15 22:33:00+09:00,2.4051,2.4051,2.4017,2.4033,624141.9
2024-12-15 22:34:00+09:00,2.4032,2.4053,2.4032,2.4049,253975.8
2024-12-15 22:35:00+09:00,2.4049,2.4070,2.4039,2.4054,389756.6
2024-12-15 22:36:00+09:00,2.4054,2.4100,2.4053,2.4079,586181.2
2024-12-15 22:37:00+09:00,2.4079,2.4084,2.4062,2.4073,216520.8
2024-12-15 22:38:00+09:00,2.4073,2.4088,2.4058,2.4065,349166.9
2024-12-15 22:39:00+09:00,2.4064,2.4074,2.4054,2.4061,293423.0
2024-12-15 22:40:00+09:00,2.4060,2.4089,2.4056,2.4088,380602.3
2024-12-15 22:41:00+09:00,2.4088,2.4105,2.4056,2.4085,1307066.7
2024-12-15 22:42:00+09:00,2.4085,2.4104,2.4080,2.4102,251836.7
2024-12-15 22:43:00+09:00,2.4103,2.4104,2.4084,2.4103,277888.8
2024-12-15 22:44:00+09:00,2.4103,2.4120,2.4099,2.4119,286765.6
2024-12-15 22:45:00+09:00,2.4120,2.4132,2.4103,2.4106,545691.0
2024-12-15 22:46:00+09:00,2.4106,2.4143,2.4102,2.4139,674835.3
2024-12-15 22:47:00+09:00,2.4139,2.4144,2.4125,2.4144,348836.3
2024-12-15 22:48:00+09:00,2.4143,2.4157,2.4119,2.4128,747132.0
2024-12-15 22:49:00+09:00,2.4129,2.4166,2.4128,2.4165,564357.6
2024-12-15 22:50:00+09:00,2.4165,2.4188,2.4159,2.4188,919379.0
2024-12-15 22:51:00+09:00,2.4187,2.4188,2.4144,2.4151,1062957.0
2024-12-15 22:52:00+09:00,2.4152,2.4172,2.4124,2.4168,629275.3
2024-12-15 22:53:00+09:00,2.4167,2.4182,2.4153,2.4174,746428.2
2024-12-15 22:54:00+09:00,2.4173,2.4178,2.4150,2.4162,1019737.6
2024-12-15 22:55:00+09:00,2.4162,2.4166,2.4108,2.4120,1453835.1
2024-12-15 22:56:00+09:00,2.4120,2.4130,2.4109,2.4120,402360.8
2024-12-15 22:57:00+09:00,2.4120,2.4135,2.4113,2.4116,302334.4
2024-12-15 22:58:00+09:00,2.4115,2.4133,2.4083,2.4090,644521.4
2024-12-15 22:59:00+09:00,2.4091,2.4091,2.4056,2.4068,511925.1
2024-12-15 23:00:00+09:00,2.4068,2.4087,2.4060,2.4086,430701.9
2024-12-15 23:01:00+09:00,2.4086,2.4108,2.4085,2.4095,383162.1
2024-12-15 23:02:00+09:00,2.4094,2.4103,2.4077,2.4087,348781.0
2024-12-15 23:03:00+09:00,2.4087,2.4101,2.4061,2.4083,576915.0
2024-12-15 23:04:00+09:00,2.4083,2.4092,2.4062,2.4063,235559.7
2024-12-15 23:05:00+09:00,2.4064,2.4094,2.4064,2.4090,265593.0
2024-12-15 23:06:00+09:00,2.4090,2.4105,2.4070,2.4097,414035.2
2024-12-15 23:07:00+09:00,2.4096,2.4117,2.4096,2.4113,223408.7
2024-12-15 23:08:00+09:00,2.4112,2.4122,2.4107,2.4115,322755.9
2024-12-15 23:09:00+09:00,2.4116,2.4116,2.4096,2.4110,279834.3
2024-12-15 23:10:00+09:00,2.4111,2.4111,2.4084,2.4091,315280.7
2024-12-15 23:11:00+09:00,2.4090,2.4098,2.4082,2.4095,260442.1
2024-12-15 23:12:00+09:00,2.4095,2.4127,2.4095,2.4117,306364.3
2024-12-15 23:13:00+09:00,2.4118,2.4118,2.4090,2.4099,225198.9
2024-12-15 23:14:00+09:00,2.4099,2.4118,2.4099,2.4112,203241.2
2024-12-15 23:15:00+09:00,2.4113,2.4156,2.4106,2.4154,674357.9
2024-12-15 23:16:00+09:00,2.4155,2.4170,2.4144,2.4169,463390.3
2024-12-15 23:17:00+09:00,2.4168,2.4172,2.4159,2.4159,493064.2
2024-12-15 23:18:00+09:00,2.4160,2.4183,2.4159,2.4179,388705.2
2024-12-15 23:19:00+09:00,2.4179,2.4199,2.4178,2.4187,779838.9
2024-12-15 23:20:00+09:00,2.4186,2.4187,2.4162,2.4163,600517.1
2024-12-15 23:21:00+09:00,2.4162,2.4201,2.4160,2.4197,527083.6
2024-12-15 23:22:00+09:00,2.4196,2.4204,2.4187,2.4190,582642.4
2024-12-15 23:23:00+09:00,2.4191,2.4212,2.4181,2.4210,835382.2
2024-12-15 23:24:00+09:00,2.4210,2.4225,2.4206,2.4221,822293.0
2024-12-15 23:25:00+09:00,2.4221,2.4233,2.4206,2.4222,573143.2
2024-12-15 23:26:00+09:00,2.4223,2.4225,2.4186,2.4190,523781.7
2024-12-15 23:27:00+09:00,2.4190,2.4194,2.4177,2.4184,389903.8
2024-12-15 23:28:00+09:00,2.4184,2.4190,2.4168,2.4174,345216.2
2024-12-15 23:29:00+09:00,2.4173,2.4188,2.4155,2.4180,527640.3
2024-12-15 23:30:00+09:00,2.4180,2.4186,2.4164,2.4167,330394.4
2024-12-15 23:31:00+09:00,2.4166,2.4173,2.4133,2.4151,882141.5
2024-12-15 23:32:00+09:00,2.4152,2.4156,2.4114,2.4128,573929.6
2024-12-15 23:33:00+09:00,2.4128,2.4160,2.4128,2.4153,436794.6
2024-12-15 23:34:00+09:00,2.4153,2.4160,2.4131,2.4139,799486.4
2024-12-15 23:35:00+09:00,2.4140,2.4156,2.4139,2.4146,791518.3
2024-12-15 23:36:00+09:00,2.4146,2.4163,2.4145,2.4151,444911.3
2024-12-15 23:37:00+09:00,2.4151,2.4192,2.4150,2.4191,260277.9
2024-12-15 23:38:00+09:00,2.4191,2.4196,2.4161,2.4161,308689.2
2024-12-15 23:39:00+09:00,2.4162,2.4171,2.4156,2.4170,295220.6
2024-12-15 23:40:00+09:00,2.4170,2.4190,2.4169,2.4173,289656.8
2024-12-15 23:41:00+09:00,2.4173,2.4183,2.4162,2.4178,179341.5
2024-12-15 23:42:00+09:00,2.4178,2.4196,2.4174,2.4191,397351.0
2024-12-15 23:43:00+09:00,2.4190,2.4238,2.4187,2.4214,2214447.7
2024-12-15 23:44:00+09:00,2.4214,2.4224,2.4208,2.4214,415808.8
2024-12-15 23:45:00+09:00,2.4213,2.4218,2.4196,2.4198,427731.4
2024-12-15 23:46:00+09:00,2.4198,2.4252,2.4195,2.4196,1737442.6
2024-12-15 23:47:00+09:00,2.4197,2.4208,2.4194,2.4198,273179.5
2024-12-15 23:48:00+09:00,2.4197,2.4198,2.4173,2.4173,511345.0
2024-12-15 23:49:00+09:00,2.4174,2.4184,2.4166,2.4181,653230.3
2024-12-15 23:50:00+09:00,2.4180,2.4219,2.4178,2.4218,394302.5
2024-12-15 23:51:00+09:00,2.4219,2.4235,2.4207,2.4229,952201.2
2024-12-15 23:52:00+09:00,2.4228,2.4248,2.4215,2.4246,965632.3
2024-12-15 23:53:00+09:00,2.4246,2.4257,2.4238,2.4241,1015697.1
2024-12-15 23:54:00+09:00,2.4242,2.4247,2.4227,2.4232,518646.0
2024-12-15 23:55:00+09:00,2.4232,2.4244,2.4220,2.4243,333274.8
2024-12-15 23:56:00+09:00,2.4243,2.4255,2.4238,2.4254,421596.5
2024-12-15 23:57:00+09:00,2.4255,2.4274,2.4253,2.4273,552925.5
2024-12-15 23:58:00+09:00,2.4273,2.4285,2.4263,2.4279,511648.7
2024-12-15 23:59:00+09:00,2.4279,2.4298,2.4271,2.4297,954348.2
2024-12-16 00:00:00+09:00,2.4297,2.4297,2.4258,2.4289,1041577.2
2024-12-16 00:01:00+09:00,2.4289,2.4304,2.4274,2.4288,1609165.6
2024-12-16 00:02:00+09:00,2.4288,2.4291,2.4250,2.4256,723184.1
2024-12-16 00:03:00+09:00,2.4257,2.4258,2.4222,2.4234,740280.9
2024-12-16 00:04:00+09:00,2.4233,2.4236,2.4210,2.4221,575013.1
2024-12-16 00:05:00+09:00,2.4220,2.4264,2.4220,2.4262,379445.0
2024-12-16 00:06:00+09:00,2.4263,2.4263,2.4221,2.4238,639308.4
2024-12-16 00:07:00+09:00,2.4238,2.4239,2.4215,2.4225,312735.3
2024-12-16 00:08:00+09:00,2.4225,2.4246,2.4225,2.4240,271401.5
2024-12-16 00:09:00+09:00,2.4240,2.4244,2.4220,2.4224,343447.0
2024-12-16 00:10:00+09:00,2.4225,2.4243,2.4224,2.4234,257503.3
2024-12-16 00:11:00+09:00,2.4233,2.4235,2.4220,2.4225,233277.9
2024-12-16 00:12:00+09:00,2.4226,2.4233,2.4190,2.4194,1173007.9
2024-12-16 00:13:00+09:00,2.4193,2.4203,2.4179,2.4183,743660.3
2024-12-16 00:14:00+09:00,2.4182,2.4189,2.4168,2.4171,563900.4
2024-12-16 00:15:00+09:00,2.4172,2.4190,2.4150,2.4151,470124.1
2024-12-16 00:16:00+09:00,2.4150,2.4193,2.4134,2.4177,1857736.2
2024-12-16 00:17:00+09:00,2.4177,2.4196,2.4157,2.4170,393290.6
2024-12-16 00:18:00+09:00,2.4169,2.4176,2.4163,2.4174,372617.9
2024-12-16 00:19:00+09:00,2.4173,2.4200,2.4169,2.4190,384756.9
2024-12-16 00:20:00+09:00,2.4190,2.4230,2.4187,2.4221,542126.5
2024-12-16 00:21:00+09:00,2.4222,2.4223,2.4201,2.4208,254478.3
2024-12-16 00:22:00+09:00,2.4207,2.4210,2.4195,2.4196,385278.7
2024-12-16 00:23:00+09:00,2.4197,2.4220,2.4196,2.4211,451271.9
2024-12-16 00:24:00+09:00,2.4211,2.4215,2.4196,2.4205,300524.8
2024-12-16 00:25:00+09:00,2.4205,2.4220,2.4196,2.4215,572411.4
2024-12-16 00:26:00+09:00,2.4214,2.4242,2.4214,2.4240,521434.0
2024-12-16 00:27:00+09:00,2.4240,2.4250,2.4195,2.4212,1240906.7
2024-12-16 00:28:00+09:00,2.4212,2.4226,2.4210,2.4211,275998.3
2024-12-16 00:29:00+09:00,2.4211,2.4226,2.4211,2.4225,220083.7
2024-12-16 00:30:00+09:00,2.4224,2.4238,2.4217,2.4237,374609.4
2024-12-16 00:31:00+09:00,2.4237,2.4268,2.4237,2.4266,542933.7
2024-12-16 00:32:00+09:00,2.4265,2.4278,2.4265,2.4273,422295.3
2024-12-16 00:33:00+09:00,2.4274,2.4275,2.4246,2.4246,491514.8
2024-12-16 00:34:00+09:00,2.4246,2.4262,2.4238,2.4262,323548.5
2024-12-16 00:35:00+09:00,2.4262,2.4273,2.4251,2.4272,234718.2
2024-12-16 00:36:00+09:00,2.4272,2.4284,2.4270,2.4275,400784.9
2024-12-16 00:37:00+09:00,2.4275,2.4276,2.4250,2.4254,393290.7
2024-12-16 00:38:00+09:00,2.4254,2.4258,2.4230,2.4251,400915.1
2024-12-16 00:39:00+09:00,2.4252,2.4252,2.4225,2.4238,540698.2
2024-12-16 00:40:00+09:00,2.4238,2.4239,2.4200,2.4205,502781.6
2024-12-16 00:41:00+09:00,2.4206,2.4224,2.4205,2.4216,170257.4
2024-12-16 00:42:00+09:00,2.4215,2.4217,2.4205,2.4206,233583.4
2024-12-16 00:43:00+09:00,2.4205,2.4207,2.4190,2.4203,585724.9
2024-12-16 00:44:00+09:00,2.4203,2.4203,2.4173,2.4173,399004.7
2024-12-16 00:45:00+09:00,2.4173,2.4198,2.4173,2.4194,310618.6
2024-12-16 00:46:00+09:00,2.4194,2.4203,2.4182,2.4198,518323.6
2024-12-16 00:47:00+09:00,2.4198,2.4212,2.4193,2.4210,161601.4
2024-12-16 00:48:00+09:00,2.4209,2.4220,2.4193,2.4194,239819.2
2024-12-16 00:49:00+09:00,2.4194,2.4194,2.4172,2.4183,624506.3
2024-12-16 00:50:00+09:00,2.4183,2.4184,2.4163,2.4168,759228.3
2024-12-16 00:51:00+09:00,2.4169,2.4200,2.4169,2.4183,264450.2
2024-12-16 00:52:00+09:00,2.4183,2.4183,2.4161,2.4164,279756.4
2024-12-16 00:53:00+09:00,2.4164,2.4177,2.4155,2.4168,375604.1
2024-12-16 00:54:00+09:00,2.4168,2.4174,2.4145,2.4154,829026.6
2024-12-16 00:55:00+09:00,2.4153,2.4164,2.4150,2.4164,657705.7
2024-12-16 00:56:00+09:00,2.4164,2.4164,2.4149,2.4149,618161.3
2024-12-16 00:57:00+09:00,2.4149,2.4176,2.4148,2.4169,249887.1
2024-12-16 00:58:00+09:00,2.4168,2.4174,2.4151,2.4157,366527.4
2024-12-16 00:59:00+09:00,2.4157,2.4170,2.4146,2.4146,503992.8
2024-12-16 01:00:00+09:00,2.4146,2.4173,2.4141,2.4160,576039.8
2024-12-16 01:01:00+09:00,2.4160,2.4161,2.4064,2.4090,2517329.2
2024-12-16 01:02:00+09:00,2.4091,2.4105,2.4075,2.4082,958820.5
2024-12-16 01:03:00+09:00,2.4082,2.4125,2.4076,2.4118,535473.3
2024-12-16 01:04:00+09:00,2.4118,2.4125,2.4108,2.4110,420657.2
2024-12-16 01:05:00+09:00,2.4109,2.4154,2.4109,2.4144,422465.5
2024-12-16 01:06:00+09:00,2.4145,2.4145,2.4119,2.4137,348679.1
2024-12-16 01:07:00+09:00,2.4138,2.4148,2.4100,2.4102,494698.5
2024-12-16 01:08:00+09:00,2.4103,2.4132,2.4095,2.4132,488006.4
2024-12-16 01:09:00+09:00,2.4133,2.4154,2.4125,2.4126,281873.7
2024-12-16 01:10:00+09:00,2.4127,2.4147,2.4127,2.4137,514930.8
2024-12-16 01:11:00+09:00,2.4137,2.4157,2.4134,2.4155,289702.8
2024-12-16 01:12:00+09:00,2.4156,2.4160,2.4145,2.4149,303612.3
2024-12-16 01:13:00+09:00,2.4149,2.4168,2.4148,2.4158,236549.2
2024-12-16 01:14:00+09:00,2.4158,2.4182,2.4157,2.4181,277912.3
2024-12-16 01:15:00+09:00,2.4182,2.4192,2.4164,2.4165,409966.1
2024-12-16 01:16:00+09:00,2.4166,2.4194,2.4160,2.4185,311110.8
2024-12-16 01:17:00+09:00,2.4185,2.4185,2.4156,2.4159,280945.8
2024-12-16 01:18:00+09:00,2.4159,2.4164,2.4143,2.4164,379625.4
2024-12-16 01:19:00+09:00,2.4164,2.4206,2.4163,2.4204,463742.5
2024-12-16 01:20:00+09:00,2.4204,2.4231,2.4197,2.4229,585577.7
2024-12-16 01:21:00+09:00,2.4228,2.4231,2.4184,2.4184,961373.0
2024-12-16 01:22:00+09:00,2.4184,2.4203,2.4183,2.4192,395989.2
2024-12-16 01:23:00+09:00,2.4193,2.4208,2.4192,2.4196,200043.2
2024-12-16 01:24:00+09:00,2.4197,2.4204,2.4190,2.4199,299971.6
2024-12-16 01:25:00+09:00,2.4199,2.4210,2.4194,2.4204,250423.3
2024-12-16 01:26:00+09:00,2.4204,2.4213,2.4194,2.4200,311839.9
2024-12-16 01:27:00+09:00,2.4201,2.4220,2.4201,2.4217,334394.9
2024-12-16 01:28:00+09:00,2.4216,2.4218,2.4191,2.4196,395094.0
2024-12-16 01:29:00+09:00,2.4197,2.4200,2.4182,2.4190,305066.5
2024-12-16 01:30:00+09:00,2.4190,2.4201,2.4178,2.4188,320294.4
2024-12-16 01:31:00+09:00,2.4188,2.4192,2.4153,2.4163,398123.4
2024-12-16 01:32:00+09:00,2.4163,2.4222,2.4159,2.4221,483279.6
2024-12-16 01:33:00+09:00,2.4221,2.4223,2.4209,2.4220,317883.4
2024-12-16 01:34:00+09:00,2.4220,2.4249,2.4219,2.4243,1044952.8
2024-12-16 01:35:00+09:00,2.4243,2.4264,2.4241,2.4259,651105.0
2024-12-16 01:36:00+09:00,2.4258,2.4277,2.4250,2.4260,755118.7
2024-12-16 01:37:00+09:00,2.4259,2.4260,2.4233,2.4250,553710.3
2024-12-16 01:38:00+09:00,2.4250,2.4275,2.4249,2.4269,347804.9
2024-12-16 01:39:00+09:00,2.4268,2.4274,2.4256,2.4267,558886.1
2024-12-16 01:40:00+09:00,2.4266,2.4269,2.4242,2.4253,416771.0
2024-12-16 01:41:00+09:00,2.4253,2.4260,2.4243,2.4249,270242.4
2024-12-16 01:42:00+09:00,2.4249,2.4258,2.4234,2.4234,484600.9
2024-12-16 01:43:00+09:00,2.4234,2.4235,2.4209,2.4212,864116.6
2024-12-16 01:44:00+09:00,2.4212,2.4235,2.4210,2.4220,270673.8
2024-12-16 01:45:00+09:00,2.4219,2.4220,2.4178,2.4179,710281.9
2024-12-16 01:46:00+09:00,2.4179,2.4218,2.4161,2.4209,600515.6
2024-12-16 01:47:00+09:00,2.4208,2.4218,2.4192,2.4196,394751.5
2024-12-16 01:48:00+09:00,2.4195,2.4217,2.4186,2.4204,656784.5
2024-12-16 01:49:00+09:00,2.4204,2.4216,2.4202,2.4209,316371.0
2024-12-16 01:50:00+09:00,2.4208,2.4219,2.4204,2.4216,210489.6
2024-12-16 01:51:00+09:00,2.4217,2.4221,2.4206,2.4218,292327.4
2024-12-16 01:52:00+09:00,2.4218,2.4254,2.4218,2.4253,672890.2
2024-12-16 01:53:00+09:00,2.4253,2.4266,2.4242,2.4261,813090.6
2024-12-16 01:54:00+09:00,2.4262,2.4272,2.4257,2.4270,580446.9
2024-12-16 01:55:00+09:00,2.4270,2.4274,2.4255,2.4262,741887.5
2024-12-16 01:56:00+09:00,2.4261,2.4273,2.4261,2.4269,314433.9
2024-12-16 01:57:00+09:00,2.4268,2.4271,2.4264,2.4266,649390.4
2024-12-16 01:58:00+09:00,2.4265,2.4266,2.4246,2.4258,389814.6
2024-12-16 01:59:00+09:00,2.4257,2.4267,2.4257,2.4263,217949.1
2024-12-16 02:00:00+09:00,2.4264,2.4267,2.4238,2.4247,679957.3
2024-12-16 02:01:00+09:00,2.4248,2.4248,2.4211,2.4217,344317.4
2024-12-16 02:02:00+09:00,2.4217,2.4229,2.4217,2.4220,239460.0
2024-12-16 02:03:00+09:00,2.4220,2.4225,2.4207,2.4211,492094.3
2024-12-16 02:04:00+09:00,2.4211,2.4216,2.4201,2.4201,301694.2
2024-12-16 02:05:00+09:00,2.4201,2.4210,2.4200,2.4204,297473.7
2024-12-16 02:06:00+09:00,2.4204,2.4224,2.4204,2.4206,294432.9
2024-12-16 02:07:00+09:00,2.4206,2.4211,2.4189,2.4191,307806.5
2024-12-16 02:08:00+09:00,2.4192,2.4201,2.4186,2.4197,259828.0
2024-12-16 02:09:00+09:00,2.4197,2.4213,2.4196,2.4212,145953.6
2024-12-16 02:10:00+09:00,2.4212,2.4228,2.4204,2.4215,658283.3
2024-12-16 02:11:00+09:00,2.4215,2.4245,2.4207,2.4245,233447.3
2024-12-16 02:12:00+09:00,2.4245,2.4270,2.4242,2.4265,617790.8
2024-12-16 02:13:00+09:00,2.4265,2.4268,2.4258,2.4263,305363.5
2024-12-16 02:14:00+09:00,2.4264,2.4289,2.4262,2.4285,795428.0
2024-12-16 02:15:00+09:00,2.4285,2.4296,2.4275,2.4280,499468.6
2024-12-16 02:16:00+09:00,2.4280,2.4291,2.4276,2.4285,368394.3
2024-12-16 02:17:00+09:00,2.4285,2.4295,2.4273,2.4275,369830.0
2024-12-16 02:18:00+09:00,2.4275,2.4276,2.4255,2.4262,397495.7
2024-12-16 02:19:00+09:00,2.4262,2.4267,2.4235,2.4246,441073.8
2024-12-16 02:20:00+09:00,2.4247,2.4248,2.4234,2.4235,490918.5
2024-12-16 02:21:00+09:00,2.4236,2.4260,2.4236,2.4259,344839.7
2024-12-16 02:22:00+09:00,2.4259,2.4260,2.4241,2.4255,252871.4
2024-12-16 02:23:00+09:00,2.4255,2.4278,2.4254,2.4276,141153.4
2024-12-16 02:24:00+09:00,2.4277,2.4277,2.4254,2.4258,286142.6
2024-12-16 02:25:00+09:00,2.4258,2.4267,2.4231,2.4231,382912.1
2024-12-16 02:26:00+09:00,2.4232,2.4246,2.4219,2.4219,398376.3
2024-12-16 02:27:00+09:00,2.4220,2.4222,2.4210,2.4216,253624.3
2024-12-16 02:28:00+09:00,2.4216,2.4225,2.4215,2.4222,136079.4
2024-12-16 02:29:00+09:00,2.4222,2.4236,2.4221,2.4236,161081.6
2024-12-16 02:30:00+09:00,2.4235,2.4248,2.4222,2.4225,689763.0
2024-12-16 02:31:00+09:00,2.4224,2.4261,2.4224,2.4260,320971.3
2024-12-16 02:32:00+09:00,2.4260,2.4272,2.4248,2.4272,198389.4
2024-12-16 02:33:00+09:00,2.4271,2.4282,2.4271,2.4278,212040.7
2024-12-16 02:34:00+09:00,2.4279,2.4286,2.4268,2.4281,320821.9
2024-12-16 02:35:00+09:00,2.4282,2.4316,2.4276,2.4313,1220242.9
2024-12-16 02:36:00+09:00,2.4314,2.4314,2.4275,2.4278,503255.9
2024-12-16 02:37:00+09:00,2.4277,2.4277,2.4248,2.4257,483079.6
2024-12-16 02:38:00+09:00,2.4258,2.4311,2.4257,2.4308,660609.8
2024-12-16 02:39:00+09:00,2.4307,2.4312,2.4292,2.4296,735095.7
2024-12-16 02:40:00+09:00,2.4296,2.4296,2.4271,2.4288,227289.9
2024-12-16 02:41:00+09:00,2.4287,2.4312,2.4284,2.4300,842648.0
2024-12-16 02:42:00+09:00,2.4300,2.4316,2.4300,2.4315,392566.1
2024-12-16 02:43:00+09:00,2.4316,2.4332,2.4315,2.4329,638228.6
2024-12-16 02:44:00+09:00,2.4329,2.4330,2.4287,2.4296,738432.5
2024-12-16 02:45:00+09:00,2.4297,2.4333,2.4297,2.4327,759674.3
2024-12-16 02:46:00+09:00,2.4328,2.4335,2.4310,2.4334,400998.5
2024-12-16 02:47:00+09:00,2.4334,2.4341,2.4327,2.4339,619794.5
2024-12-16 02:48:00+09:00,2.4339,2.4380,2.4336,2.4377,1881954.6
2024-12-16 02:49:00+09:00,2.4377,2.4400,2.4376,2.4387,1517992.6
2024-12-16 02:50:00+09:00,2.4388,2.4390,2.4346,2.4382,1502374.3
2024-12-16 02:51:00+09:00,2.4382,2.4393,2.4358,2.4361,418982.5
2024-12-16 02:52:00+09:00,2.4361,2.4380,2.4337,2.4341,500088.2
2024-12-16 02:53:00+09:00,2.4342,2.4357,2.4336,2.4357,352502.0
2024-12-16 02:54:00+09:00,2.4357,2.4371,2.4349,2.4359,483261.9
2024-12-16 02:55:00+09:00,2.4358,2.4363,2.4308,2.4313,516065.8
2024-12-16 02:56:00+09:00,2.4314,2.4331,2.4285,2.4290,700134.8
2024-12-16 02:57:00+09:00,2.4291,2.4299,2.4277,2.4298,483372.3
2024-12-16 02:58:00+09:00,2.4299,2.4321,2.4299,2.4318,292104.4
2024-12-16 02:59:00+09:00,2.4317,2.4324,2.4307,2.4310,422616.1
2024-12-16 03:00:00+09:00,2.4311,2.4315,2.4287,2.4294,494248.1
2024-12-16 03:01:00+09:00,2.4293,2.4309,2.4273,2.4302,470558.7
2024-12-16 03:02:00+09:00,2.4303,2.4320,2.4282,2.4309,411524.9
2024-12-16 03:03:00+09:00,2.4308,2.4314,2.4290,2.4293,392973.2
2024-12-16 03:04:00+09:00,2.4293,2.4298,2.4266,2.4282,456527.9
2024-12-16 03:05:00+09:00,2.4283,2.4299,2.4278,2.4278,162033.3
2024-12-16 03:06:00+09:00,2.4278,2.4278,2.4242,2.4250,954192.3
2024-12-16 03:07:00+09:00,2.4251,2.4264,2.4237,2.4258,373377.9
2024-12-16 03:08:00+09:00,2.4258,2.4258,2.4247,2.4248,454379.6
2024-12-16 03:09:00+09:00,2.4248,2.4255,2.4230,2.4234,495752.2
2024-12-16 03:10:00+09:00,2.4234,2.4239,2.4203,2.4207,993968.2
2024-12-16 03:11:00+09:00,2.4206,2.4212,2.4165,2.4176,1514784.6
2024-12-16 03:12:00+09:00,2.4177,2.4195,2.4176,2.4177,695723.2
2024-12-16 03:13:00+09:00,2.4176,2.4177,2.4170,2.4172,303131.7
2024-12-16 03:14:00+09:00,2.4171,2.4195,2.4171,2.4185,508310.0
2024-12-16 03:15:00+09:00,2.4186,2.4191,2.4140,2.4146,1557635.0
2024-12-16 03:16:00+09:00,2.4146,2.4156,2.4133,2.4135,736162.1
2024-12-16 03:17:00+09:00,2.4134,2.4156,2.4130,2.4146,491691.9
2024-12-16 03:18:00+09:00,2.4146,2.4167,2.4143,2.4144,466492.1
2024-12-16 03:19:00+09:00,2.4144,2.4144,2.4107,2.4122,1406432.3
2024-12-16 03:20:00+09:00,2.4122,2.4147,2.4119,2.4132,638134.3
2024-12-16 03:21:00+09:00,2.4132,2.4144,2.4125,2.4130,449356.8
2024-12-16 03:22:00+09:00,2.4130,2.4134,2.4116,2.4125,537313.0
2024-12-16 03:23:00+09:00,2.4124,2.4130,2.4119,2.4129,317078.1
2024-12-16 03:24:00+09:00,2.4130,2.4160,2.4125,2.4159,890040.7
2024-12-16 03:25:00+09:00,2.4159,2.4184,2.4159,2.4166,612317.3
2024-12-16 03:26:00+09:00,2.4166,2.4174,2.4144,2.4147,419165.0
2024-12-16 03:27:00+09:00,2.4146,2.4172,2.4146,2.4172,226943.6
2024-12-16 03:28:00+09:00,2.4172,2.4180,2.4164,2.4168,321028.4
2024-12-16 03:29:00+09:00,2.4168,2.4186,2.4167,2.4178,356094.1
2024-12-16 03:30:00+09:00,2.4179,2.4205,2.4179,2.4201,505036.6
2024-12-16 03:31:00+09:00,2.4201,2.4201,2.4174,2.4183,567321.9
2024-12-16 03:32:00+09:00,2.4182,2.4196,2.4162,2.4167,299421.1
2024-12-16 03:33:00+09:00,2.4168,2.4182,2.4165,2.4175,261757.0
2024-12-16 03:34:00+09:00,2.4175,2.4218,2.4169,2.4216,461034.2
2024-12-16 03:35:00+09:00,2.4216,2.4218,2.4185,2.4194,434437.8
2024-12-16 03:36:00+09:00,2.4194,2.4194,2.4182,2.4184,146447.0
2024-12-16 03:37:00+09:00,2.4184,2.4208,2.4184,2.4199,223756.2
2024-12-16 03:38:00+09:00,2.4198,2.4204,2.4192,2.4194,143541.0
2024-12-16 03:39:00+09:00,2.4194,2.4202,2.4190,2.4193,182103.7
2024-12-16 03:40:00+09:00,2.4193,2.4212,2.4190,2.4202,533223.6
2024-12-16 03:41:00+09:00,2.4201,2.4202,2.4172,2.4179,386816.8
2024-12-16 03:42:00+09:00,2.4178,2.4179,2.4153,2.4160,435289.0
2024-12-16 03:43:00+09:00,2.4161,2.4165,2.4155,2.4163,263741.1
2024-12-16 03:44:00+09:00,2.4163,2.4172,2.4155,2.4165,160014.5
2024-12-16 03:45:00+09:00,2.4166,2.4175,2.4156,2.4174,333637.0
2024-12-16 03:46:00+09:00,2.4175,2.4175,2.4152,2.4158,316279.7
2024-12-16 03:47:00+09:00,2.4158,2.4159,2.4140,2.4147,243477.4
2024-12-16 03:48:00+09:00,2.4147,2.4163,2.4141,2.4156,299265.3
2024-12-16 03:49:00+09:00,2.4156,2.4160,2.4142,2.4142,153811.4
2024-12-16 03:50:00+09:00,2.4142,2.4142,2.4113,2.4125,698604.3
2024-12-16 03:51:00+09:00,2.4125,2.4128,2.4111,2.4115,398592.7
2024-12-16 03:52:00+09:00,2.4116,2.4141,2.4116,2.4140,240235.2
2024-12-16 03:53:00+09:00,2.4140,2.4141,2.4125,2.4126,213620.7
2024-12-16 03:54:00+09:00,2.4126,2.4137,2.4124,2.4124,183772.4
2024-12-16 03:55:00+09:00,2.4124,2.4138,2.4122,2.4133,182105.4
2024-12-16 03:56:00+09:00,2.4134,2.4142,2.4131,2.4132,110947.8
2024-12-16 03:57:00+09:00,2.4132,2.4147,2.4128,2.4137,277341.8
2024-12-16 03:58:00+09:00,2.4137,2.4150,2.4133,2.4136,345079.9
2024-12-16 03:59:00+09:00,2.4136,2.4139,2.4124,2.4125,201377.6
2024-12-16 04:00:00+09:00,2.4124,2.4159,2.4124,2.4156,459469.3
2024-12-16 04:01:00+09:00,2.4156,2.4204,2.4154,2.4201,526750.9
2024-12-16 04:02:00+09:00,2.4201,2.4211,2.4170,2.4178,477355.5
2024-12-16 04:03:00+09:00,2.4178,2.4184,2.4155,2.4159,454238.8
2024-12-16 04:04:00+09:00,2.4159,2.4173,2.4158,2.4158,192032.4
2024-12-16 04:05:00+09:00,2.4159,2.4200,2.4159,2.4194,394537.4
2024-12-16 04:06:00+09:00,2.4193,2.4198,2.4175,2.4186,759542.7
2024-12-16 04:07:00+09:00,2.4187,2.4214,2.4186,2.4203,469254.2
2024-12-16 04:08:00+09:00,2.4203,2.4216,2.4198,2.4198,279774.1
2024-12-16 04:09:00+09:00,2.4198,2.4225,2.4193,2.4224,839786.0
2024-12-16 04:10:00+09:00,2.4224,2.4237,2.4185,2.4188,637511.8
2024-12-16 04:11:00+09:00,2.4188,2.4197,2.4170,2.4182,587419.8
2024-12-16 04:12:00+09:00,2.4181,2.4183,2.4170,2.4170,239817.6
2024-12-16 04:13:00+09:00,2.4169,2.4186,2.4169,2.4176,299078.5
2024-12-16 04:14:00+09:00,2.4177,2.4182,2.4154,2.4157,396588.6
2024-12-16 04:15:00+09:00,2.4157,2.4168,2.4150,2.4166,235407.6
2024-12-16 04:16:00+09:00,2.4165,2.4174,2.4156,2.4164,274373.3
2024-12-16 04:17:00+09:00,2.4165,2.4175,2.4142,2.4146,228168.6
2024-12-16 04:18:00+09:00,2.4145,2.4146,2.4131,2.4131,280990.1
2024-12-16 04:19:00+09:00,2.4131,2.4137,2.4121,2.4122,362168.9
2024-12-16 04:20:00+09:00,2.4121,2.4124,2.4111,2.4115,368454.0
2024-12-16 04:21:00+09:00,2.4115,2.4138,2.4109,2.4137,357285.8
2024-12-16 04:22:00+09:00,2.4136,2.4171,2.4118,2.4161,701064.1
2024-12-16 04:23:00+09:00,2.4161,2.4174,2.4148,2.4156,308618.5
2024-12-16 04:24:00+09:00,2.4157,2.4182,2.4156,2.4174,289601.5
2024-12-16 04:25:00+09:00,2.4173,2.4183,2.4160,2.4183,206357.0
2024-12-16 04:26:00+09:00,2.4184,2.4197,2.4180,2.4195,219240.9
2024-12-16 04:27:00+09:00,2.4195,2.4211,2.4195,2.4209,323994.4
2024-12-16 04:28:00+09:00,2.4209,2.4223,2.4196,2.4216,401726.4
2024-12-16 04:29:00+09:00,2.4216,2.4222,2.4211,2.4216,257422.2
2024-12-16 04:30:00+09:00,2.4216,2.4218,2.4185,2.4202,457779.0
2024-12-16 04:31:00+09:00,2.4203,2.4225,2.4202,2.4212,407159.4
2024-12-16 04:32:00+09:00,2.4212,2.4213,2.4181,2.4183,238294.3
2024-12-16 04:33:00+09:00,2.4183,2.4189,2.4168,2.4172,110542.7
2024-12-16 04:34:00+09:00,2.4172,2.4174,2.4154,2.4161,230242.9
2024-12-16 04:35:00+09:00,2.4161,2.4162,2.4133,2.4134,366266.9
2024-12-16 04:36:00+09:00,2.4134,2.4138,2.4118,2.4124,634327.8
2024-12-16 04:37:00+09:00,2.4125,2.4133,2.4118,2.4120,324943.4
2024-12-16 04:38:00+09:00,2.4120,2.4147,2.4119,2.4126,319103.9
2024-12-16 04:39:00+09:00,2.4127,2.4140,2.4120,2.4126,288802.7
2024-12-16 04:40:00+09:00,2.4125,2.4140,2.4117,2.4118,215788.1
2024-12-16 04:41:00+09:00,2.4117,2.4131,2.4115,2.4117,346293.3
2024-12-16 04:42:00+09:00,2.4116,2.4125,2.4094,2.4095,972983.3
2024-12-16 04:43:00+09:00,2.4096,2.4099,2.4080,2.4088,771928.3
2024-12-16 04:44:00+09:00,2.4088,2.4106,2.4086,2.4096,326396.1
2024-12-16 04:45:00+09:00,2.4095,2.4096,2.4073,2.4088,585284.2
2024-12-16 04:46:00+09:00,2.4088,2.4107,2.4078,2.4098,419970.6
2024-12-16 04:47:00+09:00,2.4098,2.4098,2.4080,2.4081,368005.0
2024-12-16 04:48:00+09:00,2.4081,2.4082,2.4040,2.4051,1548616.9
2024-12-16 04:49:00+09:00,2.4050,2.4071,2.4045,2.4070,973651.5
2024-12-16 04:50:00+09:00,2.4070,2.4087,2.4063,2.4087,1234266.2
2024-12-16 04:51:00+09:00,2.4087,2.4117,2.4073,2.4104,1451172.2
2024-12-16 04:52:00+09:00,2.4104,2.4114,2.4093,2.4098,1187585.5
2024-12-16 04:53:00+09:00,2.4098,2.4113,2.4080,2.4087,1224944.7
2024-12-16 04:54:00+09:00,2.4088,2.4092,2.4074,2.4074,267258.7
2024-12-16 04:55:00+09:00,2.4075,2.4084,2.4070,2.4077,341754.2
2024-12-16 04:56:00+09:00,2.4076,2.4077,2.4062,2.4062,179168.6
2024-12-16 04:57:00+09:00,2.4061,2.4064,2.4055,2.4055,194136.5
2024-12-16 04:58:00+09:00,2.4056,2.4070,2.4052,2.4068,253390.6
2024-12-16 04:58:00+09:00,2.4056,2.4070,2.4052,2.4068,253390.6
2024-12-16 04:59:00+09:00,2.4067,2.4067,2.4052,2.4059,208649.6
2024-12-16 05:00:00+09:00,2.4059,2.4077,2.4043,2.4075,785270.4
2024-12-16 05:01:00+09:00,2.4075,2.4099,2.4075,2.4092,463365.6
2024-12-16 05:02:00+09:00,2.4092,2.4109,2.4085,2.4109,311665.3
2024-12-16 05:03:00+09:00,2.4109,2.4111,2.4084,2.4087,310786.9
2024-12-16 05:04:00+09:00,2.4087,2.4095,2.4076,2.4085,354409.7
2024-12-16 05:05:00+09:00,2.4084,2.4092,2.4081,2.4089,322610.2
2024-12-16 05:06:00+09:00,2.4090,2.4102,2.4066,2.4090,510135.4
2024-12-16 05:07:00+09:00,2.4089,2.4112,2.4078,2.4112,1004427.4
2024-12-16 05:08:00+09:00,2.4112,2.4133,2.4065,2.4074,1379281.9
2024-12-16 05:09:00+09:00,2.4075,2.4090,2.4074,2.4084,353975.6
2024-12-16 05:10:00+09:00,2.4084,2.4102,2.4083,2.4092,289682.6
2024-12-16 05:11:00+09:00,2.4093,2.4110,2.4092,2.4103,226014.1
2024-12-16 05:12:00+09:00,2.4104,2.4122,2.4104,2.4115,298591.2
2024-12-16 05:13:00+09:00,2.4116,2.4117,2.4100,2.4108,316279.6
2024-12-16 05:14:00+09:00,2.4109,2.4109,2.4095,2.4095,168206.4
2024-12-16 05:15:00+09:00,2.4095,2.4124,2.4093,2.4124,223146.9
2024-12-16 05:16:00+09:00,2.4124,2.4143,2.4121,2.4122,379380.5
2024-12-16 05:17:00+09:00,2.4121,2.4121,2.4092,2.4099,307522.9
2024-12-16 05:18:00+09:00,2.4099,2.4114,2.4096,2.4106,191591.8
2024-12-16 05:19:00+09:00,2.4106,2.4121,2.4102,2.4121,152610.2
2024-12-16 05:20:00+09:00,2.4121,2.4142,2.4112,2.4129,221730.4
2024-12-16 05:21:00+09:00,2.4130,2.4133,2.4113,2.4131,333414.8
2024-12-16 05:22:00+09:00,2.4130,2.4157,2.4128,2.4155,489193.8
2024-12-16 05:23:00+09:00,2.4155,2.4160,2.4143,2.4155,201764.6
2024-12-16 05:24:00+09:00,2.4155,2.4156,2.4140,2.4154,138185.6
2024-12-16 05:25:00+09:00,2.4154,2.4162,2.4147,2.4147,204343.7
2024-12-16 05:26:00+09:00,2.4147,2.4187,2.4142,2.4183,1286389.4
2024-12-16 05:27:00+09:00,2.4183,2.4192,2.4162,2.4164,512015.1
2024-12-16 05:28:00+09:00,2.4165,2.4167,2.4146,2.4160,332436.8
2024-12-16 05:29:00+09:00,2.4160,2.4166,2.4147,2.4151,235288.3
2024-12-16 05:30:00+09:00,2.4150,2.4173,2.4150,2.4165,214124.2
2024-12-16 05:31:00+09:00,2.4165,2.4170,2.4162,2.4163,154079.4
2024-12-16 05:32:00+09:00,2.4163,2.4166,2.4146,2.4146,181946.9
2024-12-16 05:33:00+09:00,2.4146,2.4147,2.4122,2.4124,340143.4
2024-12-16 05:34:00+09:00,2.4124,2.4129,2.4114,2.4116,210561.0
2024-12-16 05:35:00+09:00,2.4117,2.4132,2.4073,2.4077,2527332.1
2024-12-16 05:36:00+09:00,2.4078,2.4090,2.4074,2.4081,372729.2
2024-12-16 05:37:00+09:00,2.4082,2.4097,2.4074,2.4093,448307.4
2024-12-16 05:38:00+09:00,2.4092,2.4102,2.4092,2.4094,245125.9
2024-12-16 05:39:00+09:00,2.4093,2.4100,2.4089,2.4090,590894.7
2024-12-16 05:40:00+09:00,2.4089,2.4121,2.4089,2.4113,240010.8
2024-12-16 05:41:00+09:00,2.4113,2.4120,2.4100,2.4101,129401.0
2024-12-16 05:42:00+09:00,2.4100,2.4103,2.4079,2.4082,250531.3
2024-12-16 05:43:00+09:00,2.4081,2.4092,2.4059,2.4089,1217782.3
2024-12-16 05:44:00+09:00,2.4089,2.4091,2.4082,2.4083,231634.7
2024-12-16 05:45:00+09:00,2.4083,2.4094,2.4077,2.4089,274002.5
2024-12-16 05:46:00+09:00,2.4090,2.4090,2.4076,2.4082,293948.7
2024-12-16 05:47:00+09:00,2.4081,2.4100,2.4077,2.4085,240451.5
2024-12-16 05:48:00+09:00,2.4086,2.4086,2.4065,2.4066,138332.0
2024-12-16 05:49:00+09:00,2.4066,2.4066,2.4046,2.4051,871393.5
2024-12-16 05:50:00+09:00,2.4050,2.4072,2.4050,2.4072,520643.7
2024-12-16 05:51:00+09:00,2.4073,2.4077,2.4060,2.4071,363587.3
2024-12-16 05:52:00+09:00,2.4071,2.4074,2.4062,2.4066,200038.0
2024-12-16 05:53:00+09:00,2.4067,2.4076,2.4063,2.4065,331519.9
2024-12-16 05:54:00+09:00,2.4064,2.4073,2.4052,2.4055,335574.4
2024-12-16 05:55:00+09:00,2.4056,2.4073,2.4054,2.4072,191924.8
2024-12-16 05:56:00+09:00,2.4073,2.4085,2.4057,2.4074,444088.0
2024-12-16 05:57:00+09:00,2.4075,2.4076,2.4064,2.4075,164797.6
2024-12-16 05:58:00+09:00,2.4076,2.4088,2.4075,2.4084,161711.3
2024-12-16 05:59:00+09:00,2.4083,2.4088,2.4072,2.4077,181598.0
2024-12-16 06:00:00+09:00,2.4078,2.4086,2.4057,2.4086,389015.8
2024-12-16 06:01:00+09:00,2.4085,2.4105,2.4079,2.4102,254296.6
2024-12-16 06:02:00+09:00,2.4103,2.4106,2.4068,2.4069,205395.0
2024-12-16 06:03:00+09:00,2.4069,2.4073,2.4033,2.4035,907469.6
2024-12-16 06:04:00+09:00,2.4034,2.4041,2.4004,2.4016,1269350.8
2024-12-16 06:05:00+09:00,2.4015,2.4027,2.4011,2.4013,519943.0
2024-12-16 06:06:00+09:00,2.4012,2.4015,2.3970,2.3993,2223718.4
2024-12-16 06:07:00+09:00,2.3994,2.4046,2.3987,2.4024,1205279.5
2024-12-16 06:08:00+09:00,2.4024,2.4024,2.3990,2.3991,348568.5
2024-12-16 06:09:00+09:00,2.3990,2.3991,2.3974,2.3987,656839.7
2024-12-16 06:10:00+09:00,2.3988,2.3993,2.3981,2.3993,429460.1
2024-12-16 06:11:00+09:00,2.3992,2.4006,2.3972,2.3981,632808.7
2024-12-16 06:12:00+09:00,2.3981,2.3982,2.3969,2.3972,408869.0
2024-12-16 06:13:00+09:00,2.3972,2.3984,2.3966,2.3983,469427.5
2024-12-16 06:14:00+09:00,2.3983,2.3984,2.3968,2.3977,554523.4
2024-12-16 06:15:00+09:00,2.3978,2.3997,2.3977,2.3992,763635.2
2024-12-16 06:16:00+09:00,2.3992,2.4009,2.3967,2.3969,714883.5
2024-12-16 06:17:00+09:00,2.3969,2.3975,2.3941,2.3959,1504687.2
2024-12-16 06:18:00+09:00,2.3960,2.3973,2.3957,2.3962,947221.9
2024-12-16 06:19:00+09:00,2.3962,2.3980,2.3959,2.3967,878202.0
2024-12-16 06:20:00+09:00,2.3967,2.3967,2.3914,2.3922,1706557.5
2024-12-16 06:21:00+09:00,2.3921,2.3927,2.3882,2.3890,1802243.5
2024-12-16 06:22:00+09:00,2.3890,2.3891,2.3834,2.3857,3796288.2
2024-12-16 06:23:00+09:00,2.3857,2.3893,2.3853,2.3893,2379237.4
2024-12-16 06:24:00+09:00,2.3893,2.3894,2.3836,2.3857,1226335.3
2024-12-16 06:25:00+09:00,2.3858,2.3873,2.3841,2.3847,1740649.3
2024-12-16 06:26:00+09:00,2.3848,2.3858,2.3769,2.3775,3498850.5
2024-12-16 06:27:00+09:00,2.3775,2.3786,2.3752,2.3759,1853937.6
2024-12-16 06:28:00+09:00,2.3760,2.3857,2.3759,2.3835,1838643.0
2024-12-16 06:29:00+09:00,2.3835,2.3842,2.3733,2.3751,2288387.4
2024-12-16 06:30:00+09:00,2.3750,2.3800,2.3739,2.3799,1863468.8
2024-12-16 06:31:00+09:00,2.3800,2.3829,2.3758,2.3829,1181666.3
2024-12-16 06:32:00+09:00,2.3830,2.3848,2.3809,2.3841,1971684.9
2024-12-16 06:33:00+09:00,2.3840,2.3841,2.3811,2.3813,1233466.3
2024-12-16 06:34:00+09:00,2.3813,2.3814,2.3782,2.3783,611575.8
2024-12-16 06:35:00+09:00,2.3783,2.3805,2.3766,2.3772,1134315.3
2024-12-16 06:36:00+09:00,2.3773,2.3789,2.3768,2.3782,642924.0
2024-12-16 06:37:00+09:00,2.3782,2.3812,2.3764,2.3808,1027034.5
2024-12-16 06:38:00+09:00,2.3807,2.3820,2.3776,2.3805,1193783.1
2024-12-16 06:39:00+09:00,2.3805,2.3883,2.3799,2.3882,1403324.3
2024-12-16 06:40:00+09:00,2.3881,2.3905,2.3870,2.3878,1426614.9
2024-12-16 06:41:00+09:00,2.3877,2.3907,2.3869,2.3885,1319521.7
2024-12-16 06:42:00+09:00,2.3885,2.3890,2.3869,2.3873,1311451.9
2024-12-16 06:43:00+09:00,2.3873,2.3884,2.3869,2.3873,1146987.6
2024-12-16 06:44:00+09:00,2.3873,2.3874,2.3847,2.3848,1276755.6
2024-12-16 06:45:00+09:00,2.3849,2.3875,2.3817,2.3818,1152245.5
2024-12-16 06:46:00+09:00,2.3817,2.3826,2.3764,2.3773,903060.0
2024-12-16 06:47:00+09:00,2.3773,2.3795,2.3769,2.3769,849928.1
2024-12-16 06:48:00+09:00,2.3770,2.3798,2.3761,2.3793,971062.5
2024-12-16 06:49:00+09:00,2.3794,2.3803,2.3778,2.3782,836249.5
2024-12-16 06:50:00+09:00,2.3783,2.3789,2.3753,2.3767,739699.4
2024-12-16 06:51:00+09:00,2.3767,2.3776,2.3759,2.3772,582629.5
2024-12-16 06:52:00+09:00,2.3772,2.3783,2.3761,2.3776,514571.9
2024-12-16 06:53:00+09:00,2.3775,2.3788,2.3752,2.3768,639763.1
2024-12-16 06:54:00+09:00,2.3767,2.3770,2.3721,2.3721,1133472.5
2024-12-16 06:55:00+09:00,2.3721,2.3721,2.3652,2.3672,4255837.7
2024-12-16 06:56:00+09:00,2.3672,2.3721,2.3671,2.3687,1507334.9
2024-12-16 06:57:00+09:00,2.3688,2.3702,2.3666,2.3669,2175065.4
2024-12-16 06:58:00+09:00,2.3669,2.3712,2.3668,2.3682,896151.7
2024-12-16 06:59:00+09:00,2.3682,2.3695,2.3674,2.3679,627544.2
2024-12-16 07:00:00+09:00,2.3680,2.3689,2.3660,2.3688,908256.7
2024-12-16 07:01:00+09:00,2.3689,2.3711,2.3676,2.3710,922911.1
2024-12-16 07:02:00+09:00,2.3710,2.3710,2.3652,2.3664,990096.1
2024-12-16 07:03:00+09:00,2.3663,2.3678,2.3657,2.3669,819450.1
2024-12-16 07:04:00+09:00,2.3669,2.3674,2.3652,2.3666,733201.8
2024-12-16 07:05:00+09:00,2.3665,2.3704,2.3656,2.3704,1168759.4
2024-12-16 07:06:00+09:00,2.3704,2.3712,2.3682,2.3689,836372.3
2024-12-16 07:07:00+09:00,2.3689,2.3691,2.3657,2.3663,761350.3
2024-12-16 07:08:00+09:00,2.3662,2.3674,2.3652,2.3667,679089.0
2024-12-16 07:09:00+09:00,2.3666,2.3710,2.3664,2.3710,767631.6
2024-12-16 07:10:00+09:00,2.3710,2.3733,2.3695,2.3732,742047.4
2024-12-16 07:11:00+09:00,2.3731,2.3732,2.3686,2.3686,700802.5
2024-12-16 07:12:00+09:00,2.3687,2.3731,2.3685,2.3723,950521.2
2024-12-16 07:13:00+09:00,2.3722,2.3731,2.3708,2.3714,451360.5
2024-12-16 07:14:00+09:00,2.3714,2.3771,2.3713,2.3771,602540.5
2024-12-16 07:15:00+09:00,2.3772,2.3805,2.3772,2.3805,733503.8
2024-12-16 07:16:00+09:00,2.3805,2.3838,2.3794,2.3821,1119868.1
2024-12-16 07:17:00+09:00,2.3820,2.3820,2.3795,2.3805,491514.6
2024-12-16 07:18:00+09:00,2.3805,2.3843,2.3802,2.3840,1071058.2
2024-12-16 07:19:00+09:00,2.3839,2.3857,2.3831,2.3855,688926.0
2024-12-16 07:20:00+09:00,2.3855,2.3857,2.3846,2.3854,715910.2
2024-12-16 07:21:00+09:00,2.3855,2.3890,2.3855,2.3874,1127069.4
2024-12-16 07:22:00+09:00,2.3874,2.3890,2.3873,2.3885,673091.9
2024-12-16 07:23:00+09:00,2.3886,2.3889,2.3868,2.3881,720447.2
2024-12-16 07:24:00+09:00,2.3881,2.3930,2.3872,2.3912,2268940.7
2024-12-16 07:25:00+09:00,2.3912,2.3923,2.3904,2.3921,548309.5
2024-12-16 07:26:00+09:00,2.3920,2.3935,2.3850,2.3857,1217031.8
2024-12-16 07:27:00+09:00,2.3857,2.3859,2.3832,2.3837,669249.4
2024-12-16 07:28:00+09:00,2.3836,2.3880,2.3832,2.3874,853062.4
2024-12-16 07:29:00+09:00,2.3874,2.3880,2.3843,2.3843,420272.7
2024-12-16 07:30:00+09:00,2.3844,2.3868,2.3843,2.3853,470807.2
2024-12-16 07:31:00+09:00,2.3853,2.3879,2.3842,2.3870,523624.0
2024-12-16 07:32:00+09:00,2.3871,2.3883,2.3865,2.3882,286322.7
2024-12-16 07:33:00+09:00,2.3883,2.3929,2.3877,2.3925,553663.2
2024-12-16 07:34:00+09:00,2.3925,2.3939,2.3922,2.3930,293318.5
2024-12-16 07:35:00+09:00,2.3930,2.3931,2.3910,2.3910,521888.5
2024-12-16 07:36:00+09:00,2.3910,2.3924,2.3896,2.3896,510440.8
2024-12-16 07:37:00+09:00,2.3896,2.3906,2.3876,2.3906,460950.2
2024-12-16 07:38:00+09:00,2.3905,2.3944,2.3905,2.3938,548885.9
2024-12-16 07:39:00+09:00,2.3938,2.3961,2.3933,2.3952,411642.2
2024-12-16 07:40:00+09:00,2.3952,2.3952,2.3925,2.3925,363263.2
2024-12-16 07:41:00+09:00,2.3926,2.3932,2.3919,2.3931,131123.2
2024-12-16 07:42:00+09:00,2.3932,2.3954,2.3931,2.3935,285012.4
2024-12-16 07:43:00+09:00,2.3935,2.3936,2.3926,2.3926,248420.9
2024-12-16 07:44:00+09:00,2.3926,2.3926,2.3911,2.3912,274504.5
2024-12-16 07:45:00+09:00,2.3912,2.3920,2.3897,2.3916,529934.5
2024-12-16 07:46:00+09:00,2.3916,2.3916,2.3906,2.3906,138678.8
2024-12-16 07:47:00+09:00,2.3906,2.3907,2.3881,2.3882,215526.2
2024-12-16 07:48:00+09:00,2.3882,2.3900,2.3871,2.3900,236964.9
2024-12-16 07:49:00+09:00,2.3900,2.3900,2.3899,2.3900,92093.5
2024-12-16 07:50:00+09:00,2.3900,2.3900,2.3891,2.3896,180637.5
2024-12-16 07:51:00+09:00,2.3896,2.3963,2.3889,2.3961,684541.0
2024-12-16 07:52:00+09:00,2.3961,2.3980,2.3941,2.3941,485938.5
2024-12-16 07:53:00+09:00,2.3940,2.3956,2.3939,2.3947,354170.2
2024-12-16 07:54:00+09:00,2.3947,2.3948,2.3933,2.3944,215987.4
2024-12-16 07:55:00+09:00,2.3944,2.3970,2.3938,2.3970,240693.0
2024-12-16 07:56:00+09:00,2.3970,2.4020,2.3969,2.4008,1596990.5
2024-12-16 07:57:00+09:00,2.4009,2.4019,2.3997,2.3997,482727.8
2024-12-16 07:58:00+09:00,2.3997,2.4007,2.3990,2.4005,335896.5
2024-12-16 07:59:00+09:00,2.4005,2.4015,2.3989,2.3989,365147.4
2024-12-16 08:00:00+09:00,2.3988,2.4011,2.3978,2.3982,608122.2
2024-12-16 08:01:00+09:00,2.3982,2.4008,2.3955,2.4008,601427.5
2024-12-16 08:02:00+09:00,2.4007,2.4025,2.3989,2.4019,462631.6
2024-12-16 08:03:00+09:00,2.4019,2.4087,2.4018,2.4063,1187783.9
2024-12-16 08:04:00+09:00,2.4062,2.4071,2.4027,2.4034,1446685.9
2024-12-16 08:05:00+09:00,2.4035,2.4124,2.4034,2.4099,2075007.3
2024-12-16 08:06:00+09:00,2.4098,2.4124,2.4088,2.4102,1039398.2
2024-12-16 08:07:00+09:00,2.4102,2.4164,2.4101,2.4160,2009959.6
2024-12-16 08:08:00+09:00,2.4161,2.4194,2.4135,2.4172,1899795.5
2024-12-16 08:09:00+09:00,2.4172,2.4173,2.4069,2.4080,1724646.0
2024-12-16 08:10:00+09:00,2.4079,2.4104,2.4047,2.4096,2016020.4
2024-12-16 08:11:00+09:00,2.4095,2.4120,2.4084,2.4090,945802.3
2024-12-16 08:12:00+09:00,2.4090,2.4132,2.4090,2.4106,750414.9
2024-12-16 08:13:00+09:00,2.4105,2.4115,2.4075,2.4095,701763.0
2024-12-16 08:14:00+09:00,2.4095,2.4116,2.4078,2.4095,570668.6
2024-12-16 08:15:00+09:00,2.4096,2.4132,2.4094,2.4125,1008275.7
2024-12-16 08:16:00+09:00,2.4125,2.4238,2.4122,2.4209,4274687.8
2024-12-16 08:17:00+09:00,2.4209,2.4214,2.4172,2.4192,1295993.6
2024-12-16 08:18:00+09:00,2.4193,2.4200,2.4166,2.4177,1000348.9
2024-12-16 08:19:00+09:00,2.4178,2.4193,2.4140,2.4169,1188137.7
2024-12-16 08:20:00+09:00,2.4168,2.4250,2.4166,2.4229,2771200.9
2024-12-16 08:21:00+09:00,2.4229,2.4262,2.4222,2.4253,1848663.6
2024-12-16 08:22:00+09:00,2.4254,2.4270,2.4215,2.4265,2088701.5
2024-12-16 08:23:00+09:00,2.4264,2.4325,2.4260,2.4323,2858858.8
2024-12-16 08:24:00+09:00,2.4323,2.4343,2.4294,2.4339,1949486.5
2024-12-16 08:25:00+09:00,2.4339,2.4352,2.4311,2.4344,2653900.4
2024-12-16 08:26:00+09:00,2.4343,2.4388,2.4330,2.4383,2379068.4
2024-12-16 08:27:00+09:00,2.4383,2.4424,2.4376,2.4413,3867058.6
2024-12-16 08:28:00+09:00,2.4412,2.4450,2.4378,2.4391,3026161.4
2024-12-16 08:29:00+09:00,2.4392,2.4414,2.4342,2.4389,3004604.4
2024-12-16 08:30:00+09:00,2.4389,2.4435,2.4316,2.4322,2926325.0
2024-12-16 08:31:00+09:00,2.4322,2.4406,2.4268,2.4395,2897120.1
2024-12-16 08:32:00+09:00,2.4395,2.4405,2.4368,2.4396,1406687.9
2024-12-16 08:33:00+09:00,2.4396,2.4398,2.4334,2.4352,1443606.1
2024-12-16 08:34:00+09:00,2.4352,2.4379,2.4312,2.4378,1812108.0
2024-12-16 08:35:00+09:00,2.4378,2.4407,2.4365,2.4405,1623765.1
2024-12-16 08:36:00+09:00,2.4405,2.4413,2.4382,2.4402,1149377.4
2024-12-16 08:37:00+09:00,2.4401,2.4427,2.4380,2.4422,1395719.5
2024-12-16 08:38:00+09:00,2.4422,2.4448,2.4416,2.4436,1141943.5
2024-12-16 08:39:00+09:00,2.4436,2.4487,2.4416,2.4477,2210112.5
2024-12-16 08:40:00+09:00,2.4476,2.4594,2.4463,2.4499,6050224.5
2024-12-16 08:41:00+09:00,2.4500,2.4538,2.4455,2.4498,1966770.8
2024-12-16 08:42:00+09:00,2.4498,2.4544,2.4473,2.4522,1921200.1
2024-12-16 08:43:00+09:00,2.4522,2.4532,2.4500,2.4514,1778975.2
2024-12-16 08:44:00+09:00,2.4513,2.4580,2.4510,2.4562,2197034.8
2024-12-16 08:45:00+09:00,2.4562,2.4580,2.4513,2.4517,1570120.0
2024-12-16 08:46:00+09:00,2.4517,2.4517,2.4457,2.4514,2744713.4
2024-12-16 08:47:00+09:00,2.4515,2.4643,2.4504,2.4629,4846372.4
2024-12-16 08:48:00+09:00,2.4628,2.4645,2.4571,2.4633,2821394.4
2024-12-16 08:49:00+09:00,2.4634,2.4650,2.4610,2.4631,3095820.4
2024-12-16 08:50:00+09:00,2.4630,2.4688,2.4624,2.4672,2465520.9
2024-12-16 08:51:00+09:00,2.4672,2.4735,2.4666,2.4726,2872510.3
2024-12-16 08:52:00+09:00,2.4726,2.4732,2.4637,2.4641,3572190.5
2024-12-16 08:53:00+09:00,2.4642,2.4651,2.4600,2.4630,1616794.8
2024-12-16 08:54:00+09:00,2.4630,2.4644,2.4516,2.4523,2201900.6
2024-12-16 08:55:00+09:00,2.4524,2.4569,2.4505,2.4537,2317992.9
2024-12-16 08:56:00+09:00,2.4537,2.4564,2.4469,2.4496,4066122.8
2024-12-16 08:57:00+09:00,2.4496,2.4504,2.4421,2.4443,3051926.7
2024-12-16 08:58:00+09:00,2.4442,2.4483,2.4407,2.4471,1941814.6
2024-12-16 08:59:00+09:00,2.4470,2.4480,2.4440,2.4473,1260028.7
2024-12-16 09:00:00+09:00,2.4473,2.4529,2.4471,2.4486,3509175.2
2024-12-16 09:01:00+09:00,2.4486,2.4510,2.4451,2.4463,2103306.9
2024-12-16 09:02:00+09:00,2.4464,2.4484,2.4443,2.4467,1411162.7
2024-12-16 09:03:00+09:00,2.4467,2.4535,2.4433,2.4530,1484931.0
2024-12-16 09:04:00+09:00,2.4530,2.4558,2.4511,2.4534,2818490.8
2024-12-16 09:05:00+09:00,2.4535,2.4537,2.4480,2.4516,1226528.7
2024-12-16 09:06:00+09:00,2.4515,2.4619,2.4515,2.4576,1536944.9
2024-12-16 09:07:00+09:00,2.4577,2.4727,2.4577,2.4674,3933409.1
2024-12-16 09:08:00+09:00,2.4674,2.4683,2.4620,2.4626,1763984.3
2024-12-16 09:09:00+09:00,2.4626,2.4638,2.4577,2.4615,1141539.8
2024-12-16 09:10:00+09:00,2.4616,2.4655,2.4576,2.4590,1195593.5
2024-12-16 09:11:00+09:00,2.4589,2.4622,2.4580,2.4600,1032906.1
2024-12-16 09:12:00+09:00,2.4600,2.4604,2.4530,2.4531,1585843.5
2024-12-16 09:13:00+09:00,2.4530,2.4546,2.4468,2.4500,1298156.2
2024-12-16 09:14:00+09:00,2.4500,2.4546,2.4500,2.4527,713450.5
2024-12-16 09:15:00+09:00,2.4527,2.4542,2.4483,2.4509,976515.3
2024-12-16 09:16:00+09:00,2.4509,2.4546,2.4483,2.4545,1097874.9
2024-12-16 09:17:00+09:00,2.4545,2.4596,2.4532,2.4588,1365751.0
2024-12-16 09:18:00+09:00,2.4588,2.4590,2.4537,2.4560,672174.5
2024-12-16 09:19:00+09:00,2.4560,2.4599,2.4558,2.4597,909202.0
2024-12-16 09:20:00+09:00,2.4597,2.4672,2.4595,2.4607,1669857.0
2024-12-16 09:21:00+09:00,2.4607,2.4616,2.4571,2.4599,1027571.2
2024-12-16 09:22:00+09:00,2.4598,2.4625,2.4587,2.4618,876031.0
2024-12-16 09:23:00+09:00,2.4618,2.4621,2.4577,2.4590,611154.1
2024-12-16 09:24:00+09:00,2.4591,2.4643,2.4591,2.4628,806443.2
2024-12-16 09:25:00+09:00,2.4627,2.4636,2.4604,2.4628,618250.4
2024-12-16 09:26:00+09:00,2.4628,2.4644,2.4593,2.4640,599592.2
2024-12-16 09:27:00+09:00,2.4640,2.4666,2.4634,2.4643,990728.6
2024-12-16 09:28:00+09:00,2.4643,2.4658,2.4588,2.4588,736837.4
2024-12-16 09:29:00+09:00,2.4587,2.4623,2.4578,2.4617,619391.2
2024-12-16 09:30:00+09:00,2.4618,2.4682,2.4618,2.4657,1334855.9
2024-12-16 09:31:00+09:00,2.4657,2.4681,2.4610,2.4628,1286554.6
2024-12-16 09:32:00+09:00,2.4627,2.4627,2.4585,2.4602,856946.6
2024-12-16 09:33:00+09:00,2.4601,2.4680,2.4594,2.4680,1626653.3
2024-12-16 09:34:00+09:00,2.4679,2.4726,2.4654,2.4655,2601101.6
2024-12-16 09:35:00+09:00,2.4654,2.4670,2.4607,2.4652,1185890.2
2024-12-16 09:36:00+09:00,2.4651,2.4673,2.4639,2.4654,938243.7
2024-12-16 09:37:00+09:00,2.4655,2.4676,2.4631,2.4649,880048.0
2024-12-16 09:38:00+09:00,2.4648,2.4648,2.4591,2.4596,1199667.0
2024-12-16 09:39:00+09:00,2.4595,2.4618,2.4595,2.4604,732539.4
2024-12-16 09:40:00+09:00,2.4603,2.4614,2.4558,2.4579,1156115.6
2024-12-16 09:41:00+09:00,2.4580,2.4588,2.4528,2.4535,1626188.2
2024-12-16 09:42:00+09:00,2.4536,2.4555,2.4527,2.4542,1103911.9
2024-12-16 09:43:00+09:00,2.4542,2.4580,2.4538,2.4558,935170.1
2024-12-16 09:44:00+09:00,2.4558,2.4569,2.4525,2.4547,1300258.8
2024-12-16 09:45:00+09:00,2.4546,2.4594,2.4543,2.4555,1381756.5
2024-12-16 09:46:00+09:00,2.4556,2.4574,2.4528,2.4564,1612831.1
2024-12-16 09:47:00+09:00,2.4563,2.4599,2.4543,2.4584,806242.0
2024-12-16 09:48:00+09:00,2.4585,2.4586,2.4549,2.4555,756635.4
2024-12-16 09:49:00+09:00,2.4554,2.4578,2.4551,2.4557,498925.1
2024-12-16 09:50:00+09:00,2.4558,2.4585,2.4549,2.4566,635040.0
2024-12-16 09:51:00+09:00,2.4565,2.4567,2.4532,2.4547,1237177.2
2024-12-16 09:52:00+09:00,2.4547,2.4549,2.4479,2.4479,1208099.6
2024-12-16 09:53:00+09:00,2.4480,2.4510,2.4463,2.4479,1305117.9
2024-12-16 09:54:00+09:00,2.4479,2.4509,2.4470,2.4473,830565.1
2024-12-16 09:55:00+09:00,2.4474,2.4508,2.4455,2.4485,1434354.1
2024-12-16 09:56:00+09:00,2.4485,2.4486,2.4458,2.4473,890710.0
2024-12-16 09:57:00+09:00,2.4472,2.4502,2.4470,2.4501,588767.5
2024-12-16 09:58:00+09:00,2.4500,2.4540,2.4498,2.4535,806253.8
2024-12-16 09:59:00+09:00,2.4535,2.4541,2.4509,2.4511,808322.9
2024-12-16 10:00:00+09:00,2.4511,2.4564,2.4502,2.4563,1044122.6
2024-12-16 10:01:00+09:00,2.4563,2.4564,2.4519,2.4528,809997.1
2024-12-16 10:02:00+09:00,2.4528,2.4545,2.4505,2.4512,462032.1
2024-12-16 10:03:00+09:00,2.4512,2.4550,2.4500,2.4503,731340.8
2024-12-16 10:04:00+09:00,2.4503,2.4506,2.4435,2.4440,1498516.6
2024-12-16 10:05:00+09:00,2.4439,2.4499,2.4436,2.4490,827401.3
2024-12-16 10:06:00+09:00,2.4489,2.4492,2.4452,2.4474,632611.6
2024-12-16 10:07:00+09:00,2.4474,2.4475,2.4381,2.4394,2234859.0
2024-12-16 10:08:00+09:00,2.4394,2.4402,2.4370,2.4390,1529593.8
2024-12-16 10:09:00+09:00,2.4390,2.4398,2.4343,2.4352,1697280.6
2024-12-16 10:10:00+09:00,2.4352,2.4412,2.4341,2.4397,1822331.5
2024-12-16 10:11:00+09:00,2.4397,2.4397,2.4347,2.4354,990939.1
2024-12-16 10:12:00+09:00,2.4353,2.4380,2.4352,2.4378,501733.2
2024-12-16 10:13:00+09:00,2.4378,2.4411,2.4365,2.4389,845042.2
2024-12-16 10:14:00+09:00,2.4389,2.4427,2.4389,2.4421,556932.8
2024-12-16 10:15:00+09:00,2.4420,2.4444,2.4406,2.4441,862732.5
2024-12-16 10:16:00+09:00,2.4441,2.4454,2.4423,2.4438,661355.6
2024-12-16 10:17:00+09:00,2.4439,2.4442,2.4398,2.4404,421094.3
2024-12-16 10:18:00+09:00,2.4404,2.4425,2.4382,2.4414,492025.1
2024-12-16 10:19:00+09:00,2.4415,2.4456,2.4407,2.4448,556585.0
2024-12-16 10:20:00+09:00,2.4448,2.4507,2.4448,2.4485,909748.7
2024-12-16 10:21:00+09:00,2.4485,2.4498,2.4468,2.4486,548637.8
2024-12-16 10:22:00+09:00,2.4487,2.4498,2.4469,2.4478,382067.7
2024-12-16 10:23:00+09:00,2.4477,2.4478,2.4440,2.4445,729810.4
2024-12-16 10:24:00+09:00,2.4446,2.4460,2.4415,2.4416,419230.6
2024-12-16 10:25:00+09:00,2.4415,2.4419,2.4390,2.4390,594709.1
2024-12-16 10:26:00+09:00,2.4390,2.4396,2.4334,2.4366,1788276.8
2024-12-16 10:27:00+09:00,2.4365,2.4388,2.4350,2.4357,581061.0
2024-12-16 10:28:00+09:00,2.4357,2.4394,2.4357,2.4379,709669.8
2024-12-16 10:29:00+09:00,2.4380,2.4396,2.4364,2.4375,613292.5
2024-12-16 10:30:00+09:00,2.4375,2.4386,2.4317,2.4317,1313078.0
2024-12-16 10:31:00+09:00,2.4317,2.4382,2.4312,2.4375,732721.6
2024-12-16 10:32:00+09:00,2.4375,2.4408,2.4375,2.4402,595738.3
2024-12-16 10:33:00+09:00,2.4403,2.4410,2.4392,2.4402,395620.8
2024-12-16 10:34:00+09:00,2.4403,2.4429,2.4394,2.4429,400260.7
2024-12-16 10:35:00+09:00,2.4429,2.4453,2.4428,2.4443,771435.4
2024-12-16 10:36:00+09:00,2.4443,2.4443,2.4416,2.4422,389695.6
2024-12-16 10:37:00+09:00,2.4421,2.4427,2.4387,2.4414,958400.8
2024-12-16 10:38:00+09:00,2.4414,2.4426,2.4395,2.4400,245113.9
2024-12-16 10:39:00+09:00,2.4400,2.4412,2.4385,2.4395,366832.6
2024-12-16 10:40:00+09:00,2.4395,2.4400,2.4377,2.4394,553580.9
2024-12-16 10:41:00+09:00,2.4393,2.4406,2.4390,2.4402,465572.0
2024-12-16 10:42:00+09:00,2.4403,2.4413,2.4385,2.4387,428570.6
2024-12-16 10:43:00+09:00,2.4387,2.4391,2.4369,2.4379,318338.3
2024-12-16 10:44:00+09:00,2.4378,2.4381,2.4360,2.4380,399715.6
2024-12-16 10:45:00+09:00,2.4379,2.4392,2.4368,2.4384,377709.8
2024-12-16 10:46:00+09:00,2.4385,2.4400,2.4375,2.4386,275164.9
2024-12-16 10:47:00+09:00,2.4387,2.4393,2.4369,2.4384,390123.7
2024-12-16 10:48:00+09:00,2.4385,2.4396,2.4365,2.4394,441268.9
2024-12-16 10:49:00+09:00,2.4393,2.4421,2.4393,2.4420,1218565.2
2024-12-16 10:50:00+09:00,2.4421,2.4434,2.4415,2.4430,431475.4
2024-12-16 10:51:00+09:00,2.4431,2.4460,2.4427,2.4448,409770.8
2024-12-16 10:52:00+09:00,2.4448,2.4474,2.4446,2.4461,618482.8
2024-12-16 10:53:00+09:00,2.4461,2.4471,2.4445,2.4452,415887.9
2024-12-16 10:54:00+09:00,2.4452,2.4469,2.4451,2.4459,493242.8
2024-12-16 10:55:00+09:00,2.4459,2.4467,2.4456,2.4465,188729.8
2024-12-16 10:56:00+09:00,2.4465,2.4472,2.4458,2.4464,254980.9
2024-12-16 10:57:00+09:00,2.4463,2.4470,2.4448,2.4448,445031.0
2024-12-16 10:58:00+09:00,2.4448,2.4457,2.4434,2.4442,623454.4
2024-12-16 10:59:00+09:00,2.4441,2.4445,2.4420,2.4434,426361.8
2024-12-16 11:00:00+09:00,2.4435,2.4446,2.4420,2.4421,558331.8
2024-12-16 11:01:00+09:00,2.4420,2.4420,2.4376,2.4380,535479.6
2024-12-16 11:02:00+09:00,2.4379,2.4396,2.4376,2.4377,505778.6
2024-12-16 11:03:00+09:00,2.4378,2.4404,2.4350,2.4362,1092496.6
2024-12-16 11:04:00+09:00,2.4361,2.4394,2.4361,2.4372,509801.2
2024-12-16 11:05:00+09:00,2.4373,2.4384,2.4350,2.4354,516636.2
2024-12-16 11:06:00+09:00,2.4354,2.4363,2.4320,2.4332,671186.4
2024-12-16 11:07:00+09:00,2.4331,2.4334,2.4288,2.4296,1561087.8
2024-12-16 11:08:00+09:00,2.4295,2.4318,2.4280,2.4302,1422760.6
2024-12-16 11:09:00+09:00,2.4302,2.4342,2.4295,2.4338,474380.2
2024-12-16 11:10:00+09:00,2.4338,2.4361,2.4325,2.4331,459498.7
2024-12-16 11:11:00+09:00,2.4332,2.4341,2.4300,2.4312,471214.2
2024-12-16 11:12:00+09:00,2.4313,2.4324,2.4292,2.4292,385227.5
2024-12-16 11:13:00+09:00,2.4293,2.4295,2.4234,2.4270,3597467.0
2024-12-16 11:14:00+09:00,2.4270,2.4283,2.4250,2.4257,587199.8
2024-12-16 11:15:00+09:00,2.4258,2.4264,2.4232,2.4258,1368494.3
2024-12-16 11:16:00+09:00,2.4257,2.4257,2.4228,2.4231,673883.6
2024-12-16 11:17:00+09:00,2.4231,2.4231,2.4200,2.4208,1538178.1
2024-12-16 11:18:00+09:00,2.4209,2.4218,2.4170,2.4184,2112002.9
2024-12-16 11:19:00+09:00,2.4184,2.4192,2.4158,2.4181,1835949.5
2024-12-16 11:20:00+09:00,2.4180,2.4234,2.4180,2.4193,973008.8
2024-12-16 11:21:00+09:00,2.4194,2.4217,2.4186,2.4200,604198.1
2024-12-16 11:22:00+09:00,2.4201,2.4209,2.4172,2.4173,822473.8
2024-12-16 11:23:00+09:00,2.4173,2.4175,2.4115,2.4131,1833667.3
2024-12-16 11:24:00+09:00,2.4132,2.4152,2.4103,2.4122,1144464.8
2024-12-16 11:25:00+09:00,2.4121,2.4158,2.4110,2.4151,1082402.4
2024-12-16 11:26:00+09:00,2.4151,2.4151,2.4106,2.4117,1153647.5
2024-12-16 11:27:00+09:00,2.4118,2.4142,2.4112,2.4131,570162.9
2024-12-16 11:28:00+09:00,2.4131,2.4132,2.4075,2.4081,1733264.5
2024-12-16 11:29:00+09:00,2.4081,2.4094,2.4070,2.4083,1185824.1
2024-12-16 11:30:00+09:00,2.4084,2.4088,2.4060,2.4082,873029.7
2024-12-16 11:31:00+09:00,2.4081,2.4185,2.4080,2.4159,1828753.1
2024-12-16 11:32:00+09:00,2.4159,2.4180,2.4147,2.4153,789247.8
2024-12-16 11:33:00+09:00,2.4153,2.4154,2.4129,2.4147,728926.3
2024-12-16 11:34:00+09:00,2.4146,2.4192,2.4145,2.4179,1010192.0
2024-12-16 11:35:00+09:00,2.4178,2.4195,2.4161,2.4165,567045.2
2024-12-16 11:36:00+09:00,2.4165,2.4175,2.4140,2.4156,526805.2
2024-12-16 11:37:00+09:00,2.4155,2.4175,2.4151,2.4161,455053.2
2024-12-16 11:38:00+09:00,2.4161,2.4186,2.4154,2.4160,393974.1
2024-12-16 11:39:00+09:00,2.4161,2.4178,2.4155,2.4170,498571.3
2024-12-16 11:40:00+09:00,2.4171,2.4190,2.4154,2.4160,399263.5
2024-12-16 11:41:00+09:00,2.4160,2.4168,2.4143,2.4150,353794.9
2024-12-16 11:42:00+09:00,2.4150,2.4170,2.4144,2.4151,273218.2
2024-12-16 11:43:00+09:00,2.4150,2.4173,2.4140,2.4141,473533.3
2024-12-16 11:44:00+09:00,2.4140,2.4153,2.4133,2.4147,337037.4
2024-12-16 11:45:00+09:00,2.4147,2.4169,2.4124,2.4169,411431.9
2024-12-16 11:46:00+09:00,2.4170,2.4189,2.4163,2.4176,475045.7
2024-12-16 11:47:00+09:00,2.4175,2.4178,2.4134,2.4140,416442.8
2024-12-16 11:48:00+09:00,2.4140,2.4154,2.4108,2.4149,535846.1
2024-12-16 11:49:00+09:00,2.4150,2.4161,2.4110,2.4117,688136.4
2024-12-16 11:50:00+09:00,2.4117,2.4125,2.4081,2.4095,816337.4
2024-12-16 11:51:00+09:00,2.4095,2.4120,2.4093,2.4112,662801.7
2024-12-16 11:52:00+09:00,2.4111,2.4124,2.4104,2.4123,409385.0
2024-12-16 11:53:00+09:00,2.4124,2.4124,2.4089,2.4094,466996.1
2024-12-16 11:54:00+09:00,2.4093,2.4125,2.4086,2.4122,571013.5
2024-12-16 11:55:00+09:00,2.4122,2.4153,2.4118,2.4122,731064.4
2024-12-16 11:56:00+09:00,2.4122,2.4123,2.4100,2.4109,429242.3
2024-12-16 11:57:00+09:00,2.4109,2.4123,2.4093,2.4122,526896.4
2024-12-16 11:58:00+09:00,2.4122,2.4134,2.4117,2.4130,278834.1
2024-12-16 11:59:00+09:00,2.4130,2.4131,2.4112,2.4112,309102.5
2024-12-16 12:00:00+09:00,2.4112,2.4166,2.4108,2.4144,562790.6
2024-12-16 12:01:00+09:00,2.4144,2.4150,2.4122,2.4146,402631.5
2024-12-16 12:02:00+09:00,2.4146,2.4160,2.4131,2.4148,510803.9
2024-12-16 12:03:00+09:00,2.4148,2.4185,2.4147,2.4178,587520.0
2024-12-16 12:04:00+09:00,2.4177,2.4190,2.4170,2.4177,849504.4
2024-12-16 12:05:00+09:00,2.4177,2.4177,2.4151,2.4156,348013.9
2024-12-16 12:06:00+09:00,2.4156,2.4186,2.4153,2.4159,530912.4
2024-12-16 12:07:00+09:00,2.4160,2.4184,2.4154,2.4183,386021.2
2024-12-16 12:08:00+09:00,2.4182,2.4192,2.4153,2.4156,416460.9
2024-12-16 12:09:00+09:00,2.4156,2.4166,2.4135,2.4137,407858.1
2024-12-16 12:10:00+09:00,2.4138,2.4149,2.4103,2.4115,692240.4
2024-12-16 12:11:00+09:00,2.4116,2.4149,2.4095,2.4143,880573.1
2024-12-16 12:12:00+09:00,2.4144,2.4148,2.4114,2.4119,316712.2
2024-12-16 12:13:00+09:00,2.4119,2.4148,2.4110,2.4148,415234.8
2024-12-16 12:14:00+09:00,2.4148,2.4193,2.4148,2.4165,812617.1
2024-12-16 12:15:00+09:00,2.4164,2.4173,2.4152,2.4153,336055.6
2024-12-16 12:16:00+09:00,2.4153,2.4155,2.4129,2.4133,323718.6
2024-12-16 12:17:00+09:00,2.4134,2.4161,2.4115,2.4130,526945.3
2024-12-16 12:18:00+09:00,2.4131,2.4136,2.4117,2.4129,308496.5
2024-12-16 12:19:00+09:00,2.4129,2.4149,2.4121,2.4130,285326.2
2024-12-16 12:20:00+09:00,2.4129,2.4129,2.4104,2.4108,703789.2
2024-12-16 12:21:00+09:00,2.4107,2.4122,2.4057,2.4057,2310970.4
2024-12-16 12:22:00+09:00,2.4057,2.4063,2.4040,2.4047,1137002.9
2024-12-16 12:23:00+09:00,2.4047,2.4060,2.4034,2.4049,716590.9
2024-12-16 12:24:00+09:00,2.4049,2.4060,2.4041,2.4056,395124.5
2024-12-16 12:25:00+09:00,2.4056,2.4096,2.4012,2.4044,2657498.5
2024-12-16 12:26:00+09:00,2.4043,2.4063,2.4029,2.4063,545516.4
2024-12-16 12:27:00+09:00,2.4064,2.4077,2.4054,2.4058,415503.9
2024-12-16 12:28:00+09:00,2.4057,2.4070,2.4052,2.4058,325835.2
2024-12-16 12:29:00+09:00,2.4059,2.4085,2.4052,2.4080,379851.1
2024-12-16 12:30:00+09:00,2.4081,2.4128,2.4078,2.4124,836729.5
2024-12-16 12:31:00+09:00,2.4124,2.4127,2.4091,2.4091,457664.7
2024-12-16 12:32:00+09:00,2.4092,2.4117,2.4090,2.4106,385984.3
2024-12-16 12:33:00+09:00,2.4106,2.4131,2.4099,2.4118,288641.8
2024-12-16 12:34:00+09:00,2.4118,2.4123,2.4102,2.4102,263447.8
2024-12-16 12:35:00+09:00,2.4102,2.4120,2.4096,2.4102,285485.1
2024-12-16 12:36:00+09:00,2.4103,2.4104,2.4071,2.4072,362436.2
2024-12-16 12:37:00+09:00,2.4072,2.4079,2.4048,2.4057,388524.6
2024-12-16 12:38:00+09:00,2.4057,2.4066,2.4037,2.4037,483706.8
2024-12-16 12:39:00+09:00,2.4038,2.4042,2.4024,2.4025,792846.7
2024-12-16 12:40:00+09:00,2.4024,2.4025,2.3973,2.3997,3231054.1
2024-12-16 12:41:00+09:00,2.3997,2.4036,2.3991,2.4036,425086.2
2024-12-16 12:42:00+09:00,2.4036,2.4038,2.3994,2.4002,967600.9
2024-12-16 12:43:00+09:00,2.4002,2.4013,2.3992,2.3992,504006.5
2024-12-16 12:44:00+09:00,2.3993,2.4002,2.3982,2.3994,496867.0
2024-12-16 12:45:00+09:00,2.3994,2.4006,2.3938,2.3951,1924457.5
2024-12-16 12:46:00+09:00,2.3951,2.3956,2.3908,2.3912,2251352.3
2024-12-16 12:47:00+09:00,2.3913,2.3933,2.3892,2.3918,2682624.9
2024-12-16 12:48:00+09:00,2.3918,2.3932,2.3892,2.3929,1380380.5
2024-12-16 12:49:00+09:00,2.3930,2.3979,2.3930,2.3961,1483395.3
2024-12-16 12:50:00+09:00,2.3962,2.3967,2.3937,2.3946,859554.0
2024-12-16 12:51:00+09:00,2.3947,2.3980,2.3940,2.3978,502529.1
2024-12-16 12:52:00+09:00,2.3978,2.3991,2.3957,2.3977,679304.8
2024-12-16 12:53:00+09:00,2.3977,2.4002,2.3975,2.3980,527726.6
2024-12-16 12:54:00+09:00,2.3981,2.3990,2.3959,2.3972,311142.9
2024-12-16 12:55:00+09:00,2.3972,2.3972,2.3952,2.3965,361058.2
2024-12-16 12:56:00+09:00,2.3965,2.4035,2.3965,2.4007,1385919.4
2024-12-16 12:57:00+09:00,2.4006,2.4027,2.3995,2.4015,816900.0
2024-12-16 12:58:00+09:00,2.4016,2.4048,2.4008,2.4036,1033497.9
2024-12-16 12:59:00+09:00,2.4037,2.4043,2.4020,2.4039,455126.7
2024-12-16 13:00:00+09:00,2.4038,2.4060,2.4032,2.4059,528268.2
2024-12-16 13:01:00+09:00,2.4059,2.4059,2.4033,2.4033,699130.8
2024-12-16 13:02:00+09:00,2.4033,2.4033,2.4000,2.4003,653660.5
2024-12-16 13:03:00+09:00,2.4004,2.4035,2.3994,2.4035,343610.6
2024-12-16 13:04:00+09:00,2.4035,2.4039,2.4012,2.4015,662405.7
2024-12-16 13:05:00+09:00,2.4016,2.4017,2.3982,2.3987,682459.7
2024-12-16 13:06:00+09:00,2.3987,2.4015,2.3983,2.3991,712174.7
2024-12-16 13:07:00+09:00,2.3991,2.4024,2.3989,2.4013,313840.4
2024-12-16 13:08:00+09:00,2.4014,2.4042,2.4012,2.4039,324089.0
2024-12-16 13:09:00+09:00,2.4039,2.4043,2.4017,2.4030,331375.3
2024-12-16 13:10:00+09:00,2.4030,2.4030,2.4012,2.4013,252883.7
2024-12-16 13:11:00+09:00,2.4013,2.4019,2.3995,2.3999,633696.1
2024-12-16 13:12:00+09:00,2.3999,2.4004,2.3992,2.3994,338945.5
2024-12-16 13:13:00+09:00,2.3993,2.4001,2.3984,2.3998,434489.9
2024-12-16 13:14:00+09:00,2.3999,2.4011,2.3994,2.4008,290730.0
2024-12-16 13:15:00+09:00,2.4007,2.4014,2.3995,2.4009,341609.8
2024-12-16 13:16:00+09:00,2.4008,2.4020,2.3988,2.4005,337519.1
2024-12-16 13:17:00+09:00,2.4005,2.4046,2.4003,2.4037,542714.7
2024-12-16 13:18:00+09:00,2.4037,2.4051,2.4033,2.4044,528541.3
2024-12-16 13:19:00+09:00,2.4044,2.4056,2.4025,2.4053,674847.9
2024-12-16 13:20:00+09:00,2.4052,2.4052,2.4028,2.4030,408324.7
2024-12-16 13:21:00+09:00,2.4030,2.4043,2.4023,2.4041,209149.7
2024-12-16 13:22:00+09:00,2.4040,2.4050,2.4025,2.4028,318807.4
2024-12-16 13:23:00+09:00,2.4029,2.4051,2.4029,2.4047,295211.1
2024-12-16 13:24:00+09:00,2.4046,2.4047,2.4033,2.4036,192833.8
2024-12-16 13:25:00+09:00,2.4035,2.4044,2.4014,2.4016,332157.6
2024-12-16 13:26:00+09:00,2.4016,2.4016,2.3986,2.3991,402475.4
2024-12-16 13:27:00+09:00,2.3990,2.4001,2.3984,2.3992,794305.0
2024-12-16 13:28:00+09:00,2.3992,2.4003,2.3987,2.3987,300543.6
2024-12-16 13:29:00+09:00,2.3988,2.4007,2.3987,2.4006,142683.9
2024-12-16 13:30:00+09:00,2.4005,2.4050,2.3997,2.4047,406232.4
2024-12-16 13:31:00+09:00,2.4048,2.4066,2.4027,2.4031,569680.5
2024-12-16 13:32:00+09:00,2.4032,2.4055,2.4015,2.4023,802605.8
2024-12-16 13:33:00+09:00,2.4023,2.4041,2.4023,2.4036,220318.6
2024-12-16 13:34:00+09:00,2.4036,2.4036,2.4016,2.4033,202286.1
2024-12-16 13:35:00+09:00,2.4033,2.4042,2.4018,2.4019,274469.5
2024-12-16 13:36:00+09:00,2.4019,2.4020,2.3995,2.4003,315751.4
2024-12-16 13:37:00+09:00,2.4002,2.4017,2.4000,2.4007,226997.4
2024-12-16 13:38:00+09:00,2.4006,2.4028,2.4006,2.4021,201491.5
2024-12-16 13:39:00+09:00,2.4021,2.4021,2.4000,2.4000,148607.7
2024-12-16 13:40:00+09:00,2.4000,2.4012,2.3992,2.4000,153090.3
2024-12-16 13:41:00+09:00,2.4000,2.4002,2.3973,2.3997,747911.4
2024-12-16 13:42:00+09:00,2.3998,2.4006,2.3986,2.3990,614792.7
2024-12-16 13:43:00+09:00,2.3990,2.4000,2.3980,2.4000,390560.8
2024-12-16 13:44:00+09:00,2.4000,2.4014,2.3996,2.3996,205635.3
2024-12-16 13:45:00+09:00,2.3996,2.4022,2.3985,2.4022,465264.1
2024-12-16 13:46:00+09:00,2.4022,2.4029,2.4009,2.4009,252010.3
2024-12-16 13:47:00+09:00,2.4009,2.4026,2.4005,2.4015,208607.0
2024-12-16 13:48:00+09:00,2.4015,2.4018,2.4009,2.4014,264049.4
2024-12-16 13:49:00+09:00,2.4014,2.4021,2.4005,2.4019,207294.1
2024-12-16 13:50:00+09:00,2.4018,2.4018,2.3982,2.3989,312180.2
2024-12-16 13:51:00+09:00,2.3989,2.4026,2.3989,2.4016,198713.4
2024-12-16 13:52:00+09:00,2.4016,2.4016,2.3996,2.4004,172155.1
2024-12-16 13:53:00+09:00,2.4004,2.4020,2.3994,2.4009,267518.4
2024-12-16 13:54:00+09:00,2.4009,2.4015,2.4000,2.4002,141291.2
2024-12-16 13:55:00+09:00,2.4002,2.4014,2.3996,2.4002,200340.9
2024-12-16 13:56:00+09:00,2.4002,2.4030,2.4000,2.4022,760310.6
2024-12-16 13:57:00+09:00,2.4022,2.4028,2.3999,2.4001,156995.5
2024-12-16 13:58:00+09:00,2.4000,2.4006,2.3983,2.3996,262909.0
2024-12-16 13:59:00+09:00,2.3996,2.4010,2.3986,2.3986,209786.1
2024-12-16 14:00:00+09:00,2.3986,2.4008,2.3981,2.4008,383181.4
2024-12-16 14:01:00+09:00,2.4008,2.4013,2.3980,2.3987,284512.4
2024-12-16 14:02:00+09:00,2.3987,2.3991,2.3974,2.3980,402620.2
2024-12-16 14:03:00+09:00,2.3979,2.4000,2.3968,2.3982,454898.5
2024-12-16 14:04:00+09:00,2.3983,2.3996,2.3975,2.3975,256651.1
2024-12-16 14:05:00+09:00,2.3975,2.3989,2.3967,2.3984,623457.5
2024-12-16 14:06:00+09:00,2.3984,2.4035,2.3984,2.4031,908060.4
2024-12-16 14:07:00+09:00,2.4031,2.4032,2.3998,2.4000,481699.6
2024-12-16 14:08:00+09:00,2.4000,2.4010,2.3986,2.3999,317092.5
2024-12-16 14:09:00+09:00,2.3999,2.4061,2.3999,2.4050,578266.0
2024-12-16 14:10:00+09:00,2.4050,2.4090,2.4047,2.4056,1956056.5
2024-12-16 14:11:00+09:00,2.4056,2.4057,2.4038,2.4043,530550.4
2024-12-16 14:12:00+09:00,2.4044,2.4060,2.4029,2.4034,578445.2
2024-12-16 14:13:00+09:00,2.4034,2.4037,2.4023,2.4033,199831.0
2024-12-16 14:14:00+09:00,2.4033,2.4066,2.4033,2.4062,312597.0
2024-12-16 14:15:00+09:00,2.4061,2.4081,2.4059,2.4076,403668.8
2024-12-16 14:16:00+09:00,2.4076,2.4097,2.4074,2.4088,645992.4
2024-12-16 14:17:00+09:00,2.4087,2.4122,2.4087,2.4106,1080168.0
2024-12-16 14:18:00+09:00,2.4106,2.4111,2.4086,2.4090,407721.2
2024-12-16 14:19:00+09:00,2.4091,2.4105,2.4082,2.4085,538568.0
2024-12-16 14:20:00+09:00,2.4086,2.4109,2.4082,2.4096,742672.5
2024-12-16 14:21:00+09:00,2.4096,2.4110,2.4091,2.4096,521161.7
2024-12-16 14:22:00+09:00,2.4097,2.4114,2.4086,2.4087,445141.7
2024-12-16 14:23:00+09:00,2.4087,2.4089,2.4076,2.4076,248815.1
2024-12-16 14:24:00+09:00,2.4076,2.4087,2.4064,2.4073,391557.4
2024-12-16 14:25:00+09:00,2.4073,2.4076,2.4050,2.4051,369806.5
2024-12-16 14:26:00+09:00,2.4052,2.4060,2.4045,2.4049,212212.8
2024-12-16 14:27:00+09:00,2.4048,2.4054,2.4034,2.4034,312285.5
2024-12-16 14:28:00+09:00,2.4034,2.4034,2.4000,2.4004,587504.1
2024-12-16 14:29:00+09:00,2.4004,2.4043,2.4000,2.4038,861870.7
2024-12-16 14:30:00+09:00,2.4038,2.4057,2.4026,2.4046,299107.7
2024-12-16 14:31:00+09:00,2.4045,2.4049,2.4022,2.4037,339215.5
2024-12-16 14:32:00+09:00,2.4037,2.4049,2.4025,2.4042,291248.5
2024-12-16 14:33:00+09:00,2.4042,2.4043,2.4030,2.4036,186458.2
2024-12-16 14:34:00+09:00,2.4037,2.4064,2.4037,2.4061,265914.5
2024-12-16 14:35:00+09:00,2.4062,2.4071,2.4048,2.4062,251117.0
2024-12-16 14:36:00+09:00,2.4061,2.4083,2.4058,2.4070,340571.0
2024-12-16 14:37:00+09:00,2.4070,2.4076,2.4061,2.4065,296535.2
2024-12-16 14:38:00+09:00,2.4064,2.4075,2.4058,2.4066,207083.7
2024-12-16 14:39:00+09:00,2.4066,2.4081,2.4060,2.4080,138962.2
2024-12-16 14:40:00+09:00,2.4081,2.4089,2.4065,2.4065,255556.9
2024-12-16 14:41:00+09:00,2.4066,2.4075,2.4060,2.4062,275117.8
2024-12-16 14:42:00+09:00,2.4063,2.4105,2.4063,2.4097,712440.0
2024-12-16 14:43:00+09:00,2.4098,2.4107,2.4088,2.4089,467807.2
2024-12-16 14:44:00+09:00,2.4089,2.4091,2.4074,2.4074,285695.0
2024-12-16 14:45:00+09:00,2.4073,2.4081,2.4062,2.4075,237532.1
2024-12-16 14:46:00+09:00,2.4075,2.4097,2.4071,2.4091,311665.1
2024-12-16 14:47:00+09:00,2.4091,2.4094,2.4075,2.4091,170282.1
2024-12-16 14:48:00+09:00,2.4090,2.4107,2.4090,2.4103,434968.4
2024-12-16 14:49:00+09:00,2.4103,2.4107,2.4090,2.4090,378781.3
2024-12-16 14:50:00+09:00,2.4090,2.4099,2.4080,2.4080,225186.7
2024-12-16 14:51:00+09:00,2.4080,2.4095,2.4077,2.4093,230843.2
2024-12-16 14:52:00+09:00,2.4092,2.4103,2.4085,2.4102,328295.4
2024-12-16 14:53:00+09:00,2.4102,2.4112,2.4084,2.4086,388650.6
2024-12-16 14:54:00+09:00,2.4087,2.4087,2.4075,2.4080,179712.0
2024-12-16 14:55:00+09:00,2.4081,2.4088,2.4064,2.4087,296359.2
2024-12-16 14:56:00+09:00,2.4087,2.4093,2.4076,2.4091,336297.9
2024-12-16 14:57:00+09:00,2.4090,2.4094,2.4078,2.4080,633808.7
2024-12-16 14:58:00+09:00,2.4080,2.4094,2.4077,2.4083,252790.7
2024-12-16 14:59:00+09:00,2.4084,2.4094,2.4080,2.4084,117721.0
2024-12-16 15:00:00+09:00,2.4085,2.4085,2.4062,2.4067,348369.7
2024-12-16 15:01:00+09:00,2.4067,2.4084,2.4064,2.4083,196788.9
2024-12-16 15:02:00+09:00,2.4083,2.4094,2.4078,2.4093,198162.4
2024-12-16 15:03:00+09:00,2.4093,2.4120,2.4093,2.4118,439933.8
2024-12-16 15:04:00+09:00,2.4117,2.4130,2.4108,2.4109,497150.0
2024-12-16 15:05:00+09:00,2.4109,2.4118,2.4091,2.4102,354506.1
2024-12-16 15:06:00+09:00,2.4103,2.4136,2.4103,2.4135,457371.6
2024-12-16 15:07:00+09:00,2.4136,2.4165,2.4129,2.4148,1541753.4
2024-12-16 15:08:00+09:00,2.4148,2.4150,2.4133,2.4134,279571.8
2024-12-16 15:09:00+09:00,2.4135,2.4144,2.4127,2.4140,348654.1
2024-12-16 15:10:00+09:00,2.4139,2.4148,2.4129,2.4137,354872.3
2024-12-16 15:11:00+09:00,2.4136,2.4137,2.4127,2.4129,209376.8
2024-12-16 15:12:00+09:00,2.4130,2.4136,2.4111,2.4113,319488.5
2024-12-16 15:13:00+09:00,2.4113,2.4117,2.4100,2.4101,207398.9
2024-12-16 15:14:00+09:00,2.4100,2.4129,2.4100,2.4124,368776.7
2024-12-16 15:15:00+09:00,2.4125,2.4147,2.4125,2.4144,520039.5
2024-12-16 15:16:00+09:00,2.4145,2.4149,2.4122,2.4125,348726.4
2024-12-16 15:17:00+09:00,2.4124,2.4128,2.4102,2.4109,295441.2
2024-12-16 15:18:00+09:00,2.4108,2.4129,2.4108,2.4126,217177.9
2024-12-16 15:19:00+09:00,2.4126,2.4168,2.4124,2.4164,478303.2
2024-12-16 15:20:00+09:00,2.4165,2.4169,2.4146,2.4146,454689.8
2024-12-16 15:21:00+09:00,2.4146,2.4155,2.4139,2.4148,255998.1
2024-12-16 15:22:00+09:00,2.4148,2.4153,2.4136,2.4141,317915.2
2024-12-16 15:23:00+09:00,2.4142,2.4145,2.4122,2.4134,265207.5
2024-12-16 15:24:00+09:00,2.4134,2.4134,2.4121,2.4121,96125.1
2024-12-16 15:25:00+09:00,2.4122,2.4127,2.4082,2.4094,1135800.5
2024-12-16 15:26:00+09:00,2.4094,2.4124,2.4093,2.4123,262137.3
2024-12-16 15:27:00+09:00,2.4124,2.4124,2.4101,2.4102,183540.9
2024-12-16 15:28:00+09:00,2.4102,2.4102,2.4066,2.4073,464382.2
2024-12-16 15:29:00+09:00,2.4073,2.4074,2.4049,2.4060,667762.7
2024-12-16 15:30:00+09:00,2.4059,2.4062,2.4047,2.4054,257185.1
2024-12-16 15:31:00+09:00,2.4053,2.4092,2.4049,2.4090,369897.0
2024-12-16 15:32:00+09:00,2.4090,2.4108,2.4083,2.4099,429281.6
2024-12-16 15:33:00+09:00,2.4100,2.4100,2.4082,2.4089,178911.7
2024-12-16 15:34:00+09:00,2.4089,2.4114,2.4086,2.4110,308175.3
2024-12-16 15:35:00+09:00,2.4109,2.4115,2.4103,2.4107,241434.6
2024-12-16 15:36:00+09:00,2.4107,2.4125,2.4102,2.4115,459896.4
2024-12-16 15:37:00+09:00,2.4114,2.4130,2.4110,2.4116,311553.7
2024-12-16 15:38:00+09:00,2.4116,2.4118,2.4085,2.4091,1073488.4
2024-12-16 15:39:00+09:00,2.4091,2.4100,2.4066,2.4098,550381.4
2024-12-16 15:40:00+09:00,2.4097,2.4116,2.4097,2.4104,225156.8
2024-12-16 15:41:00+09:00,2.4104,2.4116,2.4098,2.4104,243679.1
2024-12-16 15:42:00+09:00,2.4104,2.4104,2.4093,2.4099,202348.5
2024-12-16 15:43:00+09:00,2.4100,2.4100,2.4085,2.4086,205322.3
2024-12-16 15:44:00+09:00,2.4086,2.4090,2.4060,2.4079,419104.6
2024-12-16 15:45:00+09:00,2.4079,2.4080,2.4048,2.4051,400090.7
2024-12-16 15:46:00+09:00,2.4051,2.4063,2.4040,2.4051,416601.7
2024-12-16 15:47:00+09:00,2.4051,2.4069,2.4046,2.4046,531232.2
2024-12-16 15:48:00+09:00,2.4046,2.4054,2.4011,2.4021,857808.0
2024-12-16 15:49:00+09:00,2.4022,2.4022,2.3993,2.4018,947617.6
2024-12-16 15:50:00+09:00,2.4017,2.4036,2.4002,2.4035,413446.9
2024-12-16 15:51:00+09:00,2.4035,2.4041,2.3978,2.3989,1544051.9
2024-12-16 15:52:00+09:00,2.3988,2.3990,2.3975,2.3989,668684.9
2024-12-16 15:53:00+09:00,2.3990,2.4004,2.3986,2.3993,484669.7
2024-12-16 15:54:00+09:00,2.3993,2.4027,2.3987,2.4024,591650.1
2024-12-16 15:55:00+09:00,2.4024,2.4036,2.4010,2.4018,510969.2
2024-12-16 15:56:00+09:00,2.4017,2.4022,2.4000,2.4008,224041.3
2024-12-16 15:57:00+09:00,2.4007,2.4007,2.3984,2.4000,492025.1
2024-12-16 15:58:00+09:00,2.4000,2.4028,2.4000,2.4017,557342.4
2024-12-16 15:59:00+09:00,2.4018,2.4033,2.4016,2.4023,239375.5
2024-12-16 16:00:00+09:00,2.4022,2.4022,2.3964,2.3993,1356613.2
2024-12-16 16:01:00+09:00,2.3993,2.4020,2.3973,2.3974,1000314.9
2024-12-16 16:02:00+09:00,2.3975,2.4002,2.3964,2.3997,463196.5
2024-12-16 16:03:00+09:00,2.3997,2.4015,2.3981,2.4012,389312.3
2024-12-16 16:04:00+09:00,2.4011,2.4043,2.4011,2.4035,386743.2
2024-12-16 16:05:00+09:00,2.4035,2.4035,2.3988,2.3999,415955.5
2024-12-16 16:06:00+09:00,2.3999,2.4019,2.3995,2.3998,350252.2
2024-12-16 16:07:00+09:00,2.3998,2.4012,2.3990,2.4012,203331.1
2024-12-16 16:08:00+09:00,2.4011,2.4024,2.4001,2.4019,117964.7
2024-12-16 16:09:00+09:00,2.4019,2.4024,2.4008,2.4011,268124.0
2024-12-16 16:10:00+09:00,2.4012,2.4014,2.3994,2.4011,234101.9
2024-12-16 16:11:00+09:00,2.4012,2.4023,2.4002,2.4005,307699.6
2024-12-16 16:12:00+09:00,2.4004,2.4031,2.4000,2.4024,308366.7
2024-12-16 16:13:00+09:00,2.4023,2.4051,2.4020,2.4048,510191.1
2024-12-16 16:14:00+09:00,2.4048,2.4071,2.4035,2.4042,1478126.7
2024-12-16 16:15:00+09:00,2.4041,2.4079,2.4039,2.4077,419863.2
2024-12-16 16:16:00+09:00,2.4076,2.4078,2.4063,2.4068,345293.2
2024-12-16 16:17:00+09:00,2.4068,2.4098,2.4062,2.4072,509281.1
2024-12-16 16:18:00+09:00,2.4072,2.4080,2.4065,2.4069,277966.5
2024-12-16 16:19:00+09:00,2.4069,2.4095,2.4067,2.4093,325105.7
2024-12-16 16:20:00+09:00,2.4092,2.4110,2.4079,2.4110,378997.4
2024-12-16 16:21:00+09:00,2.4109,2.4137,2.4097,2.4100,783851.2
2024-12-16 16:22:00+09:00,2.4099,2.4117,2.4091,2.4095,347082.8
2024-12-16 16:23:00+09:00,2.4096,2.4115,2.4088,2.4101,216859.9
2024-12-16 16:24:00+09:00,2.4101,2.4111,2.4085,2.4102,206558.4
2024-12-16 16:25:00+09:00,2.4102,2.4122,2.4095,2.4119,429496.8
2024-12-16 16:26:00+09:00,2.4120,2.4120,2.4108,2.4111,258678.6
2024-12-16 16:27:00+09:00,2.4112,2.4118,2.4104,2.4110,180574.2
2024-12-16 16:28:00+09:00,2.4110,2.4120,2.4102,2.4107,180404.6
2024-12-16 16:29:00+09:00,2.4106,2.4117,2.4085,2.4114,455530.3
2024-12-16 16:30:00+09:00,2.4114,2.4125,2.4109,2.4110,333852.3
2024-12-16 16:31:00+09:00,2.4110,2.4114,2.4084,2.4089,304787.2
2024-12-16 16:32:00+09:00,2.4090,2.4096,2.4075,2.4075,258827.1
2024-12-16 16:33:00+09:00,2.4076,2.4095,2.4070,2.4077,404352.4
2024-12-16 16:34:00+09:00,2.4077,2.4091,2.4070,2.4078,339683.5
2024-12-16 16:35:00+09:00,2.4078,2.4096,2.4072,2.4086,278300.9
2024-12-16 16:36:00+09:00,2.4085,2.4086,2.4071,2.4080,202527.8
2024-12-16 16:37:00+09:00,2.4080,2.4092,2.4071,2.4091,143743.7
2024-12-16 16:38:00+09:00,2.4092,2.4103,2.4084,2.4098,353559.7
2024-12-16 16:39:00+09:00,2.4098,2.4108,2.4090,2.4090,206721.7
2024-12-16 16:40:00+09:00,2.4090,2.4094,2.4071,2.4071,234568.5
2024-12-16 16:41:00+09:00,2.4071,2.4092,2.4058,2.4092,294407.0
2024-12-16 16:42:00+09:00,2.4091,2.4096,2.4072,2.4072,129821.7
2024-12-16 16:43:00+09:00,2.4072,2.4092,2.4072,2.4080,152852.1
2024-12-16 16:44:00+09:00,2.4080,2.4090,2.4073,2.4078,147585.0
2024-12-16 16:45:00+09:00,2.4077,2.4082,2.4056,2.4074,494493.7
2024-12-16 16:46:00+09:00,2.4075,2.4084,2.4070,2.4072,170516.0
2024-12-16 16:47:00+09:00,2.4073,2.4085,2.4070,2.4085,128055.7
2024-12-16 16:48:00+09:00,2.4086,2.4088,2.4076,2.4078,107897.4
2024-12-16 16:49:00+09:00,2.4078,2.4084,2.4072,2.4079,187069.6
2024-12-16 16:50:00+09:00,2.4079,2.4095,2.4079,2.4090,202088.2
2024-12-16 16:51:00+09:00,2.4091,2.4091,2.4057,2.4061,388657.9
2024-12-16 16:52:00+09:00,2.4062,2.4069,2.4035,2.4036,249136.9
2024-12-16 16:53:00+09:00,2.4036,2.4051,2.4033,2.4044,346310.6
2024-12-16 16:54:00+09:00,2.4043,2.4043,2.4017,2.4020,424696.6
2024-12-16 16:55:00+09:00,2.4021,2.4028,2.4014,2.4017,215352.8
2024-12-16 16:56:00+09:00,2.4016,2.4016,2.4006,2.4009,318863.4
2024-12-16 16:57:00+09:00,2.4009,2.4017,2.3983,2.4012,818742.2
2024-12-16 16:58:00+09:00,2.4012,2.4042,2.4010,2.4038,396878.4
2024-12-16 16:59:00+09:00,2.4038,2.4040,2.4030,2.4037,169331.5
2024-12-16 17:00:00+09:00,2.4037,2.4065,2.4031,2.4056,477025.0
2024-12-16 17:01:00+09:00,2.4056,2.4056,2.4032,2.4052,279042.3
2024-12-16 17:02:00+09:00,2.4052,2.4070,2.4051,2.4057,304292.9
2024-12-16 17:03:00+09:00,2.4056,2.4056,2.4028,2.4038,441415.7
2024-12-16 17:04:00+09:00,2.4039,2.4041,2.4000,2.4001,710198.9
2024-12-16 17:05:00+09:00,2.4002,2.4002,2.3985,2.3994,818332.4
2024-12-16 17:06:00+09:00,2.3994,2.4009,2.3972,2.3991,1068844.3
2024-12-16 17:07:00+09:00,2.3991,2.3999,2.3979,2.3989,538874.7
2024-12-16 17:08:00+09:00,2.3989,2.4024,2.3967,2.3993,1249868.8
2024-12-16 17:09:00+09:00,2.3994,2.4012,2.3984,2.3990,408904.7
2024-12-16 17:10:00+09:00,2.3989,2.4006,2.3981,2.4001,293501.6
2024-12-16 17:11:00+09:00,2.4001,2.4001,2.3982,2.3989,332106.2
2024-12-16 17:12:00+09:00,2.3990,2.4004,2.3978,2.3988,513429.6
2024-12-16 17:13:00+09:00,2.3988,2.3996,2.3974,2.3995,524789.6
2024-12-16 17:14:00+09:00,2.3995,2.4010,2.3974,2.3985,554867.9
2024-12-16 17:15:00+09:00,2.3985,2.3993,2.3952,2.3971,1165445.6
2024-12-16 17:16:00+09:00,2.3971,2.3982,2.3947,2.3947,1131770.7
2024-12-16 17:17:00+09:00,2.3947,2.3971,2.3908,2.3914,1913896.3
2024-12-16 17:18:00+09:00,2.3914,2.3960,2.3900,2.3959,1585977.7
2024-12-16 17:19:00+09:00,2.3958,2.3959,2.3915,2.3921,582828.6
2024-12-16 17:20:00+09:00,2.3921,2.3943,2.3907,2.3934,898188.9
2024-12-16 17:21:00+09:00,2.3933,2.3968,2.3931,2.3956,740963.9
2024-12-16 17:22:00+09:00,2.3957,2.3975,2.3945,2.3956,594804.6
2024-12-16 17:23:00+09:00,2.3957,2.3970,2.3945,2.3963,368631.8
2024-12-16 17:24:00+09:00,2.3962,2.4006,2.3957,2.4005,874095.9
2024-12-16 17:25:00+09:00,2.4005,2.4038,2.3990,2.4032,1061442.0
2024-12-16 17:26:00+09:00,2.4031,2.4047,2.4008,2.4013,759247.4
2024-12-16 17:27:00+09:00,2.4014,2.4015,2.3960,2.3964,1228780.6
2024-12-16 17:28:00+09:00,2.3965,2.3972,2.3929,2.3947,673113.8
2024-12-16 17:29:00+09:00,2.3948,2.3950,2.3917,2.3928,867165.0
2024-12-16 17:30:00+09:00,2.3929,2.3970,2.3921,2.3968,654638.2
2024-12-16 17:31:00+09:00,2.3968,2.3976,2.3952,2.3964,752158.3
2024-12-16 17:32:00+09:00,2.3964,2.3969,2.3949,2.3954,250695.4
2024-12-16 17:33:00+09:00,2.3954,2.3972,2.3943,2.3964,545484.6
2024-12-16 17:34:00+09:00,2.3963,2.3964,2.3935,2.3943,247697.2
2024-12-16 17:35:00+09:00,2.3943,2.3984,2.3938,2.3984,395119.9
2024-12-16 17:36:00+09:00,2.3984,2.4004,2.3974,2.3999,471787.3
2024-12-16 17:37:00+09:00,2.4000,2.4001,2.3966,2.3982,413979.1
2024-12-16 17:38:00+09:00,2.3981,2.3985,2.3952,2.3952,741119.8
2024-12-16 17:39:00+09:00,2.3951,2.3972,2.3947,2.3949,1214176.1
2024-12-16 17:40:00+09:00,2.3949,2.3962,2.3943,2.3947,212584.3
2024-12-16 17:41:00+09:00,2.3947,2.3954,2.3934,2.3934,286035.4
2024-12-16 17:42:00+09:00,2.3934,2.3934,2.3910,2.3916,491900.1
2024-12-16 17:43:00+09:00,2.3915,2.3928,2.3905,2.3910,475156.6
2024-12-16 17:44:00+09:00,2.3910,2.3929,2.3908,2.3909,247410.2
2024-12-16 17:45:00+09:00,2.3909,2.3920,2.3895,2.3920,1027031.8
2024-12-16 17:46:00+09:00,2.3921,2.3936,2.3901,2.3903,348727.6
2024-12-16 17:47:00+09:00,2.3902,2.3930,2.3874,2.3926,1388770.0
2024-12-16 17:48:00+09:00,2.3927,2.3944,2.3912,2.3918,338448.9
2024-12-16 17:49:00+09:00,2.3918,2.3920,2.3899,2.3910,424676.7
2024-12-16 17:50:00+09:00,2.3910,2.3914,2.3871,2.3881,1563825.9
2024-12-16 17:51:00+09:00,2.3882,2.3918,2.3880,2.3898,698479.8
2024-12-16 17:52:00+09:00,2.3898,2.3903,2.3879,2.3887,392100.3
2024-12-16 17:53:00+09:00,2.3886,2.3892,2.3846,2.3875,2152491.4
2024-12-16 17:54:00+09:00,2.3876,2.3878,2.3853,2.3863,666354.4
2024-12-16 17:55:00+09:00,2.3863,2.3900,2.3862,2.3892,1199733.9
2024-12-16 17:56:00+09:00,2.3892,2.3892,2.3867,2.3869,676977.6
2024-12-16 17:57:00+09:00,2.3869,2.3876,2.3851,2.3864,710267.9
2024-12-16 17:58:00+09:00,2.3865,2.3885,2.3861,2.3870,505627.2
2024-12-16 17:59:00+09:00,2.3870,2.3878,2.3854,2.3866,637964.2
2024-12-16 18:00:00+09:00,2.3866,2.3897,2.3863,2.3887,1190163.2
2024-12-16 18:01:00+09:00,2.3887,2.3889,2.3852,2.3871,603254.9
2024-12-16 18:02:00+09:00,2.3871,2.3888,2.3867,2.3887,450426.8
2024-12-16 18:03:00+09:00,2.3888,2.3925,2.3887,2.3890,1005547.2
2024-12-16 18:04:00+09:00,2.3890,2.3899,2.3857,2.3866,523393.6
2024-12-16 18:05:00+09:00,2.3866,2.3875,2.3830,2.3839,1218094.3
2024-12-16 18:06:00+09:00,2.3840,2.3849,2.3801,2.3821,1766213.8
2024-12-16 18:07:00+09:00,2.3821,2.3896,2.3808,2.3894,1233431.5
2024-12-16 18:08:00+09:00,2.3895,2.3899,2.3877,2.3877,866315.5
2024-12-16 18:09:00+09:00,2.3877,2.3887,2.3858,2.3863,447613.1
2024-12-16 18:10:00+09:00,2.3862,2.3869,2.3817,2.3823,869376.9
2024-12-16 18:11:00+09:00,2.3823,2.3862,2.3820,2.3843,937938.6
2024-12-16 18:12:00+09:00,2.3843,2.3845,2.3811,2.3813,428427.1
2024-12-16 18:13:00+09:00,2.3812,2.3836,2.3810,2.3828,373498.6
2024-12-16 18:14:00+09:00,2.3828,2.3845,2.3814,2.3837,411372.1
2024-12-16 18:15:00+09:00,2.3836,2.3842,2.3807,2.3827,455659.2
2024-12-16 18:16:00+09:00,2.3827,2.3851,2.3816,2.3829,571436.2
2024-12-16 18:17:00+09:00,2.3828,2.3840,2.3819,2.3821,466923.3
2024-12-16 18:18:00+09:00,2.3822,2.3882,2.3820,2.3875,669564.7
2024-12-16 18:19:00+09:00,2.3875,2.3880,2.3856,2.3868,465863.9
2024-12-16 18:20:00+09:00,2.3868,2.3869,2.3812,2.3827,583661.9
2024-12-16 18:21:00+09:00,2.3828,2.3898,2.3826,2.3885,663458.9
2024-12-16 18:22:00+09:00,2.3884,2.3938,2.3879,2.3936,964023.4
2024-12-16 18:23:00+09:00,2.3936,2.3961,2.3922,2.3941,808690.5
2024-12-16 18:24:00+09:00,2.3941,2.3955,2.3928,2.3946,629344.7
2024-12-16 18:25:00+09:00,2.3946,2.3953,2.3923,2.3947,634660.3
2024-12-16 18:26:00+09:00,2.3947,2.3949,2.3925,2.3925,552308.8
2024-12-16 18:27:00+09:00,2.3925,2.3933,2.3921,2.3926,236637.1
2024-12-16 18:28:00+09:00,2.3927,2.3963,2.3922,2.3963,749773.3
2024-12-16 18:29:00+09:00,2.3963,2.3971,2.3938,2.3943,674322.2
2024-12-16 18:30:00+09:00,2.3943,2.3993,2.3937,2.3984,757708.9
2024-12-16 18:31:00+09:00,2.3984,2.3990,2.3960,2.3989,729879.8
2024-12-16 18:32:00+09:00,2.3990,2.4008,2.3987,2.4002,1764808.0
2024-12-16 18:33:00+09:00,2.4001,2.4016,2.3994,2.3998,1161633.2
2024-12-16 18:34:00+09:00,2.3997,2.4015,2.3981,2.3981,672440.0
2024-12-16 18:35:00+09:00,2.3981,2.3991,2.3970,2.3983,550812.8
2024-12-16 18:36:00+09:00,2.3984,2.3996,2.3972,2.3988,595166.9
2024-12-16 18:37:00+09:00,2.3988,2.3998,2.3978,2.3990,255255.9
2024-12-16 18:38:00+09:00,2.3990,2.4006,2.3979,2.3983,311785.8
2024-12-16 18:39:00+09:00,2.3982,2.4014,2.3980,2.4013,291379.6
2024-12-16 18:40:00+09:00,2.4013,2.4028,2.4004,2.4006,392029.1
2024-12-16 18:41:00+09:00,2.4006,2.4010,2.3991,2.3992,307018.3
2024-12-16 18:42:00+09:00,2.3992,2.3992,2.3976,2.3984,376598.7
2024-12-16 18:43:00+09:00,2.3983,2.3998,2.3980,2.3980,230627.0
2024-12-16 18:44:00+09:00,2.3981,2.3985,2.3961,2.3968,283463.4
2024-12-16 18:45:00+09:00,2.3967,2.3978,2.3943,2.3955,645061.2
2024-12-16 18:46:00+09:00,2.3955,2.3969,2.3942,2.3946,243420.8
2024-12-16 18:47:00+09:00,2.3947,2.3975,2.3940,2.3971,288289.0
2024-12-16 18:48:00+09:00,2.3971,2.3980,2.3944,2.3944,263543.5
2024-12-16 18:49:00+09:00,2.3944,2.3974,2.3942,2.3967,191231.7
2024-12-16 18:50:00+09:00,2.3967,2.3982,2.3954,2.3973,424643.1
2024-12-16 18:51:00+09:00,2.3972,2.3976,2.3960,2.3970,193625.8
2024-12-16 18:52:00+09:00,2.3970,2.3970,2.3937,2.3938,516347.2
2024-12-16 18:53:00+09:00,2.3937,2.3962,2.3934,2.3954,443163.9
2024-12-16 18:54:00+09:00,2.3953,2.3958,2.3944,2.3952,241015.7
2024-12-16 18:55:00+09:00,2.3952,2.3957,2.3934,2.3950,583578.7
2024-12-16 18:56:00+09:00,2.3950,2.3952,2.3921,2.3934,358229.0
2024-12-16 18:57:00+09:00,2.3934,2.3935,2.3901,2.3904,717818.0
2024-12-16 18:58:00+09:00,2.3905,2.3918,2.3883,2.3892,722672.9
2024-12-16 18:59:00+09:00,2.3892,2.3898,2.3878,2.3896,412140.3
2024-12-16 19:00:00+09:00,2.3897,2.3918,2.3877,2.3891,1027816.3
2024-12-16 19:01:00+09:00,2.3891,2.3896,2.3851,2.3855,683404.4
2024-12-16 19:02:00+09:00,2.3854,2.3884,2.3852,2.3884,335056.1
2024-12-16 19:03:00+09:00,2.3884,2.3915,2.3855,2.3856,775233.4
2024-12-16 19:04:00+09:00,2.3856,2.3862,2.3827,2.3833,902335.2
2024-12-16 19:05:00+09:00,2.3833,2.3837,2.3776,2.3800,2908655.0
2024-12-16 19:06:00+09:00,2.3799,2.3860,2.3797,2.3859,988161.7
2024-12-16 19:07:00+09:00,2.3860,2.3866,2.3818,2.3828,773307.2
2024-12-16 19:08:00+09:00,2.3828,2.3836,2.3818,2.3829,348657.5
2024-12-16 19:09:00+09:00,2.3830,2.3832,2.3792,2.3819,1431499.2
2024-12-16 19:10:00+09:00,2.3819,2.3825,2.3793,2.3818,730804.8
2024-12-16 19:11:00+09:00,2.3818,2.3822,2.3792,2.3806,1334968.3
2024-12-16 19:12:00+09:00,2.3806,2.3824,2.3771,2.3807,1299280.0
2024-12-16 19:13:00+09:00,2.3807,2.3807,2.3779,2.3783,1371437.2
2024-12-16 19:14:00+09:00,2.3784,2.3800,2.3772,2.3788,1681560.1
2024-12-16 19:15:00+09:00,2.3787,2.3827,2.3787,2.3821,495477.1
2024-12-16 19:16:00+09:00,2.3821,2.3823,2.3790,2.3796,967073.4
2024-12-16 19:17:00+09:00,2.3796,2.3819,2.3796,2.3808,604599.2
2024-12-16 19:18:00+09:00,2.3809,2.3809,2.3751,2.3763,1966393.8
2024-12-16 19:19:00+09:00,2.3763,2.3812,2.3762,2.3812,647480.9
2024-12-16 19:20:00+09:00,2.3811,2.3832,2.3786,2.3832,636079.2
2024-12-16 19:21:00+09:00,2.3832,2.3835,2.3818,2.3819,354473.0
2024-12-16 19:22:00+09:00,2.3818,2.3822,2.3785,2.3798,1060305.4
2024-12-16 19:23:00+09:00,2.3799,2.3820,2.3799,2.3816,250809.8
2024-12-16 19:24:00+09:00,2.3816,2.3820,2.3782,2.3799,512843.2
2024-12-16 19:25:00+09:00,2.3799,2.3826,2.3790,2.3826,496297.4
2024-12-16 19:26:00+09:00,2.3826,2.3873,2.3826,2.3868,907509.8
2024-12-16 19:27:00+09:00,2.3868,2.3872,2.3845,2.3856,375302.3
2024-12-16 19:28:00+09:00,2.3856,2.3862,2.3842,2.3854,252157.1
2024-12-16 19:29:00+09:00,2.3855,2.3855,2.3832,2.3836,220671.0
2024-12-16 19:30:00+09:00,2.3835,2.3879,2.3820,2.3873,605912.5
2024-12-16 19:31:00+09:00,2.3873,2.3892,2.3863,2.3883,954063.0
2024-12-16 19:32:00+09:00,2.3883,2.3896,2.3873,2.3885,643912.4
2024-12-16 19:33:00+09:00,2.3886,2.3893,2.3873,2.3893,242538.9
2024-12-16 19:34:00+09:00,2.3893,2.3912,2.3887,2.3908,402726.5
2024-12-16 19:35:00+09:00,2.3907,2.3918,2.3901,2.3908,661820.6
2024-12-16 19:36:00+09:00,2.3907,2.3929,2.3900,2.3900,452461.2
2024-12-16 19:37:00+09:00,2.3901,2.3918,2.3900,2.3917,276702.7
2024-12-16 19:38:00+09:00,2.3917,2.3917,2.3896,2.3902,339748.2
2024-12-16 19:39:00+09:00,2.3902,2.3903,2.3877,2.3879,354900.0
2024-12-16 19:40:00+09:00,2.3878,2.3888,2.3872,2.3886,243454.1
2024-12-16 19:41:00+09:00,2.3886,2.3900,2.3881,2.3891,155950.8
2024-12-16 19:42:00+09:00,2.3892,2.3908,2.3888,2.3892,296908.1
2024-12-16 19:43:00+09:00,2.3893,2.3894,2.3823,2.3824,1216349.9
2024-12-16 19:44:00+09:00,2.3823,2.3864,2.3823,2.3862,669194.1
2024-12-16 19:45:00+09:00,2.3861,2.3872,2.3837,2.3859,514314.9
2024-12-16 19:46:00+09:00,2.3860,2.3880,2.3860,2.3870,253655.0
2024-12-16 19:47:00+09:00,2.3870,2.3888,2.3860,2.3870,284737.2
2024-12-16 19:48:00+09:00,2.3871,2.3871,2.3845,2.3848,294965.1
2024-12-16 19:49:00+09:00,2.3848,2.3869,2.3847,2.3869,145633.4
2024-12-16 19:50:00+09:00,2.3869,2.3888,2.3863,2.3879,325694.3
2024-12-16 19:51:00+09:00,2.3878,2.3887,2.3868,2.3884,264588.7
2024-12-16 19:52:00+09:00,2.3883,2.3899,2.3881,2.3894,222764.3
2024-12-16 19:53:00+09:00,2.3893,2.3899,2.3887,2.3898,230312.4
2024-12-16 19:54:00+09:00,2.3897,2.3905,2.3887,2.3890,304780.6
2024-12-16 19:55:00+09:00,2.3890,2.3890,2.3873,2.3883,267648.2
2024-12-16 19:56:00+09:00,2.3883,2.3883,2.3874,2.3877,194264.5
2024-12-16 19:57:00+09:00,2.3878,2.3888,2.3877,2.3888,211581.2
2024-12-16 19:58:00+09:00,2.3888,2.3913,2.3887,2.3903,373267.5
2024-12-16 19:59:00+09:00,2.3904,2.3904,2.3887,2.3888,235549.5
2024-12-16 20:00:00+09:00,2.3887,2.3887,2.3870,2.3870,279622.7
2024-12-16 20:01:00+09:00,2.3870,2.3871,2.3840,2.3856,376654.3
2024-12-16 20:02:00+09:00,2.3855,2.3869,2.3844,2.3851,183972.4
2024-12-16 20:03:00+09:00,2.3851,2.3886,2.3848,2.3884,250694.3
2024-12-16 20:04:00+09:00,2.3884,2.3884,2.3862,2.3872,286897.2
2024-12-16 20:05:00+09:00,2.3872,2.3872,2.3832,2.3836,337770.1
2024-12-16 20:06:00+09:00,2.3836,2.3841,2.3806,2.3824,504571.1
2024-12-16 20:07:00+09:00,2.3823,2.3836,2.3817,2.3834,201834.7
2024-12-16 20:08:00+09:00,2.3834,2.3860,2.3833,2.3852,218213.3
2024-12-16 20:09:00+09:00,2.3852,2.3852,2.3795,2.3795,794413.5
2024-12-16 20:10:00+09:00,2.3796,2.3819,2.3792,2.3819,471480.0
2024-12-16 20:11:00+09:00,2.3819,2.3844,2.3818,2.3843,288903.5
2024-12-16 20:12:00+09:00,2.3843,2.3843,2.3811,2.3816,211203.5
2024-12-16 20:13:00+09:00,2.3816,2.3821,2.3798,2.3804,325294.4
2024-12-16 20:14:00+09:00,2.3804,2.3818,2.3802,2.3803,262470.7
2024-12-16 20:15:00+09:00,2.3802,2.3812,2.3786,2.3790,701301.0
2024-12-16 20:16:00+09:00,2.3790,2.3807,2.3779,2.3807,372757.0
2024-12-16 20:17:00+09:00,2.3807,2.3823,2.3796,2.3815,461379.1
2024-12-16 20:18:00+09:00,2.3814,2.3848,2.3814,2.3834,354227.8
2024-12-16 20:19:00+09:00,2.3834,2.3844,2.3822,2.3826,198187.9
2024-12-16 20:20:00+09:00,2.3825,2.3839,2.3813,2.3838,294246.2
2024-12-16 20:21:00+09:00,2.3839,2.3851,2.3826,2.3846,261438.1
2024-12-16 20:22:00+09:00,2.3845,2.3867,2.3841,2.3860,248356.5
2024-12-16 20:23:00+09:00,2.3860,2.3863,2.3842,2.3843,352442.9
2024-12-16 20:24:00+09:00,2.3843,2.3843,2.3826,2.3835,475499.9
2024-12-16 20:25:00+09:00,2.3835,2.3849,2.3828,2.3838,164913.6
2024-12-16 20:26:00+09:00,2.3838,2.3839,2.3795,2.3800,450146.0
2024-12-16 20:27:00+09:00,2.3799,2.3799,2.3781,2.3781,320947.0
2024-12-16 20:28:00+09:00,2.3780,2.3802,2.3780,2.3784,419039.8
2024-12-16 20:29:00+09:00,2.3784,2.3784,2.3764,2.3768,558803.8
2024-12-16 20:30:00+09:00,2.3768,2.3774,2.3757,2.3771,557556.5
2024-12-16 20:31:00+09:00,2.3771,2.3771,2.3746,2.3755,1129618.0
2024-12-16 20:32:00+09:00,2.3755,2.3787,2.3742,2.3768,935286.7
2024-12-16 20:33:00+09:00,2.3769,2.3769,2.3714,2.3722,1202751.3
2024-12-16 20:34:00+09:00,2.3722,2.3722,2.3688,2.3716,2598654.2
2024-12-16 20:35:00+09:00,2.3716,2.3731,2.3702,2.3703,906406.1
2024-12-16 20:36:00+09:00,2.3702,2.3720,2.3687,2.3690,989744.4
2024-12-16 20:37:00+09:00,2.3691,2.3705,2.3680,2.3690,1746033.5
2024-12-16 20:38:00+09:00,2.3690,2.3707,2.3671,2.3707,930640.6
2024-12-16 20:39:00+09:00,2.3707,2.3739,2.3690,2.3690,690990.2
2024-12-16 20:40:00+09:00,2.3691,2.3698,2.3673,2.3682,733647.8
2024-12-16 20:41:00+09:00,2.3682,2.3700,2.3672,2.3678,599263.2
2024-12-16 20:42:00+09:00,2.3678,2.3683,2.3666,2.3673,749280.4
2024-12-16 20:43:00+09:00,2.3674,2.3695,2.3662,2.3663,1367649.7
2024-12-16 20:44:00+09:00,2.3662,2.3698,2.3642,2.3694,1514760.7
2024-12-16 20:45:00+09:00,2.3694,2.3722,2.3690,2.3722,1463065.4
2024-12-16 20:46:00+09:00,2.3723,2.3723,2.3677,2.3680,534166.1
2024-12-16 20:47:00+09:00,2.3680,2.3687,2.3647,2.3657,1162083.6
2024-12-16 20:48:00+09:00,2.3658,2.3707,2.3613,2.3706,2145290.3
2024-12-16 20:49:00+09:00,2.3705,2.3706,2.3651,2.3651,699332.6
2024-12-16 20:50:00+09:00,2.3651,2.3659,2.3613,2.3657,1253428.4
2024-12-16 20:51:00+09:00,2.3658,2.3667,2.3629,2.3646,1214959.1
2024-12-16 20:52:00+09:00,2.3647,2.3653,2.3578,2.3587,3547572.8
2024-12-16 20:53:00+09:00,2.3587,2.3598,2.3563,2.3566,1460014.1
2024-12-16 20:54:00+09:00,2.3566,2.3632,2.3560,2.3621,2437725.8
2024-12-16 20:55:00+09:00,2.3622,2.3623,2.3500,2.3513,7329935.9
2024-12-16 20:56:00+09:00,2.3514,2.3538,2.3262,2.3415,18696062.0
2024-12-16 20:57:00+09:00,2.3415,2.3435,2.3397,2.3417,3207824.5
2024-12-16 20:58:00+09:00,2.3418,2.3484,2.3410,2.3474,2070372.9
2024-12-16 20:59:00+09:00,2.3474,2.3520,2.3462,2.3486,2457085.9
2024-12-16 21:00:00+09:00,2.3486,2.3502,2.3417,2.3500,2855491.1
2024-12-16 21:01:00+09:00,2.3500,2.3562,2.3496,2.3522,3389217.3
2024-12-16 21:02:00+09:00,2.3522,2.3539,2.3504,2.3528,1155628.0
2024-12-16 21:03:00+09:00,2.3528,2.3528,2.3483,2.3501,1059126.4
2024-12-16 21:04:00+09:00,2.3501,2.3580,2.3488,2.3559,2050097.7
2024-12-16 21:05:00+09:00,2.3558,2.3600,2.3544,2.3575,2019378.1
2024-12-16 21:06:00+09:00,2.3574,2.3574,2.3528,2.3545,1254781.0
2024-12-16 21:07:00+09:00,2.3544,2.3584,2.3543,2.3563,1325070.6
2024-12-16 21:08:00+09:00,2.3563,2.3606,2.3562,2.3585,1007057.0
2024-12-16 21:09:00+09:00,2.3585,2.3616,2.3578,2.3612,1095421.5
2024-12-16 21:10:00+09:00,2.3613,2.3620,2.3584,2.3595,1305825.4
2024-12-16 21:11:00+09:00,2.3594,2.3610,2.3569,2.3584,880880.7
2024-12-16 21:12:00+09:00,2.3583,2.3583,2.3557,2.3572,687925.8
2024-12-16 21:13:00+09:00,2.3573,2.3599,2.3569,2.3578,747272.5
2024-12-16 21:14:00+09:00,2.3579,2.3618,2.3578,2.3613,570506.3
2024-12-16 21:15:00+09:00,2.3614,2.3661,2.3603,2.3659,1380021.1
2024-12-16 21:16:00+09:00,2.3658,2.3673,2.3645,2.3646,1284397.9
2024-12-16 21:17:00+09:00,2.3645,2.3669,2.3603,2.3608,1428112.5
2024-12-16 21:18:00+09:00,2.3609,2.3646,2.3608,2.3645,674852.4
2024-12-16 21:19:00+09:00,2.3646,2.3658,2.3630,2.3642,727959.7
2024-12-16 21:20:00+09:00,2.3642,2.3681,2.3632,2.3677,856679.5
2024-12-16 21:21:00+09:00,2.3677,2.3685,2.3662,2.3675,807884.0
2024-12-16 21:22:00+09:00,2.3675,2.3689,2.3670,2.3686,1030203.4
2024-12-16 21:23:00+09:00,2.3687,2.3691,2.3655,2.3665,1654023.1
2024-12-16 21:24:00+09:00,2.3665,2.3688,2.3660,2.3672,752239.1
2024-12-16 21:25:00+09:00,2.3672,2.3672,2.3625,2.3630,1118612.8
2024-12-16 21:26:00+09:00,2.3630,2.3644,2.3602,2.3619,1255688.8
2024-12-16 21:27:00+09:00,2.3620,2.3635,2.3610,2.3627,684766.6
2024-12-16 21:28:00+09:00,2.3627,2.3644,2.3622,2.3640,361431.7
2024-12-16 21:29:00+09:00,2.3639,2.3648,2.3627,2.3642,236725.5
2024-12-16 21:30:00+09:00,2.3642,2.3643,2.3601,2.3634,1057214.5
2024-12-16 21:31:00+09:00,2.3635,2.3671,2.3630,2.3662,443543.8
2024-12-16 21:32:00+09:00,2.3662,2.3670,2.3640,2.3665,467346.2
2024-12-16 21:33:00+09:00,2.3666,2.3679,2.3655,2.3664,535417.6
2024-12-16 21:34:00+09:00,2.3663,2.3676,2.3646,2.3646,612877.2
2024-12-16 21:35:00+09:00,2.3646,2.3666,2.3644,2.3656,440713.4
2024-12-16 21:36:00+09:00,2.3655,2.3666,2.3644,2.3658,410491.3
2024-12-16 21:37:00+09:00,2.3657,2.3659,2.3641,2.3650,310133.7
2024-12-16 21:37:00+09:00,2.3657,2.3659,2.3641,2.3650,310133.7
2024-12-16 21:38:00+09:00,2.3650,2.3657,2.3626,2.3646,911615.5
2024-12-16 21:39:00+09:00,2.3645,2.3682,2.3645,2.3669,333696.1
2024-12-16 21:40:00+09:00,2.3669,2.3679,2.3645,2.3653,583784.4
2024-12-16 21:41:00+09:00,2.3653,2.3668,2.3614,2.3615,566133.6
2024-12-16 21:42:00+09:00,2.3614,2.3631,2.3579,2.3597,1176020.8
2024-12-16 21:43:00+09:00,2.3596,2.3601,2.3571,2.3579,836320.7
2024-12-16 21:44:00+09:00,2.3579,2.3596,2.3567,2.3569,808256.5
2024-12-16 21:45:00+09:00,2.3570,2.3597,2.3557,2.3574,647363.8
2024-12-16 21:46:00+09:00,2.3574,2.3590,2.3555,2.3564,691285.7
2024-12-16 21:47:00+09:00,2.3565,2.3565,2.3514,2.3532,1406707.9
2024-12-16 21:48:00+09:00,2.3531,2.3531,2.3479,2.3525,1604881.8
2024-12-16 21:49:00+09:00,2.3525,2.3535,2.3456,2.3467,1388131.2
2024-12-16 21:50:00+09:00,2.3467,2.3531,2.3454,2.3531,1533773.9
2024-12-16 21:51:00+09:00,2.3531,2.3565,2.3518,2.3536,1702910.9
2024-12-16 21:52:00+09:00,2.3537,2.3564,2.3522,2.3559,566087.1
2024-12-16 21:53:00+09:00,2.3558,2.3595,2.3556,2.3569,821656.6
2024-12-16 21:54:00+09:00,2.3568,2.3592,2.3554,2.3591,536832.5
2024-12-16 21:55:00+09:00,2.3590,2.3604,2.3582,2.3587,927527.5
2024-12-16 21:56:00+09:00,2.3587,2.3596,2.3570,2.3584,478219.4
2024-12-16 21:57:00+09:00,2.3583,2.3586,2.3556,2.3564,692253.6
2024-12-16 21:58:00+09:00,2.3564,2.3574,2.3542,2.3564,490446.2
2024-12-16 21:59:00+09:00,2.3564,2.3568,2.3538,2.3543,782559.5
2024-12-16 22:00:00+09:00,2.3544,2.3568,2.3541,2.3548,855795.3
2024-12-16 22:01:00+09:00,2.3549,2.3595,2.3540,2.3585,713923.5
2024-12-16 22:02:00+09:00,2.3586,2.3589,2.3513,2.3543,911281.6
2024-12-16 22:03:00+09:00,2.3543,2.3576,2.3532,2.3547,600006.9
2024-12-16 22:04:00+09:00,2.3547,2.3562,2.3535,2.3551,485356.6
2024-12-16 22:05:00+09:00,2.3552,2.3556,2.3522,2.3549,1040302.4
2024-12-16 22:06:00+09:00,2.3549,2.3550,2.3486,2.3486,605253.8
2024-12-16 22:07:00+09:00,2.3487,2.3544,2.3487,2.3539,895055.3
2024-12-16 22:08:00+09:00,2.3540,2.3620,2.3540,2.3606,1413506.9
2024-12-16 22:09:00+09:00,2.3605,2.3621,2.3590,2.3603,950627.3
2024-12-16 22:10:00+09:00,2.3603,2.3632,2.3590,2.3632,922059.4
2024-12-16 22:11:00+09:00,2.3631,2.3658,2.3616,2.3648,769293.4
2024-12-16 22:12:00+09:00,2.3648,2.3660,2.3629,2.3641,697216.4
2024-12-16 22:13:00+09:00,2.3642,2.3672,2.3626,2.3659,847442.1
2024-12-16 22:14:00+09:00,2.3658,2.3661,2.3640,2.3653,605495.9
2024-12-16 22:15:00+09:00,2.3654,2.3659,2.3635,2.3644,598398.0
2024-12-16 22:16:00+09:00,2.3644,2.3658,2.3635,2.3649,554113.4
2024-12-16 22:17:00+09:00,2.3648,2.3648,2.3612,2.3629,664801.5
2024-12-16 22:18:00+09:00,2.3630,2.3631,2.3602,2.3614,391491.4
2024-12-16 22:19:00+09:00,2.3613,2.3643,2.3610,2.3635,521646.9
2024-12-16 22:20:00+09:00,2.3635,2.3650,2.3619,2.3646,556625.0
2024-12-16 22:21:00+09:00,2.3647,2.3714,2.3647,2.3705,1424649.3
2024-12-16 22:22:00+09:00,2.3704,2.3855,2.3699,2.3835,11802565.6
2024-12-16 22:23:00+09:00,2.3835,2.3926,2.3802,2.3887,6020345.1
2024-12-16 22:24:00+09:00,2.3887,2.3887,2.3814,2.3831,1680932.5
2024-12-16 22:25:00+09:00,2.3832,2.3844,2.3813,2.3828,1273341.2
2024-12-16 22:26:00+09:00,2.3828,2.3834,2.3810,2.3818,1286316.5
2024-12-16 22:27:00+09:00,2.3819,2.3848,2.3809,2.3817,892750.9
2024-12-16 22:28:00+09:00,2.3817,2.3832,2.3793,2.3796,895068.1
2024-12-16 22:29:00+09:00,2.3795,2.3806,2.3792,2.3799,478133.2
2024-12-16 22:30:00+09:00,2.3799,2.3810,2.3785,2.3798,843034.7
2024-12-16 22:31:00+09:00,2.3797,2.3805,2.3782,2.3788,621509.8
2024-12-16 22:32:00+09:00,2.3787,2.3807,2.3782,2.3788,424803.6
2024-12-16 22:33:00+09:00,2.3787,2.3796,2.3772,2.3781,458697.9
2024-12-16 22:34:00+09:00,2.3782,2.3784,2.3764,2.3776,475892.2
2024-12-16 22:35:00+09:00,2.3776,2.3786,2.3759,2.3763,455862.0
2024-12-16 22:36:00+09:00,2.3763,2.3786,2.3757,2.3786,531162.1
2024-12-16 22:37:00+09:00,2.3786,2.3803,2.3770,2.3772,845141.8
2024-12-16 22:38:00+09:00,2.3772,2.3773,2.3708,2.3733,1890415.3
2024-12-16 22:39:00+09:00,2.3732,2.3755,2.3729,2.3747,669711.2
2024-12-16 22:40:00+09:00,2.3748,2.3766,2.3737,2.3763,445910.5
2024-12-16 22:41:00+09:00,2.3762,2.3836,2.3759,2.3829,1176251.2
2024-12-16 22:42:00+09:00,2.3828,2.3828,2.3800,2.3804,1414946.3
2024-12-16 22:43:00+09:00,2.3804,2.3820,2.3800,2.3808,522627.9
2024-12-16 22:44:00+09:00,2.3808,2.3812,2.3777,2.3782,482603.5
2024-12-16 22:45:00+09:00,2.3782,2.3794,2.3768,2.3780,581606.6
2024-12-16 22:46:00+09:00,2.3780,2.3824,2.3780,2.3818,523647.5
2024-12-16 22:47:00+09:00,2.3817,2.3837,2.3795,2.3819,529503.9
2024-12-16 22:48:00+09:00,2.3819,2.3821,2.3767,2.3776,649205.3
2024-12-16 22:49:00+09:00,2.3776,2.3799,2.3755,2.3757,735005.6
2024-12-16 22:50:00+09:00,2.3756,2.3759,2.3725,2.3752,733622.7
2024-12-16 22:51:00+09:00,2.3752,2.3753,2.3714,2.3717,428482.6
2024-12-16 22:52:00+09:00,2.3717,2.3727,2.3712,2.3721,570375.4
2024-12-16 22:53:00+09:00,2.3720,2.3764,2.3720,2.3743,417895.6
2024-12-16 22:54:00+09:00,2.3744,2.3748,2.3718,2.3742,1281093.7
2024-12-16 22:55:00+09:00,2.3743,2.3744,2.3706,2.3713,746937.9
2024-12-16 22:56:00+09:00,2.3714,2.3735,2.3708,2.3727,626776.1
2024-12-16 22:57:00+09:00,2.3728,2.3728,2.3705,2.3714,607904.8
2024-12-16 22:58:00+09:00,2.3714,2.3722,2.3704,2.3722,595956.9
2024-12-16 22:59:00+09:00,2.3722,2.3749,2.3712,2.3720,711615.3
2024-12-16 23:00:00+09:00,2.3719,2.3728,2.3701,2.3705,748158.0
2024-12-16 23:01:00+09:00,2.3706,2.3728,2.3691,2.3725,865326.3
2024-12-16 23:02:00+09:00,2.3726,2.3793,2.3725,2.3770,1237394.2
2024-12-16 23:03:00+09:00,2.3769,2.3778,2.3755,2.3764,466546.4
2024-12-16 23:04:00+09:00,2.3764,2.3786,2.3763,2.3773,308434.7
2024-12-16 23:05:00+09:00,2.3773,2.3789,2.3764,2.3781,405642.3
2024-12-16 23:06:00+09:00,2.3781,2.3797,2.3769,2.3769,525218.1
2024-12-16 23:07:00+09:00,2.3768,2.3774,2.3749,2.3768,728173.6
2024-12-16 23:08:00+09:00,2.3767,2.3776,2.3756,2.3776,264849.5
2024-12-16 23:09:00+09:00,2.3776,2.3800,2.3753,2.3757,611370.8
2024-12-16 23:10:00+09:00,2.3758,2.3759,2.3739,2.3749,707738.4
2024-12-16 23:11:00+09:00,2.3750,2.3760,2.3738,2.3746,254193.6
2024-12-16 23:12:00+09:00,2.3747,2.3753,2.3720,2.3722,277321.3
2024-12-16 23:13:00+09:00,2.3722,2.3729,2.3711,2.3712,478563.8
2024-12-16 23:14:00+09:00,2.3712,2.3727,2.3712,2.3717,171971.9
2024-12-16 23:15:00+09:00,2.3717,2.3717,2.3695,2.3695,423173.3
2024-12-16 23:16:00+09:00,2.3696,2.3724,2.3692,2.3717,585061.7
2024-12-16 23:17:00+09:00,2.3717,2.3765,2.3710,2.3761,561646.4
2024-12-16 23:18:00+09:00,2.3761,2.3774,2.3719,2.3728,365382.0
2024-12-16 23:19:00+09:00,2.3728,2.3745,2.3719,2.3739,535413.6
2024-12-16 23:20:00+09:00,2.3738,2.3747,2.3730,2.3746,251678.1
2024-12-16 23:21:00+09:00,2.3747,2.3759,2.3734,2.3742,381903.3
2024-12-16 23:22:00+09:00,2.3742,2.3745,2.3715,2.3730,445951.4
2024-12-16 23:23:00+09:00,2.3729,2.3742,2.3721,2.3726,207971.5
2024-12-16 23:24:00+09:00,2.3726,2.3727,2.3705,2.3705,215735.8
2024-12-16 23:25:00+09:00,2.3705,2.3716,2.3695,2.3703,433284.1
2024-12-16 23:26:00+09:00,2.3702,2.3720,2.3701,2.3715,344697.5
2024-12-16 23:27:00+09:00,2.3715,2.3723,2.3700,2.3700,412762.9
2024-12-16 23:28:00+09:00,2.3700,2.3707,2.3675,2.3676,444929.7
2024-12-16 23:29:00+09:00,2.3675,2.3714,2.3670,2.3711,582729.9
2024-12-16 23:30:00+09:00,2.3711,2.3750,2.3707,2.3730,508756.4
2024-12-16 23:31:00+09:00,2.3730,2.3756,2.3730,2.3736,486134.7
2024-12-16 23:32:00+09:00,2.3736,2.3770,2.3718,2.3763,502823.2
2024-12-16 23:33:00+09:00,2.3763,2.3817,2.3763,2.3773,1600712.5
2024-12-16 23:34:00+09:00,2.3772,2.3798,2.3732,2.3741,1530178.5
2024-12-16 23:35:00+09:00,2.3741,2.3804,2.3736,2.3795,692624.6
2024-12-16 23:36:00+09:00,2.3794,2.3844,2.3789,2.3820,1581994.1
2024-12-16 23:37:00+09:00,2.3821,2.3845,2.3791,2.3832,871972.6
2024-12-16 23:38:00+09:00,2.3831,2.3840,2.3783,2.3820,834029.2
2024-12-16 23:39:00+09:00,2.3819,2.3875,2.3819,2.3860,1819649.7
2024-12-16 23:40:00+09:00,2.3860,2.3877,2.3850,2.3869,805932.6
2024-12-16 23:41:00+09:00,2.3868,2.3874,2.3798,2.3821,877894.8
2024-12-16 23:42:00+09:00,2.3821,2.3860,2.3821,2.3846,1006110.9
2024-12-16 23:43:00+09:00,2.3846,2.3868,2.3829,2.3838,911543.6
2024-12-16 23:44:00+09:00,2.3839,2.3864,2.3838,2.3862,630290.2
2024-12-16 23:45:00+09:00,2.3861,2.3874,2.3828,2.3873,1293205.0
2024-12-16 23:46:00+09:00,2.3873,2.3920,2.3861,2.3914,1430844.6
2024-12-16 23:47:00+09:00,2.3915,2.3991,2.3892,2.3967,3633807.6
2024-12-16 23:48:00+09:00,2.3967,2.3986,2.3943,2.3943,1897196.3
2024-12-16 23:49:00+09:00,2.3943,2.3955,2.3914,2.3943,1518546.6
2024-12-16 23:50:00+09:00,2.3942,2.3946,2.3897,2.3917,1496866.9
2024-12-16 23:51:00+09:00,2.3916,2.3934,2.3875,2.3876,1152679.7
2024-12-16 23:52:00+09:00,2.3875,2.3889,2.3829,2.3886,1606178.3
2024-12-16 23:53:00+09:00,2.3886,2.3946,2.3866,2.3937,1173481.8
2024-12-16 23:54:00+09:00,2.3937,2.3940,2.3879,2.3894,852106.6
2024-12-16 23:55:00+09:00,2.3892,2.3914,2.3846,2.3853,1155357.2
2024-12-16 23:56:00+09:00,2.3852,2.3868,2.3800,2.3800,1367256.2
2024-12-16 23:57:00+09:00,2.3801,2.3813,2.3744,2.3763,1888927.6
2024-12-16 23:58:00+09:00,2.3764,2.3789,2.3738,2.3756,1125682.1
2024-12-16 23:59:00+09:00,2.3757,2.3766,2.3720,2.3765,1697432.2
2024-12-17 00:00:00+09:00,2.3764,2.3795,2.3746,2.3792,1282128.8
2024-12-17 00:01:00+09:00,2.3792,2.3792,2.3758,2.3774,769687.7
2024-12-17 00:02:00+09:00,2.3775,2.3787,2.3681,2.3714,1615681.7
2024-12-17 00:03:00+09:00,2.3713,2.3746,2.3706,2.3733,772278.6
2024-12-17 00:04:00+09:00,2.3734,2.3744,2.3703,2.3718,1315245.8
2024-12-17 00:05:00+09:00,2.3719,2.3722,2.3648,2.3655,1681179.6
2024-12-17 00:06:00+09:00,2.3656,2.3704,2.3654,2.3683,1259263.5
2024-12-17 00:07:00+09:00,2.3684,2.3730,2.3658,2.3730,973456.5
2024-12-17 00:08:00+09:00,2.3731,2.3766,2.3720,2.3724,1223343.6
2024-12-17 00:09:00+09:00,2.3723,2.3761,2.3710,2.3748,677411.7
2024-12-17 00:10:00+09:00,2.3748,2.3762,2.3716,2.3721,627312.3
2024-12-17 00:11:00+09:00,2.3720,2.3789,2.3710,2.3781,1334010.9
2024-12-17 00:12:00+09:00,2.3782,2.3861,2.3778,2.3841,1825502.6
2024-12-17 00:13:00+09:00,2.3841,2.3863,2.3827,2.3830,877293.3
2024-12-17 00:14:00+09:00,2.3828,2.3841,2.3801,2.3825,983714.1
2024-12-17 00:15:00+09:00,2.3825,2.3891,2.3801,2.3828,2884469.1
2024-12-17 00:16:00+09:00,2.3829,2.3888,2.3821,2.3861,1086730.4
2024-12-17 00:17:00+09:00,2.3862,2.3932,2.3862,2.3918,2147362.6
2024-12-17 00:18:00+09:00,2.3917,2.3933,2.3853,2.3859,3011824.1
2024-12-17 00:19:00+09:00,2.3859,2.3911,2.3856,2.3909,1737231.1
2024-12-17 00:20:00+09:00,2.3909,2.3929,2.3893,2.3927,947181.4
2024-12-17 00:21:00+09:00,2.3926,2.3927,2.3878,2.3902,1133275.0
2024-12-17 00:22:00+09:00,2.3901,2.3904,2.3876,2.3884,764463.2
2024-12-17 00:23:00+09:00,2.3884,2.3896,2.3864,2.3876,912836.8
2024-12-17 00:24:00+09:00,2.3876,2.3880,2.3816,2.3834,1330693.7
2024-12-17 00:25:00+09:00,2.3834,2.3858,2.3806,2.3829,1363271.2
2024-12-17 00:26:00+09:00,2.3829,2.3863,2.3826,2.3854,903764.2
2024-12-17 00:27:00+09:00,2.3854,2.3857,2.3806,2.3822,598797.2
2024-12-17 00:28:00+09:00,2.3822,2.3822,2.3770,2.3772,1280558.1
2024-12-17 00:29:00+09:00,2.3772,2.3780,2.3754,2.3766,880955.0
2024-12-17 00:30:00+09:00,2.3766,2.3775,2.3714,2.3721,951399.1
2024-12-17 00:31:00+09:00,2.3722,2.3740,2.3694,2.3706,1369790.8
2024-12-17 00:32:00+09:00,2.3705,2.3718,2.3678,2.3710,1254812.3
2024-12-17 00:33:00+09:00,2.3711,2.3766,2.3711,2.3758,1013843.8
2024-12-17 00:34:00+09:00,2.3758,2.3760,2.3716,2.3737,777952.7
2024-12-17 00:35:00+09:00,2.3737,2.3747,2.3696,2.3703,728178.7
2024-12-17 00:36:00+09:00,2.3702,2.3707,2.3670,2.3704,867462.3
2024-12-17 00:37:00+09:00,2.3704,2.3739,2.3699,2.3718,856840.2
2024-12-17 00:38:00+09:00,2.3719,2.3748,2.3709,2.3731,920943.8
2024-12-17 00:39:00+09:00,2.3730,2.3747,2.3708,2.3728,627136.1
2024-12-17 00:40:00+09:00,2.3728,2.3743,2.3716,2.3726,349785.4
2024-12-17 00:41:00+09:00,2.3727,2.3775,2.3727,2.3757,685850.6
2024-12-17 00:42:00+09:00,2.3757,2.3773,2.3730,2.3741,564380.3
2024-12-17 00:43:00+09:00,2.3741,2.3746,2.3718,2.3732,398527.9
2024-12-17 00:44:00+09:00,2.3731,2.3754,2.3725,2.3730,596060.7
2024-12-17 00:45:00+09:00,2.3730,2.3758,2.3718,2.3747,657792.0
2024-12-17 00:46:00+09:00,2.3747,2.3765,2.3731,2.3742,444743.6
2024-12-17 00:47:00+09:00,2.3742,2.3745,2.3678,2.3692,547461.0
2024-12-17 00:48:00+09:00,2.3693,2.3696,2.3651,2.3660,1029697.2
2024-12-17 00:49:00+09:00,2.3660,2.3680,2.3656,2.3678,571135.4
2024-12-17 00:50:00+09:00,2.3677,2.3698,2.3657,2.3679,628042.7
2024-12-17 00:51:00+09:00,2.3679,2.3715,2.3678,2.3702,416043.0
2024-12-17 00:52:00+09:00,2.3701,2.3714,2.3690,2.3710,401345.1
2024-12-17 00:53:00+09:00,2.3711,2.3717,2.3698,2.3713,216878.0
2024-12-17 00:54:00+09:00,2.3712,2.3761,2.3712,2.3750,643563.9
2024-12-17 00:55:00+09:00,2.3750,2.3763,2.3741,2.3745,430513.4
2024-12-17 00:56:00+09:00,2.3745,2.3747,2.3706,2.3707,283145.3
2024-12-17 00:57:00+09:00,2.3707,2.3739,2.3707,2.3728,233348.0
2024-12-17 00:58:00+09:00,2.3728,2.3757,2.3720,2.3754,271105.3
2024-12-17 00:59:00+09:00,2.3754,2.3761,2.3737,2.3738,285504.6
2024-12-17 01:00:00+09:00,2.3738,2.4039,2.3738,2.3945,16263711.2
2024-12-17 01:01:00+09:00,2.3945,2.4099,2.3867,2.4093,11426510.8
2024-12-17 01:02:00+09:00,2.4092,2.4328,2.4058,2.4301,17077546.6
2024-12-17 01:03:00+09:00,2.4301,2.4362,2.4132,2.4256,14232629.8
2024-12-17 01:04:00+09:00,2.4257,2.4414,2.4227,2.4389,7568633.1
2024-12-17 01:05:00+09:00,2.4389,2.4441,2.4312,2.4354,7986583.4
2024-12-17 01:06:00+09:00,2.4350,2.4354,2.4240,2.4252,5788376.8
2024-12-17 01:07:00+09:00,2.4253,2.4392,2.4244,2.4375,4683358.0
2024-12-17 01:08:00+09:00,2.4375,2.4510,2.4357,2.4429,8909898.6
2024-12-17 01:09:00+09:00,2.4428,2.4590,2.4428,2.4587,6516939.0
2024-12-17 01:10:00+09:00,2.4588,2.4650,2.4520,2.4589,11971295.4
2024-12-17 01:11:00+09:00,2.4589,2.4592,2.4490,2.4529,5951561.7
2024-12-17 01:12:00+09:00,2.4530,2.4558,2.4421,2.4464,4868916.1
2024-12-17 01:13:00+09:00,2.4463,2.4492,2.4353,2.4368,4750684.8
2024-12-17 01:14:00+09:00,2.4369,2.4545,2.4360,2.4542,5866987.8
2024-12-17 01:15:00+09:00,2.4543,2.4635,2.4476,2.4632,7116656.2
2024-12-17 01:16:00+09:00,2.4632,2.4781,2.4620,2.4706,9298195.9
2024-12-17 01:17:00+09:00,2.4706,2.4800,2.4670,2.4797,5932702.5
2024-12-17 01:18:00+09:00,2.4797,2.4979,2.4791,2.4933,12939946.8
2024-12-17 01:19:00+09:00,2.4934,2.4934,2.4808,2.4902,8921107.4
2024-12-17 01:20:00+09:00,2.4902,2.4977,2.4870,2.4902,5329428.2
2024-12-17 01:21:00+09:00,2.4902,2.5050,2.4834,2.5036,10624487.8
2024-12-17 01:22:00+09:00,2.5036,2.5233,2.5029,2.5217,16253510.4
2024-12-17 01:23:00+09:00,2.5218,2.5235,2.4894,2.4912,15303686.7
2024-12-17 01:24:00+09:00,2.4912,2.5078,2.4911,2.5018,9597650.1
2024-12-17 01:25:00+09:00,2.5017,2.5086,2.4861,2.5029,12184968.1
2024-12-17 01:26:00+09:00,2.5027,2.5048,2.4906,2.5011,7336171.3
2024-12-17 01:27:00+09:00,2.5011,2.5079,2.4933,2.4993,5286551.5
2024-12-17 01:28:00+09:00,2.4992,2.5162,2.4990,2.5135,7888660.5
2024-12-17 01:29:00+09:00,2.5135,2.5243,2.5091,2.5190,8287023.5
2024-12-17 01:30:00+09:00,2.5190,2.5416,2.5164,2.5381,13762869.0
2024-12-17 01:31:00+09:00,2.5377,2.5490,2.5253,2.5476,12579682.5
2024-12-17 01:32:00+09:00,2.5477,2.5680,2.5427,2.5659,16224587.0
2024-12-17 01:33:00+09:00,2.5659,2.5808,2.5604,2.5701,18496180.5
2024-12-17 01:34:00+09:00,2.5702,2.5800,2.5661,2.5711,11518120.1
2024-12-17 01:35:00+09:00,2.5712,2.5868,2.5570,2.5649,15649191.5
2024-12-17 01:36:00+09:00,2.5649,2.5793,2.5520,2.5583,13050863.3
2024-12-17 01:37:00+09:00,2.5582,2.5675,2.5426,2.5444,10110775.7
2024-12-17 01:38:00+09:00,2.5445,2.5626,2.5445,2.5615,9514131.5
2024-12-17 01:39:00+09:00,2.5614,2.5705,2.5552,2.5606,5809764.7
2024-12-17 01:40:00+09:00,2.5605,2.5705,2.5580,2.5689,5875742.7
2024-12-17 01:41:00+09:00,2.5688,2.5753,2.5647,2.5695,4831845.2
2024-12-17 01:42:00+09:00,2.5695,2.5760,2.5601,2.5603,4889322.0
2024-12-17 01:43:00+09:00,2.5603,2.5675,2.5572,2.5634,3860736.5
2024-12-17 01:44:00+09:00,2.5634,2.5662,2.5476,2.5550,7869249.7
2024-12-17 01:45:00+09:00,2.5550,2.5587,2.5377,2.5380,10684808.6
2024-12-17 01:46:00+09:00,2.5380,2.5380,2.5004,2.5246,30257543.9
2024-12-17 01:47:00+09:00,2.5245,2.5273,2.5059,2.5065,9762457.4
2024-12-17 01:48:00+09:00,2.5066,2.5150,2.4765,2.4935,22452572.7
2024-12-17 01:49:00+09:00,2.4935,2.5057,2.4825,2.5022,10690286.0
2024-12-17 01:50:00+09:00,2.5022,2.5093,2.5004,2.5025,5256077.9
2024-12-17 01:51:00+09:00,2.5026,2.5112,2.4900,2.4970,7206651.5
2024-12-17 01:52:00+09:00,2.4970,2.5116,2.4970,2.5103,5293689.5
2024-12-17 01:53:00+09:00,2.5104,2.5225,2.5102,2.5170,6789939.7
2024-12-17 01:54:00+09:00,2.5169,2.5310,2.5156,2.5282,5206550.0
2024-12-17 01:55:00+09:00,2.5282,2.5285,2.5185,2.5257,4655725.2
2024-12-17 01:56:00+09:00,2.5257,2.5258,2.5157,2.5184,3257473.7
2024-12-17 01:57:00+09:00,2.5183,2.5200,2.5055,2.5076,4253302.4
2024-12-17 01:58:00+09:00,2.5077,2.5169,2.5077,2.5146,2105708.2
2024-12-17 01:59:00+09:00,2.5145,2.5189,2.5109,2.5161,1724657.2
2024-12-17 02:00:00+09:00,2.5161,2.5225,2.5127,2.5167,2628692.5
2024-12-17 02:01:00+09:00,2.5167,2.5309,2.5160,2.5235,2953543.7
2024-12-17 02:02:00+09:00,2.5235,2.5350,2.5230,2.5342,3173333.9
2024-12-17 02:03:00+09:00,2.5343,2.5350,2.5255,2.5267,2533084.3
2024-12-17 02:04:00+09:00,2.5267,2.5313,2.5208,2.5299,1949721.7
2024-12-17 02:05:00+09:00,2.5299,2.5316,2.5230,2.5287,1403739.9
2024-12-17 02:06:00+09:00,2.5287,2.5343,2.5278,2.5300,1942325.4
2024-12-17 02:07:00+09:00,2.5300,2.5320,2.5258,2.5293,1359632.6
2024-12-17 02:08:00+09:00,2.5293,2.5320,2.5250,2.5251,1540507.6
2024-12-17 02:09:00+09:00,2.5250,2.5263,2.5140,2.5181,2942295.3
2024-12-17 02:10:00+09:00,2.5181,2.5189,2.5082,2.5152,3836588.5
2024-12-17 02:11:00+09:00,2.5153,2.5179,2.5105,2.5143,1944604.8
2024-12-17 02:12:00+09:00,2.5143,2.5224,2.5122,2.5214,2249725.8
2024-12-17 02:13:00+09:00,2.5214,2.5286,2.5137,2.5142,2666255.0
2024-12-17 02:14:00+09:00,2.5141,2.5192,2.5122,2.5127,1927230.2
2024-12-17 02:15:00+09:00,2.5127,2.5172,2.5066,2.5135,2112731.4
2024-12-17 02:16:00+09:00,2.5136,2.5191,2.5129,2.5189,1788296.2
2024-12-17 02:17:00+09:00,2.5190,2.5236,2.5170,2.5208,1879075.3
2024-12-17 02:18:00+09:00,2.5208,2.5315,2.5204,2.5227,2348740.1
2024-12-17 02:19:00+09:00,2.5225,2.5267,2.5215,2.5255,1754331.4
2024-12-17 02:20:00+09:00,2.5254,2.5279,2.5202,2.5242,1519032.0
2024-12-17 02:21:00+09:00,2.5241,2.5257,2.5176,2.5210,1572108.0
2024-12-17 02:22:00+09:00,2.5210,2.5255,2.5144,2.5255,1695532.4
2024-12-17 02:23:00+09:00,2.5255,2.5350,2.5252,2.5296,3585170.0
2024-12-17 02:24:00+09:00,2.5295,2.5331,2.5249,2.5271,2413382.2
2024-12-17 02:25:00+09:00,2.5270,2.5271,2.5212,2.5237,2531756.6
2024-12-17 02:26:00+09:00,2.5238,2.5292,2.5226,2.5289,1236106.1
2024-12-17 02:27:00+09:00,2.5289,2.5300,2.5255,2.5268,817456.5
2024-12-17 02:28:00+09:00,2.5267,2.5290,2.5238,2.5248,1508279.7
2024-12-17 02:29:00+09:00,2.5248,2.5253,2.5211,2.5231,902537.7
2024-12-17 02:30:00+09:00,2.5231,2.5239,2.5153,2.5197,1777939.2
2024-12-17 02:31:00+09:00,2.5196,2.5201,2.5133,2.5168,1441801.0
2024-12-17 02:32:00+09:00,2.5168,2.5200,2.5168,2.5195,926243.1
2024-12-17 02:33:00+09:00,2.5196,2.5252,2.5196,2.5217,1691717.7
2024-12-17 02:34:00+09:00,2.5218,2.5300,2.5218,2.5300,1261545.8
2024-12-17 02:35:00+09:00,2.5300,2.5320,2.5220,2.5248,2189436.3
2024-12-17 02:36:00+09:00,2.5248,2.5307,2.5239,2.5274,2709931.3
2024-12-17 02:37:00+09:00,2.5274,2.5274,2.5187,2.5201,1388398.5
2024-12-17 02:38:00+09:00,2.5202,2.5234,2.5171,2.5234,1547074.1
2024-12-17 02:39:00+09:00,2.5234,2.5239,2.5147,2.5167,1140422.0
2024-12-17 02:40:00+09:00,2.5168,2.5173,2.4955,2.4978,7389096.5
2024-12-17 02:41:00+09:00,2.4978,2.5065,2.4945,2.5046,5099558.0
2024-12-17 02:42:00+09:00,2.5046,2.5068,2.5010,2.5020,2075086.4
2024-12-17 02:43:00+09:00,2.5019,2.5033,2.4979,2.4996,2259956.7
2024-12-17 02:44:00+09:00,2.4995,2.5010,2.4909,2.4983,4147587.3
2024-12-17 02:45:00+09:00,2.4983,2.5023,2.4973,2.5019,1928783.5
2024-12-17 02:46:00+09:00,2.5019,2.5069,2.5019,2.5053,1542395.1
2024-12-17 02:47:00+09:00,2.5053,2.5059,2.4952,2.4957,2397331.8
2024-12-17 02:48:00+09:00,2.4957,2.4987,2.4901,2.4905,3447388.9
2024-12-17 02:49:00+09:00,2.4905,2.4945,2.4826,2.4830,3772691.5
2024-12-17 02:50:00+09:00,2.4830,2.4941,2.4822,2.4910,3326833.6
2024-12-17 02:51:00+09:00,2.4911,2.4927,2.4824,2.4888,2572196.0
2024-12-17 02:52:00+09:00,2.4888,2.4932,2.4866,2.4931,1923007.6
2024-12-17 02:53:00+09:00,2.4930,2.5452,2.4890,2.5339,27407461.2
2024-12-17 02:54:00+09:00,2.5339,2.5365,2.5062,2.5189,12305535.8
2024-12-17 02:55:00+09:00,2.5189,2.5291,2.5060,2.5171,7176521.4
2024-12-17 02:56:00+09:00,2.5172,2.5190,2.5088,2.5138,2969778.4
2024-12-17 02:57:00+09:00,2.5138,2.5154,2.5060,2.5065,1994359.2
2024-12-17 02:58:00+09:00,2.5064,2.5158,2.5059,2.5141,1682385.8
2024-12-17 02:59:00+09:00,2.5141,2.5167,2.5122,2.5152,1325307.5
2024-12-17 03:00:00+09:00,2.5152,2.5153,2.5094,2.5136,1827042.4
2024-12-17 03:01:00+09:00,2.5136,2.5150,2.4961,2.4975,3044374.0
2024-12-17 03:02:00+09:00,2.4975,2.5071,2.4944,2.5059,2514911.7
2024-12-17 03:03:00+09:00,2.5058,2.5058,2.4945,2.4960,3700854.4
2024-12-17 03:04:00+09:00,2.4961,2.4994,2.4914,2.4933,2483366.8
2024-12-17 03:05:00+09:00,2.4933,2.5020,2.4932,2.4991,1911285.9
2024-12-17 03:06:00+09:00,2.4990,2.5041,2.4983,2.5023,1476354.1
2024-12-17 03:07:00+09:00,2.5022,2.5057,2.4966,2.5032,3313748.9
2024-12-17 03:08:00+09:00,2.5032,2.5035,2.4991,2.5002,1225538.7
2024-12-17 03:09:00+09:00,2.5003,2.5060,2.5003,2.5038,1009368.0
2024-12-17 03:10:00+09:00,2.5038,2.5068,2.5012,2.5066,944158.0
2024-12-17 03:11:00+09:00,2.5067,2.5070,2.5022,2.5031,1067548.2
2024-12-17 03:12:00+09:00,2.5031,2.5041,2.4998,2.5037,1133399.3
2024-12-17 03:13:00+09:00,2.5038,2.5038,2.4773,2.4848,14540817.3
2024-12-17 03:14:00+09:00,2.4848,2.4940,2.4846,2.4902,4037052.7
2024-12-17 03:15:00+09:00,2.4901,2.4963,2.4890,2.4930,1375636.6
2024-12-17 03:16:00+09:00,2.4930,2.4964,2.4900,2.4909,988287.5
2024-12-17 03:17:00+09:00,2.4909,2.4969,2.4909,2.4947,666835.0
2024-12-17 03:18:00+09:00,2.4947,2.4987,2.4934,2.4957,857304.5
2024-12-17 03:19:00+09:00,2.4957,2.4963,2.4923,2.4933,918294.4
2024-12-17 03:20:00+09:00,2.4934,2.4955,2.4904,2.4917,788296.2
2024-12-17 03:21:00+09:00,2.4917,2.4923,2.4801,2.4801,3046117.4
2024-12-17 03:22:00+09:00,2.4801,2.4857,2.4770,2.4810,4687558.0
2024-12-17 03:23:00+09:00,2.4809,2.4833,2.4711,2.4804,4126084.1
2024-12-17 03:24:00+09:00,2.4805,2.4819,2.4734,2.4785,2131010.0
2024-12-17 03:25:00+09:00,2.4784,2.4841,2.4737,2.4838,2770557.6
2024-12-17 03:26:00+09:00,2.4837,2.4847,2.4800,2.4802,1192966.2
2024-12-17 03:27:00+09:00,2.4803,2.4827,2.4752,2.4756,2038761.2
2024-12-17 03:28:00+09:00,2.4755,2.4803,2.4668,2.4732,6057503.2
2024-12-17 03:29:00+09:00,2.4733,2.4747,2.4694,2.4740,2034826.5
2024-12-17 03:30:00+09:00,2.4740,2.4801,2.4705,2.4791,1790964.9
2024-12-17 03:31:00+09:00,2.4791,2.4794,2.4662,2.4675,3013765.9
2024-12-17 03:32:00+09:00,2.4676,2.4719,2.4600,2.4655,4340899.6
2024-12-17 03:33:00+09:00,2.4654,2.4661,2.4504,2.4556,7603835.1
2024-12-17 03:34:00+09:00,2.4556,2.4611,2.4525,2.4611,3006686.7
2024-12-17 03:35:00+09:00,2.4611,2.4620,2.4559,2.4593,2548282.4
2024-12-17 03:36:00+09:00,2.4593,2.4599,2.4444,2.4470,4989808.5
2024-12-17 03:37:00+09:00,2.4470,2.4515,2.4450,2.4505,3720348.6
2024-12-17 03:38:00+09:00,2.4505,2.4550,2.4466,2.4527,3604284.9
2024-12-17 03:39:00+09:00,2.4526,2.4572,2.4488,2.4567,2283035.3
2024-12-17 03:40:00+09:00,2.4567,2.4576,2.4503,2.4522,2294771.0
2024-12-17 03:41:00+09:00,2.4523,2.4555,2.4504,2.4554,1447631.5
2024-12-17 03:42:00+09:00,2.4554,2.4582,2.4523,2.4546,1518808.9
2024-12-17 03:43:00+09:00,2.4546,2.4566,2.4460,2.4467,2391804.8
2024-12-17 03:44:00+09:00,2.4467,2.4510,2.4457,2.4497,1865085.8
2024-12-17 03:45:00+09:00,2.4497,2.4518,2.4472,2.4495,2232237.0
2024-12-17 03:46:00+09:00,2.4495,2.4600,2.4463,2.4595,2081685.5
2024-12-17 03:47:00+09:00,2.4595,2.4606,2.4558,2.4576,2681071.3
2024-12-17 03:48:00+09:00,2.4575,2.4617,2.4550,2.4606,1057987.8
2024-12-17 03:49:00+09:00,2.4605,2.4630,2.4576,2.4622,1369832.1
2024-12-17 03:50:00+09:00,2.4621,2.4704,2.4605,2.4663,3971414.7
2024-12-17 03:51:00+09:00,2.4662,2.4737,2.4648,2.4724,3381847.0
2024-12-17 03:52:00+09:00,2.4724,2.4747,2.4668,2.4734,2833362.3
2024-12-17 03:53:00+09:00,2.4734,2.4739,2.4705,2.4712,1324366.1
2024-12-17 03:54:00+09:00,2.4711,2.4738,2.4685,2.4710,1302540.2
2024-12-17 03:55:00+09:00,2.4711,2.4749,2.4702,2.4725,950923.2
2024-12-17 03:56:00+09:00,2.4725,2.4777,2.4720,2.4739,1173258.5
2024-12-17 03:57:00+09:00,2.4739,2.4810,2.4737,2.4798,1337882.3
2024-12-17 03:58:00+09:00,2.4798,2.4807,2.4767,2.4807,1787085.3
2024-12-17 03:59:00+09:00,2.4807,2.4832,2.4797,2.4815,1295479.4
2024-12-17 04:00:00+09:00,2.4816,2.4818,2.4755,2.4796,1871446.2
2024-12-17 04:01:00+09:00,2.4797,2.4797,2.4715,2.4749,1625980.1
2024-12-17 04:02:00+09:00,2.4749,2.4777,2.4740,2.4750,881893.6
2024-12-17 04:03:00+09:00,2.4750,2.4772,2.4700,2.4717,1591484.2
2024-12-17 04:04:00+09:00,2.4717,2.4732,2.4600,2.4642,2658222.3
2024-12-17 04:05:00+09:00,2.4641,2.4723,2.4610,2.4696,1368320.8
2024-12-17 04:06:00+09:00,2.4696,2.4757,2.4692,2.4752,811297.3
2024-12-17 04:07:00+09:00,2.4752,2.4791,2.4740,2.4747,965530.1
2024-12-17 04:08:00+09:00,2.4748,2.4749,2.4700,2.4738,1006575.3
2024-12-17 04:09:00+09:00,2.4738,2.4742,2.4708,2.4711,638897.3
2024-12-17 04:10:00+09:00,2.4711,2.4721,2.4682,2.4687,1064449.1
2024-12-17 04:11:00+09:00,2.4688,2.4712,2.4684,2.4687,610018.8
2024-12-17 04:12:00+09:00,2.4687,2.4697,2.4630,2.4645,1013721.4
2024-12-17 04:13:00+09:00,2.4645,2.4655,2.4536,2.4547,2361791.2
2024-12-17 04:14:00+09:00,2.4546,2.4594,2.4545,2.4561,1343577.0
2024-12-17 04:15:00+09:00,2.4561,2.4570,2.4500,2.4511,1468903.6
2024-12-17 04:16:00+09:00,2.4510,2.4546,2.4466,2.4542,2300240.4
2024-12-17 04:17:00+09:00,2.4542,2.4550,2.4465,2.4465,1220388.2
2024-12-17 04:18:00+09:00,2.4466,2.4558,2.4466,2.4530,1022895.3
2024-12-17 04:19:00+09:00,2.4530,2.4572,2.4464,2.4571,1316101.8
2024-12-17 04:20:00+09:00,2.4571,2.4577,2.4518,2.4546,1313480.5
2024-12-17 04:21:00+09:00,2.4546,2.4546,2.4500,2.4528,752778.6
2024-12-17 04:22:00+09:00,2.4528,2.4593,2.4521,2.4586,969519.9
2024-12-17 04:23:00+09:00,2.4587,2.4642,2.4577,2.4622,1285896.8
2024-12-17 04:24:00+09:00,2.4622,2.4670,2.4606,2.4670,1027650.1
2024-12-17 04:25:00+09:00,2.4671,2.4703,2.4658,2.4686,1077660.4
2024-12-17 04:26:00+09:00,2.4685,2.4700,2.4635,2.4654,974997.7
2024-12-17 04:27:00+09:00,2.4653,2.4662,2.4606,2.4646,1134775.9
2024-12-17 04:28:00+09:00,2.4645,2.4693,2.4628,2.4671,1546539.8
2024-12-17 04:29:00+09:00,2.4670,2.4699,2.4663,2.4697,726298.8
2024-12-17 04:30:00+09:00,2.4697,2.4699,2.4619,2.4640,1015806.8
2024-12-17 04:31:00+09:00,2.4639,2.4676,2.4629,2.4643,740386.3
2024-12-17 04:32:00+09:00,2.4642,2.4665,2.4632,2.4661,471239.4
2024-12-17 04:33:00+09:00,2.4661,2.4724,2.4648,2.4677,945011.7
2024-12-17 04:34:00+09:00,2.4676,2.4689,2.4620,2.4656,1084305.4
2024-12-17 04:35:00+09:00,2.4656,2.4687,2.4631,2.4674,944025.9
2024-12-17 04:36:00+09:00,2.4674,2.4686,2.4639,2.4641,997791.9
2024-12-17 04:37:00+09:00,2.4640,2.4676,2.4634,2.4649,698727.8
2024-12-17 04:38:00+09:00,2.4649,2.4660,2.4621,2.4656,555647.1
2024-12-17 04:39:00+09:00,2.4656,2.4718,2.4655,2.4716,687305.2
2024-12-17 04:40:00+09:00,2.4717,2.4725,2.4676,2.4693,933215.7
2024-12-17 04:41:00+09:00,2.4693,2.4750,2.4692,2.4702,1206838.7
2024-12-17 04:42:00+09:00,2.4701,2.4702,2.4661,2.4671,645789.5
2024-12-17 04:43:00+09:00,2.4671,2.4726,2.4671,2.4725,638517.3
2024-12-17 04:44:00+09:00,2.4724,2.4741,2.4690,2.4694,600014.6
2024-12-17 04:45:00+09:00,2.4694,2.4714,2.4677,2.4693,589333.5
2024-12-17 04:46:00+09:00,2.4692,2.4692,2.4630,2.4662,1058029.5
2024-12-17 04:47:00+09:00,2.4662,2.4662,2.4609,2.4630,663650.4
2024-12-17 04:48:00+09:00,2.4629,2.4644,2.4606,2.4633,622318.0
2024-12-17 04:49:00+09:00,2.4633,2.4688,2.4622,2.4676,604102.6
2024-12-17 04:50:00+09:00,2.4676,2.4693,2.4655,2.4660,448975.0
2024-12-17 04:51:00+09:00,2.4661,2.4680,2.4653,2.4664,322886.4
2024-12-17 04:52:00+09:00,2.4665,2.4709,2.4664,2.4707,616194.0
2024-12-17 04:53:00+09:00,2.4707,2.4732,2.4672,2.4672,423959.4
2024-12-17 04:54:00+09:00,2.4672,2.4690,2.4665,2.4688,611194.7
2024-12-17 04:55:00+09:00,2.4688,2.4717,2.4683,2.4710,446259.8
2024-12-17 04:56:00+09:00,2.4711,2.4725,2.4687,2.4713,559199.1
2024-12-17 04:57:00+09:00,2.4712,2.4748,2.4697,2.4729,804941.7
2024-12-17 04:58:00+09:00,2.4729,2.4753,2.4723,2.4753,457854.3
2024-12-17 04:59:00+09:00,2.4754,2.4763,2.4742,2.4756,551051.0
2024-12-17 05:00:00+09:00,2.4756,2.4843,2.4756,2.4840,1705857.8
2024-12-17 05:01:00+09:00,2.4840,2.4867,2.4804,2.4849,1496935.5
2024-12-17 05:02:00+09:00,2.4849,2.4850,2.4783,2.4784,1159269.6
2024-12-17 05:03:00+09:00,2.4783,2.4814,2.4762,2.4813,536639.0
2024-12-17 05:04:00+09:00,2.4814,2.4814,2.4731,2.4750,1133504.9
2024-12-17 05:05:00+09:00,2.4749,2.4781,2.4744,2.4759,459653.0
2024-12-17 05:06:00+09:00,2.4760,2.4793,2.4726,2.4740,1640673.2
2024-12-17 05:07:00+09:00,2.4741,2.4752,2.4715,2.4748,636706.2
2024-12-17 05:08:00+09:00,2.4748,2.4770,2.4729,2.4760,1605886.2
2024-12-17 05:09:00+09:00,2.4760,2.4760,2.4744,2.4760,1127263.2
2024-12-17 05:10:00+09:00,2.4760,2.4800,2.4758,2.4774,829348.7
2024-12-17 05:11:00+09:00,2.4773,2.4798,2.4750,2.4791,476807.4
2024-12-17 05:12:00+09:00,2.4791,2.4821,2.4784,2.4790,798204.8
2024-12-17 05:13:00+09:00,2.4790,2.4818,2.4789,2.4801,504737.1
2024-12-17 05:14:00+09:00,2.4801,2.4815,2.4791,2.4805,463478.9
2024-12-17 05:15:00+09:00,2.4805,2.4827,2.4802,2.4819,645220.6
2024-12-17 05:16:00+09:00,2.4819,2.4831,2.4794,2.4826,709250.0
2024-12-17 05:17:00+09:00,2.4826,2.4900,2.4825,2.4888,1902407.6
2024-12-17 05:18:00+09:00,2.4889,2.4909,2.4877,2.4896,1139832.6
2024-12-17 05:19:00+09:00,2.4896,2.4938,2.4875,2.4885,2161400.9
2024-12-17 05:20:00+09:00,2.4885,2.4885,2.4818,2.4852,1511262.4
2024-12-17 05:21:00+09:00,2.4851,2.4887,2.4851,2.4878,637348.7
2024-12-17 05:22:00+09:00,2.4878,2.4889,2.4871,2.4875,509763.2
2024-12-17 05:23:00+09:00,2.4875,2.4892,2.4862,2.4875,1003533.3
2024-12-17 05:24:00+09:00,2.4875,2.4917,2.4862,2.4865,2486683.7
2024-12-17 05:25:00+09:00,2.4865,2.4925,2.4860,2.4924,874079.9
2024-12-17 05:26:00+09:00,2.4924,2.4958,2.4915,2.4958,1381718.3
2024-12-17 05:27:00+09:00,2.4958,2.4986,2.4950,2.4977,1600516.6
2024-12-17 05:28:00+09:00,2.4977,2.4988,2.4967,2.4975,1445558.7
2024-12-17 05:29:00+09:00,2.4975,2.4975,2.4885,2.4910,1880202.9
2024-12-17 05:30:00+09:00,2.4911,2.4948,2.4893,2.4937,850797.4
2024-12-17 05:31:00+09:00,2.4937,2.4937,2.4893,2.4930,606041.6
2024-12-17 05:32:00+09:00,2.4929,2.4960,2.4919,2.4953,558699.7
2024-12-17 05:33:00+09:00,2.4953,2.4954,2.4930,2.4943,507622.3
2024-12-17 05:34:00+09:00,2.4942,2.4951,2.4890,2.4892,884925.4
2024-12-17 05:35:00+09:00,2.4892,2.4899,2.4854,2.4884,1391826.7
2024-12-17 05:36:00+09:00,2.4885,2.4913,2.4877,2.4903,462207.7
2024-12-17 05:37:00+09:00,2.4904,2.4904,2.4807,2.4812,1250728.1
2024-12-17 05:38:00+09:00,2.4812,2.4860,2.4809,2.4857,875063.2
2024-12-17 05:39:00+09:00,2.4856,2.4887,2.4847,2.4848,442682.6
2024-12-17 05:40:00+09:00,2.4848,2.4857,2.4821,2.4832,553613.0
2024-12-17 05:41:00+09:00,2.4832,2.4866,2.4828,2.4865,426376.6
2024-12-17 05:42:00+09:00,2.4864,2.4866,2.4837,2.4852,325535.0
2024-12-17 05:43:00+09:00,2.4852,2.4856,2.4816,2.4819,387105.6
2024-12-17 05:44:00+09:00,2.4819,2.4838,2.4778,2.4803,820901.6
2024-12-17 05:45:00+09:00,2.4804,2.4807,2.4711,2.4727,1609532.4
2024-12-17 05:46:00+09:00,2.4727,2.4731,2.4661,2.4682,1809971.4
2024-12-17 05:47:00+09:00,2.4683,2.4690,2.4604,2.4627,1982902.6
2024-12-17 05:48:00+09:00,2.4627,2.4660,2.4623,2.4648,1691051.4
2024-12-17 05:49:00+09:00,2.4648,2.4718,2.4647,2.4703,1500356.1
2024-12-17 05:50:00+09:00,2.4704,2.4768,2.4701,2.4768,957694.4
2024-12-17 05:51:00+09:00,2.4767,2.4767,2.4691,2.4693,758018.2
2024-12-17 05:52:00+09:00,2.4693,2.4748,2.4685,2.4744,626633.2
2024-12-17 05:53:00+09:00,2.4744,2.4747,2.4702,2.4715,555909.8
2024-12-17 05:54:00+09:00,2.4715,2.4755,2.4700,2.4754,422489.2
2024-12-17 05:55:00+09:00,2.4753,2.4774,2.4723,2.4767,511200.9
2024-12-17 05:56:00+09:00,2.4767,2.4778,2.4733,2.4753,339620.4
2024-12-17 05:57:00+09:00,2.4752,2.4796,2.4738,2.4792,506403.3
2024-12-17 05:58:00+09:00,2.4791,2.4799,2.4777,2.4798,514534.6
2024-12-17 05:59:00+09:00,2.4799,2.4812,2.4745,2.4758,549719.9
2024-12-17 06:00:00+09:00,2.4758,2.4844,2.4740,2.4840,1253641.8
2024-12-17 06:01:00+09:00,2.4840,2.4850,2.4801,2.4849,728613.5
2024-12-17 06:02:00+09:00,2.4848,2.4881,2.4838,2.4876,607419.6
2024-12-17 06:03:00+09:00,2.4875,2.4878,2.4836,2.4843,525172.4
2024-12-17 06:04:00+09:00,2.4843,2.4844,2.4793,2.4807,681527.5
2024-12-17 06:05:00+09:00,2.4808,2.4832,2.4782,2.4824,602603.5
2024-12-17 06:06:00+09:00,2.4823,2.4830,2.4782,2.4798,601010.8
2024-12-17 06:07:00+09:00,2.4799,2.4819,2.4784,2.4794,374787.7
2024-12-17 06:08:00+09:00,2.4795,2.4832,2.4794,2.4801,244928.7
2024-12-17 06:09:00+09:00,2.4801,2.4801,2.4744,2.4747,704679.2
2024-12-17 06:10:00+09:00,2.4746,2.4780,2.4734,2.4779,632582.6
2024-12-17 06:11:00+09:00,2.4780,2.4807,2.4771,2.4800,595386.7
2024-12-17 06:12:00+09:00,2.4800,2.4803,2.4764,2.4769,288440.2
2024-12-17 06:13:00+09:00,2.4769,2.4785,2.4758,2.4775,242733.2
2024-12-17 06:14:00+09:00,2.4775,2.4796,2.4772,2.4783,242137.2
2024-12-17 06:15:00+09:00,2.4783,2.4787,2.4752,2.4769,380215.9
2024-12-17 06:16:00+09:00,2.4768,2.4773,2.4734,2.4760,583757.2
2024-12-17 06:17:00+09:00,2.4760,2.4800,2.4753,2.4798,450640.3
2024-12-17 06:18:00+09:00,2.4798,2.4850,2.4798,2.4833,549942.7
2024-12-17 06:19:00+09:00,2.4832,2.4838,2.4796,2.4813,363555.1
2024-12-17 06:20:00+09:00,2.4813,2.4863,2.4813,2.4863,354645.6
2024-12-17 06:21:00+09:00,2.4863,2.4869,2.4830,2.4830,451467.8
2024-12-17 06:22:00+09:00,2.4830,2.4862,2.4830,2.4857,251134.0
2024-12-17 06:23:00+09:00,2.4857,2.4864,2.4846,2.4848,251865.8
2024-12-17 06:24:00+09:00,2.4847,2.4857,2.4846,2.4856,238147.6
2024-12-17 06:25:00+09:00,2.4857,2.4870,2.4852,2.4861,432672.9
2024-12-17 06:26:00+09:00,2.4862,2.4914,2.4840,2.4914,840690.6
2024-12-17 06:27:00+09:00,2.4913,2.4945,2.4909,2.4944,752307.4
2024-12-17 06:28:00+09:00,2.4944,2.4946,2.4907,2.4918,687429.2
2024-12-17 06:29:00+09:00,2.4917,2.4917,2.4879,2.4881,673353.1
2024-12-17 06:30:00+09:00,2.4881,2.4950,2.4880,2.4942,955200.1
2024-12-17 06:31:00+09:00,2.4942,2.4965,2.4924,2.4926,930314.0
2024-12-17 06:32:00+09:00,2.4926,2.4927,2.4871,2.4896,2454638.9
2024-12-17 06:33:00+09:00,2.4896,2.4950,2.4896,2.4929,435583.9
2024-12-17 06:34:00+09:00,2.4929,2.4929,2.4887,2.4892,750553.9
2024-12-17 06:35:00+09:00,2.4892,2.4913,2.4888,2.4896,361953.9
2024-12-17 06:36:00+09:00,2.4896,2.4907,2.4852,2.4876,898195.2
2024-12-17 06:37:00+09:00,2.4877,2.4890,2.4863,2.4875,244876.4
2024-12-17 06:38:00+09:00,2.4873,2.4886,2.4846,2.4854,332142.8
2024-12-17 06:39:00+09:00,2.4855,2.4855,2.4811,2.4824,688726.8
2024-12-17 06:40:00+09:00,2.4823,2.4862,2.4823,2.4862,245097.3
2024-12-17 06:41:00+09:00,2.4862,2.4866,2.4849,2.4852,205397.7
2024-12-17 06:42:00+09:00,2.4851,2.4883,2.4841,2.4880,517439.6
2024-12-17 06:43:00+09:00,2.4881,2.4913,2.4870,2.4913,374365.9
2024-12-17 06:44:00+09:00,2.4912,2.4961,2.4910,2.4956,822808.0
2024-12-17 06:45:00+09:00,2.4956,2.4956,2.4914,2.4926,344233.4
2024-12-17 06:46:00+09:00,2.4925,2.4940,2.4914,2.4922,368269.5
2024-12-17 06:47:00+09:00,2.4921,2.4964,2.4921,2.4952,393971.7
2024-12-17 06:48:00+09:00,2.4953,2.4981,2.4950,2.4963,566008.4
2024-12-17 06:49:00+09:00,2.4963,2.4977,2.4930,2.4952,772895.8
2024-12-17 06:50:00+09:00,2.4954,2.4961,2.4915,2.4922,1038488.9
2024-12-17 06:51:00+09:00,2.4923,2.4933,2.4912,2.4921,352452.6
2024-12-17 06:52:00+09:00,2.4922,2.4942,2.4909,2.4915,578781.7
2024-12-17 06:53:00+09:00,2.4915,2.4934,2.4907,2.4920,222478.9
2024-12-17 06:54:00+09:00,2.4919,2.4929,2.4900,2.4902,335166.9
2024-12-17 06:55:00+09:00,2.4902,2.4919,2.4893,2.4919,366793.2
2024-12-17 06:56:00+09:00,2.4920,2.4927,2.4906,2.4915,272114.2
2024-12-17 06:57:00+09:00,2.4916,2.4955,2.4916,2.4946,469492.2
2024-12-17 06:58:00+09:00,2.4945,2.4946,2.4922,2.4928,293793.4
2024-12-17 06:59:00+09:00,2.4929,2.4948,2.4892,2.4897,431966.1
2024-12-17 07:00:00+09:00,2.4897,2.4924,2.4897,2.4923,286824.9
2024-12-17 07:01:00+09:00,2.4924,2.4949,2.4902,2.4943,366054.4
2024-12-17 07:02:00+09:00,2.4944,2.4967,2.4943,2.4961,307578.0
2024-12-17 07:03:00+09:00,2.4962,2.4968,2.4940,2.4956,236405.2
2024-12-17 07:04:00+09:00,2.4955,2.4995,2.4955,2.4974,900920.6
2024-12-17 07:05:00+09:00,2.4975,2.4997,2.4966,2.4994,373372.3
2024-12-17 07:06:00+09:00,2.4994,2.5028,2.4993,2.5027,1393564.1
2024-12-17 07:07:00+09:00,2.5027,2.5034,2.5004,2.5030,826885.7
2024-12-17 07:08:00+09:00,2.5030,2.5048,2.5006,2.5012,865571.1
2024-12-17 07:09:00+09:00,2.5011,2.5066,2.5010,2.5065,1375209.4
2024-12-17 07:10:00+09:00,2.5065,2.5123,2.5064,2.5115,2800912.0
2024-12-17 07:11:00+09:00,2.5115,2.5148,2.5105,2.5125,2367121.0
2024-12-17 07:12:00+09:00,2.5126,2.5126,2.5061,2.5073,1849659.0
2024-12-17 07:13:00+09:00,2.5074,2.5084,2.5009,2.5034,1414828.0
2024-12-17 07:14:00+09:00,2.5035,2.5067,2.5030,2.5038,617228.5
2024-12-17 07:15:00+09:00,2.5037,2.5051,2.5017,2.5048,882681.3
2024-12-17 07:16:00+09:00,2.5048,2.5052,2.5016,2.5022,661014.3
2024-12-17 07:17:00+09:00,2.5021,2.5021,2.4994,2.4994,511952.7
2024-12-17 07:18:00+09:00,2.4994,2.5045,2.4990,2.5016,985296.7
2024-12-17 07:19:00+09:00,2.5016,2.5016,2.4989,2.4991,357160.8
2024-12-17 07:20:00+09:00,2.4991,2.5038,2.4978,2.5034,625615.7
2024-12-17 07:21:00+09:00,2.5035,2.5044,2.5020,2.5033,552907.9
2024-12-17 07:22:00+09:00,2.5033,2.5084,2.5033,2.5058,882809.7
2024-12-17 07:23:00+09:00,2.5057,2.5090,2.5057,2.5081,496052.9
2024-12-17 07:24:00+09:00,2.5081,2.5081,2.5046,2.5052,485376.4
2024-12-17 07:25:00+09:00,2.5052,2.5069,2.5047,2.5067,241941.1
2024-12-17 07:26:00+09:00,2.5067,2.5151,2.5066,2.5122,1098003.5
2024-12-17 07:27:00+09:00,2.5121,2.5179,2.5118,2.5174,2052954.9
2024-12-17 07:28:00+09:00,2.5174,2.5211,2.5172,2.5206,1592956.7
2024-12-17 07:29:00+09:00,2.5205,2.5210,2.5153,2.5174,1230948.4
2024-12-17 07:30:00+09:00,2.5174,2.5247,2.5168,2.5202,1571213.8
2024-12-17 07:31:00+09:00,2.5201,2.5242,2.5192,2.5234,1138923.4
2024-12-17 07:32:00+09:00,2.5235,2.5241,2.5192,2.5218,1418029.0
2024-12-17 07:33:00+09:00,2.5218,2.5264,2.5217,2.5259,833548.9
2024-12-17 07:34:00+09:00,2.5259,2.5286,2.5100,2.5125,3749934.2
2024-12-17 07:35:00+09:00,2.5125,2.5177,2.5091,2.5101,1746634.1
2024-12-17 07:36:00+09:00,2.5101,2.5101,2.4981,2.5040,3677873.5
2024-12-17 07:37:00+09:00,2.5040,2.5044,2.5023,2.5036,690732.9
2024-12-17 07:38:00+09:00,2.5036,2.5083,2.5035,2.5052,883592.3
2024-12-17 07:39:00+09:00,2.5052,2.5127,2.5042,2.5110,994619.1
2024-12-17 07:40:00+09:00,2.5109,2.5142,2.5092,2.5123,1259607.8
2024-12-17 07:41:00+09:00,2.5122,2.5122,2.5067,2.5100,730943.8
2024-12-17 07:42:00+09:00,2.5101,2.5129,2.5097,2.5100,443227.3
2024-12-17 07:43:00+09:00,2.5100,2.5111,2.5091,2.5109,343411.6
2024-12-17 07:44:00+09:00,2.5109,2.5142,2.5108,2.5139,314009.8
2024-12-17 07:45:00+09:00,2.5138,2.5139,2.5059,2.5080,443714.7
2024-12-17 07:46:00+09:00,2.5079,2.5103,2.5044,2.5058,689672.9
2024-12-17 07:47:00+09:00,2.5059,2.5066,2.5034,2.5065,522825.4
2024-12-17 07:48:00+09:00,2.5065,2.5078,2.5052,2.5054,268300.9
2024-12-17 07:49:00+09:00,2.5055,2.5081,2.5055,2.5069,368708.2
2024-12-17 07:50:00+09:00,2.5069,2.5079,2.5033,2.5033,298406.6
2024-12-17 07:51:00+09:00,2.5034,2.5060,2.5032,2.5055,495280.8
2024-12-17 07:52:00+09:00,2.5054,2.5055,2.5008,2.5023,592590.9
2024-12-17 07:53:00+09:00,2.5023,2.5030,2.4985,2.4987,939808.5
2024-12-17 07:54:00+09:00,2.4987,2.4993,2.4914,2.4938,2443999.3
2024-12-17 07:55:00+09:00,2.4938,2.4956,2.4934,2.4954,777958.4
2024-12-17 07:56:00+09:00,2.4954,2.5051,2.4941,2.5040,1357404.7
2024-12-17 07:57:00+09:00,2.5040,2.5063,2.5008,2.5057,980438.5
2024-12-17 07:58:00+09:00,2.5057,2.5090,2.5052,2.5086,784919.7
2024-12-17 07:59:00+09:00,2.5086,2.5086,2.5032,2.5053,974290.9
2024-12-17 08:00:00+09:00,2.5053,2.5059,2.5016,2.5054,917373.8
2024-12-17 08:01:00+09:00,2.5054,2.5091,2.5050,2.5082,857144.3
2024-12-17 08:02:00+09:00,2.5081,2.5108,2.5073,2.5101,480127.8
2024-12-17 08:03:00+09:00,2.5102,2.5125,2.5089,2.5110,963503.0
2024-12-17 08:04:00+09:00,2.5110,2.5110,2.5071,2.5105,1041680.2
2024-12-17 08:05:00+09:00,2.5105,2.5106,2.5062,2.5063,462031.4
2024-12-17 08:06:00+09:00,2.5064,2.5088,2.5036,2.5065,891791.5
2024-12-17 08:07:00+09:00,2.5064,2.5071,2.5009,2.5053,1399586.9
2024-12-17 08:08:00+09:00,2.5052,2.5053,2.4975,2.4997,1970334.0
2024-12-17 08:09:00+09:00,2.4998,2.5006,2.4958,2.4966,580873.3
2024-12-17 08:10:00+09:00,2.4967,2.5003,2.4967,2.4999,554403.8
2024-12-17 08:11:00+09:00,2.4998,2.5014,2.4980,2.5013,706580.1
2024-12-17 08:12:00+09:00,2.5013,2.5028,2.4995,2.5019,371098.7
2024-12-17 08:13:00+09:00,2.5019,2.5024,2.5003,2.5019,436242.0
2024-12-17 08:14:00+09:00,2.5018,2.5038,2.5000,2.5000,432358.0
2024-12-17 08:15:00+09:00,2.5001,2.5055,2.5001,2.5055,488415.9
2024-12-17 08:16:00+09:00,2.5055,2.5058,2.5001,2.5005,515993.2
2024-12-17 08:17:00+09:00,2.5005,2.5021,2.4977,2.4980,639137.6
2024-12-17 08:18:00+09:00,2.4979,2.4991,2.4914,2.4948,2993519.1
2024-12-17 08:19:00+09:00,2.4947,2.4954,2.4903,2.4905,1209761.1
2024-12-17 08:20:00+09:00,2.4905,2.4941,2.4871,2.4929,2018538.9
2024-12-17 08:21:00+09:00,2.4930,2.4998,2.4924,2.4979,659195.2
2024-12-17 08:22:00+09:00,2.4978,2.4988,2.4952,2.4954,511651.5
2024-12-17 08:23:00+09:00,2.4954,2.4962,2.4905,2.4913,1303467.2
2024-12-17 08:24:00+09:00,2.4913,2.4922,2.4880,2.4884,708759.5
2024-12-17 08:25:00+09:00,2.4885,2.4892,2.4837,2.4854,1230258.1
2024-12-17 08:26:00+09:00,2.4853,2.4856,2.4782,2.4801,2295371.8
2024-12-17 08:27:00+09:00,2.4801,2.4849,2.4800,2.4841,974396.4
2024-12-17 08:28:00+09:00,2.4842,2.4853,2.4842,2.4848,1105765.1
2024-12-17 08:29:00+09:00,2.4848,2.4848,2.4815,2.4830,643684.0
2024-12-17 08:30:00+09:00,2.4830,2.4853,2.4811,2.4819,1023843.5
2024-12-17 08:31:00+09:00,2.4820,2.4852,2.4820,2.4851,433266.4
2024-12-17 08:32:00+09:00,2.4851,2.4894,2.4848,2.4877,2276382.9
2024-12-17 08:33:00+09:00,2.4876,2.4895,2.4850,2.4869,600970.0
2024-12-17 08:34:00+09:00,2.4868,2.4877,2.4801,2.4826,1270027.5
2024-12-17 08:35:00+09:00,2.4825,2.4850,2.4788,2.4793,885038.6
2024-12-17 08:36:00+09:00,2.4793,2.4810,2.4766,2.4778,1195492.8
2024-12-17 08:37:00+09:00,2.4778,2.4844,2.4778,2.4843,666474.8
2024-12-17 08:38:00+09:00,2.4844,2.4860,2.4819,2.4825,870369.4
2024-12-17 08:39:00+09:00,2.4824,2.4824,2.4782,2.4786,749047.8
2024-12-17 08:40:00+09:00,2.4787,2.4824,2.4775,2.4817,608983.7
2024-12-17 08:41:00+09:00,2.4817,2.4844,2.4811,2.4836,545470.4
2024-12-17 08:42:00+09:00,2.4836,2.4872,2.4836,2.4871,579682.7
2024-12-17 08:43:00+09:00,2.4871,2.4872,2.4820,2.4824,629211.9
2024-12-17 08:44:00+09:00,2.4825,2.4856,2.4824,2.4849,452753.2
2024-12-17 08:45:00+09:00,2.4850,2.4920,2.4849,2.4887,1185990.0
2024-12-17 08:46:00+09:00,2.4887,2.4924,2.4880,2.4910,621320.1
2024-12-17 08:47:00+09:00,2.4910,2.4910,2.4862,2.4878,591145.8
2024-12-17 08:48:00+09:00,2.4879,2.4912,2.4879,2.4909,302942.3
2024-12-17 08:49:00+09:00,2.4909,2.4941,2.4889,2.4909,703084.5
2024-12-17 08:50:00+09:00,2.4909,2.4915,2.4890,2.4906,441511.8
2024-12-17 08:51:00+09:00,2.4906,2.4922,2.4895,2.4896,384403.0
2024-12-17 08:52:00+09:00,2.4896,2.4917,2.4895,2.4900,403792.0
2024-12-17 08:53:00+09:00,2.4900,2.4900,2.4868,2.4869,488721.0
2024-12-17 08:54:00+09:00,2.4869,2.4895,2.4861,2.4895,249941.5
2024-12-17 08:55:00+09:00,2.4895,2.4906,2.4890,2.4904,235761.6
2024-12-17 08:56:00+09:00,2.4904,2.4911,2.4898,2.4905,370924.1
2024-12-17 08:57:00+09:00,2.4905,2.4920,2.4885,2.4885,365099.2
2024-12-17 08:58:00+09:00,2.4885,2.4890,2.4841,2.4861,831461.8
2024-12-17 08:59:00+09:00,2.4861,2.4866,2.4840,2.4847,279887.9
2024-12-17 09:00:00+09:00,2.4847,2.4909,2.4843,2.4909,710912.6
2024-12-17 09:01:00+09:00,2.4908,2.4909,2.4880,2.4889,468387.4
2024-12-17 09:02:00+09:00,2.4889,2.4889,2.4777,2.4790,1404861.9
2024-12-17 09:03:00+09:00,2.4791,2.4791,2.4716,2.4732,2730158.9
2024-12-17 09:04:00+09:00,2.4732,2.4775,2.4727,2.4766,1117044.3
2024-12-17 09:05:00+09:00,2.4765,2.4769,2.4680,2.4687,1757694.2
2024-12-17 09:06:00+09:00,2.4686,2.4712,2.4640,2.4643,1773193.8
2024-12-17 09:07:00+09:00,2.4644,2.4703,2.4633,2.4653,997806.0
2024-12-17 09:08:00+09:00,2.4652,2.4653,2.4587,2.4609,2161429.5
2024-12-17 09:09:00+09:00,2.4608,2.4633,2.4560,2.4594,2012545.1
2024-12-17 09:10:00+09:00,2.4594,2.4597,2.4500,2.4520,3556420.8
2024-12-17 09:11:00+09:00,2.4520,2.4524,2.4478,2.4518,2761420.3
2024-12-17 09:12:00+09:00,2.4519,2.4543,2.4489,2.4515,1717773.3
2024-12-17 09:13:00+09:00,2.4514,2.4614,2.4480,2.4607,2757062.5
2024-12-17 09:14:00+09:00,2.4606,2.4623,2.4559,2.4589,1552710.7
2024-12-17 09:15:00+09:00,2.4589,2.4675,2.4568,2.4671,1668073.0
2024-12-17 09:16:00+09:00,2.4671,2.4706,2.4653,2.4687,1556092.8
2024-12-17 09:17:00+09:00,2.4687,2.4711,2.4662,2.4691,1208973.7
2024-12-17 09:18:00+09:00,2.4691,2.4740,2.4688,2.4739,1386612.5
2024-12-17 09:19:00+09:00,2.4739,2.4755,2.4700,2.4737,1602449.3
2024-12-17 09:20:00+09:00,2.4738,2.4761,2.4707,2.4707,890007.2
2024-12-17 09:21:00+09:00,2.4706,2.4816,2.4697,2.4786,2414231.6
2024-12-17 09:22:00+09:00,2.4786,2.4855,2.4785,2.4805,1252532.0
2024-12-17 09:23:00+09:00,2.4806,2.4806,2.4730,2.4776,2234049.8
2024-12-17 09:24:00+09:00,2.4775,2.4775,2.4704,2.4718,1108899.5
2024-12-17 09:25:00+09:00,2.4717,2.4720,2.4665,2.4694,1520216.1
2024-12-17 09:26:00+09:00,2.4694,2.4696,2.4608,2.4635,1869135.3
2024-12-17 09:27:00+09:00,2.4635,2.4635,2.4584,2.4592,1325718.9
2024-12-17 09:28:00+09:00,2.4592,2.4695,2.4588,2.4675,1970009.0
2024-12-17 09:29:00+09:00,2.4675,2.4683,2.4641,2.4651,874223.8
2024-12-17 09:30:00+09:00,2.4651,2.4779,2.4630,2.4752,2529225.0
2024-12-17 09:31:00+09:00,2.4751,2.4752,2.4686,2.4693,966708.7
2024-12-17 09:32:00+09:00,2.4692,2.4718,2.4660,2.4718,713257.2
2024-12-17 09:33:00+09:00,2.4718,2.4758,2.4697,2.4721,585430.1
2024-12-17 09:34:00+09:00,2.4721,2.4721,2.4670,2.4671,484190.3
2024-12-17 09:35:00+09:00,2.4670,2.4670,2.4585,2.4626,2231152.1
2024-12-17 09:36:00+09:00,2.4627,2.4638,2.4592,2.4615,811356.8
2024-12-17 09:37:00+09:00,2.4615,2.4635,2.4581,2.4583,1009940.6
2024-12-17 09:38:00+09:00,2.4584,2.4587,2.4509,2.4549,1636829.4
2024-12-17 09:39:00+09:00,2.4549,2.4596,2.4543,2.4544,913791.4
2024-12-17 09:40:00+09:00,2.4543,2.4584,2.4502,2.4583,898782.4
2024-12-17 09:41:00+09:00,2.4582,2.4622,2.4579,2.4591,811863.2
2024-12-17 09:42:00+09:00,2.4591,2.4591,2.4550,2.4550,344952.9
2024-12-17 09:43:00+09:00,2.4550,2.4555,2.4510,2.4523,664458.5
2024-12-17 09:44:00+09:00,2.4523,2.4524,2.4501,2.4511,781709.2
2024-12-17 09:45:00+09:00,2.4511,2.4518,2.4471,2.4485,2202908.4
2024-12-17 09:46:00+09:00,2.4485,2.4514,2.4465,2.4467,1138460.2
2024-12-17 09:47:00+09:00,2.4467,2.4500,2.4466,2.4494,874600.3
2024-12-17 09:48:00+09:00,2.4494,2.4517,2.4413,2.4445,3054861.9
2024-12-17 09:49:00+09:00,2.4445,2.4481,2.4400,2.4479,1723819.2
2024-12-17 09:50:00+09:00,2.4480,2.4585,2.4468,2.4550,1656270.9
2024-12-17 09:51:00+09:00,2.4550,2.4550,2.4492,2.4535,853192.7
2024-12-17 09:52:00+09:00,2.4534,2.4539,2.4502,2.4525,504686.5
2024-12-17 09:53:00+09:00,2.4524,2.4571,2.4505,2.4561,636637.9
2024-12-17 09:54:00+09:00,2.4561,2.4581,2.4545,2.4567,1133393.4
2024-12-17 09:55:00+09:00,2.4566,2.4574,2.4540,2.4545,1154700.7
2024-12-17 09:56:00+09:00,2.4545,2.4550,2.4488,2.4497,443893.7
2024-12-17 09:57:00+09:00,2.4497,2.4588,2.4492,2.4566,768154.4
2024-12-17 09:58:00+09:00,2.4566,2.4579,2.4526,2.4526,771837.6
2024-12-17 09:59:00+09:00,2.4525,2.4527,2.4472,2.4472,1729871.7
2024-12-17 10:00:00+09:00,2.4472,2.4490,2.4446,2.4446,1132397.9
2024-12-17 10:01:00+09:00,2.4446,2.4470,2.4416,2.4448,831582.6
2024-12-17 10:02:00+09:00,2.4448,2.4504,2.4421,2.4447,1041847.2
2024-12-17 10:03:00+09:00,2.4446,2.4458,2.4410,2.4439,844444.6
2024-12-17 10:04:00+09:00,2.4438,2.4536,2.4421,2.4522,859587.8
2024-12-17 10:05:00+09:00,2.4521,2.4575,2.4520,2.4561,1146235.2
2024-12-17 10:06:00+09:00,2.4560,2.4600,2.4537,2.4586,1101296.0
2024-12-17 10:07:00+09:00,2.4587,2.4596,2.4567,2.4592,604166.8
2024-12-17 10:08:00+09:00,2.4592,2.4627,2.4587,2.4606,929913.9
2024-12-17 10:09:00+09:00,2.4606,2.4633,2.4565,2.4578,765137.4
2024-12-17 10:10:00+09:00,2.4578,2.4609,2.4560,2.4586,417074.9
2024-12-17 10:11:00+09:00,2.4586,2.4610,2.4569,2.4607,446063.0
2024-12-17 10:12:00+09:00,2.4606,2.4606,2.4566,2.4566,428627.0
2024-12-17 10:13:00+09:00,2.4566,2.4607,2.4562,2.4596,435394.7
2024-12-17 10:14:00+09:00,2.4596,2.4616,2.4569,2.4572,488984.6
2024-12-17 10:15:00+09:00,2.4571,2.4572,2.4525,2.4526,760055.8
2024-12-17 10:16:00+09:00,2.4526,2.4526,2.4442,2.4442,1663494.7
2024-12-17 10:17:00+09:00,2.4442,2.4457,2.4408,2.4436,1215322.4
2024-12-17 10:18:00+09:00,2.4436,2.4502,2.4435,2.4487,1053347.3
2024-12-17 10:19:00+09:00,2.4486,2.4535,2.4455,2.4534,954896.4
2024-12-17 10:20:00+09:00,2.4534,2.4539,2.4493,2.4511,630415.9
2024-12-17 10:21:00+09:00,2.4511,2.4571,2.4494,2.4534,700427.9
2024-12-17 10:22:00+09:00,2.4535,2.4584,2.4527,2.4556,995918.4
2024-12-17 10:23:00+09:00,2.4556,2.4600,2.4547,2.4590,624329.8
2024-12-17 10:24:00+09:00,2.4591,2.4643,2.4585,2.4608,903186.6
2024-12-17 10:25:00+09:00,2.4608,2.4662,2.4606,2.4637,1031029.8
2024-12-17 10:26:00+09:00,2.4638,2.4678,2.4629,2.4660,787435.9
2024-12-17 10:27:00+09:00,2.4660,2.4674,2.4640,2.4646,1120061.6
2024-12-17 10:28:00+09:00,2.4647,2.4647,2.4608,2.4623,687178.2
2024-12-17 10:29:00+09:00,2.4622,2.4673,2.4622,2.4667,774711.2
2024-12-17 10:30:00+09:00,2.4667,2.4700,2.4655,2.4678,952196.7
2024-12-17 10:31:00+09:00,2.4677,2.4690,2.4626,2.4627,891836.4
2024-12-17 10:32:00+09:00,2.4627,2.4638,2.4593,2.4622,842852.9
2024-12-17 10:33:00+09:00,2.4623,2.4626,2.4566,2.4573,993465.0
2024-12-17 10:34:00+09:00,2.4573,2.4612,2.4570,2.4612,473421.7
2024-12-17 10:35:00+09:00,2.4613,2.4674,2.4603,2.4648,539100.8
2024-12-17 10:36:00+09:00,2.4648,2.4648,2.4598,2.4599,517871.7
2024-12-17 10:37:00+09:00,2.4599,2.4624,2.4569,2.4611,569372.5
2024-12-17 10:38:00+09:00,2.4610,2.4635,2.4599,2.4632,327305.7
2024-12-17 10:39:00+09:00,2.4633,2.4671,2.4632,2.4654,795187.2
2024-12-17 10:40:00+09:00,2.4653,2.4687,2.4645,2.4672,482424.5
2024-12-17 10:41:00+09:00,2.4673,2.4700,2.4662,2.4696,461918.4
2024-12-17 10:42:00+09:00,2.4697,2.4716,2.4683,2.4710,712764.6
2024-12-17 10:43:00+09:00,2.4709,2.4720,2.4677,2.4682,574329.7
2024-12-17 10:44:00+09:00,2.4682,2.4706,2.4670,2.4695,434555.0
2024-12-17 10:45:00+09:00,2.4696,2.4744,2.4678,2.4731,731983.1
2024-12-17 10:46:00+09:00,2.4731,2.4762,2.4731,2.4753,1003771.8
2024-12-17 10:47:00+09:00,2.4752,2.4760,2.4722,2.4730,1023419.8
2024-12-17 10:48:00+09:00,2.4730,2.4746,2.4690,2.4700,647885.3
2024-12-17 10:49:00+09:00,2.4700,2.4734,2.4697,2.4723,492267.9
2024-12-17 10:50:00+09:00,2.4723,2.4724,2.4686,2.4697,511533.5
2024-12-17 10:51:00+09:00,2.4696,2.4730,2.4679,2.4711,984643.4
2024-12-17 10:52:00+09:00,2.4712,2.4748,2.4711,2.4717,684672.5
2024-12-17 10:53:00+09:00,2.4717,2.4726,2.4705,2.4717,314180.7
2024-12-17 10:54:00+09:00,2.4717,2.4718,2.4690,2.4702,268589.5
2024-12-17 10:55:00+09:00,2.4702,2.4705,2.4680,2.4700,293527.3
2024-12-17 10:56:00+09:00,2.4700,2.4711,2.4692,2.4709,213636.1
2024-12-17 10:57:00+09:00,2.4710,2.4742,2.4701,2.4725,353198.1
2024-12-17 10:58:00+09:00,2.4724,2.4731,2.4716,2.4726,248948.0
2024-12-17 10:59:00+09:00,2.4725,2.4739,2.4721,2.4735,305406.8
2024-12-17 11:00:00+09:00,2.4736,2.4751,2.4719,2.4745,490677.0
2024-12-17 11:01:00+09:00,2.4745,2.4779,2.4736,2.4778,786491.6
2024-12-17 11:02:00+09:00,2.4777,2.4788,2.4752,2.4768,638578.2
2024-12-17 11:03:00+09:00,2.4769,2.4771,2.4712,2.4745,889268.0
2024-12-17 11:04:00+09:00,2.4745,2.4780,2.4739,2.4779,406554.7
2024-12-17 11:05:00+09:00,2.4780,2.4796,2.4766,2.4787,613780.1
2024-12-17 11:06:00+09:00,2.4786,2.4818,2.4784,2.4800,909701.8
2024-12-17 11:07:00+09:00,2.4801,2.4814,2.4782,2.4794,688364.8
2024-12-17 11:08:00+09:00,2.4794,2.4824,2.4794,2.4801,358703.4
2024-12-17 11:09:00+09:00,2.4800,2.4813,2.4795,2.4808,401476.3
2024-12-17 11:10:00+09:00,2.4808,2.4810,2.4769,2.4769,701439.7
2024-12-17 11:11:00+09:00,2.4769,2.4785,2.4751,2.4781,444505.4
2024-12-17 11:12:00+09:00,2.4781,2.4815,2.4781,2.4806,361228.9
2024-12-17 11:13:00+09:00,2.4806,2.4806,2.4785,2.4802,366914.5
2024-12-17 11:14:00+09:00,2.4802,2.4810,2.4796,2.4801,252371.7
2024-12-17 11:15:00+09:00,2.4802,2.4815,2.4784,2.4807,334587.9
2024-12-17 11:16:00+09:00,2.4807,2.4820,2.4800,2.4809,332277.9
2024-12-17 11:17:00+09:00,2.4810,2.4837,2.4806,2.4828,452530.7
2024-12-17 11:18:00+09:00,2.4827,2.4846,2.4818,2.4834,588443.7
2024-12-17 11:19:00+09:00,2.4835,2.4848,2.4834,2.4846,398265.2
2024-12-17 11:20:00+09:00,2.4845,2.4858,2.4828,2.4828,897693.6
2024-12-17 11:21:00+09:00,2.4828,2.4833,2.4794,2.4799,752277.9
2024-12-17 11:22:00+09:00,2.4799,2.4805,2.4736,2.4765,850947.9
2024-12-17 11:23:00+09:00,2.4765,2.4788,2.4756,2.4763,757095.2
2024-12-17 11:24:00+09:00,2.4763,2.4768,2.4740,2.4748,490502.1
2024-12-17 11:25:00+09:00,2.4748,2.4774,2.4728,2.4768,728751.7
2024-12-17 11:26:00+09:00,2.4767,2.4796,2.4756,2.4777,545960.4
2024-12-17 11:27:00+09:00,2.4776,2.4783,2.4765,2.4783,259693.9
2024-12-17 11:28:00+09:00,2.4783,2.4796,2.4774,2.4774,237197.9
2024-12-17 11:29:00+09:00,2.4774,2.4775,2.4738,2.4744,564399.7
2024-12-17 11:30:00+09:00,2.4743,2.4750,2.4697,2.4749,1038622.4
2024-12-17 11:31:00+09:00,2.4749,2.4784,2.4744,2.4766,404625.4
2024-12-17 11:32:00+09:00,2.4766,2.4769,2.4732,2.4760,477452.4
2024-12-17 11:33:00+09:00,2.4760,2.4781,2.4760,2.4776,324234.7
2024-12-17 11:34:00+09:00,2.4775,2.4779,2.4740,2.4741,358464.1
2024-12-17 11:35:00+09:00,2.4741,2.4769,2.4740,2.4768,336521.7
2024-12-17 11:36:00+09:00,2.4767,2.4775,2.4748,2.4762,784294.1
2024-12-17 11:37:00+09:00,2.4763,2.4778,2.4761,2.4778,186522.6
2024-12-17 11:38:00+09:00,2.4778,2.4779,2.4757,2.4767,323066.4
2024-12-17 11:39:00+09:00,2.4767,2.4794,2.4767,2.4779,447930.1
2024-12-17 11:40:00+09:00,2.4780,2.4809,2.4779,2.4794,556227.0
2024-12-17 11:41:00+09:00,2.4794,2.4815,2.4791,2.4807,510238.8
2024-12-17 11:42:00+09:00,2.4808,2.4826,2.4800,2.4812,322174.3
2024-12-17 11:43:00+09:00,2.4811,2.4829,2.4806,2.4810,639643.0
2024-12-17 11:44:00+09:00,2.4810,2.4810,2.4777,2.4777,325350.9
2024-12-17 11:45:00+09:00,2.4776,2.4807,2.4774,2.4806,272588.2
2024-12-17 11:46:00+09:00,2.4807,2.4818,2.4782,2.4786,417362.2
2024-12-17 11:47:00+09:00,2.4787,2.4787,2.4744,2.4751,375443.6
2024-12-17 11:48:00+09:00,2.4750,2.4784,2.4750,2.4784,328297.2
2024-12-17 11:49:00+09:00,2.4784,2.4784,2.4758,2.4783,204613.7
2024-12-17 11:50:00+09:00,2.4784,2.4800,2.4779,2.4789,472094.6
2024-12-17 11:51:00+09:00,2.4788,2.4811,2.4786,2.4794,434569.7
2024-12-17 11:52:00+09:00,2.4794,2.4797,2.4762,2.4796,400343.7
2024-12-17 11:53:00+09:00,2.4795,2.4873,2.4788,2.4867,1432393.6
2024-12-17 11:54:00+09:00,2.4867,2.4872,2.4829,2.4838,1013411.9
2024-12-17 11:55:00+09:00,2.4837,2.4839,2.4801,2.4805,645894.0
2024-12-17 11:56:00+09:00,2.4804,2.4821,2.4788,2.4790,609265.6
2024-12-17 11:57:00+09:00,2.4789,2.4816,2.4783,2.4816,410571.9
2024-12-17 11:58:00+09:00,2.4815,2.4830,2.4786,2.4808,803389.3
2024-12-17 11:59:00+09:00,2.4808,2.4828,2.4803,2.4822,285065.3
2024-12-17 12:00:00+09:00,2.4821,2.4830,2.4806,2.4812,275069.6
2024-12-17 12:01:00+09:00,2.4812,2.4842,2.4808,2.4841,219507.4
2024-12-17 12:02:00+09:00,2.4842,2.4920,2.4837,2.4905,1632099.3
2024-12-17 12:03:00+09:00,2.4905,2.4908,2.4863,2.4863,762547.1
2024-12-17 12:04:00+09:00,2.4862,2.4874,2.4850,2.4874,441473.2
2024-12-17 12:05:00+09:00,2.4874,2.4888,2.4863,2.4882,239401.4
2024-12-17 12:06:00+09:00,2.4882,2.4901,2.4869,2.4870,325797.7
2024-12-17 12:07:00+09:00,2.4869,2.4885,2.4859,2.4861,271954.2
2024-12-17 12:08:00+09:00,2.4860,2.4867,2.4852,2.4856,218419.2
2024-12-17 12:09:00+09:00,2.4856,2.4870,2.4849,2.4852,355091.2
2024-12-17 12:10:00+09:00,2.4853,2.4864,2.4819,2.4819,224051.9
2024-12-17 12:11:00+09:00,2.4820,2.4831,2.4792,2.4800,362050.0
2024-12-17 12:12:00+09:00,2.4800,2.4837,2.4785,2.4837,406761.1
2024-12-17 12:13:00+09:00,2.4838,2.4873,2.4837,2.4865,282469.1
2024-12-17 12:14:00+09:00,2.4864,2.4871,2.4850,2.4855,251941.3
2024-12-17 12:15:00+09:00,2.4854,2.4858,2.4811,2.4822,359194.7
2024-12-17 12:16:00+09:00,2.4822,2.4845,2.4818,2.4827,386876.4
2024-12-17 12:17:00+09:00,2.4828,2.4852,2.4822,2.4824,308173.8
2024-12-17 12:18:00+09:00,2.4823,2.4836,2.4818,2.4820,274675.3
2024-12-17 12:19:00+09:00,2.4819,2.4839,2.4801,2.4806,325342.5
2024-12-17 12:20:00+09:00,2.4807,2.4832,2.4806,2.4821,195777.5
2024-12-17 12:21:00+09:00,2.4821,2.4835,2.4794,2.4798,310401.7
2024-12-17 12:22:00+09:00,2.4798,2.4834,2.4794,2.4816,406009.5
2024-12-17 12:23:00+09:00,2.4816,2.4829,2.4808,2.4824,166030.1
2024-12-17 12:24:00+09:00,2.4823,2.4861,2.4819,2.4858,391891.4
2024-12-17 12:25:00+09:00,2.4858,2.4892,2.4857,2.4888,464062.4
2024-12-17 12:26:00+09:00,2.4889,2.4897,2.4870,2.4896,613331.6
2024-12-17 12:27:00+09:00,2.4895,2.4899,2.4872,2.4875,524086.2
2024-12-17 12:28:00+09:00,2.4874,2.4882,2.4863,2.4881,347009.7
2024-12-17 12:29:00+09:00,2.4880,2.4883,2.4871,2.4871,247723.0
2024-12-17 12:30:00+09:00,2.4871,2.4880,2.4820,2.4823,820951.6
2024-12-17 12:31:00+09:00,2.4822,2.4843,2.4813,2.4813,639399.0
2024-12-17 12:32:00+09:00,2.4813,2.4845,2.4810,2.4841,308758.6
2024-12-17 12:33:00+09:00,2.4842,2.4842,2.4822,2.4833,406122.2
2024-12-17 12:34:00+09:00,2.4834,2.4844,2.4819,2.4829,325961.8
2024-12-17 12:35:00+09:00,2.4829,2.4834,2.4811,2.4818,228242.7
2024-12-17 12:36:00+09:00,2.4818,2.4832,2.4799,2.4803,434970.9
2024-12-17 12:37:00+09:00,2.4803,2.4820,2.4795,2.4809,313480.3
2024-12-17 12:38:00+09:00,2.4808,2.4810,2.4800,2.4806,211671.3
2024-12-17 12:39:00+09:00,2.4806,2.4810,2.4788,2.4808,419738.0
2024-12-17 12:40:00+09:00,2.4808,2.4826,2.4803,2.4825,246833.6
2024-12-17 12:41:00+09:00,2.4825,2.4840,2.4816,2.4836,216153.2
2024-12-17 12:42:00+09:00,2.4836,2.4842,2.4824,2.4833,197866.8
2024-12-17 12:43:00+09:00,2.4833,2.4864,2.4821,2.4824,1382818.0
2024-12-17 12:44:00+09:00,2.4824,2.4839,2.4816,2.4830,252658.2
2024-12-17 12:45:00+09:00,2.4830,2.4869,2.4830,2.4854,301596.6
2024-12-17 12:46:00+09:00,2.4854,2.4878,2.4854,2.4861,270128.9
2024-12-17 12:47:00+09:00,2.4861,2.4878,2.4853,2.4872,619920.8
2024-12-17 12:48:00+09:00,2.4872,2.4889,2.4864,2.4889,588053.4
2024-12-17 12:49:00+09:00,2.4890,2.4900,2.4880,2.4881,672466.9
2024-12-17 12:50:00+09:00,2.4881,2.4891,2.4876,2.4877,222552.4
2024-12-17 12:51:00+09:00,2.4877,2.4881,2.4855,2.4881,296137.2
2024-12-17 12:52:00+09:00,2.4881,2.4884,2.4869,2.4883,196289.5
2024-12-17 12:53:00+09:00,2.4884,2.4892,2.4850,2.4867,681363.9
2024-12-17 12:54:00+09:00,2.4867,2.4872,2.4848,2.4851,381432.8
2024-12-17 12:55:00+09:00,2.4850,2.4864,2.4840,2.4849,395839.9
2024-12-17 12:56:00+09:00,2.4849,2.4865,2.4831,2.4848,312770.6
2024-12-17 12:57:00+09:00,2.4848,2.4848,2.4824,2.4831,319801.5
2024-12-17 12:58:00+09:00,2.4831,2.4850,2.4831,2.4844,118824.8
2024-12-17 12:59:00+09:00,2.4843,2.4856,2.4837,2.4851,149194.6
2024-12-17 13:00:00+09:00,2.4851,2.4856,2.4828,2.4834,480917.8
2024-12-17 13:01:00+09:00,2.4834,2.4843,2.4801,2.4808,410058.1
2024-12-17 13:02:00+09:00,2.4809,2.4814,2.4766,2.4799,888223.0
2024-12-17 13:03:00+09:00,2.4799,2.4813,2.4781,2.4803,418151.1
2024-12-17 13:04:00+09:00,2.4803,2.4833,2.4801,2.4827,385327.9
2024-12-17 13:05:00+09:00,2.4827,2.4827,2.4792,2.4806,420593.7
2024-12-17 13:06:00+09:00,2.4805,2.4818,2.4795,2.4797,200626.3
2024-12-17 13:07:00+09:00,2.4796,2.4800,2.4789,2.4793,259704.9
2024-12-17 13:08:00+09:00,2.4793,2.4803,2.4786,2.4790,312255.3
2024-12-17 13:09:00+09:00,2.4789,2.4790,2.4748,2.4770,1494754.5
2024-12-17 13:10:00+09:00,2.4771,2.4798,2.4767,2.4792,245584.1
2024-12-17 13:11:00+09:00,2.4792,2.4808,2.4772,2.4803,669450.0
2024-12-17 13:12:00+09:00,2.4802,2.4806,2.4765,2.4766,388693.7
2024-12-17 13:13:00+09:00,2.4766,2.4786,2.4751,2.4780,403906.2
2024-12-17 13:14:00+09:00,2.4781,2.4814,2.4780,2.4813,349701.7
2024-12-17 13:15:00+09:00,2.4813,2.4817,2.4788,2.4811,465939.9
2024-12-17 13:16:00+09:00,2.4811,2.4812,2.4784,2.4785,292692.4
2024-12-17 13:17:00+09:00,2.4784,2.4785,2.4721,2.4740,699442.9
2024-12-17 13:18:00+09:00,2.4740,2.4761,2.4728,2.4758,477085.7
2024-12-17 13:19:00+09:00,2.4758,2.4790,2.4746,2.4769,666658.3
2024-12-17 13:20:00+09:00,2.4769,2.4782,2.4761,2.4772,399974.0
2024-12-17 13:21:00+09:00,2.4771,2.4776,2.4748,2.4758,361357.6
2024-12-17 13:22:00+09:00,2.4758,2.4762,2.4716,2.4723,635116.1
2024-12-17 13:23:00+09:00,2.4724,2.4742,2.4710,2.4740,875810.5
2024-12-17 13:24:00+09:00,2.4739,2.4746,2.4719,2.4738,517831.7
2024-12-17 13:25:00+09:00,2.4738,2.4754,2.4737,2.4744,326725.5
2024-12-17 13:26:00+09:00,2.4744,2.4752,2.4728,2.4748,571886.2
2024-12-17 13:27:00+09:00,2.4747,2.4747,2.4713,2.4724,363707.5
2024-12-17 13:28:00+09:00,2.4723,2.4756,2.4722,2.4753,312274.8
2024-12-17 13:29:00+09:00,2.4752,2.4765,2.4734,2.4748,238385.5
2024-12-17 13:30:00+09:00,2.4748,2.4754,2.4690,2.4690,782888.8
2024-12-17 13:31:00+09:00,2.4690,2.4714,2.4671,2.4714,1223720.4
2024-12-17 13:32:00+09:00,2.4713,2.4725,2.4676,2.4680,365825.5
2024-12-17 13:33:00+09:00,2.4680,2.4700,2.4670,2.4697,1074580.5
2024-12-17 13:34:00+09:00,2.4696,2.4697,2.4662,2.4666,590718.7
2024-12-17 13:35:00+09:00,2.4666,2.4667,2.4632,2.4649,1214734.5
2024-12-17 13:36:00+09:00,2.4649,2.4658,2.4620,2.4639,760017.1
2024-12-17 13:37:00+09:00,2.4638,2.4642,2.4606,2.4606,715186.7
2024-12-17 13:38:00+09:00,2.4606,2.4638,2.4600,2.4634,846026.8
2024-12-17 13:39:00+09:00,2.4634,2.4676,2.4634,2.4660,580045.6
2024-12-17 13:40:00+09:00,2.4660,2.4660,2.4636,2.4650,497006.3
2024-12-17 13:41:00+09:00,2.4650,2.4671,2.4629,2.4662,1070035.6
2024-12-17 13:42:00+09:00,2.4662,2.4663,2.4628,2.4634,442338.5
2024-12-17 13:43:00+09:00,2.4635,2.4656,2.4626,2.4656,344637.1
2024-12-17 13:44:00+09:00,2.4655,2.4656,2.4634,2.4655,327384.2
2024-12-17 13:45:00+09:00,2.4655,2.4690,2.4653,2.4669,747045.2
2024-12-17 13:46:00+09:00,2.4668,2.4699,2.4668,2.4674,419771.2
2024-12-17 13:47:00+09:00,2.4675,2.4705,2.4664,2.4705,471997.2
2024-12-17 13:48:00+09:00,2.4705,2.4766,2.4704,2.4744,1083661.9
2024-12-17 13:49:00+09:00,2.4744,2.4762,2.4743,2.4756,429448.3
2024-12-17 13:50:00+09:00,2.4756,2.4758,2.4720,2.4733,460104.6
2024-12-17 13:51:00+09:00,2.4733,2.4784,2.4732,2.4783,708937.7
2024-12-17 13:52:00+09:00,2.4784,2.4812,2.4780,2.4809,611107.3
2024-12-17 13:53:00+09:00,2.4809,2.4810,2.4785,2.4790,555531.9
2024-12-17 13:54:00+09:00,2.4791,2.4829,2.4790,2.4822,709292.5
2024-12-17 13:55:00+09:00,2.4822,2.4835,2.4816,2.4831,451668.8
2024-12-17 13:56:00+09:00,2.4830,2.4831,2.4816,2.4824,426437.8
2024-12-17 13:57:00+09:00,2.4823,2.4846,2.4817,2.4837,505738.5
2024-12-17 13:58:00+09:00,2.4837,2.4838,2.4816,2.4835,581381.7
2024-12-17 13:59:00+09:00,2.4835,2.4855,2.4834,2.4842,779143.1
2024-12-17 14:00:00+09:00,2.4843,2.4875,2.4835,2.4869,699122.6
2024-12-17 14:01:00+09:00,2.4869,2.4960,2.4869,2.4958,2823760.2
2024-12-17 14:02:00+09:00,2.4958,2.4990,2.4941,2.4981,1781745.5
2024-12-17 14:03:00+09:00,2.4982,2.4985,2.4916,2.4945,1241034.6
2024-12-17 14:04:00+09:00,2.4946,2.4968,2.4925,2.4945,994559.0
2024-12-17 14:05:00+09:00,2.4945,2.4954,2.4908,2.4920,965313.4
2024-12-17 14:06:00+09:00,2.4919,2.4950,2.4915,2.4924,491211.7
2024-12-17 14:07:00+09:00,2.4924,2.4951,2.4921,2.4929,534828.3
2024-12-17 14:08:00+09:00,2.4929,2.4982,2.4927,2.4978,595166.9
2024-12-17 14:09:00+09:00,2.4978,2.4984,2.4951,2.4971,891512.1
2024-12-17 14:10:00+09:00,2.4970,2.4978,2.4920,2.4928,971393.6
2024-12-17 14:11:00+09:00,2.4929,2.4957,2.4926,2.4931,668237.2
2024-12-17 14:12:00+09:00,2.4931,2.4958,2.4930,2.4938,356661.6
2024-12-17 14:13:00+09:00,2.4938,2.4938,2.4912,2.4918,467368.3
2024-12-17 14:14:00+09:00,2.4917,2.4921,2.4885,2.4889,1383232.6
2024-12-17 14:15:00+09:00,2.4889,2.4889,2.4850,2.4862,1121795.3
2024-12-17 14:16:00+09:00,2.4861,2.4883,2.4849,2.4878,495863.3
2024-12-17 14:16:00+09:00,2.4861,2.4883,2.4849,2.4878,495863.3
2024-12-17 14:17:00+09:00,2.4879,2.4879,2.4840,2.4843,561050.4
2024-12-17 14:18:00+09:00,2.4843,2.4849,2.4830,2.4844,784263.1
2024-12-17 14:19:00+09:00,2.4844,2.4902,2.4838,2.4871,1641202.3
2024-12-17 14:20:00+09:00,2.4871,2.4893,2.4840,2.4885,598584.0
2024-12-17 14:21:00+09:00,2.4885,2.4917,2.4873,2.4912,547778.2
2024-12-17 14:22:00+09:00,2.4911,2.4972,2.4904,2.4941,1257714.5
2024-12-17 14:23:00+09:00,2.4940,2.4940,2.4909,2.4913,644808.5
2024-12-17 14:24:00+09:00,2.4912,2.4912,2.4900,2.4905,254920.6
2024-12-17 14:25:00+09:00,2.4904,2.4916,2.4900,2.4907,325945.4
2024-12-17 14:26:00+09:00,2.4907,2.4918,2.4893,2.4894,247277.4
2024-12-17 14:27:00+09:00,2.4894,2.4895,2.4867,2.4876,593621.6
2024-12-17 14:28:00+09:00,2.4877,2.4898,2.4868,2.4893,279285.5
2024-12-17 14:29:00+09:00,2.4893,2.4926,2.4892,2.4915,307970.8
2024-12-17 14:30:00+09:00,2.4915,2.4945,2.4914,2.4944,399169.5
2024-12-17 14:31:00+09:00,2.4944,2.4965,2.4939,2.4949,491741.1
2024-12-17 14:32:00+09:00,2.4949,2.4950,2.4921,2.4926,566657.6
2024-12-17 14:33:00+09:00,2.4926,2.4930,2.4901,2.4906,382436.6
2024-12-17 14:34:00+09:00,2.4905,2.4921,2.4883,2.4895,397081.8
2024-12-17 14:35:00+09:00,2.4895,2.4928,2.4891,2.4910,338853.9
2024-12-17 14:36:00+09:00,2.4910,2.4919,2.4871,2.4871,303046.0
2024-12-17 14:37:00+09:00,2.4872,2.4895,2.4871,2.4888,476186.3
2024-12-17 14:38:00+09:00,2.4890,2.4907,2.4883,2.4904,346478.2
2024-12-17 14:39:00+09:00,2.4903,2.4919,2.4894,2.4899,235850.0
2024-12-17 14:40:00+09:00,2.4899,2.4938,2.4899,2.4933,344555.0
2024-12-17 14:41:00+09:00,2.4933,2.4942,2.4919,2.4925,207613.4
2024-12-17 14:42:00+09:00,2.4925,2.4949,2.4915,2.4921,453310.7
2024-12-17 14:43:00+09:00,2.4920,2.4924,2.4901,2.4911,196150.1
2024-12-17 14:44:00+09:00,2.4910,2.4932,2.4908,2.4929,240924.0
2024-12-17 14:45:00+09:00,2.4929,2.4950,2.4924,2.4946,428351.3
2024-12-17 14:46:00+09:00,2.4945,2.4975,2.4945,2.4967,431112.2
2024-12-17 14:47:00+09:00,2.4968,2.4999,2.4963,2.4987,699954.7
2024-12-17 14:48:00+09:00,2.4987,2.5026,2.4985,2.5005,1446273.9
2024-12-17 14:49:00+09:00,2.5005,2.5016,2.4973,2.5005,811983.3
2024-12-17 14:50:00+09:00,2.5005,2.5032,2.5001,2.5017,624019.5
2024-12-17 14:51:00+09:00,2.5018,2.5039,2.5017,2.5024,1077586.8
2024-12-17 14:52:00+09:00,2.5025,2.5038,2.5000,2.5007,594781.7
2024-12-17 14:53:00+09:00,2.5008,2.5021,2.5005,2.5014,434812.0
2024-12-17 14:54:00+09:00,2.5014,2.5017,2.4994,2.4995,914715.7
2024-12-17 14:55:00+09:00,2.4995,2.5020,2.4991,2.5002,519794.1
2024-12-17 14:56:00+09:00,2.5002,2.5020,2.4996,2.5016,473502.1
2024-12-17 14:57:00+09:00,2.5015,2.5078,2.5006,2.5073,3596118.4
2024-12-17 14:58:00+09:00,2.5072,2.5082,2.5053,2.5053,938449.7
2024-12-17 14:59:00+09:00,2.5054,2.5083,2.5050,2.5082,798656.7
2024-12-17 15:00:00+09:00,2.5082,2.5084,2.5028,2.5032,2025854.3
2024-12-17 15:01:00+09:00,2.5033,2.5060,2.5019,2.5056,1000496.6
2024-12-17 15:02:00+09:00,2.5057,2.5103,2.5037,2.5086,2190709.0
2024-12-17 15:03:00+09:00,2.5087,2.5115,2.5076,2.5108,1116697.5
2024-12-17 15:04:00+09:00,2.5109,2.5147,2.5108,2.5115,1441870.8
2024-12-17 15:05:00+09:00,2.5115,2.5148,2.5115,2.5139,783235.4
2024-12-17 15:06:00+09:00,2.5139,2.5187,2.5136,2.5169,2008720.4
2024-12-17 15:07:00+09:00,2.5168,2.5213,2.5165,2.5178,1730885.8
2024-12-17 15:08:00+09:00,2.5178,2.5261,2.5177,2.5257,2089225.1
2024-12-17 15:09:00+09:00,2.5258,2.5300,2.5252,2.5298,2264217.7
2024-12-17 15:10:00+09:00,2.5297,2.5298,2.5205,2.5224,2869506.8
2024-12-17 15:11:00+09:00,2.5224,2.5251,2.5169,2.5187,1796880.3
2024-12-17 15:12:00+09:00,2.5187,2.5244,2.5185,2.5224,1013573.1
2024-12-17 15:13:00+09:00,2.5225,2.5242,2.5177,2.5187,978168.6
2024-12-17 15:14:00+09:00,2.5187,2.5231,2.5187,2.5194,876412.1
2024-12-17 15:15:00+09:00,2.5195,2.5195,2.5136,2.5145,1521456.9
2024-12-17 15:16:00+09:00,2.5145,2.5147,2.5114,2.5131,1996996.5
2024-12-17 15:17:00+09:00,2.5132,2.5165,2.5111,2.5158,1628127.2
2024-12-17 15:18:00+09:00,2.5158,2.5159,2.5114,2.5148,1505124.1
2024-12-17 15:19:00+09:00,2.5149,2.5156,2.5126,2.5151,908235.0
2024-12-17 15:20:00+09:00,2.5151,2.5193,2.5121,2.5179,913929.6
2024-12-17 15:21:00+09:00,2.5178,2.5254,2.5176,2.5253,2220851.9
2024-12-17 15:22:00+09:00,2.5253,2.5254,2.5208,2.5210,1152307.1
2024-12-17 15:23:00+09:00,2.5209,2.5209,2.5161,2.5176,726970.5
2024-12-17 15:24:00+09:00,2.5176,2.5187,2.5133,2.5137,1091408.6
2024-12-17 15:25:00+09:00,2.5138,2.5140,2.5083,2.5083,1680094.5
2024-12-17 15:26:00+09:00,2.5084,2.5106,2.5061,2.5103,1742239.4
2024-12-17 15:27:00+09:00,2.5103,2.5104,2.5072,2.5072,697530.8
2024-12-17 15:28:00+09:00,2.5072,2.5094,2.5070,2.5075,505673.5
2024-12-17 15:29:00+09:00,2.5074,2.5075,2.5044,2.5049,1454943.6
2024-12-17 15:30:00+09:00,2.5048,2.5048,2.4982,2.5034,3477212.4
2024-12-17 15:31:00+09:00,2.5034,2.5071,2.5017,2.5062,996047.9
2024-12-17 15:32:00+09:00,2.5062,2.5064,2.5000,2.5036,980544.0
2024-12-17 15:33:00+09:00,2.5035,2.5050,2.5002,2.5002,508660.9
2024-12-17 15:34:00+09:00,2.5003,2.5040,2.4982,2.5040,1118128.4
2024-12-17 15:35:00+09:00,2.5040,2.5098,2.5029,2.5092,1206038.0
2024-12-17 15:36:00+09:00,2.5092,2.5105,2.5064,2.5075,1079348.0
2024-12-17 15:37:00+09:00,2.5075,2.5076,2.5035,2.5040,786037.7
2024-12-17 15:38:00+09:00,2.5040,2.5042,2.5000,2.5006,1191805.2
2024-12-17 15:39:00+09:00,2.5007,2.5046,2.5007,2.5036,675013.0
2024-12-17 15:40:00+09:00,2.5036,2.5038,2.5013,2.5027,444149.3
2024-12-17 15:41:00+09:00,2.5027,2.5091,2.5023,2.5086,666535.0
2024-12-17 15:42:00+09:00,2.5086,2.5099,2.5047,2.5066,623304.0
2024-12-17 15:43:00+09:00,2.5066,2.5125,2.5065,2.5122,969382.3
2024-12-17 15:44:00+09:00,2.5122,2.5122,2.5096,2.5103,625914.9
2024-12-17 15:45:00+09:00,2.5102,2.5176,2.5102,2.5164,1225897.8
2024-12-17 15:46:00+09:00,2.5164,2.5178,2.5136,2.5137,993109.6
2024-12-17 15:47:00+09:00,2.5137,2.5168,2.5122,2.5136,1228685.6
2024-12-17 15:48:00+09:00,2.5137,2.5167,2.5129,2.5154,406948.4
2024-12-17 15:49:00+09:00,2.5155,2.5155,2.5117,2.5128,342097.4
2024-12-17 15:50:00+09:00,2.5127,2.5144,2.5116,2.5143,319332.5
2024-12-17 15:51:00+09:00,2.5142,2.5153,2.5118,2.5152,388373.2
2024-12-17 15:52:00+09:00,2.5153,2.5177,2.5128,2.5145,1425277.2
2024-12-17 15:53:00+09:00,2.5144,2.5180,2.5134,2.5166,468875.8
2024-12-17 15:54:00+09:00,2.5167,2.5168,2.5146,2.5160,497427.9
2024-12-17 15:55:00+09:00,2.5161,2.5198,2.5160,2.5191,741951.8
2024-12-17 15:56:00+09:00,2.5190,2.5197,2.5182,2.5190,490514.3
2024-12-17 15:57:00+09:00,2.5191,2.5195,2.5139,2.5149,712045.8
2024-12-17 15:58:00+09:00,2.5149,2.5152,2.5135,2.5142,354597.0
2024-12-17 15:59:00+09:00,2.5143,2.5162,2.5135,2.5149,309651.8
2024-12-17 16:00:00+09:00,2.5149,2.5152,2.5121,2.5121,698009.3
2024-12-17 16:01:00+09:00,2.5121,2.5121,2.5082,2.5094,801328.8
2024-12-17 16:02:00+09:00,2.5094,2.5122,2.5092,2.5118,422966.8
2024-12-17 16:03:00+09:00,2.5119,2.5141,2.5112,2.5121,333846.6
2024-12-17 16:04:00+09:00,2.5120,2.5120,2.5089,2.5090,424340.1
2024-12-17 16:05:00+09:00,2.5090,2.5125,2.5087,2.5124,781076.1
2024-12-17 16:06:00+09:00,2.5124,2.5124,2.5060,2.5081,795607.7
2024-12-17 16:07:00+09:00,2.5081,2.5103,2.5068,2.5089,648447.3
2024-12-17 16:08:00+09:00,2.5088,2.5089,2.5042,2.5047,685806.8
2024-12-17 16:09:00+09:00,2.5047,2.5080,2.5043,2.5061,461064.3
2024-12-17 16:10:00+09:00,2.5060,2.5105,2.5060,2.5104,461633.9
2024-12-17 16:11:00+09:00,2.5104,2.5142,2.5095,2.5142,624004.3
2024-12-17 16:12:00+09:00,2.5143,2.5149,2.5115,2.5121,657254.2
2024-12-17 16:13:00+09:00,2.5121,2.5143,2.5106,2.5130,321880.9
2024-12-17 16:14:00+09:00,2.5130,2.5140,2.5116,2.5124,250544.7
2024-12-17 16:15:00+09:00,2.5124,2.5126,2.5100,2.5101,304740.2
2024-12-17 16:16:00+09:00,2.5101,2.5142,2.5101,2.5131,602384.0
2024-12-17 16:17:00+09:00,2.5131,2.5184,2.5128,2.5181,625307.4
2024-12-17 16:18:00+09:00,2.5182,2.5218,2.5164,2.5216,1393737.8
2024-12-17 16:19:00+09:00,2.5216,2.5224,2.5186,2.5207,711084.1
2024-12-17 16:20:00+09:00,2.5208,2.5225,2.5188,2.5194,614771.5
2024-12-17 16:21:00+09:00,2.5194,2.5209,2.5162,2.5164,629224.6
2024-12-17 16:22:00+09:00,2.5164,2.5194,2.5160,2.5160,724157.5
2024-12-17 16:23:00+09:00,2.5161,2.5199,2.5161,2.5191,389616.4
2024-12-17 16:24:00+09:00,2.5191,2.5200,2.5186,2.5196,350383.2
2024-12-17 16:25:00+09:00,2.5196,2.5209,2.5177,2.5208,794055.1
2024-12-17 16:26:00+09:00,2.5208,2.5253,2.5206,2.5251,949343.8
2024-12-17 16:27:00+09:00,2.5251,2.5321,2.5241,2.5305,3182786.9
2024-12-17 16:28:00+09:00,2.5304,2.5410,2.5298,2.5391,4747950.4
2024-12-17 16:29:00+09:00,2.5390,2.5437,2.5360,2.5371,3533167.3
2024-12-17 16:30:00+09:00,2.5371,2.5376,2.5280,2.5332,2602828.3
2024-12-17 16:31:00+09:00,2.5331,2.5519,2.5328,2.5512,6404447.0
2024-12-17 16:32:00+09:00,2.5511,2.5531,2.5420,2.5422,3464767.9
2024-12-17 16:33:00+09:00,2.5423,2.5434,2.5381,2.5427,2226034.0
2024-12-17 16:34:00+09:00,2.5426,2.5450,2.5411,2.5413,1162400.2
2024-12-17 16:35:00+09:00,2.5413,2.5414,2.5349,2.5361,1946467.0
2024-12-17 16:36:00+09:00,2.5360,2.5364,2.5326,2.5352,1790985.3
2024-12-17 16:37:00+09:00,2.5351,2.5394,2.5339,2.5392,825652.1
2024-12-17 16:38:00+09:00,2.5391,2.5407,2.5363,2.5376,964794.7
2024-12-17 16:39:00+09:00,2.5375,2.5407,2.5370,2.5404,932561.2
2024-12-17 16:40:00+09:00,2.5404,2.5419,2.5386,2.5403,888426.6
2024-12-17 16:41:00+09:00,2.5402,2.5464,2.5400,2.5431,1139727.5
2024-12-17 16:42:00+09:00,2.5430,2.5430,2.5402,2.5404,783788.4
2024-12-17 16:43:00+09:00,2.5404,2.5420,2.5367,2.5378,1351778.2
2024-12-17 16:44:00+09:00,2.5378,2.5458,2.5378,2.5415,1417494.4
2024-12-17 16:45:00+09:00,2.5415,2.5452,2.5407,2.5410,868559.6
2024-12-17 16:46:00+09:00,2.5410,2.5415,2.5352,2.5353,1169657.9
2024-12-17 16:47:00+09:00,2.5353,2.5390,2.5347,2.5373,1051300.7
2024-12-17 16:48:00+09:00,2.5374,2.5384,2.5335,2.5338,549638.7
2024-12-17 16:49:00+09:00,2.5337,2.5347,2.5300,2.5328,1260440.2
2024-12-17 16:50:00+09:00,2.5327,2.5385,2.5320,2.5383,854725.8
2024-12-17 16:51:00+09:00,2.5383,2.5384,2.5310,2.5310,948365.9
2024-12-17 16:52:00+09:00,2.5311,2.5313,2.5256,2.5256,2841488.7
2024-12-17 16:53:00+09:00,2.5257,2.5303,2.5250,2.5264,1431088.3
2024-12-17 16:54:00+09:00,2.5265,2.5297,2.5250,2.5287,1237016.5
2024-12-17 16:55:00+09:00,2.5286,2.5287,2.5211,2.5237,2174502.3
2024-12-17 16:56:00+09:00,2.5237,2.5320,2.5231,2.5294,1725322.0
2024-12-17 16:57:00+09:00,2.5293,2.5352,2.5280,2.5346,1166628.0
2024-12-17 16:58:00+09:00,2.5346,2.5359,2.5321,2.5323,1310093.8
2024-12-17 16:59:00+09:00,2.5322,2.5369,2.5311,2.5348,1014964.4
2024-12-17 17:00:00+09:00,2.5347,2.5349,2.5306,2.5340,1158671.3
2024-12-17 17:01:00+09:00,2.5340,2.5356,2.5308,2.5343,1206715.2
2024-12-17 17:02:00+09:00,2.5344,2.5384,2.5314,2.5384,1067090.9
2024-12-17 17:03:00+09:00,2.5384,2.5430,2.5383,2.5426,1529736.1
2024-12-17 17:04:00+09:00,2.5426,2.5429,2.5368,2.5378,931355.1
2024-12-17 17:05:00+09:00,2.5379,2.5419,2.5369,2.5406,896946.6
2024-12-17 17:06:00+09:00,2.5406,2.5458,2.5402,2.5452,1482918.2
2024-12-17 17:07:00+09:00,2.5452,2.5452,2.5397,2.5428,980140.7
2024-12-17 17:08:00+09:00,2.5428,2.5517,2.5424,2.5516,2420975.0
2024-12-17 17:09:00+09:00,2.5516,2.5530,2.5466,2.5480,1371178.7
2024-12-17 17:10:00+09:00,2.5480,2.5490,2.5451,2.5464,964792.5
2024-12-17 17:11:00+09:00,2.5463,2.5538,2.5459,2.5521,1870254.4
2024-12-17 17:12:00+09:00,2.5521,2.5548,2.5510,2.5522,1711274.7
2024-12-17 17:13:00+09:00,2.5522,2.5523,2.5469,2.5508,1427099.7
2024-12-17 17:14:00+09:00,2.5507,2.5526,2.5488,2.5504,1225972.2
2024-12-17 17:15:00+09:00,2.5505,2.5508,2.5435,2.5456,1789848.1
2024-12-17 17:16:00+09:00,2.5456,2.5486,2.5437,2.5479,1033624.8
2024-12-17 17:17:00+09:00,2.5479,2.5529,2.5476,2.5515,1903975.8
2024-12-17 17:18:00+09:00,2.5515,2.5516,2.5461,2.5502,1751908.0
2024-12-17 17:19:00+09:00,2.5502,2.5526,2.5472,2.5512,754783.0
2024-12-17 17:20:00+09:00,2.5512,2.5599,2.5501,2.5579,2334504.0
2024-12-17 17:21:00+09:00,2.5579,2.5637,2.5544,2.5566,2502650.8
2024-12-17 17:22:00+09:00,2.5565,2.5621,2.5559,2.5593,2018417.3
2024-12-17 17:23:00+09:00,2.5593,2.5698,2.5586,2.5648,3783517.1
2024-12-17 17:24:00+09:00,2.5649,2.5732,2.5626,2.5695,5745634.6
2024-12-17 17:25:00+09:00,2.5694,2.5705,2.5649,2.5688,2226266.1
2024-12-17 17:26:00+09:00,2.5688,2.5725,2.5663,2.5716,2512036.9
2024-12-17 17:27:00+09:00,2.5715,2.5756,2.5707,2.5721,4942238.1
2024-12-17 17:28:00+09:00,2.5720,2.5730,2.5690,2.5704,1942366.6
2024-12-17 17:29:00+09:00,2.5704,2.5710,2.5644,2.5656,2021720.6
2024-12-17 17:30:00+09:00,2.5655,2.5719,2.5644,2.5717,1895733.7
2024-12-17 17:31:00+09:00,2.5716,2.5780,2.5705,2.5775,2723156.1
2024-12-17 17:32:00+09:00,2.5775,2.5837,2.5738,2.5833,4823999.3
2024-12-17 17:33:00+09:00,2.5834,2.5849,2.5800,2.5819,3252447.0
2024-12-17 17:34:00+09:00,2.5819,2.5850,2.5800,2.5840,2815487.3
2024-12-17 17:35:00+09:00,2.5840,2.5868,2.5786,2.5856,3173487.4
2024-12-17 17:36:00+09:00,2.5855,2.5896,2.5818,2.5821,3977324.2
2024-12-17 17:37:00+09:00,2.5822,2.5847,2.5770,2.5840,5361503.5
2024-12-17 17:38:00+09:00,2.5841,2.5900,2.5820,2.5880,3599683.2
2024-12-17 17:39:00+09:00,2.5880,2.5970,2.5864,2.5969,4274418.1
2024-12-17 17:40:00+09:00,2.5969,2.5976,2.5898,2.5903,3652903.6
2024-12-17 17:41:00+09:00,2.5903,2.5950,2.5885,2.5916,2484534.3
2024-12-17 17:42:00+09:00,2.5916,2.5950,2.5916,2.5950,1376689.3
2024-12-17 17:43:00+09:00,2.5950,2.5960,2.5875,2.5883,2883537.9
2024-12-17 17:44:00+09:00,2.5883,2.5884,2.5793,2.5794,3769160.6
2024-12-17 17:45:00+09:00,2.5793,2.5825,2.5718,2.5781,5184293.8
2024-12-17 17:46:00+09:00,2.5781,2.5847,2.5771,2.5831,3263785.6
2024-12-17 17:47:00+09:00,2.5831,2.5857,2.5802,2.5856,1573363.6
2024-12-17 17:48:00+09:00,2.5855,2.5930,2.5823,2.5928,2074767.4
2024-12-17 17:49:00+09:00,2.5927,2.5989,2.5879,2.5913,3581595.9
2024-12-17 17:50:00+09:00,2.5912,2.5912,2.5817,2.5866,2891751.1
2024-12-17 17:51:00+09:00,2.5866,2.5893,2.5830,2.5850,1227197.4
2024-12-17 17:52:00+09:00,2.5851,2.5859,2.5818,2.5836,1764242.5
2024-12-17 17:53:00+09:00,2.5837,2.5849,2.5758,2.5792,2958575.6
2024-12-17 17:54:00+09:00,2.5792,2.5810,2.5727,2.5774,2591363.0
2024-12-17 17:55:00+09:00,2.5775,2.5791,2.5732,2.5736,1291869.8
2024-12-17 17:56:00+09:00,2.5736,2.5783,2.5730,2.5760,1156424.8
2024-12-17 17:57:00+09:00,2.5759,2.5775,2.5750,2.5770,860338.0
2024-12-17 17:58:00+09:00,2.5770,2.5775,2.5687,2.5696,3016799.9
2024-12-17 17:59:00+09:00,2.5695,2.5729,2.5694,2.5699,2391298.9
2024-12-17 18:00:00+09:00,2.5699,2.5706,2.5620,2.5693,5869973.2
2024-12-17 18:01:00+09:00,2.5693,2.5750,2.5665,2.5682,2395352.8
2024-12-17 18:02:00+09:00,2.5682,2.5714,2.5661,2.5672,1424947.6
2024-12-17 18:03:00+09:00,2.5671,2.5738,2.5650,2.5731,2064654.1
2024-12-17 18:04:00+09:00,2.5731,2.5770,2.5720,2.5759,1970506.6
2024-12-17 18:05:00+09:00,2.5759,2.5833,2.5759,2.5793,2197113.4
2024-12-17 18:06:00+09:00,2.5792,2.5805,2.5734,2.5747,1475353.6
2024-12-17 18:07:00+09:00,2.5748,2.5791,2.5745,2.5756,1488753.1
2024-12-17 18:08:00+09:00,2.5756,2.5778,2.5726,2.5730,1002504.8
2024-12-17 18:09:00+09:00,2.5729,2.5742,2.5692,2.5722,1239414.6
2024-12-17 18:10:00+09:00,2.5722,2.5797,2.5710,2.5784,1153880.0
2024-12-17 18:11:00+09:00,2.5783,2.5800,2.5766,2.5781,1351118.0
2024-12-17 18:12:00+09:00,2.5782,2.5850,2.5774,2.5812,1965845.5
2024-12-17 18:13:00+09:00,2.5812,2.5906,2.5812,2.5855,3061653.2
2024-12-17 18:14:00+09:00,2.5856,2.5892,2.5829,2.5846,1446665.3
2024-12-17 18:15:00+09:00,2.5847,2.5847,2.5769,2.5794,1811722.5
2024-12-17 18:16:00+09:00,2.5794,2.5828,2.5769,2.5771,795467.0
2024-12-17 18:17:00+09:00,2.5771,2.5800,2.5751,2.5785,891850.3
2024-12-17 18:18:00+09:00,2.5784,2.5790,2.5721,2.5744,1643798.1
2024-12-17 18:19:00+09:00,2.5745,2.5773,2.5726,2.5737,1020278.9
2024-12-17 18:20:00+09:00,2.5737,2.5740,2.5683,2.5708,1770626.7
2024-12-17 18:21:00+09:00,2.5708,2.5741,2.5690,2.5736,1023552.3
2024-12-17 18:22:00+09:00,2.5737,2.5771,2.5728,2.5766,753678.4
2024-12-17 18:23:00+09:00,2.5765,2.5773,2.5724,2.5727,815726.0
2024-12-17 18:24:00+09:00,2.5728,2.5760,2.5728,2.5742,739844.6
2024-12-17 18:25:00+09:00,2.5741,2.5775,2.5701,2.5708,838989.8
2024-12-17 18:26:00+09:00,2.5709,2.5728,2.5660,2.5694,1384475.4
2024-12-17 18:27:00+09:00,2.5694,2.5710,2.5656,2.5699,1283439.8
2024-12-17 18:28:00+09:00,2.5700,2.5721,2.5678,2.5690,1043042.2
2024-12-17 18:29:00+09:00,2.5690,2.5732,2.5680,2.5723,603554.6
2024-12-17 18:30:00+09:00,2.5723,2.5768,2.5707,2.5746,1224163.6
2024-12-17 18:31:00+09:00,2.5746,2.5784,2.5737,2.5755,1119084.4
2024-12-17 18:32:00+09:00,2.5754,2.5820,2.5737,2.5792,1589973.8
2024-12-17 18:33:00+09:00,2.5791,2.5839,2.5788,2.5824,1142585.7
2024-12-17 18:34:00+09:00,2.5825,2.5828,2.5800,2.5817,941974.4
2024-12-17 18:35:00+09:00,2.5816,2.5838,2.5776,2.5784,1453061.1
2024-12-17 18:36:00+09:00,2.5784,2.5794,2.5751,2.5774,897812.4
2024-12-17 18:37:00+09:00,2.5773,2.5827,2.5750,2.5825,813310.1
2024-12-17 18:38:00+09:00,2.5826,2.5834,2.5770,2.5771,998933.2
2024-12-17 18:39:00+09:00,2.5772,2.5779,2.5750,2.5772,613910.5
2024-12-17 18:40:00+09:00,2.5771,2.5772,2.5730,2.5733,671271.3
2024-12-17 18:41:00+09:00,2.5733,2.5758,2.5717,2.5722,1007401.7
2024-12-17 18:42:00+09:00,2.5722,2.5749,2.5712,2.5712,971368.5
2024-12-17 18:43:00+09:00,2.5712,2.5740,2.5712,2.5723,624141.9
2024-12-17 18:44:00+09:00,2.5722,2.5764,2.5722,2.5740,490541.0
2024-12-17 18:45:00+09:00,2.5740,2.5773,2.5722,2.5723,581004.0
2024-12-17 18:46:00+09:00,2.5723,2.5741,2.5707,2.5707,900788.3
2024-12-17 18:47:00+09:00,2.5706,2.5738,2.5692,2.5716,885725.4
2024-12-17 18:48:00+09:00,2.5716,2.5740,2.5713,2.5726,539051.2
2024-12-17 18:49:00+09:00,2.5726,2.5740,2.5687,2.5690,695544.5
2024-12-17 18:50:00+09:00,2.5690,2.5769,2.5689,2.5765,1196727.2
2024-12-17 18:51:00+09:00,2.5764,2.5788,2.5742,2.5751,1213917.4
2024-12-17 18:52:00+09:00,2.5751,2.5775,2.5736,2.5736,864707.4
2024-12-17 18:53:00+09:00,2.5735,2.5748,2.5709,2.5723,837126.1
2024-12-17 18:54:00+09:00,2.5723,2.5741,2.5699,2.5703,994348.4
2024-12-17 18:55:00+09:00,2.5702,2.5733,2.5693,2.5726,594628.0
2024-12-17 18:56:00+09:00,2.5726,2.5800,2.5720,2.5799,1504001.1
2024-12-17 18:57:00+09:00,2.5800,2.5875,2.5788,2.5810,2134217.3
2024-12-17 18:58:00+09:00,2.5810,2.5887,2.5802,2.5878,1511295.4
2024-12-17 18:59:00+09:00,2.5878,2.5918,2.5862,2.5881,2240892.9
2024-12-17 19:00:00+09:00,2.5881,2.5928,2.5850,2.5924,2114804.5
2024-12-17 19:01:00+09:00,2.5924,2.5924,2.5848,2.5849,1649697.4
2024-12-17 19:02:00+09:00,2.5849,2.5911,2.5820,2.5897,1714421.8
2024-12-17 19:03:00+09:00,2.5897,2.5982,2.5886,2.5979,2191458.6
2024-12-17 19:04:00+09:00,2.5979,2.5981,2.5927,2.5955,1711957.3
2024-12-17 19:05:00+09:00,2.5955,2.5976,2.5945,2.5965,1529940.5
2024-12-17 19:06:00+09:00,2.5965,2.5969,2.5906,2.5919,1418084.8
2024-12-17 19:07:00+09:00,2.5919,2.5920,2.5860,2.5886,1904142.2
2024-12-17 19:08:00+09:00,2.5885,2.5906,2.5852,2.5853,722753.4
2024-12-17 19:09:00+09:00,2.5854,2.5898,2.5847,2.5866,914335.2
2024-12-17 19:10:00+09:00,2.5867,2.5998,2.5866,2.5978,2054332.2
2024-12-17 19:11:00+09:00,2.5977,2.5988,2.5902,2.5923,1211255.8
2024-12-17 19:12:00+09:00,2.5924,2.6089,2.5902,2.6057,7143686.9
2024-12-17 19:13:00+09:00,2.6057,2.6180,2.6044,2.6162,5940143.0
2024-12-17 19:14:00+09:00,2.6161,2.6307,2.6156,2.6300,8911654.7
2024-12-17 19:15:00+09:00,2.6300,2.6301,2.6171,2.6202,4891118.4
2024-12-17 19:16:00+09:00,2.6201,2.6264,2.6194,2.6232,2629205.9
2024-12-17 19:17:00+09:00,2.6232,2.6274,2.6200,2.6252,2760574.2
2024-12-17 19:18:00+09:00,2.6252,2.6318,2.6213,2.6280,5122850.6
2024-12-17 19:19:00+09:00,2.6280,2.6486,2.6247,2.6453,11603965.4
2024-12-17 19:20:00+09:00,2.6453,2.6550,2.6408,2.6409,10751580.3
2024-12-17 19:21:00+09:00,2.6409,2.6496,2.6332,2.6385,8011695.0
2024-12-17 19:22:00+09:00,2.6386,2.6531,2.6357,2.6516,5439099.0
2024-12-17 19:23:00+09:00,2.6516,2.6550,2.6445,2.6447,4129871.0
2024-12-17 19:24:00+09:00,2.6447,2.6584,2.6436,2.6516,4710291.0
2024-12-17 19:25:00+09:00,2.6516,2.6588,2.6458,2.6518,6157478.2
2024-12-17 19:26:00+09:00,2.6518,2.6582,2.6477,2.6490,5034326.6
2024-12-17 19:27:00+09:00,2.6491,2.6664,2.6485,2.6652,6075501.0
2024-12-17 19:28:00+09:00,2.6653,2.6696,2.6564,2.6604,5908698.9
2024-12-17 19:29:00+09:00,2.6605,2.6620,2.6552,2.6565,4810574.6
2024-12-17 19:30:00+09:00,2.6564,2.6666,2.6550,2.6622,4281763.1
2024-12-17 19:31:00+09:00,2.6622,2.6756,2.6593,2.6731,5761040.8
2024-12-17 19:32:00+09:00,2.6732,2.6772,2.6659,2.6741,4974924.0
2024-12-17 19:33:00+09:00,2.6740,2.6764,2.6693,2.6723,5388562.0
2024-12-17 19:34:00+09:00,2.6724,2.6824,2.6716,2.6819,5542349.7
2024-12-17 19:35:00+09:00,2.6818,2.6841,2.6788,2.6814,5257090.9
2024-12-17 19:36:00+09:00,2.6814,2.6864,2.6775,2.6794,7253205.5
2024-12-17 19:37:00+09:00,2.6793,2.6804,2.6688,2.6692,5967676.5
2024-12-17 19:38:00+09:00,2.6692,2.6723,2.6641,2.6681,5423970.9
2024-12-17 19:39:00+09:00,2.6680,2.6694,2.6552,2.6658,5873091.8
2024-12-17 19:40:00+09:00,2.6657,2.6666,2.6562,2.6620,3735760.1
2024-12-17 19:41:00+09:00,2.6621,2.6632,2.6542,2.6566,3428746.3
2024-12-17 19:42:00+09:00,2.6566,2.6633,2.6538,2.6622,3498411.4
2024-12-17 19:43:00+09:00,2.6621,2.6655,2.6500,2.6501,3089775.0
2024-12-17 19:44:00+09:00,2.6500,2.6542,2.6436,2.6467,7821998.9
2024-12-17 19:45:00+09:00,2.6466,2.6529,2.6448,2.6483,4542574.5
2024-12-17 19:46:00+09:00,2.6483,2.6523,2.6460,2.6473,2737546.4
2024-12-17 19:47:00+09:00,2.6473,2.6485,2.6337,2.6352,6921583.1
2024-12-17 19:48:00+09:00,2.6352,2.6391,2.6305,2.6381,5276706.7
2024-12-17 19:49:00+09:00,2.6382,2.6412,2.6357,2.6405,2697252.5
2024-12-17 19:50:00+09:00,2.6405,2.6454,2.6396,2.6440,2758042.7
2024-12-17 19:51:00+09:00,2.6440,2.6449,2.6393,2.6425,1564209.7
2024-12-17 19:52:00+09:00,2.6426,2.6426,2.6341,2.6367,1431165.2
2024-12-17 19:53:00+09:00,2.6367,2.6426,2.6361,2.6404,1982392.1
2024-12-17 19:54:00+09:00,2.6403,2.6417,2.6364,2.6373,1207905.3
2024-12-17 19:55:00+09:00,2.6373,2.6481,2.6370,2.6471,1853925.0
2024-12-17 19:56:00+09:00,2.6470,2.6510,2.6414,2.6415,3012341.3
2024-12-17 19:57:00+09:00,2.6415,2.6439,2.6377,2.6427,1569567.6
2024-12-17 19:58:00+09:00,2.6426,2.6438,2.6377,2.6392,1179143.8
2024-12-17 19:59:00+09:00,2.6392,2.6438,2.6387,2.6433,839955.9
2024-12-17 20:00:00+09:00,2.6434,2.6434,2.6338,2.6347,1906691.8
2024-12-17 20:01:00+09:00,2.6347,2.6427,2.6343,2.6410,1773491.4
2024-12-17 20:02:00+09:00,2.6410,2.6475,2.6361,2.6399,1648954.0
2024-12-17 20:03:00+09:00,2.6398,2.6398,2.6332,2.6341,1895691.8
2024-12-17 20:04:00+09:00,2.6340,2.6350,2.6287,2.6331,2757323.1
2024-12-17 20:05:00+09:00,2.6332,2.6380,2.6327,2.6358,1253448.0
2024-12-17 20:06:00+09:00,2.6357,2.6467,2.6357,2.6452,3458629.2
2024-12-17 20:07:00+09:00,2.6451,2.6464,2.6392,2.6439,2940240.9
2024-12-17 20:08:00+09:00,2.6439,2.6472,2.6392,2.6471,1920953.1
2024-12-17 20:09:00+09:00,2.6472,2.6523,2.6462,2.6486,3119405.4
2024-12-17 20:10:00+09:00,2.6485,2.6558,2.6476,2.6528,3838084.5
2024-12-17 20:11:00+09:00,2.6528,2.6584,2.6526,2.6578,2053426.9
2024-12-17 20:12:00+09:00,2.6578,2.6633,2.6535,2.6606,2806418.2
2024-12-17 20:13:00+09:00,2.6607,2.6647,2.6563,2.6605,2458989.9
2024-12-17 20:14:00+09:00,2.6605,2.6689,2.6599,2.6679,2879618.9
2024-12-17 20:15:00+09:00,2.6678,2.6846,2.6671,2.6828,6769370.5
2024-12-17 20:16:00+09:00,2.6828,2.6844,2.6746,2.6811,4029787.3
2024-12-17 20:17:00+09:00,2.6810,2.6895,2.6796,2.6870,5717394.1
2024-12-17 20:18:00+09:00,2.6869,2.7014,2.6844,2.7014,9671342.5
2024-12-17 20:19:00+09:00,2.7013,2.7181,2.6998,2.7076,11976186.0
2024-12-17 20:20:00+09:00,2.7076,2.7197,2.7043,2.7159,10327885.7
2024-12-17 20:21:00+09:00,2.7159,2.7166,2.7004,2.7025,5365791.1
2024-12-17 20:22:00+09:00,2.7026,2.7227,2.7019,2.7186,9175887.8
2024-12-17 20:23:00+09:00,2.7186,2.7229,2.7144,2.7197,4823385.3
2024-12-17 20:24:00+09:00,2.7197,2.7227,2.7114,2.7158,3923205.8
2024-12-17 20:25:00+09:00,2.7157,2.7178,2.7072,2.7144,4277394.7
2024-12-17 20:26:00+09:00,2.7143,2.7146,2.7070,2.7129,2747703.4
2024-12-17 20:27:00+09:00,2.7130,2.7165,2.7092,2.7102,2912689.5
2024-12-17 20:28:00+09:00,2.7103,2.7164,2.7051,2.7132,5264506.2
2024-12-17 20:29:00+09:00,2.7132,2.7133,2.7032,2.7058,3512179.7
2024-12-17 20:30:00+09:00,2.7057,2.7168,2.7046,2.7152,4543565.9
2024-12-17 20:31:00+09:00,2.7151,2.7152,2.7036,2.7092,3192777.6
2024-12-17 20:32:00+09:00,2.7092,2.7189,2.7084,2.7175,5259458.8
2024-12-17 20:33:00+09:00,2.7175,2.7289,2.7152,2.7215,8018885.0
2024-12-17 20:34:00+09:00,2.7214,2.7214,2.7050,2.7086,4837764.9
2024-12-17 20:35:00+09:00,2.7087,2.7120,2.7059,2.7073,2031440.3
2024-12-17 20:36:00+09:00,2.7073,2.7115,2.6943,2.6952,7453103.4
2024-12-17 20:37:00+09:00,2.6951,2.6974,2.6828,2.6838,9763512.2
2024-12-17 20:38:00+09:00,2.6838,2.6896,2.6828,2.6878,4592040.8
2024-12-17 20:39:00+09:00,2.6879,2.6920,2.6870,2.6899,2542072.6
2024-12-17 20:40:00+09:00,2.6900,2.6949,2.6899,2.6918,2838608.6
2024-12-17 20:41:00+09:00,2.6918,2.6930,2.6855,2.6869,3513352.8
2024-12-17 20:42:00+09:00,2.6870,2.6870,2.6819,2.6845,2946641.4
2024-12-17 20:43:00+09:00,2.6844,2.6859,2.6762,2.6770,4777136.4
2024-12-17 20:44:00+09:00,2.6770,2.6824,2.6726,2.6816,4299052.0
2024-12-17 20:45:00+09:00,2.6815,2.6819,2.6746,2.6781,2350852.4
2024-12-17 20:46:00+09:00,2.6781,2.6782,2.6710,2.6763,1875660.0
2024-12-17 20:47:00+09:00,2.6762,2.6821,2.6720,2.6729,2654057.8
2024-12-17 20:48:00+09:00,2.6730,2.6756,2.6642,2.6685,5665610.4
2024-12-17 20:49:00+09:00,2.6685,2.6728,2.6667,2.6714,3711526.8
2024-12-17 20:50:00+09:00,2.6713,2.6775,2.6704,2.6740,2185158.7
2024-12-17 20:51:00+09:00,2.6740,2.6800,2.6735,2.6782,2162162.0
2024-12-17 20:52:00+09:00,2.6782,2.6790,2.6691,2.6703,3536699.0
2024-12-17 20:53:00+09:00,2.6704,2.6769,2.6701,2.6767,1805884.4
2024-12-17 20:54:00+09:00,2.6766,2.6828,2.6761,2.6794,3139376.9
2024-12-17 20:55:00+09:00,2.6794,2.6825,2.6763,2.6792,2647430.6
2024-12-17 20:56:00+09:00,2.6792,2.6838,2.6782,2.6793,1695429.7
2024-12-17 20:57:00+09:00,2.6792,2.6824,2.6754,2.6785,1443865.7
2024-12-17 20:58:00+09:00,2.6786,2.6896,2.6786,2.6870,3825038.1
2024-12-17 20:59:00+09:00,2.6869,2.6930,2.6842,2.6887,3264356.1
2024-12-17 21:00:00+09:00,2.6887,2.6999,2.6877,2.6992,4798171.5
2024-12-17 21:01:00+09:00,2.6992,2.7034,2.6957,2.7018,3076424.4
2024-12-17 21:02:00+09:00,2.7015,2.7048,2.6915,2.6932,3475042.2
2024-12-17 21:03:00+09:00,2.6932,2.7039,2.6928,2.7034,2151765.9
2024-12-17 21:04:00+09:00,2.7034,2.7068,2.7012,2.7040,3313446.8
2024-12-17 21:05:00+09:00,2.7039,2.7089,2.7028,2.7077,3665807.7
2024-12-17 21:06:00+09:00,2.7076,2.7128,2.7059,2.7107,4553919.5
2024-12-17 21:07:00+09:00,2.7107,2.7107,2.6862,2.6923,5706089.4
2024-12-17 21:08:00+09:00,2.6924,2.6960,2.6812,2.6850,4276643.4
2024-12-17 21:09:00+09:00,2.6850,2.6857,2.6666,2.6748,7736843.5
2024-12-17 21:10:00+09:00,2.6748,2.6748,2.6602,2.6662,6779538.6
2024-12-17 21:11:00+09:00,2.6663,2.6694,2.6537,2.6638,8722513.6
2024-12-17 21:12:00+09:00,2.6638,2.6647,2.6440,2.6510,7531418.8
2024-12-17 21:13:00+09:00,2.6509,2.6601,2.6509,2.6572,4191778.8
2024-12-17 21:14:00+09:00,2.6573,2.6635,2.6573,2.6615,4009757.1
2024-12-17 21:15:00+09:00,2.6614,2.6652,2.6589,2.6632,2962196.6
2024-12-17 21:16:00+09:00,2.6633,2.6639,2.6552,2.6570,3205724.0
2024-12-17 21:17:00+09:00,2.6571,2.6620,2.6560,2.6604,2173855.8
2024-12-17 21:18:00+09:00,2.6604,2.6863,2.6604,2.6770,8629054.8
2024-12-17 21:19:00+09:00,2.6770,2.6834,2.6749,2.6813,3857498.3
2024-12-17 21:20:00+09:00,2.6813,2.6814,2.6753,2.6783,1980346.4
2024-12-17 21:21:00+09:00,2.6783,2.6809,2.6685,2.6696,2427314.6
2024-12-17 21:22:00+09:00,2.6697,2.6737,2.6661,2.6706,2168418.9
2024-12-17 21:23:00+09:00,2.6705,2.6711,2.6625,2.6687,1962990.3
2024-12-17 21:24:00+09:00,2.6686,2.6687,2.6604,2.6661,1826414.3
2024-12-17 21:25:00+09:00,2.6660,2.6666,2.6627,2.6631,935386.8
2024-12-17 21:26:00+09:00,2.6631,2.6692,2.6630,2.6686,1063964.4
2024-12-17 21:27:00+09:00,2.6685,2.6748,2.6682,2.6733,2361288.2
2024-12-17 21:28:00+09:00,2.6733,2.6792,2.6722,2.6761,2264438.3
2024-12-17 21:29:00+09:00,2.6761,2.6792,2.6722,2.6748,1481086.2
2024-12-17 21:30:00+09:00,2.6747,2.6871,2.6747,2.6844,2663759.9
2024-12-17 21:31:00+09:00,2.6845,2.6929,2.6832,2.6924,3309787.4
2024-12-17 21:32:00+09:00,2.6925,2.6992,2.6868,2.6939,5244125.6
2024-12-17 21:33:00+09:00,2.6939,2.7006,2.6930,2.6946,2861503.0
2024-12-17 21:34:00+09:00,2.6945,2.7000,2.6937,2.6977,2052352.8
2024-12-17 21:35:00+09:00,2.6977,2.6984,2.6889,2.6903,2172640.9
2024-12-17 21:36:00+09:00,2.6903,2.6917,2.6841,2.6877,2787407.3
2024-12-17 21:37:00+09:00,2.6877,2.6916,2.6868,2.6881,1819174.4
2024-12-17 21:38:00+09:00,2.6882,2.6900,2.6845,2.6868,1436752.9
2024-12-17 21:39:00+09:00,2.6868,2.6886,2.6816,2.6835,1264335.5
2024-12-17 21:40:00+09:00,2.6835,2.6915,2.6835,2.6874,1428858.6
2024-12-17 21:41:00+09:00,2.6874,2.6896,2.6854,2.6880,661182.0
2024-12-17 21:42:00+09:00,2.6880,2.6888,2.6836,2.6858,957215.0
2024-12-17 21:43:00+09:00,2.6858,2.6942,2.6857,2.6941,1016077.1
2024-12-17 21:44:00+09:00,2.6942,2.7029,2.6934,2.7009,3009671.6
2024-12-17 21:45:00+09:00,2.7009,2.7012,2.6883,2.6907,2335857.6
2024-12-17 21:46:00+09:00,2.6907,2.6986,2.6893,2.6978,1853150.7
2024-12-17 21:47:00+09:00,2.6978,2.6994,2.6942,2.6970,1748826.1
2024-12-17 21:48:00+09:00,2.6971,2.6978,2.6894,2.6900,1439983.5
2024-12-17 21:49:00+09:00,2.6901,2.6995,2.6900,2.6981,1755163.0
2024-12-17 21:50:00+09:00,2.6981,2.7020,2.6938,2.6997,1596833.6
2024-12-17 21:51:00+09:00,2.6998,2.7014,2.6930,2.6932,876190.2
2024-12-17 21:52:00+09:00,2.6931,2.7019,2.6931,2.7009,1319955.0
2024-12-17 21:53:00+09:00,2.7009,2.7015,2.6972,2.7007,1514564.9
2024-12-17 21:54:00+09:00,2.7008,2.7097,2.6986,2.7093,1971626.2
2024-12-17 21:55:00+09:00,2.7093,2.7099,2.7044,2.7080,1930695.0
2024-12-17 21:56:00+09:00,2.7080,2.7145,2.7080,2.7088,4345324.1
2024-12-17 21:57:00+09:00,2.7088,2.7097,2.6988,2.7047,2751908.4
2024-12-17 21:58:00+09:00,2.7047,2.7126,2.7047,2.7109,2398015.4
2024-12-17 21:59:00+09:00,2.7110,2.7159,2.7110,2.7142,2171800.5
2024-12-17 22:00:00+09:00,2.7142,2.7143,2.6848,2.6919,12266030.2
2024-12-17 22:01:00+09:00,2.6919,2.6930,2.6735,2.6789,10419385.3
2024-12-17 22:02:00+09:00,2.6790,2.6854,2.6786,2.6842,2901893.5
2024-12-17 22:03:00+09:00,2.6842,2.6906,2.6810,2.6887,2767185.6
2024-12-17 22:04:00+09:00,2.6887,2.6894,2.6834,2.6843,1791895.7
2024-12-17 22:05:00+09:00,2.6843,2.6885,2.6831,2.6864,1045036.2
2024-12-17 22:06:00+09:00,2.6864,2.6993,2.6842,2.6957,3414505.9
2024-12-17 22:07:00+09:00,2.6957,2.7030,2.6955,2.7030,2997304.8
2024-12-17 22:08:00+09:00,2.7030,2.7035,2.6900,2.6941,3223968.7
2024-12-17 22:09:00+09:00,2.6940,2.6940,2.6816,2.6840,2798960.5
2024-12-17 22:10:00+09:00,2.6840,2.6884,2.6817,2.6852,3879472.8
2024-12-17 22:11:00+09:00,2.6851,2.6876,2.6810,2.6865,2938919.3
2024-12-17 22:12:00+09:00,2.6865,2.6922,2.6768,2.6801,7957563.6
2024-12-17 22:13:00+09:00,2.6802,2.6818,2.6714,2.6728,4116648.6
2024-12-17 22:14:00+09:00,2.6728,2.6798,2.6718,2.6786,1599853.7
2024-12-17 22:15:00+09:00,2.6787,2.6788,2.6704,2.6735,1934975.3
2024-12-17 22:16:00+09:00,2.6734,2.6812,2.6729,2.6794,1526229.6
2024-12-17 22:17:00+09:00,2.6794,2.6814,2.6732,2.6741,2319080.5
2024-12-17 22:18:00+09:00,2.6741,2.6813,2.6722,2.6799,1970445.8
2024-12-17 22:19:00+09:00,2.6799,2.6799,2.6732,2.6767,1328188.3
2024-12-17 22:20:00+09:00,2.6767,2.6820,2.6700,2.6726,5110944.1
2024-12-17 22:21:00+09:00,2.6727,2.6759,2.6707,2.6725,1493973.5
2024-12-17 22:22:00+09:00,2.6725,2.6726,2.6601,2.6674,6318199.8
2024-12-17 22:23:00+09:00,2.6674,2.6718,2.6666,2.6709,2205540.0
2024-12-17 22:24:00+09:00,2.6709,2.6789,2.6702,2.6780,2066476.5
2024-12-17 22:25:00+09:00,2.6779,2.6816,2.6742,2.6789,2976152.3
2024-12-17 22:26:00+09:00,2.6790,2.6872,2.6782,2.6847,2608339.1
2024-12-17 22:27:00+09:00,2.6847,2.6858,2.6791,2.6811,2901089.9
2024-12-17 22:28:00+09:00,2.6811,2.6856,2.6804,2.6831,1866832.5
2024-12-17 22:29:00+09:00,2.6831,2.6832,2.6700,2.6783,3511909.0
2024-12-17 22:30:00+09:00,2.6784,2.6821,2.6771,2.6801,2486325.7
2024-12-17 22:31:00+09:00,2.6801,2.6889,2.6800,2.6874,2236569.5
2024-12-17 22:32:00+09:00,2.6874,2.6890,2.6829,2.6858,1514388.1
2024-12-17 22:33:00+09:00,2.6857,2.6926,2.6846,2.6908,3482310.6
2024-12-17 22:34:00+09:00,2.6909,2.6950,2.6900,2.6937,2404156.7
2024-12-17 22:35:00+09:00,2.6938,2.6954,2.6876,2.6910,2928452.5
2024-12-17 22:36:00+09:00,2.6911,2.6926,2.6866,2.6875,1602075.1
2024-12-17 22:37:00+09:00,2.6876,2.6919,2.6865,2.6915,1316904.4
2024-12-17 22:38:00+09:00,2.6915,2.6923,2.6870,2.6877,844651.2
2024-12-17 22:39:00+09:00,2.6876,2.6878,2.6814,2.6851,1408713.9
2024-12-17 22:40:00+09:00,2.6852,2.6852,2.6775,2.6787,1448976.9
2024-12-17 22:41:00+09:00,2.6787,2.6802,2.6675,2.6709,4330710.6
2024-12-17 22:42:00+09:00,2.6709,2.6744,2.6691,2.6710,1639245.0
2024-12-17 22:43:00+09:00,2.6710,2.6761,2.6710,2.6743,1535987.0
2024-12-17 22:44:00+09:00,2.6742,2.6758,2.6711,2.6712,874786.8
2024-12-17 22:45:00+09:00,2.6712,2.6724,2.6643,2.6650,2874222.9
2024-12-17 22:46:00+09:00,2.6650,2.6710,2.6644,2.6705,1285973.8
2024-12-17 22:47:00+09:00,2.6704,2.6704,2.6645,2.6656,1276271.1
2024-12-17 22:48:00+09:00,2.6655,2.6747,2.6649,2.6734,1252900.8
2024-12-17 22:49:00+09:00,2.6734,2.6734,2.6675,2.6702,1107229.7
2024-12-17 22:50:00+09:00,2.6702,2.6731,2.6691,2.6715,589035.1
2024-12-17 22:51:00+09:00,2.6716,2.6793,2.6711,2.6781,1893110.9
2024-12-17 22:52:00+09:00,2.6781,2.6852,2.6754,2.6814,3007889.1
2024-12-17 22:53:00+09:00,2.6814,2.6841,2.6778,2.6790,983346.2
2024-12-17 22:54:00+09:00,2.6790,2.6797,2.6708,2.6730,1266798.1
2024-12-17 22:55:00+09:00,2.6731,2.6752,2.6684,2.6684,1004071.2
2024-12-17 22:56:00+09:00,2.6685,2.6728,2.6666,2.6679,1694674.3
2024-12-17 22:57:00+09:00,2.6678,2.6678,2.6546,2.6593,4449724.6
2024-12-17 22:58:00+09:00,2.6593,2.6609,2.6470,2.6526,8256849.3
2024-12-17 22:59:00+09:00,2.6527,2.6580,2.6527,2.6561,2304885.2
2024-12-17 23:00:00+09:00,2.6560,2.6598,2.6532,2.6533,2251440.5
2024-12-17 23:01:00+09:00,2.6532,2.6576,2.6459,2.6492,2326998.3
2024-12-17 23:02:00+09:00,2.6493,2.6520,2.6352,2.6397,11107973.9
2024-12-17 23:03:00+09:00,2.6395,2.6469,2.6379,2.6460,5931731.4
2024-12-17 23:04:00+09:00,2.6460,2.6466,2.6408,2.6443,2249365.2
2024-12-17 23:05:00+09:00,2.6442,2.6555,2.6442,2.6521,2847095.2
2024-12-17 23:06:00+09:00,2.6520,2.6553,2.6495,2.6519,1611909.2
2024-12-17 23:07:00+09:00,2.6519,2.6632,2.6519,2.6628,2017280.8
2024-12-17 23:08:00+09:00,2.6627,2.6639,2.6562,2.6609,1317321.9
2024-12-17 23:09:00+09:00,2.6610,2.6624,2.6564,2.6618,1348672.8
2024-12-17 23:10:00+09:00,2.6618,2.6642,2.6575,2.6633,1486770.7
2024-12-17 23:11:00+09:00,2.6633,2.6780,2.6618,2.6754,3704837.5
2024-12-17 23:12:00+09:00,2.6754,2.6800,2.6750,2.6795,2535126.8
2024-12-17 23:13:00+09:00,2.6795,2.6795,2.6700,2.6720,2558365.5
2024-12-17 23:14:00+09:00,2.6720,2.6723,2.6627,2.6685,2389818.2
2024-12-17 23:15:00+09:00,2.6686,2.6729,2.6676,2.6727,1363749.2
2024-12-17 23:16:00+09:00,2.6727,2.6732,2.6650,2.6650,1877212.8
2024-12-17 23:17:00+09:00,2.6650,2.6650,2.6541,2.6597,2906186.2
2024-12-17 23:18:00+09:00,2.6598,2.6657,2.6585,2.6643,1913914.2
2024-12-17 23:19:00+09:00,2.6642,2.6670,2.6614,2.6667,866413.7
2024-12-17 23:20:00+09:00,2.6667,2.6705,2.6642,2.6664,1434782.8
2024-12-17 23:21:00+09:00,2.6663,2.6702,2.6646,2.6680,1315447.9
2024-12-17 23:22:00+09:00,2.6680,2.6686,2.6604,2.6632,1381427.7
2024-12-17 23:23:00+09:00,2.6633,2.6699,2.6592,2.6657,2686055.0
2024-12-17 23:24:00+09:00,2.6657,2.6689,2.6644,2.6681,741201.1
2024-12-17 23:25:00+09:00,2.6680,2.6690,2.6615,2.6631,1054310.9
2024-12-17 23:26:00+09:00,2.6631,2.6663,2.6551,2.6583,1828098.6
2024-12-17 23:27:00+09:00,2.6583,2.6614,2.6554,2.6606,1532988.1
2024-12-17 23:28:00+09:00,2.6605,2.6686,2.6604,2.6678,2045670.5
2024-12-17 23:29:00+09:00,2.6678,2.6683,2.6639,2.6650,731208.5
2024-12-17 23:30:00+09:00,2.6650,2.6750,2.6630,2.6743,2337890.7
2024-12-17 23:31:00+09:00,2.6742,2.6743,2.6618,2.6619,1515642.6
2024-12-17 23:32:00+09:00,2.6619,2.6622,2.6535,2.6552,3572939.7
2024-12-17 23:33:00+09:00,2.6551,2.6572,2.6443,2.6489,3572600.9
2024-12-17 23:34:00+09:00,2.6490,2.6549,2.6387,2.6426,4882504.2
2024-12-17 23:35:00+09:00,2.6428,2.6450,2.6373,2.6415,3281566.1
2024-12-17 23:36:00+09:00,2.6415,2.6432,2.6340,2.6427,3538657.6
2024-12-17 23:37:00+09:00,2.6428,2.6428,2.6330,2.6331,2897126.0
2024-12-17 23:38:00+09:00,2.6331,2.6332,2.6132,2.6251,14830411.9
2024-12-17 23:39:00+09:00,2.6251,2.6294,2.6208,2.6269,4947276.8
2024-12-17 23:40:00+09:00,2.6269,2.6311,2.6172,2.6181,4725665.7
2024-12-17 23:41:00+09:00,2.6180,2.6264,2.6172,2.6240,3606124.6
2024-12-17 23:42:00+09:00,2.6238,2.6368,2.6238,2.6322,3882987.1
2024-12-17 23:43:00+09:00,2.6322,2.6429,2.6311,2.6421,4711781.1
2024-12-17 23:44:00+09:00,2.6422,2.6429,2.6345,2.6381,4006597.7
2024-12-17 23:45:00+09:00,2.6380,2.6473,2.6373,2.6419,3028534.2
2024-12-17 23:46:00+09:00,2.6418,2.6440,2.6335,2.6387,2135589.8
2024-12-17 23:47:00+09:00,2.6388,2.6444,2.6354,2.6410,1682766.7
2024-12-17 23:48:00+09:00,2.6411,2.6500,2.6410,2.6483,2561096.4
2024-12-17 23:49:00+09:00,2.6482,2.6534,2.6406,2.6510,4788354.9
2024-12-17 23:50:00+09:00,2.6509,2.6571,2.6492,2.6557,4031990.6
2024-12-17 23:51:00+09:00,2.6557,2.6585,2.6519,2.6556,2712560.9
2024-12-17 23:52:00+09:00,2.6556,2.6574,2.6459,2.6471,3343108.2
2024-12-17 23:53:00+09:00,2.6472,2.6525,2.6408,2.6418,2964600.6
2024-12-17 23:54:00+09:00,2.6417,2.6487,2.6400,2.6487,2963459.3
2024-12-17 23:55:00+09:00,2.6487,2.6500,2.6454,2.6454,1523751.4
2024-12-17 23:56:00+09:00,2.6455,2.6482,2.6430,2.6471,1451571.5
2024-12-17 23:57:00+09:00,2.6471,2.6563,2.6465,2.6529,1819560.2
2024-12-17 23:58:00+09:00,2.6529,2.6529,2.6445,2.6474,898199.0
2024-12-17 23:59:00+09:00,2.6473,2.6474,2.6386,2.6430,1543494.6
2024-12-18 00:00:00+09:00,2.6430,2.6478,2.6376,2.6430,2731744.4
2024-12-18 00:01:00+09:00,2.6430,2.6437,2.6318,2.6323,2625698.0
2024-12-18 00:02:00+09:00,2.6327,2.6425,2.6315,2.6366,1523324.7
2024-12-18 00:03:00+09:00,2.6366,2.6372,2.6288,2.6294,1815494.2
2024-12-18 00:04:00+09:00,2.6294,2.6310,2.6246,2.6291,2738313.6
2024-12-18 00:05:00+09:00,2.6290,2.6311,2.6257,2.6288,2994559.2
2024-12-18 00:06:00+09:00,2.6287,2.6354,2.6281,2.6323,2200172.4
2024-12-18 00:07:00+09:00,2.6323,2.6349,2.6226,2.6240,2659118.5
2024-12-18 00:08:00+09:00,2.6240,2.6260,2.6202,2.6250,2371477.6
2024-12-18 00:09:00+09:00,2.6249,2.6281,2.6200,2.6280,1732704.3
2024-12-18 00:10:00+09:00,2.6280,2.6304,2.6223,2.6223,1794467.4
2024-12-18 00:11:00+09:00,2.6224,2.6241,2.6042,2.6086,8413350.3
2024-12-18 00:12:00+09:00,2.6087,2.6145,2.6050,2.6087,3983830.4
2024-12-18 00:13:00+09:00,2.6087,2.6106,2.5933,2.5954,10310315.9
2024-12-18 00:14:00+09:00,2.5953,2.6031,2.5944,2.5969,6781109.6
2024-12-18 00:15:00+09:00,2.5969,2.5988,2.5862,2.5870,8377073.0
2024-12-18 00:16:00+09:00,2.5869,2.5962,2.5862,2.5905,7507999.9
2024-12-18 00:17:00+09:00,2.5904,2.5933,2.5824,2.5893,4903163.4
2024-12-18 00:18:00+09:00,2.5894,2.6011,2.5869,2.5890,4841275.8
2024-12-18 00:19:00+09:00,2.5891,2.5908,2.5657,2.5736,12306211.6
2024-12-18 00:20:00+09:00,2.5736,2.5864,2.5712,2.5760,5970578.2
2024-12-18 00:21:00+09:00,2.5760,2.5768,2.5531,2.5596,14851250.6
2024-12-18 00:22:00+09:00,2.5598,2.5626,2.5511,2.5591,8108192.6
2024-12-18 00:23:00+09:00,2.5591,2.5665,2.5551,2.5650,4127940.1
2024-12-18 00:24:00+09:00,2.5650,2.5675,2.5591,2.5624,3526255.0
2024-12-18 00:25:00+09:00,2.5625,2.5770,2.5619,2.5710,4088176.0
2024-12-18 00:26:00+09:00,2.5710,2.5775,2.5675,2.5756,3754351.0
2024-12-18 00:27:00+09:00,2.5756,2.5768,2.5623,2.5692,3536509.9
2024-12-18 00:28:00+09:00,2.5693,2.5726,2.5663,2.5681,3214768.0
2024-12-18 00:29:00+09:00,2.5681,2.5777,2.5669,2.5753,4195868.7
2024-12-18 00:30:00+09:00,2.5753,2.5919,2.5731,2.5912,7753465.5
2024-12-18 00:31:00+09:00,2.5912,2.5921,2.5771,2.5782,6946181.8
2024-12-18 00:32:00+09:00,2.5781,2.5796,2.5713,2.5733,2636740.3
2024-12-18 00:33:00+09:00,2.5734,2.5783,2.5605,2.5672,7350285.4
2024-12-18 00:34:00+09:00,2.5671,2.5817,2.5668,2.5779,2145590.3
2024-12-18 00:35:00+09:00,2.5780,2.5840,2.5699,2.5811,5386431.3
2024-12-18 00:36:00+09:00,2.5810,2.5936,2.5807,2.5884,4405005.0
2024-12-18 00:37:00+09:00,2.5884,2.5943,2.5850,2.5932,3308946.5
2024-12-18 00:38:00+09:00,2.5932,2.5940,2.5857,2.5877,3013071.6
2024-12-18 00:39:00+09:00,2.5876,2.5950,2.5844,2.5901,5104935.0
2024-12-18 00:40:00+09:00,2.5902,2.5920,2.5817,2.5920,2468429.8
2024-12-18 00:41:00+09:00,2.5921,2.5948,2.5854,2.5857,2411674.4
2024-12-18 00:42:00+09:00,2.5856,2.5877,2.5807,2.5821,2135294.1
2024-12-18 00:43:00+09:00,2.5822,2.5916,2.5810,2.5902,2783362.3
2024-12-18 00:44:00+09:00,2.5902,2.5920,2.5876,2.5885,1228474.6
2024-12-18 00:45:00+09:00,2.5886,2.5925,2.5863,2.5917,1784076.9
2024-12-18 00:46:00+09:00,2.5916,2.5960,2.5886,2.5946,2159166.5
2024-12-18 00:47:00+09:00,2.5947,2.5948,2.5889,2.5936,1785444.9
2024-12-18 00:48:00+09:00,2.5936,2.5936,2.5869,2.5874,1990522.1
2024-12-18 00:49:00+09:00,2.5874,2.5921,2.5833,2.5854,1508910.6
2024-12-18 00:50:00+09:00,2.5855,2.5871,2.5816,2.5840,1122778.9
2024-12-18 00:51:00+09:00,2.5840,2.5884,2.5800,2.5840,1313846.7
2024-12-18 00:52:00+09:00,2.5841,2.5874,2.5830,2.5855,1246308.2
2024-12-18 00:53:00+09:00,2.5854,2.5874,2.5799,2.5806,1104870.1
2024-12-18 00:54:00+09:00,2.5806,2.5864,2.5762,2.5773,1923313.3
2024-12-18 00:55:00+09:00,2.5773,2.5816,2.5768,2.5792,1092347.6
2024-12-18 00:56:00+09:00,2.5791,2.5863,2.5764,2.5859,2877945.4
2024-12-18 00:57:00+09:00,2.5858,2.5970,2.5844,2.5968,2085376.3
2024-12-18 00:58:00+09:00,2.5968,2.5970,2.5914,2.5949,1480461.1
2024-12-18 00:59:00+09:00,2.5949,2.5979,2.5927,2.5956,1552746.9
2024-12-18 01:00:00+09:00,2.5957,2.5966,2.5804,2.5805,3729058.9
2024-12-18 01:01:00+09:00,2.5806,2.5908,2.5806,2.5878,1831847.5
2024-12-18 01:02:00+09:00,2.5879,2.5916,2.5820,2.5834,2925499.1
2024-12-18 01:03:00+09:00,2.5833,2.5857,2.5775,2.5836,2652731.7
2024-12-18 01:04:00+09:00,2.5837,2.6024,2.5837,2.6015,4398322.4
2024-12-18 01:05:00+09:00,2.6015,2.6028,2.5936,2.5947,4024736.7
2024-12-18 01:06:00+09:00,2.5946,2.6058,2.5940,2.6057,2928470.9
2024-12-18 01:07:00+09:00,2.6056,2.6183,2.6024,2.6124,9827421.1
2024-12-18 01:08:00+09:00,2.6123,2.6157,2.6040,2.6093,3345836.1
2024-12-18 01:09:00+09:00,2.6094,2.6215,2.6085,2.6178,5363182.3
2024-12-18 01:10:00+09:00,2.6178,2.6221,2.6138,2.6198,4170591.0
2024-12-18 01:11:00+09:00,2.6197,2.6249,2.6186,2.6221,3180449.3
2024-12-18 01:12:00+09:00,2.6221,2.6239,2.6188,2.6237,2521630.6
2024-12-18 01:13:00+09:00,2.6238,2.6312,2.6236,2.6290,3108846.9
2024-12-18 01:14:00+09:00,2.6290,2.6318,2.6269,2.6269,2599648.1
2024-12-18 01:15:00+09:00,2.6270,2.6270,2.6150,2.6209,4734338.4
2024-12-18 01:16:00+09:00,2.6209,2.6216,2.6123,2.6131,2466545.3
2024-12-18 01:17:00+09:00,2.6131,2.6193,2.6125,2.6151,2251883.0
2024-12-18 01:18:00+09:00,2.6151,2.6171,2.6103,2.6103,1550328.3
2024-12-18 01:19:00+09:00,2.6103,2.6109,2.6030,2.6088,2825038.3
2024-12-18 01:20:00+09:00,2.6089,2.6190,2.6089,2.6190,1495857.8
2024-12-18 01:21:00+09:00,2.6190,2.6194,2.6125,2.6134,1370043.0
2024-12-18 01:22:00+09:00,2.6134,2.6154,2.6109,2.6143,1223604.3
2024-12-18 01:23:00+09:00,2.6142,2.6161,2.6095,2.6134,976679.8
2024-12-18 01:24:00+09:00,2.6133,2.6144,2.6099,2.6102,965234.5
2024-12-18 01:25:00+09:00,2.6103,2.6127,2.6040,2.6079,2368580.9
2024-12-18 01:26:00+09:00,2.6079,2.6099,2.6038,2.6064,1076047.9
2024-12-18 01:27:00+09:00,2.6063,2.6156,2.6062,2.6146,847601.6
2024-12-18 01:28:00+09:00,2.6147,2.6147,2.6104,2.6116,1438695.7
2024-12-18 01:29:00+09:00,2.6115,2.6157,2.6105,2.6155,877679.3
2024-12-18 01:30:00+09:00,2.6156,2.6166,2.6119,2.6130,1133167.8
2024-12-18 01:31:00+09:00,2.6130,2.6142,2.6094,2.6137,680610.8
2024-12-18 01:32:00+09:00,2.6136,2.6156,2.6104,2.6135,741352.1
2024-12-18 01:33:00+09:00,2.6134,2.6158,2.6106,2.6133,1093660.3
2024-12-18 01:34:00+09:00,2.6134,2.6158,2.6058,2.6063,828646.8
2024-12-18 01:35:00+09:00,2.6063,2.6108,2.6056,2.6079,1696238.2
2024-12-18 01:36:00+09:00,2.6080,2.6093,2.6051,2.6061,1064633.4
2024-12-18 01:37:00+09:00,2.6061,2.6149,2.6061,2.6142,790705.3
2024-12-18 01:38:00+09:00,2.6142,2.6142,2.6072,2.6074,776364.9
2024-12-18 01:39:00+09:00,2.6073,2.6128,2.6072,2.6115,639418.8
2024-12-18 01:40:00+09:00,2.6116,2.6169,2.6114,2.6165,684420.1
2024-12-18 01:41:00+09:00,2.6165,2.6179,2.6113,2.6124,703563.5
2024-12-18 01:42:00+09:00,2.6124,2.6127,2.6055,2.6103,1076171.7
2024-12-18 01:43:00+09:00,2.6102,2.6107,2.5976,2.5992,2881945.3
2024-12-18 01:44:00+09:00,2.5993,2.6038,2.5989,2.6009,1169125.7
2024-12-18 01:45:00+09:00,2.6008,2.6012,2.5961,2.5985,1579321.9
2024-12-18 01:46:00+09:00,2.5985,2.6085,2.5982,2.6076,784472.7
2024-12-18 01:47:00+09:00,2.6075,2.6121,2.6066,2.6120,628109.7
2024-12-18 01:48:00+09:00,2.6121,2.6126,2.6080,2.6097,663868.9
2024-12-18 01:49:00+09:00,2.6096,2.6111,2.6071,2.6099,373192.2
2024-12-18 01:50:00+09:00,2.6100,2.6168,2.6082,2.6162,884367.9
2024-12-18 01:51:00+09:00,2.6161,2.6215,2.6161,2.6189,1418894.8
2024-12-18 01:52:00+09:00,2.6189,2.6226,2.6180,2.6209,1068950.3
2024-12-18 01:53:00+09:00,2.6210,2.6215,2.6190,2.6204,755370.6
2024-12-18 01:54:00+09:00,2.6204,2.6220,2.6189,2.6201,694510.3
2024-12-18 01:55:00+09:00,2.6201,2.6207,2.6177,2.6207,652513.6
2024-12-18 01:56:00+09:00,2.6208,2.6215,2.6147,2.6155,1143121.4
2024-12-18 01:57:00+09:00,2.6155,2.6170,2.6114,2.6134,1554756.3
2024-12-18 01:58:00+09:00,2.6134,2.6197,2.6123,2.6186,846763.8
2024-12-18 01:59:00+09:00,2.6186,2.6186,2.6149,2.6158,635918.4
2024-12-18 02:00:00+09:00,2.6158,2.6253,2.6147,2.6243,1208032.5
2024-12-18 02:01:00+09:00,2.6243,2.6245,2.6109,2.6132,1320699.6
2024-12-18 02:02:00+09:00,2.6131,2.6164,2.6091,2.6104,1260836.3
2024-12-18 02:03:00+09:00,2.6104,2.6111,2.6054,2.6096,780155.3
2024-12-18 02:04:00+09:00,2.6095,2.6128,2.6086,2.6112,630342.3
2024-12-18 02:05:00+09:00,2.6112,2.6148,2.6099,2.6135,766874.1
2024-12-18 02:06:00+09:00,2.6136,2.6147,2.6111,2.6130,484388.4
2024-12-18 02:07:00+09:00,2.6129,2.6213,2.6126,2.6174,1034719.8
2024-12-18 02:08:00+09:00,2.6174,2.6220,2.6174,2.6208,668375.1
2024-12-18 02:09:00+09:00,2.6207,2.6240,2.6188,2.6230,938246.7
2024-12-18 02:10:00+09:00,2.6230,2.6231,2.6171,2.6189,1002730.0
2024-12-18 02:11:00+09:00,2.6189,2.6194,2.6113,2.6124,865870.8
2024-12-18 02:12:00+09:00,2.6123,2.6144,2.6107,2.6125,580467.2
2024-12-18 02:13:00+09:00,2.6125,2.6136,2.6104,2.6119,868549.3
2024-12-18 02:14:00+09:00,2.6120,2.6127,2.6068,2.6104,1008112.1
2024-12-18 02:15:00+09:00,2.6105,2.6144,2.6067,2.6082,1292948.6
2024-12-18 02:16:00+09:00,2.6083,2.6084,2.6044,2.6080,929659.2
2024-12-18 02:17:00+09:00,2.6080,2.6119,2.6066,2.6118,1043621.4
2024-12-18 02:18:00+09:00,2.6117,2.6175,2.6104,2.6158,573710.3
2024-12-18 02:19:00+09:00,2.6158,2.6180,2.6152,2.6170,454989.1
2024-12-18 02:20:00+09:00,2.6169,2.6254,2.6164,2.6253,1151726.4
2024-12-18 02:21:00+09:00,2.6253,2.6311,2.6184,2.6186,2506215.0
2024-12-18 02:22:00+09:00,2.6186,2.6436,2.6186,2.6398,10889524.0
2024-12-18 02:23:00+09:00,2.6399,2.6428,2.6351,2.6368,3689527.2
2024-12-18 02:24:00+09:00,2.6366,2.6384,2.6320,2.6377,2771653.9
2024-12-18 02:25:00+09:00,2.6377,2.6380,2.6342,2.6360,1573385.4
2024-12-18 02:26:00+09:00,2.6360,2.6444,2.6351,2.6394,1695503.9
2024-12-18 02:27:00+09:00,2.6394,2.6444,2.6382,2.6407,1459311.8
2024-12-18 02:28:00+09:00,2.6408,2.6422,2.6380,2.6395,1628236.2
2024-12-18 02:29:00+09:00,2.6395,2.6465,2.6363,2.6456,3453178.1
2024-12-18 02:30:00+09:00,2.6455,2.6470,2.6413,2.6461,2119543.9
2024-12-18 02:31:00+09:00,2.6460,2.6465,2.6394,2.6403,1650572.5
2024-12-18 02:32:00+09:00,2.6403,2.6422,2.6380,2.6396,1826189.4
2024-12-18 02:33:00+09:00,2.6397,2.6427,2.6357,2.6412,1301051.8
2024-12-18 02:34:00+09:00,2.6412,2.6460,2.6405,2.6430,1258166.4
2024-12-18 02:35:00+09:00,2.6430,2.6435,2.6380,2.6416,1501474.1
2024-12-18 02:36:00+09:00,2.6415,2.6432,2.6396,2.6399,693409.2
2024-12-18 02:37:00+09:00,2.6398,2.6406,2.6381,2.6390,910494.8
2024-12-18 02:38:00+09:00,2.6391,2.6398,2.6360,2.6367,811418.2
2024-12-18 02:39:00+09:00,2.6366,2.6411,2.6354,2.6411,1032923.3
2024-12-18 02:40:00+09:00,2.6411,2.6439,2.6389,2.6408,1272013.4
2024-12-18 02:41:00+09:00,2.6408,2.6435,2.6378,2.6425,908860.5
2024-12-18 02:42:00+09:00,2.6426,2.6426,2.6377,2.6390,677146.0
2024-12-18 02:43:00+09:00,2.6390,2.6403,2.6302,2.6324,2926624.5
2024-12-18 02:44:00+09:00,2.6323,2.6348,2.6301,2.6333,884993.7
2024-12-18 02:45:00+09:00,2.6332,2.6380,2.6324,2.6364,1110314.8
2024-12-18 02:46:00+09:00,2.6363,2.6427,2.6356,2.6401,1301900.7
2024-12-18 02:47:00+09:00,2.6400,2.6425,2.6374,2.6386,1411245.1
2024-12-18 02:48:00+09:00,2.6387,2.6409,2.6351,2.6363,564514.5
2024-12-18 02:49:00+09:00,2.6363,2.6400,2.6363,2.6391,332264.8
2024-12-18 02:50:00+09:00,2.6391,2.6400,2.6356,2.6356,682743.4
2024-12-18 02:51:00+09:00,2.6357,2.6385,2.6330,2.6331,487098.2
2024-12-18 02:52:00+09:00,2.6331,2.6366,2.6327,2.6349,658468.2
2024-12-18 02:53:00+09:00,2.6349,2.6371,2.6347,2.6367,365026.5
2024-12-18 02:54:00+09:00,2.6368,2.6403,2.6366,2.6386,468874.4
2024-12-18 02:55:00+09:00,2.6386,2.6413,2.6384,2.6400,572422.0
2024-12-18 02:56:00+09:00,2.6400,2.6429,2.6399,2.6415,444540.8
2024-12-18 02:57:00+09:00,2.6415,2.6431,2.6397,2.6412,568766.9
2024-12-18 02:58:00+09:00,2.6412,2.6433,2.6391,2.6391,358860.1
2024-12-18 02:59:00+09:00,2.6392,2.6392,2.6317,2.6335,1654666.2
2024-12-18 03:00:00+09:00,2.6334,2.6371,2.6329,2.6352,662757.2
2024-12-18 03:01:00+09:00,2.6353,2.6414,2.6349,2.6413,629552.6
2024-12-18 03:02:00+09:00,2.6413,2.6433,2.6388,2.6402,881399.2
2024-12-18 03:03:00+09:00,2.6401,2.6443,2.6401,2.6423,1007616.8
2024-12-18 03:04:00+09:00,2.6424,2.6479,2.6424,2.6476,1389179.7
2024-12-18 03:05:00+09:00,2.6475,2.6475,2.6440,2.6441,789302.0
2024-12-18 03:06:00+09:00,2.6441,2.6471,2.6430,2.6464,1008106.5
2024-12-18 03:07:00+09:00,2.6463,2.6513,2.6463,2.6499,2275920.2
2024-12-18 03:08:00+09:00,2.6498,2.6504,2.6482,2.6494,874098.4
2024-12-18 03:09:00+09:00,2.6494,2.6561,2.6475,2.6534,2198795.2
2024-12-18 03:10:00+09:00,2.6535,2.6574,2.6530,2.6531,1661670.4
2024-12-18 03:11:00+09:00,2.6530,2.6531,2.6458,2.6460,1126664.4
2024-12-18 03:12:00+09:00,2.6460,2.6465,2.6411,2.6441,1549796.1
2024-12-18 03:13:00+09:00,2.6442,2.6458,2.6380,2.6391,2293859.4
2024-12-18 03:14:00+09:00,2.6391,2.6426,2.6384,2.6423,1115781.0
2024-12-18 03:15:00+09:00,2.6424,2.6424,2.6375,2.6396,991385.8
2024-12-18 03:16:00+09:00,2.6397,2.6399,2.6330,2.6355,1741095.6
2024-12-18 03:17:00+09:00,2.6354,2.6379,2.6342,2.6366,934501.5
2024-12-18 03:18:00+09:00,2.6366,2.6367,2.6320,2.6326,963695.6
2024-12-18 03:19:00+09:00,2.6326,2.6373,2.6325,2.6356,444296.3
2024-12-18 03:20:00+09:00,2.6356,2.6373,2.6279,2.6293,1382409.8
2024-12-18 03:21:00+09:00,2.6293,2.6329,2.6286,2.6295,1367467.1
2024-12-18 03:22:00+09:00,2.6296,2.6306,2.6290,2.6295,642254.0
2024-12-18 03:23:00+09:00,2.6295,2.6305,2.6258,2.6262,971975.2
2024-12-18 03:24:00+09:00,2.6261,2.6298,2.6256,2.6286,1090561.6
2024-12-18 03:25:00+09:00,2.6286,2.6357,2.6283,2.6336,1106888.2
2024-12-18 03:26:00+09:00,2.6337,2.6340,2.6247,2.6291,1326727.6
2024-12-18 03:27:00+09:00,2.6291,2.6304,2.6251,2.6263,779124.4
2024-12-18 03:28:00+09:00,2.6263,2.6276,2.6215,2.6230,1184826.4
2024-12-18 03:29:00+09:00,2.6230,2.6238,2.6165,2.6218,2704165.0
2024-12-18 03:30:00+09:00,2.6219,2.6280,2.6215,2.6278,1143417.0
2024-12-18 03:31:00+09:00,2.6279,2.6300,2.6252,2.6289,1011955.6
2024-12-18 03:32:00+09:00,2.6289,2.6308,2.6266,2.6300,774952.5
2024-12-18 03:33:00+09:00,2.6299,2.6329,2.6293,2.6328,549895.6
2024-12-18 03:34:00+09:00,2.6328,2.6358,2.6315,2.6358,534861.4
2024-12-18 03:35:00+09:00,2.6359,2.6380,2.6342,2.6345,1316936.2
2024-12-18 03:36:00+09:00,2.6345,2.6353,2.6314,2.6335,731628.9
2024-12-18 03:37:00+09:00,2.6336,2.6336,2.6289,2.6318,914050.8
2024-12-18 03:38:00+09:00,2.6318,2.6318,2.6300,2.6307,336753.3
2024-12-18 03:39:00+09:00,2.6307,2.6318,2.6290,2.6300,634808.8
2024-12-18 03:40:00+09:00,2.6301,2.6356,2.6301,2.6347,410291.9
2024-12-18 03:41:00+09:00,2.6347,2.6349,2.6313,2.6313,542293.3
2024-12-18 03:42:00+09:00,2.6313,2.6348,2.6290,2.6290,924007.7
2024-12-18 03:43:00+09:00,2.6290,2.6321,2.6271,2.6277,558403.8
2024-12-18 03:44:00+09:00,2.6278,2.6289,2.6254,2.6279,973536.8
2024-12-18 03:45:00+09:00,2.6280,2.6306,2.6272,2.6273,544659.3
2024-12-18 03:46:00+09:00,2.6272,2.6302,2.6272,2.6301,431205.5
2024-12-18 03:47:00+09:00,2.6301,2.6302,2.6220,2.6226,1813456.8
2024-12-18 03:48:00+09:00,2.6227,2.6260,2.6221,2.6232,745212.1
2024-12-18 03:49:00+09:00,2.6233,2.6233,2.6168,2.6202,2698472.7
2024-12-18 03:50:00+09:00,2.6202,2.6244,2.6192,2.6224,1436015.1
2024-12-18 03:51:00+09:00,2.6224,2.6224,2.6119,2.6168,2151532.0
2024-12-18 03:52:00+09:00,2.6168,2.6202,2.6167,2.6184,961476.5
2024-12-18 03:53:00+09:00,2.6184,2.6187,2.5978,2.6042,11499499.4
2024-12-18 03:54:00+09:00,2.6043,2.6076,2.6039,2.6055,1998019.2
2024-12-18 03:55:00+09:00,2.6054,2.6077,2.6043,2.6076,1681477.4
2024-12-18 03:56:00+09:00,2.6075,2.6116,2.6042,2.6051,1620634.7
2024-12-18 03:57:00+09:00,2.6051,2.6070,2.6031,2.6045,1556031.5
2024-12-18 03:58:00+09:00,2.6045,2.6077,2.6001,2.6074,2133696.5
2024-12-18 03:59:00+09:00,2.6074,2.6074,2.6034,2.6042,810333.5
2024-12-18 04:00:00+09:00,2.6043,2.6060,2.6001,2.6058,1233355.7
2024-12-18 04:01:00+09:00,2.6058,2.6058,2.5989,2.5995,819359.5
2024-12-18 04:02:00+09:00,2.5995,2.6012,2.5912,2.6003,3662203.0
2024-12-18 04:03:00+09:00,2.6004,2.6008,2.5957,2.5966,919485.2
2024-12-18 04:04:00+09:00,2.5966,2.5973,2.5905,2.5909,1356438.9
2024-12-18 04:05:00+09:00,2.5909,2.5963,2.5906,2.5921,1201463.9
2024-12-18 04:06:00+09:00,2.5921,2.5930,2.5857,2.5875,2825768.0
2024-12-18 04:07:00+09:00,2.5876,2.5889,2.5812,2.5814,1586191.4
2024-12-18 04:08:00+09:00,2.5814,2.5863,2.5812,2.5833,1522789.3
2024-12-18 04:09:00+09:00,2.5833,2.5848,2.5811,2.5846,1609244.7
2024-12-18 04:10:00+09:00,2.5847,2.5943,2.5846,2.5928,1517628.4
2024-12-18 04:11:00+09:00,2.5927,2.5927,2.5874,2.5898,817268.2
2024-12-18 04:12:00+09:00,2.5898,2.5940,2.5876,2.5934,1181174.8
2024-12-18 04:13:00+09:00,2.5933,2.5965,2.5914,2.5955,993927.3
2024-12-18 04:14:00+09:00,2.5955,2.5964,2.5922,2.5936,1097433.9
2024-12-18 04:15:00+09:00,2.5937,2.5937,2.5856,2.5879,1110816.5
2024-12-18 04:16:00+09:00,2.5879,2.5913,2.5867,2.5881,790710.9
2024-12-18 04:17:00+09:00,2.5880,2.5892,2.5856,2.5875,568575.7
2024-12-18 04:18:00+09:00,2.5875,2.5930,2.5862,2.5918,849360.8
2024-12-18 04:19:00+09:00,2.5918,2.5943,2.5910,2.5938,565195.5
2024-12-18 04:20:00+09:00,2.5938,2.5938,2.5878,2.5900,561427.2
2024-12-18 04:21:00+09:00,2.5901,2.5917,2.5884,2.5884,396975.4
2024-12-18 04:22:00+09:00,2.5884,2.5946,2.5884,2.5929,474450.0
2024-12-18 04:23:00+09:00,2.5928,2.5952,2.5917,2.5952,507725.9
2024-12-18 04:24:00+09:00,2.5952,2.6000,2.5932,2.5996,1219826.9
2024-12-18 04:25:00+09:00,2.5997,2.5997,2.5959,2.5973,693857.7
2024-12-18 04:26:00+09:00,2.5973,2.5992,2.5971,2.5987,362817.9
2024-12-18 04:27:00+09:00,2.5987,2.6058,2.5982,2.6031,1634131.9
2024-12-18 04:28:00+09:00,2.6031,2.6031,2.5959,2.5964,925076.1
2024-12-18 04:29:00+09:00,2.5963,2.5984,2.5953,2.5957,597401.8
2024-12-18 04:30:00+09:00,2.5957,2.5958,2.5900,2.5904,871117.6
2024-12-18 04:31:00+09:00,2.5905,2.5910,2.5875,2.5906,805182.3
2024-12-18 04:32:00+09:00,2.5906,2.5915,2.5876,2.5877,780877.0
2024-12-18 04:33:00+09:00,2.5878,2.5909,2.5861,2.5898,436307.5
2024-12-18 04:34:00+09:00,2.5898,2.5905,2.5839,2.5852,741944.2
2024-12-18 04:35:00+09:00,2.5853,2.5853,2.5766,2.5779,2268977.5
2024-12-18 04:36:00+09:00,2.5778,2.5808,2.5771,2.5792,1139153.4
2024-12-18 04:37:00+09:00,2.5792,2.5817,2.5768,2.5811,952425.8
2024-12-18 04:38:00+09:00,2.5812,2.5870,2.5801,2.5870,678174.6
2024-12-18 04:39:00+09:00,2.5870,2.5893,2.5860,2.5871,651808.7
2024-12-18 04:40:00+09:00,2.5871,2.5915,2.5871,2.5887,972941.9
2024-12-18 04:41:00+09:00,2.5887,2.5913,2.5836,2.5840,946199.7
2024-12-18 04:42:00+09:00,2.5840,2.5851,2.5795,2.5814,885979.7
2024-12-18 04:43:00+09:00,2.5814,2.5840,2.5810,2.5828,376311.8
2024-12-18 04:44:00+09:00,2.5828,2.5886,2.5814,2.5886,673002.1
2024-12-18 04:45:00+09:00,2.5886,2.5940,2.5881,2.5896,926718.0
2024-12-18 04:46:00+09:00,2.5896,2.5912,2.5864,2.5874,720485.1
2024-12-18 04:47:00+09:00,2.5873,2.5914,2.5860,2.5895,1117138.0
2024-12-18 04:48:00+09:00,2.5896,2.5956,2.5886,2.5928,1502478.1
2024-12-18 04:49:00+09:00,2.5927,2.5969,2.5921,2.5927,1743161.0
2024-12-18 04:50:00+09:00,2.5926,2.5972,2.5924,2.5945,536948.8
2024-12-18 04:51:00+09:00,2.5946,2.5978,2.5936,2.5976,1007048.8
2024-12-18 04:52:00+09:00,2.5977,2.5999,2.5954,2.5955,453188.9
2024-12-18 04:53:00+09:00,2.5955,2.5958,2.5925,2.5940,575207.9
2024-12-18 04:54:00+09:00,2.5941,2.5988,2.5941,2.5978,842036.7
2024-12-18 04:55:00+09:00,2.5977,2.5989,2.5961,2.5989,445904.1
2024-12-18 04:56:00+09:00,2.5988,2.5989,2.5954,2.5959,574965.2
2024-12-18 04:57:00+09:00,2.5960,2.5969,2.5940,2.5964,539391.8
2024-12-18 04:58:00+09:00,2.5964,2.5999,2.5952,2.5986,503653.7
2024-12-18 04:59:00+09:00,2.5987,2.6015,2.5986,2.6001,764408.3
2024-12-18 05:00:00+09:00,2.6002,2.6093,2.6000,2.6069,1744417.6
2024-12-18 05:01:00+09:00,2.6070,2.6115,2.6063,2.6099,1978872.1
2024-12-18 05:02:00+09:00,2.6098,2.6102,2.6051,2.6058,980122.1
2024-12-18 05:03:00+09:00,2.6057,2.6102,2.6055,2.6084,604174.5
2024-12-18 05:04:00+09:00,2.6085,2.6138,2.6085,2.6117,1076049.5
2024-12-18 05:05:00+09:00,2.6117,2.6123,2.6068,2.6070,1003856.2
2024-12-18 05:06:00+09:00,2.6069,2.6089,2.6055,2.6074,570749.4
2024-12-18 05:07:00+09:00,2.6074,2.6075,2.6025,2.6050,949171.9
2024-12-18 05:08:00+09:00,2.6049,2.6063,2.6018,2.6021,882678.0
2024-12-18 05:09:00+09:00,2.6020,2.6100,2.6020,2.6093,794825.5
2024-12-18 05:10:00+09:00,2.6092,2.6096,2.6061,2.6068,487413.3
2024-12-18 05:11:00+09:00,2.6069,2.6090,2.6054,2.6088,400267.4
2024-12-18 05:12:00+09:00,2.6088,2.6090,2.6045,2.6057,340461.7
2024-12-18 05:13:00+09:00,2.6057,2.6077,2.6053,2.6069,573271.0
2024-12-18 05:14:00+09:00,2.6069,2.6127,2.6068,2.6127,827207.7
2024-12-18 05:15:00+09:00,2.6126,2.6198,2.6126,2.6198,2137399.3
2024-12-18 05:16:00+09:00,2.6199,2.6199,2.6141,2.6171,1029579.8
2024-12-18 05:17:00+09:00,2.6171,2.6224,2.6159,2.6220,1086921.8
2024-12-18 05:18:00+09:00,2.6221,2.6242,2.6214,2.6229,1031897.6
2024-12-18 05:19:00+09:00,2.6228,2.6266,2.6175,2.6182,2068825.4
2024-12-18 05:20:00+09:00,2.6183,2.6216,2.6156,2.6177,895851.6
2024-12-18 05:21:00+09:00,2.6176,2.6238,2.6164,2.6231,1215869.7
2024-12-18 05:22:00+09:00,2.6232,2.6236,2.6188,2.6194,690849.9
2024-12-18 05:23:00+09:00,2.6195,2.6213,2.6152,2.6208,1074858.9
2024-12-18 05:24:00+09:00,2.6209,2.6232,2.6188,2.6231,839291.8
2024-12-18 05:25:00+09:00,2.6231,2.6236,2.6199,2.6236,422362.9
2024-12-18 05:26:00+09:00,2.6236,2.6236,2.6184,2.6191,618633.8
2024-12-18 05:27:00+09:00,2.6192,2.6222,2.6188,2.6217,516641.2
2024-12-18 05:28:00+09:00,2.6217,2.6219,2.6180,2.6186,477097.0
2024-12-18 05:29:00+09:00,2.6185,2.6193,2.6164,2.6190,480022.4
2024-12-18 05:30:00+09:00,2.6190,2.6211,2.6135,2.6147,851454.2
2024-12-18 05:31:00+09:00,2.6147,2.6157,2.6075,2.6115,1425320.6
2024-12-18 05:32:00+09:00,2.6116,2.6139,2.6081,2.6129,1080095.0
2024-12-18 05:33:00+09:00,2.6129,2.6132,2.6114,2.6118,579869.4
2024-12-18 05:34:00+09:00,2.6117,2.6285,2.6110,2.6274,3589841.7
2024-12-18 05:35:00+09:00,2.6273,2.6273,2.6219,2.6246,1085061.3
2024-12-18 05:36:00+09:00,2.6245,2.6290,2.6236,2.6261,1085044.9
2024-12-18 05:37:00+09:00,2.6261,2.6261,2.6221,2.6222,744599.6
2024-12-18 05:38:00+09:00,2.6221,2.6241,2.6188,2.6215,1158022.8
2024-12-18 05:39:00+09:00,2.6214,2.6218,2.6186,2.6194,636977.4
2024-12-18 05:40:00+09:00,2.6194,2.6215,2.6175,2.6188,630027.8
2024-12-18 05:41:00+09:00,2.6188,2.6188,2.6138,2.6165,944548.6
2024-12-18 05:42:00+09:00,2.6165,2.6170,2.6147,2.6158,533616.6
2024-12-18 05:43:00+09:00,2.6158,2.6170,2.6118,2.6123,1206252.2
2024-12-18 05:44:00+09:00,2.6123,2.6140,2.6075,2.6139,1481936.6
2024-12-18 05:45:00+09:00,2.6140,2.6162,2.6126,2.6149,562810.8
2024-12-18 05:46:00+09:00,2.6150,2.6160,2.6130,2.6139,334618.3
2024-12-18 05:47:00+09:00,2.6140,2.6214,2.6139,2.6213,916871.6
2024-12-18 05:48:00+09:00,2.6213,2.6242,2.6213,2.6222,471023.3
2024-12-18 05:49:00+09:00,2.6223,2.6242,2.6198,2.6212,1049715.8
2024-12-18 05:50:00+09:00,2.6212,2.6257,2.6207,2.6250,1220213.2
2024-12-18 05:51:00+09:00,2.6250,2.6254,2.6220,2.6225,328040.1
2024-12-18 05:52:00+09:00,2.6226,2.6241,2.6212,2.6232,525062.1
2024-12-18 05:53:00+09:00,2.6231,2.6234,2.6188,2.6189,513068.6
2024-12-18 05:54:00+09:00,2.6189,2.6229,2.6188,2.6227,399579.1
2024-12-18 05:55:00+09:00,2.6228,2.6235,2.6213,2.6225,213947.1
2024-12-18 05:56:00+09:00,2.6224,2.6242,2.6212,2.6222,319051.5
2024-12-18 05:57:00+09:00,2.6223,2.6223,2.6183,2.6201,516896.6
2024-12-18 05:58:00+09:00,2.6201,2.6211,2.6195,2.6209,354862.9
2024-12-18 05:59:00+09:00,2.6209,2.6211,2.6095,2.6112,3650969.1
2024-12-18 06:00:00+09:00,2.6112,2.6154,2.6112,2.6131,1048796.4
2024-12-18 06:01:00+09:00,2.6131,2.6131,2.6008,2.6033,1782384.5
2024-12-18 06:02:00+09:00,2.6034,2.6046,2.6013,2.6034,893044.9
2024-12-18 06:03:00+09:00,2.6034,2.6034,2.5948,2.5993,1741723.6
2024-12-18 06:04:00+09:00,2.5992,2.5998,2.5943,2.5976,1542008.7
2024-12-18 06:05:00+09:00,2.5976,2.5999,2.5944,2.5994,763343.6
2024-12-18 06:06:00+09:00,2.5993,2.5993,2.5954,2.5980,552461.3
2024-12-18 06:07:00+09:00,2.5980,2.6069,2.5979,2.6051,894919.9
2024-12-18 06:08:00+09:00,2.6050,2.6050,2.6004,2.6019,547782.9
2024-12-18 06:09:00+09:00,2.6018,2.6040,2.6005,2.6029,289042.1
2024-12-18 06:10:00+09:00,2.6030,2.6092,2.6030,2.6077,1391301.2
2024-12-18 06:11:00+09:00,2.6077,2.6098,2.6072,2.6087,500147.0
2024-12-18 06:12:00+09:00,2.6088,2.6170,2.6088,2.6145,982084.5
2024-12-18 06:13:00+09:00,2.6145,2.6158,2.6118,2.6150,634224.2
2024-12-18 06:14:00+09:00,2.6151,2.6192,2.6150,2.6184,602167.5
2024-12-18 06:15:00+09:00,2.6185,2.6239,2.6179,2.6234,925608.6
2024-12-18 06:16:00+09:00,2.6235,2.6285,2.6216,2.6253,1383614.6
2024-12-18 06:17:00+09:00,2.6253,2.6253,2.6214,2.6223,706532.6
2024-12-18 06:18:00+09:00,2.6223,2.6256,2.6215,2.6250,646504.2
2024-12-18 06:19:00+09:00,2.6249,2.6250,2.6175,2.6190,847700.4
2024-12-18 06:20:00+09:00,2.6189,2.6197,2.6175,2.6176,473307.9
2024-12-18 06:21:00+09:00,2.6175,2.6219,2.6175,2.6200,513938.2
2024-12-18 06:22:00+09:00,2.6200,2.6242,2.6189,2.6241,320694.9
2024-12-18 06:23:00+09:00,2.6241,2.6270,2.6232,2.6233,521448.7
2024-12-18 06:24:00+09:00,2.6232,2.6235,2.6198,2.6217,478113.2
2024-12-18 06:25:00+09:00,2.6217,2.6224,2.6189,2.6196,537496.7
2024-12-18 06:26:00+09:00,2.6196,2.6209,2.6155,2.6163,560907.7
2024-12-18 06:27:00+09:00,2.6163,2.6188,2.6160,2.6168,321317.8
2024-12-18 06:28:00+09:00,2.6168,2.6168,2.6139,2.6159,522961.8
2024-12-18 06:29:00+09:00,2.6158,2.6159,2.6129,2.6148,439791.4
2024-12-18 06:30:00+09:00,2.6148,2.6175,2.6132,2.6141,492124.8
2024-12-18 06:31:00+09:00,2.6140,2.6140,2.6076,2.6109,797431.8
2024-12-18 06:32:00+09:00,2.6109,2.6120,2.6085,2.6113,375387.6
2024-12-18 06:33:00+09:00,2.6113,2.6159,2.6106,2.6152,379558.8
2024-12-18 06:34:00+09:00,2.6152,2.6180,2.6142,2.6160,363712.3
2024-12-18 06:35:00+09:00,2.6160,2.6201,2.6146,2.6199,381265.6
2024-12-18 06:36:00+09:00,2.6198,2.6241,2.6177,2.6234,780502.0
2024-12-18 06:37:00+09:00,2.6233,2.6236,2.6185,2.6185,526302.3
2024-12-18 06:38:00+09:00,2.6185,2.6211,2.6176,2.6206,216393.1
2024-12-18 06:39:00+09:00,2.6205,2.6205,2.6176,2.6185,207488.2
2024-12-18 06:40:00+09:00,2.6186,2.6191,2.6162,2.6172,392705.7
2024-12-18 06:41:00+09:00,2.6171,2.6173,2.6146,2.6159,365279.1
2024-12-18 06:42:00+09:00,2.6158,2.6166,2.6138,2.6147,696072.3
2024-12-18 06:43:00+09:00,2.6147,2.6171,2.6141,2.6150,213073.6
2024-12-18 06:44:00+09:00,2.6151,2.6151,2.6104,2.6109,342795.4
2024-12-18 06:45:00+09:00,2.6109,2.6109,2.6047,2.6047,796385.9
2024-12-18 06:46:00+09:00,2.6047,2.6068,2.6028,2.6051,537536.2
2024-12-18 06:47:00+09:00,2.6050,2.6106,2.6038,2.6101,451493.4
2024-12-18 06:48:00+09:00,2.6100,2.6108,2.6072,2.6081,311856.4
2024-12-18 06:49:00+09:00,2.6080,2.6082,2.6009,2.6035,537643.7
2024-12-18 06:50:00+09:00,2.6035,2.6053,2.6024,2.6043,587363.7
2024-12-18 06:51:00+09:00,2.6043,2.6086,2.6043,2.6083,390738.3
2024-12-18 06:52:00+09:00,2.6082,2.6100,2.6067,2.6097,454631.1
2024-12-18 06:53:00+09:00,2.6097,2.6100,2.6074,2.6075,198566.5
2024-12-18 06:54:00+09:00,2.6075,2.6169,2.6075,2.6158,702926.9
2024-12-18 06:55:00+09:00,2.6158,2.6164,2.6104,2.6110,453538.4
2024-12-18 06:55:00+09:00,2.6158,2.6164,2.6104,2.6110,453538.4
2024-12-18 06:56:00+09:00,2.6111,2.6125,2.6094,2.6120,456518.3
2024-12-18 06:57:00+09:00,2.6119,2.6143,2.6109,2.6138,461140.5
2024-12-18 06:58:00+09:00,2.6138,2.6144,2.6107,2.6114,222880.2
2024-12-18 06:59:00+09:00,2.6114,2.6131,2.6042,2.6060,629420.9
2024-12-18 07:00:00+09:00,2.6060,2.6060,2.6018,2.6051,700165.8
2024-12-18 07:01:00+09:00,2.6050,2.6138,2.6050,2.6134,461788.3
2024-12-18 07:02:00+09:00,2.6134,2.6150,2.6088,2.6088,536110.3
2024-12-18 07:03:00+09:00,2.6087,2.6114,2.6082,2.6098,287153.4
2024-12-18 07:04:00+09:00,2.6099,2.6127,2.6081,2.6127,333932.2
2024-12-18 07:05:00+09:00,2.6127,2.6163,2.6113,2.6162,312862.6
2024-12-18 07:06:00+09:00,2.6163,2.6218,2.6158,2.6211,1232832.3
2024-12-18 07:07:00+09:00,2.6210,2.6211,2.6143,2.6158,584709.5
2024-12-18 07:08:00+09:00,2.6157,2.6158,2.6076,2.6102,1356577.3
2024-12-18 07:09:00+09:00,2.6102,2.6129,2.6098,2.6118,210575.9
2024-12-18 07:10:00+09:00,2.6118,2.6119,2.5976,2.5979,1823902.3
2024-12-18 07:11:00+09:00,2.5977,2.6010,2.5971,2.5972,1281471.0
2024-12-18 07:12:00+09:00,2.5971,2.5974,2.5879,2.5879,3475895.9
2024-12-18 07:13:00+09:00,2.5879,2.5900,2.5838,2.5896,1969640.9
2024-12-18 07:14:00+09:00,2.5896,2.5915,2.5863,2.5864,1033212.8
2024-12-18 07:15:00+09:00,2.5864,2.5864,2.5809,2.5823,1328780.6
2024-12-18 07:16:00+09:00,2.5823,2.5918,2.5823,2.5881,1479691.9
2024-12-18 07:17:00+09:00,2.5881,2.5887,2.5846,2.5875,1106271.8
2024-12-18 07:18:00+09:00,2.5875,2.5940,2.5875,2.5913,904298.6
2024-12-18 07:19:00+09:00,2.5912,2.5968,2.5877,2.5951,716289.2
2024-12-18 07:20:00+09:00,2.5952,2.5969,2.5933,2.5938,442613.4
2024-12-18 07:21:00+09:00,2.5937,2.5955,2.5921,2.5924,389208.0
2024-12-18 07:22:00+09:00,2.5924,2.5924,2.5851,2.5856,1006675.8
2024-12-18 07:23:00+09:00,2.5857,2.5862,2.5786,2.5800,1734164.2
2024-12-18 07:24:00+09:00,2.5800,2.5801,2.5706,2.5751,3370390.9
2024-12-18 07:25:00+09:00,2.5752,2.5785,2.5742,2.5774,1567091.2
2024-12-18 07:26:00+09:00,2.5773,2.5794,2.5682,2.5753,3373138.4
2024-12-18 07:27:00+09:00,2.5752,2.5796,2.5726,2.5796,1054404.4
2024-12-18 07:28:00+09:00,2.5796,2.5817,2.5774,2.5816,715510.8
2024-12-18 07:29:00+09:00,2.5816,2.5821,2.5748,2.5779,1537057.5
2024-12-18 07:30:00+09:00,2.5779,2.5853,2.5779,2.5841,1231515.6
2024-12-18 07:31:00+09:00,2.5842,2.5848,2.5774,2.5799,1050540.1
2024-12-18 07:32:00+09:00,2.5799,2.5799,2.5775,2.5785,484056.2
2024-12-18 07:33:00+09:00,2.5785,2.5812,2.5784,2.5810,1513456.1
2024-12-18 07:34:00+09:00,2.5810,2.5826,2.5786,2.5792,443635.5
2024-12-18 07:35:00+09:00,2.5792,2.5792,2.5743,2.5778,1221917.6
2024-12-18 07:36:00+09:00,2.5778,2.5787,2.5742,2.5758,1097292.8
2024-12-18 07:37:00+09:00,2.5758,2.5758,2.5595,2.5595,4633276.4
2024-12-18 07:38:00+09:00,2.5596,2.5699,2.5575,2.5685,3543121.7
2024-12-18 07:39:00+09:00,2.5684,2.5685,2.5600,2.5602,1614285.3
2024-12-18 07:40:00+09:00,2.5602,2.5615,2.5550,2.5560,2770771.3
2024-12-18 07:41:00+09:00,2.5559,2.5583,2.5545,2.5580,1879855.0
2024-12-18 07:42:00+09:00,2.5580,2.5642,2.5579,2.5630,977333.9
2024-12-18 07:43:00+09:00,2.5630,2.5634,2.5557,2.5558,1163535.3
2024-12-18 07:44:00+09:00,2.5557,2.5570,2.5541,2.5545,1378559.0
2024-12-18 07:45:00+09:00,2.5545,2.5551,2.5501,2.5506,2332510.3
2024-12-18 07:46:00+09:00,2.5505,2.5519,2.5376,2.5449,10095836.0
2024-12-18 07:47:00+09:00,2.5449,2.5456,2.5213,2.5262,9252685.0
2024-12-18 07:48:00+09:00,2.5261,2.5480,2.5254,2.5479,5093079.4
2024-12-18 07:49:00+09:00,2.5479,2.5528,2.5460,2.5495,2343292.6
2024-12-18 07:50:00+09:00,2.5495,2.5544,2.5466,2.5473,2361174.2
2024-12-18 07:51:00+09:00,2.5473,2.5478,2.5408,2.5469,1520543.1
2024-12-18 07:52:00+09:00,2.5469,2.5560,2.5439,2.5550,2256588.5
2024-12-18 07:53:00+09:00,2.5550,2.5554,2.5471,2.5474,1667157.3
2024-12-18 07:54:00+09:00,2.5474,2.5515,2.5430,2.5430,1837323.0
2024-12-18 07:55:00+09:00,2.5431,2.5519,2.5430,2.5518,879085.2
2024-12-18 07:56:00+09:00,2.5519,2.5526,2.5471,2.5489,863947.5
2024-12-18 07:57:00+09:00,2.5490,2.5565,2.5490,2.5542,1628135.4
2024-12-18 07:58:00+09:00,2.5542,2.5585,2.5540,2.5584,1354603.8
2024-12-18 07:59:00+09:00,2.5583,2.5584,2.5507,2.5526,1172054.4
2024-12-18 08:00:00+09:00,2.5527,2.5536,2.5396,2.5423,3007949.0
2024-12-18 08:01:00+09:00,2.5423,2.5453,2.5322,2.5330,2880666.4
2024-12-18 08:02:00+09:00,2.5332,2.5411,2.5277,2.5344,3616633.5
2024-12-18 08:03:00+09:00,2.5344,2.5354,2.5229,2.5287,2847701.2
2024-12-18 08:04:00+09:00,2.5285,2.5337,2.5274,2.5321,1524876.4
2024-12-18 08:05:00+09:00,2.5321,2.5463,2.5318,2.5463,1619963.9
2024-12-18 08:06:00+09:00,2.5463,2.5464,2.5362,2.5384,1445460.9
2024-12-18 08:07:00+09:00,2.5385,2.5408,2.5333,2.5339,1422926.4
2024-12-18 08:08:00+09:00,2.5340,2.5369,2.5276,2.5286,2211382.5
2024-12-18 08:09:00+09:00,2.5287,2.5378,2.5284,2.5326,2525648.2
2024-12-18 08:10:00+09:00,2.5327,2.5364,2.5312,2.5344,1432096.5
2024-12-18 08:11:00+09:00,2.5344,2.5344,2.5228,2.5248,2961170.7
2024-12-18 08:12:00+09:00,2.5248,2.5342,2.5246,2.5311,1643417.1
2024-12-18 08:13:00+09:00,2.5310,2.5316,2.5267,2.5311,949130.8
2024-12-18 08:14:00+09:00,2.5311,2.5343,2.5293,2.5326,904495.0
2024-12-18 08:15:00+09:00,2.5325,2.5325,2.5235,2.5325,1452645.0
2024-12-18 08:16:00+09:00,2.5326,2.5424,2.5290,2.5409,3810144.0
2024-12-18 08:17:00+09:00,2.5409,2.5428,2.5388,2.5425,2621959.8
2024-12-18 08:18:00+09:00,2.5424,2.5467,2.5394,2.5415,2263324.7
2024-12-18 08:19:00+09:00,2.5415,2.5467,2.5400,2.5465,1410641.2
2024-12-18 08:20:00+09:00,2.5464,2.5496,2.5411,2.5413,2748638.8
2024-12-18 08:21:00+09:00,2.5413,2.5465,2.5390,2.5457,1481274.9
2024-12-18 08:22:00+09:00,2.5457,2.5496,2.5456,2.5473,1263368.6
2024-12-18 08:23:00+09:00,2.5473,2.5529,2.5462,2.5520,1649265.9
2024-12-18 08:24:00+09:00,2.5519,2.5539,2.5502,2.5532,1684318.4
2024-12-18 08:25:00+09:00,2.5532,2.5532,2.5484,2.5521,1415953.9
2024-12-18 08:26:00+09:00,2.5520,2.5536,2.5508,2.5536,775496.0
2024-12-18 08:27:00+09:00,2.5535,2.5536,2.5465,2.5475,1087261.3
2024-12-18 08:28:00+09:00,2.5475,2.5484,2.5445,2.5456,642366.3
2024-12-18 08:29:00+09:00,2.5456,2.5529,2.5456,2.5507,711324.6
2024-12-18 08:30:00+09:00,2.5508,2.5520,2.5488,2.5493,718400.7
2024-12-18 08:31:00+09:00,2.5492,2.5518,2.5468,2.5480,596829.1
2024-12-18 08:32:00+09:00,2.5479,2.5481,2.5388,2.5406,2861671.9
2024-12-18 08:33:00+09:00,2.5405,2.5434,2.5368,2.5375,878183.8
2024-12-18 08:34:00+09:00,2.5376,2.5420,2.5373,2.5408,801940.1
2024-12-18 08:35:00+09:00,2.5408,2.5457,2.5403,2.5408,777919.5
2024-12-18 08:36:00+09:00,2.5409,2.5441,2.5358,2.5368,1079795.0
2024-12-18 08:37:00+09:00,2.5369,2.5396,2.5350,2.5393,826943.3
2024-12-18 08:38:00+09:00,2.5394,2.5496,2.5392,2.5439,2574667.3
2024-12-18 08:39:00+09:00,2.5438,2.5445,2.5404,2.5427,575400.8
2024-12-18 08:40:00+09:00,2.5427,2.5493,2.5420,2.5493,868780.9
2024-12-18 08:41:00+09:00,2.5493,2.5493,2.5450,2.5473,721603.0
2024-12-18 08:42:00+09:00,2.5474,2.5566,2.5464,2.5551,1330411.9
2024-12-18 08:43:00+09:00,2.5551,2.5573,2.5526,2.5568,1039295.6
2024-12-18 08:44:00+09:00,2.5568,2.5603,2.5567,2.5591,1758541.4
2024-12-18 08:45:00+09:00,2.5591,2.5628,2.5538,2.5606,3287706.0
2024-12-18 08:46:00+09:00,2.5607,2.5661,2.5593,2.5649,2027153.2
2024-12-18 08:47:00+09:00,2.5649,2.5663,2.5530,2.5559,2851954.7
2024-12-18 08:48:00+09:00,2.5559,2.5597,2.5558,2.5578,962872.2
2024-12-18 08:49:00+09:00,2.5577,2.5606,2.5555,2.5604,658193.6
2024-12-18 08:50:00+09:00,2.5604,2.5615,2.5566,2.5594,799937.4
2024-12-18 08:51:00+09:00,2.5593,2.5600,2.5569,2.5600,370533.7
2024-12-18 08:52:00+09:00,2.5600,2.5620,2.5579,2.5599,596738.4
2024-12-18 08:53:00+09:00,2.5599,2.5600,2.5554,2.5564,444991.0
2024-12-18 08:54:00+09:00,2.5565,2.5570,2.5540,2.5564,981885.3
2024-12-18 08:55:00+09:00,2.5563,2.5568,2.5537,2.5550,751590.4
2024-12-18 08:56:00+09:00,2.5549,2.5697,2.5535,2.5689,1742490.6
2024-12-18 08:57:00+09:00,2.5689,2.5690,2.5610,2.5626,1112434.1
2024-12-18 08:58:00+09:00,2.5627,2.5646,2.5606,2.5636,997741.9
2024-12-18 08:59:00+09:00,2.5636,2.5664,2.5629,2.5655,965712.2
2024-12-18 09:00:00+09:00,2.5655,2.5680,2.5622,2.5679,1157276.3
2024-12-18 09:01:00+09:00,2.5680,2.5722,2.5675,2.5695,2052326.8
2024-12-18 09:02:00+09:00,2.5696,2.5717,2.5612,2.5612,1959955.8
2024-12-18 09:03:00+09:00,2.5612,2.5632,2.5558,2.5599,1841309.2
2024-12-18 09:04:00+09:00,2.5599,2.5668,2.5599,2.5638,1114818.2
2024-12-18 09:05:00+09:00,2.5638,2.5737,2.5633,2.5692,1923047.0
2024-12-18 09:06:00+09:00,2.5691,2.5773,2.5660,2.5761,2488253.6
2024-12-18 09:07:00+09:00,2.5761,2.5783,2.5746,2.5780,1818593.6
2024-12-18 09:08:00+09:00,2.5780,2.5810,2.5736,2.5766,2002688.6
2024-12-18 09:09:00+09:00,2.5767,2.5825,2.5764,2.5821,1250780.0
2024-12-18 09:10:00+09:00,2.5820,2.5825,2.5717,2.5726,3453197.1
2024-12-18 09:11:00+09:00,2.5727,2.5774,2.5726,2.5763,921832.0
2024-12-18 09:12:00+09:00,2.5763,2.5792,2.5745,2.5779,938094.2
2024-12-18 09:13:00+09:00,2.5779,2.5798,2.5756,2.5783,779045.2
2024-12-18 09:14:00+09:00,2.5782,2.5797,2.5725,2.5740,1296528.9
2024-12-18 09:15:00+09:00,2.5741,2.5812,2.5740,2.5803,1016329.5
2024-12-18 09:16:00+09:00,2.5803,2.5810,2.5750,2.5765,1077056.0
2024-12-18 09:17:00+09:00,2.5765,2.5799,2.5747,2.5788,714411.1
2024-12-18 09:18:00+09:00,2.5788,2.5814,2.5670,2.5707,2361677.6
2024-12-18 09:19:00+09:00,2.5706,2.5743,2.5693,2.5709,868752.2
2024-12-18 09:20:00+09:00,2.5709,2.5715,2.5643,2.5696,1279199.6
2024-12-18 09:21:00+09:00,2.5696,2.5702,2.5655,2.5683,913515.6
2024-12-18 09:22:00+09:00,2.5684,2.5691,2.5618,2.5642,1283323.0
2024-12-18 09:23:00+09:00,2.5642,2.5667,2.5627,2.5644,568972.9
2024-12-18 09:24:00+09:00,2.5644,2.5664,2.5602,2.5607,709727.8
2024-12-18 09:25:00+09:00,2.5607,2.5618,2.5577,2.5592,1275614.8
2024-12-18 09:26:00+09:00,2.5592,2.5597,2.5550,2.5561,1001254.1
2024-12-18 09:27:00+09:00,2.5560,2.5605,2.5529,2.5545,2225271.1
2024-12-18 09:28:00+09:00,2.5545,2.5571,2.5536,2.5555,786351.9
2024-12-18 09:29:00+09:00,2.5555,2.5594,2.5529,2.5588,834969.1
2024-12-18 09:30:00+09:00,2.5589,2.5597,2.5513,2.5514,1086460.2
2024-12-18 09:31:00+09:00,2.5514,2.5524,2.5412,2.5431,2702701.0
2024-12-18 09:32:00+09:00,2.5431,2.5478,2.5374,2.5400,2080670.9
2024-12-18 09:33:00+09:00,2.5399,2.5535,2.5396,2.5493,2361653.1
2024-12-18 09:34:00+09:00,2.5493,2.5535,2.5462,2.5535,1100576.5
2024-12-18 09:35:00+09:00,2.5535,2.5549,2.5507,2.5545,878627.9
2024-12-18 09:36:00+09:00,2.5545,2.5547,2.5454,2.5478,648139.7
2024-12-18 09:37:00+09:00,2.5476,2.5482,2.5356,2.5393,4282142.9
2024-12-18 09:38:00+09:00,2.5394,2.5452,2.5381,2.5441,1367585.4
2024-12-18 09:39:00+09:00,2.5442,2.5446,2.5396,2.5444,576569.8
2024-12-18 09:40:00+09:00,2.5443,2.5505,2.5436,2.5469,977485.7
2024-12-18 09:41:00+09:00,2.5470,2.5564,2.5466,2.5560,1380349.5
2024-12-18 09:42:00+09:00,2.5559,2.5564,2.5520,2.5525,1390243.3
2024-12-18 09:43:00+09:00,2.5525,2.5649,2.5524,2.5648,1563301.5
2024-12-18 09:44:00+09:00,2.5649,2.5687,2.5619,2.5664,1659212.5
2024-12-18 09:45:00+09:00,2.5663,2.5671,2.5628,2.5655,1113915.2
2024-12-18 09:46:00+09:00,2.5655,2.5718,2.5647,2.5718,2587191.5
2024-12-18 09:47:00+09:00,2.5718,2.5749,2.5688,2.5723,1696730.4
2024-12-18 09:48:00+09:00,2.5724,2.5751,2.5710,2.5721,1226786.3
2024-12-18 09:49:00+09:00,2.5721,2.5787,2.5711,2.5784,1379702.8
2024-12-18 09:50:00+09:00,2.5784,2.5825,2.5765,2.5801,1367761.5
2024-12-18 09:51:00+09:00,2.5802,2.5919,2.5773,2.5904,4502318.7
2024-12-18 09:52:00+09:00,2.5903,2.5903,2.5847,2.5860,3513824.0
2024-12-18 09:53:00+09:00,2.5861,2.5875,2.5830,2.5830,1029839.7
2024-12-18 09:54:00+09:00,2.5831,2.5847,2.5802,2.5807,1130016.4
2024-12-18 09:55:00+09:00,2.5807,2.5823,2.5761,2.5821,1320109.9
2024-12-18 09:56:00+09:00,2.5822,2.5840,2.5800,2.5837,1209822.2
2024-12-18 09:57:00+09:00,2.5838,2.5858,2.5816,2.5837,1663982.2
2024-12-18 09:58:00+09:00,2.5837,2.5844,2.5800,2.5825,721294.6
2024-12-18 09:59:00+09:00,2.5825,2.5828,2.5779,2.5797,1489569.3
2024-12-18 10:00:00+09:00,2.5797,2.5803,2.5743,2.5764,1473407.3
2024-12-18 10:01:00+09:00,2.5763,2.5798,2.5750,2.5794,657110.1
2024-12-18 10:02:00+09:00,2.5794,2.5836,2.5773,2.5821,1514108.9
2024-12-18 10:03:00+09:00,2.5820,2.5864,2.5800,2.5862,1527934.1
2024-12-18 10:04:00+09:00,2.5863,2.5898,2.5834,2.5850,1682016.5
2024-12-18 10:05:00+09:00,2.5850,2.5882,2.5776,2.5807,848809.8
2024-12-18 10:06:00+09:00,2.5807,2.5807,2.5737,2.5780,667891.7
2024-12-18 10:07:00+09:00,2.5780,2.5782,2.5725,2.5728,1040528.9
2024-12-18 10:08:00+09:00,2.5728,2.5793,2.5689,2.5779,2165977.6
2024-12-18 10:09:00+09:00,2.5780,2.5780,2.5738,2.5759,540801.8
2024-12-18 10:10:00+09:00,2.5759,2.5783,2.5726,2.5746,1007706.8
2024-12-18 10:11:00+09:00,2.5746,2.5801,2.5740,2.5782,471842.4
2024-12-18 10:12:00+09:00,2.5782,2.5793,2.5737,2.5757,349312.5
2024-12-18 10:13:00+09:00,2.5757,2.5757,2.5729,2.5743,281631.3
2024-12-18 10:14:00+09:00,2.5744,2.5779,2.5739,2.5764,370914.1
2024-12-18 10:15:00+09:00,2.5763,2.5791,2.5728,2.5789,624222.7
2024-12-18 10:16:00+09:00,2.5788,2.5817,2.5786,2.5813,712241.4
2024-12-18 10:17:00+09:00,2.5812,2.5846,2.5806,2.5830,831423.9
2024-12-18 10:18:00+09:00,2.5832,2.5847,2.5784,2.5808,784358.6
2024-12-18 10:19:00+09:00,2.5809,2.5828,2.5784,2.5800,358968.8
2024-12-18 10:20:00+09:00,2.5800,2.5812,2.5786,2.5789,453825.4
2024-12-18 10:21:00+09:00,2.5787,2.5787,2.5745,2.5746,841735.0
2024-12-18 10:22:00+09:00,2.5745,2.5745,2.5700,2.5730,692771.5
2024-12-18 10:23:00+09:00,2.5731,2.5767,2.5703,2.5742,1217194.6
2024-12-18 10:24:00+09:00,2.5741,2.5759,2.5704,2.5736,1104123.1
2024-12-18 10:25:00+09:00,2.5737,2.5742,2.5717,2.5718,248499.3
2024-12-18 10:26:00+09:00,2.5718,2.5789,2.5714,2.5789,578226.3
2024-12-18 10:27:00+09:00,2.5789,2.5811,2.5779,2.5790,650287.6
2024-12-18 10:28:00+09:00,2.5789,2.5789,2.5738,2.5759,286387.9
2024-12-18 10:29:00+09:00,2.5758,2.5767,2.5708,2.5709,644615.0
2024-12-18 10:30:00+09:00,2.5708,2.5743,2.5684,2.5740,902150.6
2024-12-18 10:31:00+09:00,2.5739,2.5749,2.5707,2.5737,486497.1
2024-12-18 10:32:00+09:00,2.5738,2.5771,2.5737,2.5744,412596.5
2024-12-18 10:33:00+09:00,2.5744,2.5747,2.5710,2.5746,273925.9
2024-12-18 10:34:00+09:00,2.5747,2.5754,2.5713,2.5731,467825.9
2024-12-18 10:35:00+09:00,2.5731,2.5772,2.5722,2.5759,267872.5
2024-12-18 10:36:00+09:00,2.5758,2.5787,2.5755,2.5779,357077.5
2024-12-18 10:37:00+09:00,2.5779,2.5781,2.5730,2.5736,354091.7
2024-12-18 10:38:00+09:00,2.5736,2.5740,2.5681,2.5681,741057.4
2024-12-18 10:39:00+09:00,2.5682,2.5689,2.5604,2.5615,2629471.2
2024-12-18 10:40:00+09:00,2.5616,2.5639,2.5594,2.5629,1002030.9
2024-12-18 10:41:00+09:00,2.5629,2.5661,2.5615,2.5618,638284.2
2024-12-18 10:42:00+09:00,2.5618,2.5622,2.5557,2.5602,2553457.5
2024-12-18 10:43:00+09:00,2.5602,2.5621,2.5596,2.5600,955928.9
2024-12-18 10:44:00+09:00,2.5600,2.5644,2.5589,2.5637,479169.2
2024-12-18 10:45:00+09:00,2.5638,2.5680,2.5630,2.5667,595058.0
2024-12-18 10:46:00+09:00,2.5666,2.5704,2.5658,2.5693,597731.9
2024-12-18 10:47:00+09:00,2.5694,2.5738,2.5681,2.5694,943589.0
2024-12-18 10:48:00+09:00,2.5695,2.5700,2.5670,2.5674,373239.7
2024-12-18 10:49:00+09:00,2.5674,2.5700,2.5639,2.5645,677057.3
2024-12-18 10:50:00+09:00,2.5645,2.5669,2.5603,2.5617,914449.1
2024-12-18 10:51:00+09:00,2.5616,2.5640,2.5531,2.5567,2000583.3
2024-12-18 10:52:00+09:00,2.5566,2.5578,2.5398,2.5442,9694608.1
2024-12-18 10:53:00+09:00,2.5443,2.5480,2.5392,2.5455,2567783.1
2024-12-18 10:54:00+09:00,2.5455,2.5474,2.5377,2.5397,2563098.8
2024-12-18 10:55:00+09:00,2.5398,2.5406,2.5354,2.5391,2479326.4
2024-12-18 10:56:00+09:00,2.5391,2.5443,2.5376,2.5379,1610133.3
2024-12-18 10:57:00+09:00,2.5379,2.5384,2.5277,2.5319,3342427.6
2024-12-18 10:58:00+09:00,2.5319,2.5352,2.5303,2.5318,1516972.2
2024-12-18 10:59:00+09:00,2.5317,2.5418,2.5290,2.5370,1974017.3
2024-12-18 11:00:00+09:00,2.5371,2.5410,2.5308,2.5321,2050338.4
2024-12-18 11:01:00+09:00,2.5320,2.5356,2.5298,2.5325,1238603.9
2024-12-18 11:02:00+09:00,2.5325,2.5371,2.5276,2.5348,2628359.8
2024-12-18 11:03:00+09:00,2.5348,2.5468,2.5348,2.5460,1932409.7
2024-12-18 11:04:00+09:00,2.5459,2.5496,2.5443,2.5452,1414669.5
2024-12-18 11:05:00+09:00,2.5451,2.5496,2.5418,2.5482,1061579.6
2024-12-18 11:06:00+09:00,2.5483,2.5519,2.5474,2.5508,2022418.8
2024-12-18 11:07:00+09:00,2.5508,2.5518,2.5465,2.5478,825272.5
2024-12-18 11:08:00+09:00,2.5478,2.5650,2.5478,2.5575,4000205.8
2024-12-18 11:09:00+09:00,2.5575,2.5588,2.5560,2.5574,1248859.2
2024-12-18 11:10:00+09:00,2.5574,2.5584,2.5530,2.5580,864938.5
2024-12-18 11:11:00+09:00,2.5581,2.5633,2.5571,2.5588,818040.9
2024-12-18 11:12:00+09:00,2.5588,2.5610,2.5578,2.5586,755678.8
2024-12-18 11:13:00+09:00,2.5587,2.5591,2.5562,2.5580,573273.1
2024-12-18 11:14:00+09:00,2.5579,2.5585,2.5544,2.5552,532113.2
2024-12-18 11:15:00+09:00,2.5552,2.5568,2.5527,2.5567,693718.2
2024-12-18 11:16:00+09:00,2.5567,2.5619,2.5549,2.5611,974448.8
2024-12-18 11:17:00+09:00,2.5610,2.5634,2.5593,2.5628,930977.6
2024-12-18 11:18:00+09:00,2.5628,2.5657,2.5615,2.5657,779666.3
2024-12-18 11:19:00+09:00,2.5658,2.5810,2.5640,2.5785,4211079.7
2024-12-18 11:20:00+09:00,2.5785,2.5800,2.5691,2.5732,3043509.0
2024-12-18 11:21:00+09:00,2.5733,2.5790,2.5732,2.5750,1715912.3
2024-12-18 11:22:00+09:00,2.5751,2.5786,2.5743,2.5764,1602266.3
2024-12-18 11:23:00+09:00,2.5764,2.5800,2.5742,2.5742,1273567.6
2024-12-18 11:24:00+09:00,2.5742,2.5753,2.5685,2.5714,1891532.7
2024-12-18 11:25:00+09:00,2.5714,2.5741,2.5702,2.5735,718505.7
2024-12-18 11:26:00+09:00,2.5735,2.5800,2.5698,2.5788,1028191.4
2024-12-18 11:27:00+09:00,2.5788,2.5800,2.5737,2.5746,550386.5
2024-12-18 11:28:00+09:00,2.5747,2.5765,2.5726,2.5749,376890.4
2024-12-18 11:29:00+09:00,2.5748,2.5762,2.5713,2.5748,552864.3
2024-12-18 11:30:00+09:00,2.5748,2.5753,2.5711,2.5732,742709.1
2024-12-18 11:31:00+09:00,2.5732,2.5794,2.5727,2.5758,839970.4
2024-12-18 11:32:00+09:00,2.5758,2.5765,2.5745,2.5750,374168.9
2024-12-18 11:33:00+09:00,2.5750,2.5750,2.5690,2.5707,610073.5
2024-12-18 11:34:00+09:00,2.5706,2.5725,2.5695,2.5718,626981.8
2024-12-18 11:35:00+09:00,2.5718,2.5724,2.5666,2.5671,651225.3
2024-12-18 11:36:00+09:00,2.5670,2.5681,2.5656,2.5664,1018583.3
2024-12-18 11:37:00+09:00,2.5663,2.5663,2.5580,2.5625,3405242.8
2024-12-18 11:38:00+09:00,2.5625,2.5637,2.5610,2.5635,540275.5
2024-12-18 11:39:00+09:00,2.5635,2.5636,2.5598,2.5607,383985.5
2024-12-18 11:40:00+09:00,2.5606,2.5630,2.5594,2.5600,541707.7
2024-12-18 11:41:00+09:00,2.5599,2.5606,2.5564,2.5604,935372.4
2024-12-18 11:42:00+09:00,2.5604,2.5616,2.5574,2.5589,427628.8
2024-12-18 11:43:00+09:00,2.5589,2.5605,2.5584,2.5600,363102.2
2024-12-18 11:44:00+09:00,2.5600,2.5618,2.5596,2.5607,506062.0
2024-12-18 11:45:00+09:00,2.5606,2.5656,2.5600,2.5655,484002.2
2024-12-18 11:46:00+09:00,2.5654,2.5655,2.5617,2.5618,473565.8
2024-12-18 11:47:00+09:00,2.5618,2.5618,2.5517,2.5548,968828.4
2024-12-18 11:48:00+09:00,2.5548,2.5573,2.5521,2.5567,472882.0
2024-12-18 11:49:00+09:00,2.5567,2.5568,2.5547,2.5555,225008.2
2024-12-18 11:50:00+09:00,2.5554,2.5555,2.5535,2.5550,360619.7
2024-12-18 11:51:00+09:00,2.5551,2.5569,2.5535,2.5552,786923.8
2024-12-18 11:52:00+09:00,2.5553,2.5596,2.5553,2.5594,287319.1
2024-12-18 11:53:00+09:00,2.5593,2.5607,2.5585,2.5605,312800.6
2024-12-18 11:54:00+09:00,2.5605,2.5634,2.5596,2.5609,395689.4
2024-12-18 11:55:00+09:00,2.5609,2.5652,2.5609,2.5642,624048.3
2024-12-18 11:56:00+09:00,2.5641,2.5647,2.5607,2.5607,356084.5
2024-12-18 11:57:00+09:00,2.5606,2.5633,2.5604,2.5619,334737.5
2024-12-18 11:58:00+09:00,2.5619,2.5643,2.5619,2.5629,257594.7
2024-12-18 11:59:00+09:00,2.5629,2.5630,2.5619,2.5621,217592.5
2024-12-18 12:00:00+09:00,2.5620,2.5621,2.5551,2.5551,591652.4
2024-12-18 12:01:00+09:00,2.5551,2.5604,2.5550,2.5598,462448.8
2024-12-18 12:02:00+09:00,2.5598,2.5665,2.5588,2.5659,503286.6
2024-12-18 12:03:00+09:00,2.5659,2.5683,2.5650,2.5683,782320.2
2024-12-18 12:04:00+09:00,2.5683,2.5683,2.5650,2.5680,423660.3
2024-12-18 12:05:00+09:00,2.5681,2.5706,2.5669,2.5674,531300.2
2024-12-18 12:06:00+09:00,2.5674,2.5682,2.5650,2.5650,341167.6
2024-12-18 12:07:00+09:00,2.5650,2.5663,2.5636,2.5650,257800.2
2024-12-18 12:08:00+09:00,2.5648,2.5648,2.5576,2.5600,1234739.2
2024-12-18 12:09:00+09:00,2.5600,2.5608,2.5503,2.5508,1206176.3
2024-12-18 12:10:00+09:00,2.5508,2.5513,2.5450,2.5508,1617458.7
2024-12-18 12:11:00+09:00,2.5507,2.5545,2.5486,2.5533,634710.0
2024-12-18 12:12:00+09:00,2.5533,2.5546,2.5500,2.5515,404243.4
2024-12-18 12:13:00+09:00,2.5514,2.5515,2.5454,2.5471,615017.5
2024-12-18 12:14:00+09:00,2.5471,2.5503,2.5463,2.5481,388081.7
2024-12-18 12:15:00+09:00,2.5480,2.5498,2.5462,2.5471,883473.0
2024-12-18 12:16:00+09:00,2.5471,2.5490,2.5430,2.5443,1518052.2
2024-12-18 12:17:00+09:00,2.5443,2.5470,2.5433,2.5437,501927.7
2024-12-18 12:18:00+09:00,2.5438,2.5475,2.5431,2.5470,517315.7
2024-12-18 12:19:00+09:00,2.5469,2.5532,2.5462,2.5517,772338.1
2024-12-18 12:20:00+09:00,2.5517,2.5525,2.5492,2.5498,410411.8
2024-12-18 12:21:00+09:00,2.5497,2.5537,2.5494,2.5534,350650.0
2024-12-18 12:22:00+09:00,2.5534,2.5562,2.5521,2.5559,582958.5
2024-12-18 12:23:00+09:00,2.5558,2.5562,2.5532,2.5537,308129.9
2024-12-18 12:24:00+09:00,2.5537,2.5561,2.5524,2.5547,335254.1
2024-12-18 12:25:00+09:00,2.5547,2.5565,2.5481,2.5486,427791.8
2024-12-18 12:26:00+09:00,2.5486,2.5487,2.5454,2.5458,440197.2
2024-12-18 12:27:00+09:00,2.5457,2.5479,2.5447,2.5457,491342.8
2024-12-18 12:28:00+09:00,2.5458,2.5495,2.5458,2.5495,180817.3
2024-12-18 12:29:00+09:00,2.5494,2.5502,2.5458,2.5464,282134.1
2024-12-18 12:30:00+09:00,2.5463,2.5463,2.5402,2.5411,835539.2
2024-12-18 12:31:00+09:00,2.5411,2.5430,2.5385,2.5412,895113.2
2024-12-18 12:32:00+09:00,2.5412,2.5416,2.5373,2.5379,738433.2
2024-12-18 12:33:00+09:00,2.5380,2.5410,2.5370,2.5410,1152721.4
2024-12-18 12:34:00+09:00,2.5410,2.5410,2.5373,2.5386,498693.2
2024-12-18 12:35:00+09:00,2.5386,2.5450,2.5373,2.5450,449163.6
2024-12-18 12:36:00+09:00,2.5450,2.5491,2.5444,2.5478,533895.2
2024-12-18 12:37:00+09:00,2.5477,2.5485,2.5447,2.5463,569751.9
2024-12-18 12:38:00+09:00,2.5464,2.5466,2.5441,2.5442,348876.0
2024-12-18 12:39:00+09:00,2.5442,2.5459,2.5404,2.5406,528457.8
2024-12-18 12:40:00+09:00,2.5407,2.5412,2.5356,2.5364,795319.5
2024-12-18 12:41:00+09:00,2.5363,2.5392,2.5346,2.5386,884007.6
2024-12-18 12:42:00+09:00,2.5386,2.5423,2.5362,2.5366,710875.9
2024-12-18 12:43:00+09:00,2.5367,2.5393,2.5341,2.5351,892151.6
2024-12-18 12:44:00+09:00,2.5351,2.5363,2.5309,2.5321,1807454.2
2024-12-18 12:45:00+09:00,2.5321,2.5332,2.5264,2.5288,3119224.6
2024-12-18 12:46:00+09:00,2.5288,2.5319,2.5286,2.5300,1138756.4
2024-12-18 12:47:00+09:00,2.5301,2.5338,2.5301,2.5322,559487.3
2024-12-18 12:48:00+09:00,2.5322,2.5325,2.5293,2.5316,560810.0
2024-12-18 12:49:00+09:00,2.5317,2.5323,2.5291,2.5302,422213.3
2024-12-18 12:50:00+09:00,2.5302,2.5347,2.5294,2.5342,525724.2
2024-12-18 12:51:00+09:00,2.5341,2.5342,2.5286,2.5297,639992.6
2024-12-18 12:52:00+09:00,2.5298,2.5302,2.5232,2.5253,3217559.4
2024-12-18 12:53:00+09:00,2.5253,2.5317,2.5253,2.5313,1631737.6
2024-12-18 12:54:00+09:00,2.5312,2.5326,2.5289,2.5304,859740.3
2024-12-18 12:55:00+09:00,2.5304,2.5336,2.5301,2.5303,372565.0
2024-12-18 12:56:00+09:00,2.5302,2.5303,2.5252,2.5285,954790.5
2024-12-18 12:57:00+09:00,2.5286,2.5287,2.5212,2.5262,1855624.1
2024-12-18 12:58:00+09:00,2.5262,2.5272,2.5230,2.5261,1112572.4
2024-12-18 12:59:00+09:00,2.5261,2.5261,2.5218,2.5231,693694.9
2024-12-18 13:00:00+09:00,2.5230,2.5247,2.5167,2.5176,4171707.1
2024-12-18 13:01:00+09:00,2.5177,2.5181,2.5056,2.5082,9939637.8
2024-12-18 13:02:00+09:00,2.5081,2.5123,2.5051,2.5083,3266564.9
2024-12-18 13:03:00+09:00,2.5082,2.5096,2.5000,2.5003,3603728.1
2024-12-18 13:04:00+09:00,2.5001,2.5073,2.4990,2.5027,3893742.1
2024-12-18 13:05:00+09:00,2.5028,2.5060,2.5003,2.5014,1824394.0
2024-12-18 13:06:00+09:00,2.5014,2.5067,2.4995,2.5012,1650904.5
2024-12-18 13:07:00+09:00,2.5012,2.5071,2.5009,2.5052,1299344.8
2024-12-18 13:08:00+09:00,2.5052,2.5076,2.5034,2.5041,1081416.7
2024-12-18 13:09:00+09:00,2.5041,2.5083,2.5031,2.5057,909295.2
2024-12-18 13:10:00+09:00,2.5058,2.5107,2.5038,2.5088,926937.1
2024-12-18 13:11:00+09:00,2.5089,2.5116,2.5056,2.5092,933888.5
2024-12-18 13:12:00+09:00,2.5092,2.5111,2.5073,2.5083,552617.9
2024-12-18 13:13:00+09:00,2.5084,2.5117,2.5083,2.5099,468736.7
2024-12-18 13:14:00+09:00,2.5098,2.5098,2.5016,2.5022,1632253.4
2024-12-18 13:15:00+09:00,2.5022,2.5117,2.5015,2.5117,1331787.5
2024-12-18 13:16:00+09:00,2.5116,2.5127,2.5093,2.5106,948574.9
2024-12-18 13:17:00+09:00,2.5107,2.5118,2.5052,2.5062,805161.2
2024-12-18 13:18:00+09:00,2.5062,2.5070,2.5005,2.5068,1780199.2
2024-12-18 13:19:00+09:00,2.5068,2.5156,2.5057,2.5060,2842419.4
2024-12-18 13:20:00+09:00,2.5060,2.5090,2.5044,2.5051,1507889.5
2024-12-18 13:21:00+09:00,2.5052,2.5080,2.5005,2.5013,890147.2
2024-12-18 13:22:00+09:00,2.5013,2.5018,2.4865,2.4897,10348538.1
2024-12-18 13:23:00+09:00,2.4897,2.4975,2.4889,2.4910,1932793.1
2024-12-18 13:24:00+09:00,2.4909,2.4919,2.4821,2.4909,3791651.1
2024-12-18 13:25:00+09:00,2.4909,2.4918,2.4821,2.4826,2988259.3
2024-12-18 13:26:00+09:00,2.4826,2.4832,2.4728,2.4813,7256267.5
2024-12-18 13:27:00+09:00,2.4813,2.4820,2.4749,2.4765,1916410.4
2024-12-18 13:28:00+09:00,2.4766,2.4857,2.4736,2.4835,3101906.9
2024-12-18 13:29:00+09:00,2.4835,2.4916,2.4834,2.4881,2331573.1
2024-12-18 13:30:00+09:00,2.4881,2.4910,2.4864,2.4889,2122466.0
2024-12-18 13:31:00+09:00,2.4888,2.4909,2.4772,2.4776,1955871.7
2024-12-18 13:32:00+09:00,2.4775,2.4857,2.4772,2.4809,2300113.7
2024-12-18 13:33:00+09:00,2.4808,2.4844,2.4783,2.4811,1681114.4
2024-12-18 13:34:00+09:00,2.4811,2.4930,2.4809,2.4872,2307389.3
2024-12-18 13:35:00+09:00,2.4871,2.4892,2.4841,2.4872,1158015.2
2024-12-18 13:36:00+09:00,2.4872,2.4904,2.4843,2.4843,1267966.0
2024-12-18 13:37:00+09:00,2.4842,2.4874,2.4825,2.4845,1086784.9
2024-12-18 13:38:00+09:00,2.4845,2.4849,2.4797,2.4825,2156175.2
2024-12-18 13:39:00+09:00,2.4826,2.4842,2.4674,2.4688,3861714.4
2024-12-18 13:40:00+09:00,2.4685,2.4742,2.4684,2.4706,2581217.0
2024-12-18 13:41:00+09:00,2.4706,2.4771,2.4689,2.4767,1753555.9
2024-12-18 13:42:00+09:00,2.4768,2.4881,2.4752,2.4870,1889271.5
2024-12-18 13:43:00+09:00,2.4871,2.4913,2.4823,2.4892,1833717.0
2024-12-18 13:44:00+09:00,2.4891,2.4953,2.4865,2.4952,2297131.2
2024-12-18 13:45:00+09:00,2.4953,2.4967,2.4915,2.4943,2564407.9
2024-12-18 13:46:00+09:00,2.4943,2.4943,2.4769,2.4792,1863116.9
2024-12-18 13:47:00+09:00,2.4792,2.4860,2.4788,2.4840,1514277.8
2024-12-18 13:48:00+09:00,2.4839,2.4861,2.4800,2.4839,868610.5
2024-12-18 13:49:00+09:00,2.4839,2.4944,2.4833,2.4913,2250318.4
2024-12-18 13:50:00+09:00,2.4912,2.4938,2.4890,2.4895,1176443.4
2024-12-18 13:51:00+09:00,2.4896,2.4909,2.4835,2.4844,1003319.2
2024-12-18 13:52:00+09:00,2.4843,2.4905,2.4832,2.4885,1441674.3
2024-12-18 13:53:00+09:00,2.4885,2.4962,2.4878,2.4950,928831.8
2024-12-18 13:54:00+09:00,2.4950,2.4989,2.4936,2.4978,1563850.8
2024-12-18 13:55:00+09:00,2.4978,2.5018,2.4943,2.5015,1944661.1
2024-12-18 13:56:00+09:00,2.5015,2.5048,2.5000,2.5021,1833468.6
2024-12-18 13:57:00+09:00,2.5020,2.5050,2.5003,2.5028,1571634.2
2024-12-18 13:58:00+09:00,2.5029,2.5029,2.4993,2.5004,1107021.8
2024-12-18 13:59:00+09:00,2.5003,2.5025,2.4997,2.5019,557918.7
2024-12-18 14:00:00+09:00,2.5019,2.5033,2.4988,2.5028,1300418.9
2024-12-18 14:01:00+09:00,2.5029,2.5032,2.4982,2.5029,1269532.3
2024-12-18 14:02:00+09:00,2.5030,2.5040,2.4996,2.5013,913199.7
2024-12-18 14:03:00+09:00,2.5012,2.5017,2.4951,2.4956,914725.2
2024-12-18 14:04:00+09:00,2.4957,2.5000,2.4956,2.4996,506116.9
2024-12-18 14:05:00+09:00,2.4997,2.4998,2.4917,2.4934,872173.6
2024-12-18 14:06:00+09:00,2.4935,2.5034,2.4931,2.4992,861290.4
2024-12-18 14:07:00+09:00,2.4993,2.5009,2.4958,2.4993,1480859.9
2024-12-18 14:08:00+09:00,2.4994,2.4995,2.4913,2.4928,1025004.5
2024-12-18 14:09:00+09:00,2.4928,2.4952,2.4922,2.4930,689036.2
2024-12-18 14:10:00+09:00,2.4929,2.4949,2.4904,2.4944,808643.5
2024-12-18 14:11:00+09:00,2.4944,2.4978,2.4906,2.4977,687184.7
2024-12-18 14:12:00+09:00,2.4976,2.5013,2.4946,2.4990,1368219.9
2024-12-18 14:13:00+09:00,2.4991,2.5025,2.4980,2.5021,774390.9
2024-12-18 14:14:00+09:00,2.5021,2.5031,2.5008,2.5019,829670.2
2024-12-18 14:15:00+09:00,2.5018,2.5040,2.4984,2.5039,846770.7
2024-12-18 14:16:00+09:00,2.5039,2.5084,2.5039,2.5061,1231967.6
2024-12-18 14:17:00+09:00,2.5064,2.5071,2.5050,2.5062,696013.7
2024-12-18 14:18:00+09:00,2.5062,2.5069,2.5045,2.5064,777573.6
2024-12-18 14:19:00+09:00,2.5064,2.5068,2.5008,2.5015,844852.7
2024-12-18 14:20:00+09:00,2.5014,2.5029,2.4981,2.5028,925332.4
2024-12-18 14:21:00+09:00,2.5028,2.5068,2.5007,2.5058,648702.1
2024-12-18 14:22:00+09:00,2.5058,2.5164,2.5054,2.5164,3138883.9
2024-12-18 14:23:00+09:00,2.5164,2.5192,2.5126,2.5131,3122298.7
2024-12-18 14:24:00+09:00,2.5131,2.5135,2.5098,2.5101,1466375.5
2024-12-18 14:25:00+09:00,2.5101,2.5137,2.5100,2.5129,860942.6
2024-12-18 14:26:00+09:00,2.5128,2.5128,2.5088,2.5091,1209682.2
2024-12-18 14:27:00+09:00,2.5091,2.5092,2.5054,2.5085,651830.2
2024-12-18 14:28:00+09:00,2.5085,2.5110,2.5083,2.5106,630600.3
2024-12-18 14:29:00+09:00,2.5106,2.5116,2.5092,2.5110,667395.9
2024-12-18 14:30:00+09:00,2.5109,2.5125,2.5096,2.5114,1405658.7
2024-12-18 14:31:00+09:00,2.5115,2.5115,2.5055,2.5056,716792.4
2024-12-18 14:32:00+09:00,2.5056,2.5087,2.5051,2.5077,711866.4
2024-12-18 14:33:00+09:00,2.5078,2.5177,2.5066,2.5161,1213968.2
2024-12-18 14:34:00+09:00,2.5161,2.5215,2.5146,2.5174,2451866.1
2024-12-18 14:35:00+09:00,2.5174,2.5189,2.5146,2.5147,1150803.1
2024-12-18 14:36:00+09:00,2.5147,2.5161,2.5128,2.5131,689067.0
2024-12-18 14:37:00+09:00,2.5131,2.5162,2.5131,2.5162,816734.6
2024-12-18 14:38:00+09:00,2.5162,2.5194,2.5162,2.5186,1040317.0
2024-12-18 14:39:00+09:00,2.5187,2.5192,2.5168,2.5181,784871.3
2024-12-18 14:40:00+09:00,2.5181,2.5186,2.5155,2.5179,690754.3
2024-12-18 14:41:00+09:00,2.5179,2.5197,2.5160,2.5168,733112.0
2024-12-18 14:42:00+09:00,2.5167,2.5182,2.5070,2.5083,3072564.7
2024-12-18 14:43:00+09:00,2.5083,2.5105,2.5067,2.5081,1622828.1
2024-12-18 14:44:00+09:00,2.5081,2.5105,2.5067,2.5097,852290.5
2024-12-18 14:45:00+09:00,2.5096,2.5110,2.5049,2.5106,1848520.4
2024-12-18 14:46:00+09:00,2.5107,2.5133,2.5101,2.5123,355593.9
2024-12-18 14:47:00+09:00,2.5123,2.5135,2.5098,2.5131,908703.3
2024-12-18 14:48:00+09:00,2.5132,2.5148,2.5058,2.5086,943956.5
2024-12-18 14:49:00+09:00,2.5086,2.5087,2.5004,2.5012,1403275.9
2024-12-18 14:50:00+09:00,2.5012,2.5044,2.5012,2.5016,1053245.9
2024-12-18 14:51:00+09:00,2.5016,2.5028,2.4973,2.5018,1213328.7
2024-12-18 14:52:00+09:00,2.5019,2.5019,2.4968,2.4996,1000165.4
2024-12-18 14:53:00+09:00,2.4996,2.4996,2.4944,2.4984,1182345.8
2024-12-18 14:54:00+09:00,2.4985,2.5015,2.4984,2.4990,726022.1
2024-12-18 14:55:00+09:00,2.4990,2.4996,2.4924,2.4957,1053560.1
2024-12-18 14:56:00+09:00,2.4958,2.5011,2.4954,2.5010,568685.8
2024-12-18 14:57:00+09:00,2.5010,2.5036,2.5002,2.5008,789784.3
2024-12-18 14:58:00+09:00,2.5008,2.5009,2.4970,2.4992,528900.2
2024-12-18 14:59:00+09:00,2.4993,2.5014,2.4979,2.5009,1042309.9
2024-12-18 15:00:00+09:00,2.5010,2.5025,2.4980,2.4982,447752.0
2024-12-18 15:01:00+09:00,2.4983,2.4997,2.4965,2.4968,679328.8
2024-12-18 15:02:00+09:00,2.4969,2.4974,2.4930,2.4954,720368.4
2024-12-18 15:03:00+09:00,2.4954,2.4962,2.4918,2.4962,1211079.9
2024-12-18 15:04:00+09:00,2.4961,2.5009,2.4957,2.5004,1232559.9
2024-12-18 15:05:00+09:00,2.5003,2.5026,2.4972,2.5022,779795.9
2024-12-18 15:06:00+09:00,2.5023,2.5045,2.5008,2.5017,809684.4
2024-12-18 15:07:00+09:00,2.5017,2.5020,2.4980,2.5003,406391.5
2024-12-18 15:08:00+09:00,2.5004,2.5025,2.4975,2.5022,727526.4
2024-12-18 15:09:00+09:00,2.5022,2.5022,2.4997,2.4997,391116.2
2024-12-18 15:10:00+09:00,2.4996,2.4999,2.4965,2.4976,508206.2
2024-12-18 15:11:00+09:00,2.4977,2.5024,2.4969,2.5024,562035.9
2024-12-18 15:12:00+09:00,2.5024,2.5045,2.5010,2.5045,367907.2
2024-12-18 15:13:00+09:00,2.5045,2.5062,2.5041,2.5045,557655.9
2024-12-18 15:14:00+09:00,2.5045,2.5058,2.5016,2.5055,597635.9
2024-12-18 15:15:00+09:00,2.5055,2.5093,2.5040,2.5086,764948.5
2024-12-18 15:16:00+09:00,2.5085,2.5099,2.5060,2.5066,530848.9
2024-12-18 15:17:00+09:00,2.5065,2.5120,2.5060,2.5118,594230.9
2024-12-18 15:18:00+09:00,2.5118,2.5135,2.5092,2.5094,704416.1
2024-12-18 15:19:00+09:00,2.5093,2.5093,2.5050,2.5064,511991.9
2024-12-18 15:20:00+09:00,2.5064,2.5088,2.5039,2.5085,454748.2
2024-12-18 15:21:00+09:00,2.5085,2.5097,2.5061,2.5077,420293.4
2024-12-18 15:22:00+09:00,2.5076,2.5135,2.5072,2.5134,541179.3
2024-12-18 15:23:00+09:00,2.5135,2.5174,2.5132,2.5157,774919.9
2024-12-18 15:24:00+09:00,2.5156,2.5183,2.5152,2.5158,773503.6
2024-12-18 15:25:00+09:00,2.5157,2.5211,2.5149,2.5201,1004687.0
2024-12-18 15:26:00+09:00,2.5201,2.5222,2.5195,2.5211,1054495.8
2024-12-18 15:27:00+09:00,2.5211,2.5214,2.5164,2.5164,577162.8
2024-12-18 15:28:00+09:00,2.5164,2.5168,2.5139,2.5160,1080975.0
2024-12-18 15:29:00+09:00,2.5160,2.5189,2.5157,2.5159,442696.9
2024-12-18 15:30:00+09:00,2.5158,2.5159,2.5105,2.5105,858268.6
2024-12-18 15:31:00+09:00,2.5105,2.5113,2.5078,2.5078,699257.2
2024-12-18 15:32:00+09:00,2.5079,2.5095,2.5063,2.5069,725782.7
2024-12-18 15:33:00+09:00,2.5070,2.5079,2.5044,2.5052,547460.6
2024-12-18 15:34:00+09:00,2.5052,2.5078,2.5045,2.5072,554345.6
2024-12-18 15:35:00+09:00,2.5072,2.5073,2.5022,2.5029,855429.5
2024-12-18 15:36:00+09:00,2.5030,2.5073,2.5015,2.5018,996043.1
2024-12-18 15:37:00+09:00,2.5017,2.5032,2.5001,2.5010,777496.6
2024-12-18 15:38:00+09:00,2.5011,2.5029,2.4967,2.4972,1600040.4
2024-12-18 15:39:00+09:00,2.4971,2.5053,2.4971,2.5042,850183.9
2024-12-18 15:40:00+09:00,2.5042,2.5042,2.5000,2.5020,622571.2
2024-12-18 15:41:00+09:00,2.5020,2.5052,2.5012,2.5015,685050.2
2024-12-18 15:42:00+09:00,2.5014,2.5031,2.4954,2.4963,807656.1
2024-12-18 15:43:00+09:00,2.4963,2.4986,2.4891,2.4899,4777994.7
2024-12-18 15:44:00+09:00,2.4899,2.4938,2.4859,2.4859,2056469.6
2024-12-18 15:45:00+09:00,2.4859,2.4884,2.4782,2.4787,2550324.2
2024-12-18 15:46:00+09:00,2.4787,2.4817,2.4745,2.4784,2994449.4
2024-12-18 15:47:00+09:00,2.4783,2.4871,2.4766,2.4845,1736027.1
2024-12-18 15:48:00+09:00,2.4845,2.4897,2.4830,2.4892,1524129.3
2024-12-18 15:49:00+09:00,2.4892,2.4921,2.4875,2.4911,1291022.6
2024-12-18 15:50:00+09:00,2.4912,2.4973,2.4908,2.4959,1585182.9
2024-12-18 15:51:00+09:00,2.4959,2.5005,2.4959,2.4992,1202658.5
2024-12-18 15:52:00+09:00,2.4993,2.5068,2.4986,2.5063,1283273.4
2024-12-18 15:53:00+09:00,2.5062,2.5081,2.5038,2.5039,1681511.4
2024-12-18 15:54:00+09:00,2.5039,2.5093,2.5039,2.5089,557770.8
2024-12-18 15:55:00+09:00,2.5089,2.5144,2.5077,2.5125,1897357.1
2024-12-18 15:56:00+09:00,2.5125,2.5130,2.5074,2.5088,1257667.8
2024-12-18 15:57:00+09:00,2.5088,2.5112,2.5070,2.5086,734992.5
2024-12-18 15:58:00+09:00,2.5086,2.5134,2.5086,2.5123,1472041.6
2024-12-18 15:59:00+09:00,2.5122,2.5133,2.5100,2.5120,808994.9
2024-12-18 16:00:00+09:00,2.5119,2.5150,2.5101,2.5150,756987.0
2024-12-18 16:01:00+09:00,2.5150,2.5156,2.5074,2.5090,858061.8
2024-12-18 16:02:00+09:00,2.5091,2.5159,2.5071,2.5159,705802.5
2024-12-18 16:03:00+09:00,2.5159,2.5200,2.5140,2.5198,1334366.5
2024-12-18 16:04:00+09:00,2.5197,2.5197,2.5125,2.5153,914838.8
2024-12-18 16:05:00+09:00,2.5154,2.5241,2.5140,2.5236,1542132.9
2024-12-18 16:06:00+09:00,2.5236,2.5294,2.5211,2.5285,2601164.0
2024-12-18 16:07:00+09:00,2.5285,2.5291,2.5248,2.5281,1600107.2
2024-12-18 16:08:00+09:00,2.5281,2.5332,2.5265,2.5322,1938661.2
2024-12-18 16:09:00+09:00,2.5321,2.5360,2.5318,2.5327,2347312.1
2024-12-18 16:10:00+09:00,2.5328,2.5335,2.5273,2.5288,2581689.2
2024-12-18 16:11:00+09:00,2.5289,2.5289,2.5247,2.5276,1377889.5
2024-12-18 16:12:00+09:00,2.5275,2.5342,2.5268,2.5295,1292539.5
2024-12-18 16:13:00+09:00,2.5295,2.5304,2.5254,2.5298,1375397.4
2024-12-18 16:14:00+09:00,2.5299,2.5311,2.5272,2.5298,892498.6
2024-12-18 16:15:00+09:00,2.5297,2.5301,2.5230,2.5255,1597675.5
2024-12-18 16:16:00+09:00,2.5256,2.5257,2.5193,2.5212,1527367.8
2024-12-18 16:17:00+09:00,2.5212,2.5246,2.5187,2.5241,778503.4
2024-12-18 16:18:00+09:00,2.5240,2.5245,2.5200,2.5220,1779284.1
2024-12-18 16:19:00+09:00,2.5220,2.5221,2.5159,2.5176,2765274.8
2024-12-18 16:20:00+09:00,2.5175,2.5238,2.5175,2.5234,703282.1
2024-12-18 16:21:00+09:00,2.5233,2.5237,2.5197,2.5210,1579653.0
2024-12-18 16:22:00+09:00,2.5210,2.5214,2.5188,2.5198,547984.4
2024-12-18 16:23:00+09:00,2.5199,2.5216,2.5171,2.5208,1469555.6
2024-12-18 16:24:00+09:00,2.5208,2.5218,2.5184,2.5190,275057.5
2024-12-18 16:25:00+09:00,2.5190,2.5190,2.5169,2.5178,492437.2
2024-12-18 16:26:00+09:00,2.5177,2.5208,2.5173,2.5193,450796.8
2024-12-18 16:27:00+09:00,2.5192,2.5207,2.5180,2.5206,350707.3
2024-12-18 16:28:00+09:00,2.5207,2.5226,2.5205,2.5220,660916.9
2024-12-18 16:29:00+09:00,2.5220,2.5220,2.5189,2.5191,279458.1
2024-12-18 16:30:00+09:00,2.5192,2.5213,2.5181,2.5183,418228.8
2024-12-18 16:31:00+09:00,2.5183,2.5183,2.5161,2.5179,640774.1
2024-12-18 16:32:00+09:00,2.5180,2.5192,2.5156,2.5180,878323.3
2024-12-18 16:33:00+09:00,2.5179,2.5181,2.5140,2.5148,1052490.7
2024-12-18 16:34:00+09:00,2.5147,2.5151,2.5103,2.5109,859019.4
2024-12-18 16:35:00+09:00,2.5110,2.5134,2.5078,2.5121,1716410.6
2024-12-18 16:36:00+09:00,2.5121,2.5123,2.5075,2.5075,643705.3
2024-12-18 16:37:00+09:00,2.5076,2.5100,2.5041,2.5095,1732158.9
2024-12-18 16:38:00+09:00,2.5096,2.5127,2.5096,2.5108,1116227.6
2024-12-18 16:39:00+09:00,2.5108,2.5153,2.5100,2.5153,552720.4
2024-12-18 16:40:00+09:00,2.5153,2.5200,2.5148,2.5177,2145619.6
2024-12-18 16:41:00+09:00,2.5177,2.5184,2.5156,2.5170,522410.3
2024-12-18 16:42:00+09:00,2.5170,2.5183,2.5143,2.5150,492911.4
2024-12-18 16:43:00+09:00,2.5151,2.5156,2.5136,2.5141,356786.5
2024-12-18 16:44:00+09:00,2.5142,2.5154,2.5122,2.5151,496937.7
2024-12-18 16:45:00+09:00,2.5152,2.5167,2.5138,2.5144,506451.6
2024-12-18 16:46:00+09:00,2.5144,2.5145,2.5119,2.5128,487387.0
2024-12-18 16:47:00+09:00,2.5128,2.5226,2.5127,2.5218,3674742.6
2024-12-18 16:48:00+09:00,2.5218,2.5219,2.5163,2.5164,1316677.1
2024-12-18 16:49:00+09:00,2.5163,2.5174,2.5133,2.5135,393262.4
2024-12-18 16:50:00+09:00,2.5135,2.5155,2.5126,2.5146,380424.4
2024-12-18 16:51:00+09:00,2.5146,2.5147,2.5125,2.5134,252648.6
2024-12-18 16:52:00+09:00,2.5134,2.5137,2.5103,2.5108,749601.7
2024-12-18 16:53:00+09:00,2.5108,2.5119,2.5095,2.5097,432042.9
2024-12-18 16:54:00+09:00,2.5097,2.5097,2.5044,2.5061,833444.7
2024-12-18 16:55:00+09:00,2.5062,2.5097,2.5062,2.5087,842063.4
2024-12-18 16:56:00+09:00,2.5087,2.5104,2.5076,2.5091,386935.7
2024-12-18 16:57:00+09:00,2.5091,2.5101,2.5063,2.5067,544038.5
2024-12-18 16:58:00+09:00,2.5067,2.5096,2.5067,2.5078,502023.3
2024-12-18 16:59:00+09:00,2.5079,2.5098,2.5076,2.5079,283404.8
2024-12-18 17:00:00+09:00,2.5079,2.5106,2.5051,2.5100,701238.2
2024-12-18 17:01:00+09:00,2.5100,2.5104,2.5059,2.5067,381514.0
2024-12-18 17:02:00+09:00,2.5067,2.5070,2.5033,2.5041,871980.7
2024-12-18 17:03:00+09:00,2.5041,2.5052,2.5013,2.5017,1222628.9
2024-12-18 17:04:00+09:00,2.5016,2.5065,2.5016,2.5064,1227168.1
2024-12-18 17:05:00+09:00,2.5063,2.5110,2.5057,2.5086,1455931.0
2024-12-18 17:06:00+09:00,2.5085,2.5127,2.5077,2.5104,606722.4
2024-12-18 17:07:00+09:00,2.5102,2.5138,2.5099,2.5114,1314096.9
2024-12-18 17:08:00+09:00,2.5115,2.5122,2.5091,2.5102,433246.2
2024-12-18 17:09:00+09:00,2.5103,2.5108,2.5075,2.5100,578460.1
2024-12-18 17:10:00+09:00,2.5100,2.5126,2.5096,2.5105,744555.4
2024-12-18 17:11:00+09:00,2.5104,2.5124,2.5092,2.5114,435755.1
2024-12-18 17:12:00+09:00,2.5114,2.5137,2.5106,2.5115,457055.5
2024-12-18 17:13:00+09:00,2.5115,2.5137,2.5086,2.5137,491074.5
2024-12-18 17:14:00+09:00,2.5137,2.5189,2.5133,2.5174,1127753.7
2024-12-18 17:15:00+09:00,2.5174,2.5174,2.5073,2.5082,1291231.8
2024-12-18 17:16:00+09:00,2.5081,2.5115,2.5038,2.5103,1174579.6
2024-12-18 17:17:00+09:00,2.5103,2.5104,2.5059,2.5069,556350.6
2024-12-18 17:18:00+09:00,2.5070,2.5074,2.5007,2.5007,1976443.3
2024-12-18 17:19:00+09:00,2.5008,2.5042,2.5007,2.5020,415261.3
2024-12-18 17:20:00+09:00,2.5019,2.5020,2.4975,2.4990,1420169.5
2024-12-18 17:21:00+09:00,2.4990,2.5004,2.4958,2.4976,1185485.6
2024-12-18 17:22:00+09:00,2.4976,2.5027,2.4962,2.5023,731097.6
2024-12-18 17:23:00+09:00,2.5023,2.5061,2.5019,2.5061,709237.3
2024-12-18 17:24:00+09:00,2.5061,2.5065,2.5021,2.5028,766458.3
2024-12-18 17:25:00+09:00,2.5028,2.5028,2.4960,2.4993,1020033.1
2024-12-18 17:26:00+09:00,2.4993,2.4998,2.4968,2.4982,447665.9
2024-12-18 17:27:00+09:00,2.4982,2.5030,2.4974,2.5026,985204.9
2024-12-18 17:28:00+09:00,2.5026,2.5026,2.5007,2.5009,268571.1
2024-12-18 17:29:00+09:00,2.5010,2.5012,2.4974,2.4978,278630.3
2024-12-18 17:30:00+09:00,2.4979,2.4979,2.4929,2.4941,945007.5
2024-12-18 17:31:00+09:00,2.4942,2.4980,2.4942,2.4976,648729.2
2024-12-18 17:32:00+09:00,2.4976,2.4979,2.4912,2.4929,777065.0
2024-12-18 17:33:00+09:00,2.4929,2.5023,2.4924,2.5019,744093.1
2024-12-18 17:34:00+09:00,2.5019,2.5050,2.5015,2.5032,730767.0
2024-12-18 17:35:00+09:00,2.5033,2.5034,2.4983,2.5009,599328.5
2024-12-18 17:36:00+09:00,2.5010,2.5024,2.4998,2.5007,453593.8
2024-12-18 17:37:00+09:00,2.5008,2.5042,2.5008,2.5036,286680.7
2024-12-18 17:38:00+09:00,2.5035,2.5081,2.5034,2.5081,1276126.6
2024-12-18 17:39:00+09:00,2.5080,2.5080,2.5032,2.5051,764255.6
2024-12-18 17:40:00+09:00,2.5050,2.5051,2.5021,2.5021,274952.5
2024-12-18 17:41:00+09:00,2.5021,2.5041,2.5011,2.5012,615190.0
2024-12-18 17:42:00+09:00,2.5011,2.5014,2.4971,2.4975,702832.9
2024-12-18 17:43:00+09:00,2.4975,2.4978,2.4910,2.4928,1038580.8
2024-12-18 17:44:00+09:00,2.4927,2.4952,2.4924,2.4928,984953.1
2024-12-18 17:45:00+09:00,2.4927,2.4974,2.4922,2.4969,869452.0
2024-12-18 17:46:00+09:00,2.4970,2.5020,2.4958,2.5001,607906.2
2024-12-18 17:47:00+09:00,2.5000,2.5009,2.4982,2.4990,272314.4
2024-12-18 17:48:00+09:00,2.4991,2.5027,2.4983,2.5015,350161.6
2024-12-18 17:49:00+09:00,2.5016,2.5030,2.5008,2.5020,469259.8
2024-12-18 17:50:00+09:00,2.5020,2.5040,2.4993,2.5036,510051.1
2024-12-18 17:51:00+09:00,2.5035,2.5045,2.4989,2.4990,611756.3
2024-12-18 17:52:00+09:00,2.4990,2.5027,2.4978,2.5027,316605.3
2024-12-18 17:53:00+09:00,2.5026,2.5027,2.4985,2.4990,1072119.8
2024-12-18 17:54:00+09:00,2.4990,2.5003,2.4972,2.4998,542716.2
2024-12-18 17:55:00+09:00,2.4999,2.5017,2.4994,2.4995,395781.1
2024-12-18 17:56:00+09:00,2.4995,2.5029,2.4989,2.5026,366133.7
2024-12-18 17:57:00+09:00,2.5025,2.5040,2.5019,2.5030,309002.8
2024-12-18 17:58:00+09:00,2.5029,2.5034,2.5009,2.5027,895134.3
2024-12-18 17:59:00+09:00,2.5027,2.5045,2.5026,2.5037,404936.2
2024-12-18 18:00:00+09:00,2.5037,2.5090,2.5020,2.5087,897755.6
2024-12-18 18:01:00+09:00,2.5088,2.5097,2.5053,2.5056,761237.4
2024-12-18 18:02:00+09:00,2.5057,2.5100,2.5040,2.5099,654336.9
2024-12-18 18:03:00+09:00,2.5100,2.5135,2.5099,2.5115,1505159.1
2024-12-18 18:04:00+09:00,2.5114,2.5150,2.5095,2.5149,587108.1
2024-12-18 18:05:00+09:00,2.5148,2.5217,2.5139,2.5191,1885702.9
2024-12-18 18:06:00+09:00,2.5192,2.5260,2.5179,2.5247,2087402.0
2024-12-18 18:07:00+09:00,2.5247,2.5247,2.5211,2.5235,979922.1
2024-12-18 18:08:00+09:00,2.5236,2.5255,2.5182,2.5188,1140328.3
2024-12-18 18:09:00+09:00,2.5188,2.5205,2.5163,2.5179,1208100.9
2024-12-18 18:10:00+09:00,2.5180,2.5226,2.5180,2.5212,538319.8
2024-12-18 18:11:00+09:00,2.5212,2.5244,2.5206,2.5229,752890.0
2024-12-18 18:12:00+09:00,2.5229,2.5229,2.5194,2.5200,804642.9
2024-12-18 18:13:00+09:00,2.5200,2.5223,2.5197,2.5222,531195.4
2024-12-18 18:14:00+09:00,2.5222,2.5222,2.5201,2.5201,386018.6
2024-12-18 18:15:00+09:00,2.5202,2.5247,2.5202,2.5229,601980.3
2024-12-18 18:16:00+09:00,2.5230,2.5237,2.5181,2.5194,637982.2
2024-12-18 18:17:00+09:00,2.5194,2.5196,2.5170,2.5180,471220.0
2024-12-18 18:18:00+09:00,2.5180,2.5222,2.5175,2.5205,491429.8
2024-12-18 18:19:00+09:00,2.5204,2.5208,2.5186,2.5190,565542.1
2024-12-18 18:20:00+09:00,2.5190,2.5203,2.5162,2.5190,474187.8
2024-12-18 18:21:00+09:00,2.5190,2.5240,2.5179,2.5240,643417.2
2024-12-18 18:22:00+09:00,2.5239,2.5350,2.5239,2.5307,5825620.5
2024-12-18 18:23:00+09:00,2.5308,2.5325,2.5295,2.5307,1011740.6
2024-12-18 18:24:00+09:00,2.5306,2.5345,2.5291,2.5342,1808127.3
2024-12-18 18:25:00+09:00,2.5341,2.5356,2.5310,2.5348,1782965.8
2024-12-18 18:26:00+09:00,2.5347,2.5410,2.5324,2.5376,3448345.3
2024-12-18 18:27:00+09:00,2.5377,2.5380,2.5313,2.5321,1301974.3
2024-12-18 18:28:00+09:00,2.5322,2.5324,2.5286,2.5296,1060709.8
2024-12-18 18:29:00+09:00,2.5296,2.5314,2.5278,2.5309,943242.4
2024-12-18 18:30:00+09:00,2.5310,2.5337,2.5301,2.5332,748785.9
2024-12-18 18:31:00+09:00,2.5331,2.5354,2.5310,2.5347,594723.1
2024-12-18 18:32:00+09:00,2.5347,2.5375,2.5345,2.5358,1015133.4
2024-12-18 18:33:00+09:00,2.5359,2.5359,2.5312,2.5322,837803.3
2024-12-18 18:34:00+09:00,2.5322,2.5353,2.5312,2.5340,708879.7
2024-12-18 18:35:00+09:00,2.5340,2.5341,2.5313,2.5336,922711.3
2024-12-18 18:36:00+09:00,2.5336,2.5344,2.5291,2.5299,1636654.0
2024-12-18 18:37:00+09:00,2.5298,2.5323,2.5285,2.5320,569009.5
2024-12-18 18:38:00+09:00,2.5320,2.5320,2.5278,2.5279,784011.4
2024-12-18 18:39:00+09:00,2.5279,2.5322,2.5276,2.5305,1392745.0
2024-12-18 18:40:00+09:00,2.5305,2.5316,2.5290,2.5313,712465.2
2024-12-18 18:41:00+09:00,2.5313,2.5316,2.5295,2.5300,471706.8
2024-12-18 18:42:00+09:00,2.5300,2.5332,2.5300,2.5323,600139.1
2024-12-18 18:43:00+09:00,2.5323,2.5323,2.5300,2.5321,384828.2
2024-12-18 18:44:00+09:00,2.5321,2.5324,2.5289,2.5293,491317.7
2024-12-18 18:45:00+09:00,2.5294,2.5329,2.5283,2.5284,598025.8
2024-12-18 18:46:00+09:00,2.5283,2.5296,2.5261,2.5295,942227.9
2024-12-18 18:47:00+09:00,2.5294,2.5300,2.5271,2.5293,977962.6
2024-12-18 18:48:00+09:00,2.5293,2.5307,2.5291,2.5304,233011.7
2024-12-18 18:49:00+09:00,2.5304,2.5307,2.5287,2.5298,255485.5
2024-12-18 18:50:00+09:00,2.5298,2.5323,2.5289,2.5308,316276.4
2024-12-18 18:51:00+09:00,2.5307,2.5323,2.5279,2.5283,340350.0
2024-12-18 18:52:00+09:00,2.5283,2.5298,2.5276,2.5276,312226.7
2024-12-18 18:53:00+09:00,2.5277,2.5288,2.5264,2.5288,381605.6
2024-12-18 18:54:00+09:00,2.5287,2.5291,2.5247,2.5248,643449.2
2024-12-18 18:55:00+09:00,2.5248,2.5275,2.5247,2.5267,401166.3
2024-12-18 18:56:00+09:00,2.5267,2.5268,2.5245,2.5248,302946.6
2024-12-18 18:57:00+09:00,2.5247,2.5252,2.5232,2.5241,584914.2
2024-12-18 18:58:00+09:00,2.5241,2.5261,2.5231,2.5240,610858.9
2024-12-18 18:59:00+09:00,2.5239,2.5263,2.5236,2.5249,449920.4
2024-12-18 19:00:00+09:00,2.5248,2.5248,2.5174,2.5215,1183163.0
2024-12-18 19:01:00+09:00,2.5215,2.5231,2.5175,2.5175,637954.7
2024-12-18 19:02:00+09:00,2.5175,2.5188,2.5163,2.5184,731119.7
2024-12-18 19:03:00+09:00,2.5185,2.5248,2.5176,2.5246,612507.6
2024-12-18 19:04:00+09:00,2.5246,2.5265,2.5229,2.5231,596502.9
2024-12-18 19:05:00+09:00,2.5231,2.5231,2.5199,2.5211,607609.8
2024-12-18 19:06:00+09:00,2.5211,2.5233,2.5196,2.5214,317414.1
2024-12-18 19:07:00+09:00,2.5213,2.5222,2.5183,2.5213,371097.9
2024-12-18 19:08:00+09:00,2.5212,2.5220,2.5198,2.5198,327979.7
2024-12-18 19:09:00+09:00,2.5198,2.5244,2.5198,2.5244,350938.2
2024-12-18 19:10:00+09:00,2.5244,2.5295,2.5216,2.5280,1419384.8
2024-12-18 19:11:00+09:00,2.5281,2.5314,2.5271,2.5273,1252198.8
2024-12-18 19:12:00+09:00,2.5274,2.5304,2.5274,2.5286,571380.4
2024-12-18 19:13:00+09:00,2.5286,2.5289,2.5259,2.5264,505130.2
2024-12-18 19:14:00+09:00,2.5264,2.5277,2.5260,2.5261,424939.8
2024-12-18 19:15:00+09:00,2.5260,2.5268,2.5227,2.5240,369797.2
2024-12-18 19:16:00+09:00,2.5240,2.5246,2.5190,2.5190,563829.6
2024-12-18 19:17:00+09:00,2.5190,2.5207,2.5176,2.5200,529673.8
2024-12-18 19:18:00+09:00,2.5200,2.5206,2.5171,2.5183,361194.1
2024-12-18 19:19:00+09:00,2.5182,2.5184,2.5135,2.5143,1022929.6
2024-12-18 19:20:00+09:00,2.5143,2.5198,2.5110,2.5185,1087597.7
2024-12-18 19:21:00+09:00,2.5185,2.5188,2.5145,2.5146,479803.1
2024-12-18 19:22:00+09:00,2.5145,2.5151,2.5102,2.5111,1004950.3
2024-12-18 19:23:00+09:00,2.5111,2.5160,2.5105,2.5153,678325.6
2024-12-18 19:24:00+09:00,2.5153,2.5176,2.5142,2.5163,291670.2
2024-12-18 19:25:00+09:00,2.5164,2.5195,2.5162,2.5183,371224.0
2024-12-18 19:26:00+09:00,2.5183,2.5186,2.5170,2.5181,305666.2
2024-12-18 19:27:00+09:00,2.5180,2.5196,2.5180,2.5195,347469.3
2024-12-18 19:28:00+09:00,2.5196,2.5216,2.5195,2.5204,363821.0
2024-12-18 19:29:00+09:00,2.5203,2.5216,2.5197,2.5208,490007.7
2024-12-18 19:30:00+09:00,2.5208,2.5227,2.5198,2.5217,760680.0
2024-12-18 19:31:00+09:00,2.5217,2.5218,2.5154,2.5157,656915.9
2024-12-18 19:32:00+09:00,2.5157,2.5168,2.5144,2.5163,602120.0
2024-12-18 19:33:00+09:00,2.5164,2.5187,2.5163,2.5171,268041.3
2024-12-18 19:34:00+09:00,2.5171,2.5181,2.5158,2.5180,261509.2
2024-12-18 19:35:00+09:00,2.5180,2.5199,2.5149,2.5170,1309722.8
2024-12-18 19:36:00+09:00,2.5170,2.5208,2.5159,2.5208,598116.7
2024-12-18 19:37:00+09:00,2.5208,2.5258,2.5191,2.5257,492591.6
2024-12-18 19:38:00+09:00,2.5256,2.5277,2.5251,2.5256,388847.1
2024-12-18 19:39:00+09:00,2.5257,2.5268,2.5231,2.5232,407961.9
2024-12-18 19:40:00+09:00,2.5232,2.5260,2.5232,2.5253,240773.9
2024-12-18 19:41:00+09:00,2.5252,2.5268,2.5246,2.5263,268423.7
2024-12-18 19:42:00+09:00,2.5262,2.5263,2.5243,2.5254,262445.7
2024-12-18 19:43:00+09:00,2.5253,2.5260,2.5240,2.5257,287490.1
2024-12-18 19:44:00+09:00,2.5256,2.5314,2.5251,2.5312,1183417.4
2024-12-18 19:45:00+09:00,2.5312,2.5324,2.5262,2.5263,913471.9
2024-12-18 19:46:00+09:00,2.5264,2.5331,2.5264,2.5327,718212.9
2024-12-18 19:47:00+09:00,2.5328,2.5388,2.5323,2.5346,2249906.0
2024-12-18 19:48:00+09:00,2.5347,2.5347,2.5302,2.5335,2127232.8
2024-12-18 19:49:00+09:00,2.5335,2.5466,2.5320,2.5423,6036986.5
2024-12-18 19:50:00+09:00,2.5423,2.5432,2.5380,2.5417,1087048.0
2024-12-18 19:51:00+09:00,2.5416,2.5454,2.5400,2.5401,1093707.0
2024-12-18 19:52:00+09:00,2.5402,2.5443,2.5400,2.5440,770729.4
2024-12-18 19:53:00+09:00,2.5439,2.5447,2.5391,2.5408,927948.3
2024-12-18 19:54:00+09:00,2.5408,2.5429,2.5400,2.5409,723638.6
2024-12-18 19:55:00+09:00,2.5409,2.5430,2.5390,2.5397,527416.9
2024-12-18 19:56:00+09:00,2.5397,2.5411,2.5356,2.5386,1433637.1
2024-12-18 19:57:00+09:00,2.5386,2.5402,2.5378,2.5383,518863.4
2024-12-18 19:58:00+09:00,2.5384,2.5401,2.5370,2.5400,486428.2
2024-12-18 19:59:00+09:00,2.5400,2.5416,2.5391,2.5391,527931.2
2024-12-18 20:00:00+09:00,2.5391,2.5439,2.5379,2.5437,1084430.7
2024-12-18 20:01:00+09:00,2.5437,2.5464,2.5415,2.5422,951924.8
2024-12-18 20:02:00+09:00,2.5421,2.5481,2.5419,2.5466,1009488.8
2024-12-18 20:03:00+09:00,2.5466,2.5530,2.5465,2.5526,1958335.9
2024-12-18 20:04:00+09:00,2.5526,2.5578,2.5518,2.5533,2398231.7
2024-12-18 20:05:00+09:00,2.5534,2.5591,2.5526,2.5591,2343775.5
2024-12-18 20:06:00+09:00,2.5591,2.5600,2.5547,2.5554,2013884.5
2024-12-18 20:07:00+09:00,2.5553,2.5618,2.5532,2.5598,1708753.9
2024-12-18 20:08:00+09:00,2.5599,2.5611,2.5579,2.5602,1766704.9
2024-12-18 20:09:00+09:00,2.5599,2.5656,2.5579,2.5610,2832311.1
2024-12-18 20:10:00+09:00,2.5610,2.5699,2.5582,2.5651,4754541.5
2024-12-18 20:11:00+09:00,2.5650,2.5653,2.5598,2.5639,2241457.9
2024-12-18 20:12:00+09:00,2.5640,2.5759,2.5593,2.5705,7611183.4
2024-12-18 20:13:00+09:00,2.5706,2.5768,2.5663,2.5753,3791109.3
2024-12-18 20:14:00+09:00,2.5752,2.5771,2.5700,2.5700,3120572.3
2024-12-18 20:15:00+09:00,2.5701,2.5708,2.5655,2.5672,1805312.0
2024-12-18 20:16:00+09:00,2.5671,2.5731,2.5604,2.5725,6276331.8
2024-12-18 20:17:00+09:00,2.5725,2.5728,2.5641,2.5665,1188085.5
2024-12-18 20:18:00+09:00,2.5665,2.5779,2.5665,2.5776,1854245.7
2024-12-18 20:19:00+09:00,2.5775,2.5919,2.5558,2.5895,15019660.2
2024-12-18 20:20:00+09:00,2.5894,2.5895,2.5800,2.5823,4073045.0
2024-12-18 20:21:00+09:00,2.5820,2.5834,2.5751,2.5788,2189490.9
2024-12-18 20:22:00+09:00,2.5789,2.5837,2.5741,2.5782,2946417.9
2024-12-18 20:23:00+09:00,2.5782,2.5849,2.5770,2.5821,3323873.6
2024-12-18 20:24:00+09:00,2.5821,2.5840,2.5787,2.5819,1257974.7
2024-12-18 20:25:00+09:00,2.5820,2.5830,2.5789,2.5815,1619031.8
2024-12-18 20:26:00+09:00,2.5814,2.5820,2.5754,2.5766,1048891.8
2024-12-18 20:27:00+09:00,2.5767,2.5769,2.5647,2.5685,3632480.2
2024-12-18 20:28:00+09:00,2.5686,2.5716,2.5665,2.5666,1161407.9
2024-12-18 20:29:00+09:00,2.5667,2.5687,2.5663,2.5668,982824.1
2024-12-18 20:30:00+09:00,2.5668,2.5668,2.5615,2.5642,1459200.8
2024-12-18 20:31:00+09:00,2.5643,2.5666,2.5624,2.5630,925256.6
2024-12-18 20:32:00+09:00,2.5630,2.5631,2.5593,2.5597,1484158.0
2024-12-18 20:33:00+09:00,2.5597,2.5736,2.5595,2.5683,5517801.9
2024-12-18 20:34:00+09:00,2.5683,2.5714,2.5670,2.5707,1206608.7
2024-12-18 20:35:00+09:00,2.5707,2.5795,2.5707,2.5780,1945482.0
2024-12-18 20:36:00+09:00,2.5780,2.5804,2.5749,2.5749,1839103.6
2024-12-18 20:37:00+09:00,2.5749,2.5764,2.5725,2.5725,1193975.7
2024-12-18 20:38:00+09:00,2.5726,2.5742,2.5687,2.5705,995652.1
2024-12-18 20:39:00+09:00,2.5706,2.5706,2.5667,2.5677,677222.9
2024-12-18 20:40:00+09:00,2.5677,2.5691,2.5641,2.5642,1018064.9
2024-12-18 20:41:00+09:00,2.5642,2.5782,2.5641,2.5768,6864563.8
2024-12-18 20:42:00+09:00,2.5769,2.5769,2.5715,2.5727,1164991.0
2024-12-18 20:43:00+09:00,2.5727,2.5727,2.5685,2.5685,736578.8
2024-12-18 20:44:00+09:00,2.5685,2.5697,2.5673,2.5689,525099.2
2024-12-18 20:45:00+09:00,2.5689,2.5689,2.5635,2.5656,1533274.4
2024-12-18 20:46:00+09:00,2.5656,2.5656,2.5623,2.5646,1250209.4
2024-12-18 20:47:00+09:00,2.5645,2.5656,2.5621,2.5621,607201.1
2024-12-18 20:48:00+09:00,2.5622,2.5692,2.5621,2.5657,1301085.6
2024-12-18 20:49:00+09:00,2.5657,2.5673,2.5628,2.5634,526050.7
2024-12-18 20:50:00+09:00,2.5634,2.5666,2.5621,2.5639,1128113.5
2024-12-18 20:51:00+09:00,2.5639,2.5654,2.5632,2.5640,559065.8
2024-12-18 20:52:00+09:00,2.5639,2.5673,2.5638,2.5647,1081154.8
2024-12-18 20:53:00+09:00,2.5648,2.5687,2.5647,2.5683,651279.2
2024-12-18 20:54:00+09:00,2.5683,2.5804,2.5679,2.5755,3974982.1
2024-12-18 20:55:00+09:00,2.5754,2.5872,2.5722,2.5850,5922595.3
2024-12-18 20:56:00+09:00,2.5850,2.5857,2.5788,2.5804,1317685.5
2024-12-18 20:57:00+09:00,2.5803,2.5804,2.5761,2.5769,941949.9
2024-12-18 20:58:00+09:00,2.5768,2.5804,2.5753,2.5794,859589.5
2024-12-18 20:59:00+09:00,2.5795,2.5805,2.5760,2.5800,1322314.8
2024-12-18 21:00:00+09:00,2.5800,2.5820,2.5741,2.5756,1244672.1
2024-12-18 21:01:00+09:00,2.5756,2.5771,2.5727,2.5743,1029230.5
2024-12-18 21:02:00+09:00,2.5743,2.5771,2.5704,2.5740,1077548.1
2024-12-18 21:03:00+09:00,2.5740,2.5765,2.5729,2.5756,424617.2
2024-12-18 21:04:00+09:00,2.5755,2.5783,2.5732,2.5759,677428.4
2024-12-18 21:05:00+09:00,2.5759,2.5780,2.5725,2.5725,527791.9
2024-12-18 21:06:00+09:00,2.5725,2.5800,2.5723,2.5800,1019699.6
2024-12-18 21:07:00+09:00,2.5800,2.5807,2.5744,2.5752,592762.6
2024-12-18 21:08:00+09:00,2.5752,2.5761,2.5728,2.5734,559001.4
2024-12-18 21:09:00+09:00,2.5734,2.5761,2.5707,2.5707,490392.9
2024-12-18 21:10:00+09:00,2.5708,2.5720,2.5667,2.5667,889909.8
2024-12-18 21:11:00+09:00,2.5668,2.5710,2.5667,2.5709,795842.2
2024-12-18 21:12:00+09:00,2.5710,2.5729,2.5700,2.5728,448697.7
2024-12-18 21:13:00+09:00,2.5728,2.5732,2.5706,2.5722,454468.3
2024-12-18 21:14:00+09:00,2.5722,2.5783,2.5716,2.5763,631876.9
2024-12-18 21:15:00+09:00,2.5763,2.5772,2.5725,2.5729,536833.1
2024-12-18 21:16:00+09:00,2.5729,2.5729,2.5684,2.5708,844818.3
2024-12-18 21:17:00+09:00,2.5709,2.5723,2.5676,2.5696,356163.3
2024-12-18 21:18:00+09:00,2.5697,2.5725,2.5697,2.5703,362170.3
2024-12-18 21:19:00+09:00,2.5703,2.5718,2.5677,2.5683,537908.8
2024-12-18 21:20:00+09:00,2.5682,2.5692,2.5627,2.5627,1349349.4
2024-12-18 21:21:00+09:00,2.5628,2.5646,2.5606,2.5630,1191710.4
2024-12-18 21:22:00+09:00,2.5629,2.5675,2.5625,2.5659,765771.8
2024-12-18 21:23:00+09:00,2.5660,2.5707,2.5659,2.5684,749820.8
2024-12-18 21:24:00+09:00,2.5684,2.5685,2.5632,2.5639,871236.5
2024-12-18 21:25:00+09:00,2.5639,2.5639,2.5555,2.5579,2110483.7
2024-12-18 21:26:00+09:00,2.5578,2.5606,2.5564,2.5580,1390721.9
2024-12-18 21:27:00+09:00,2.5580,2.5625,2.5580,2.5617,678995.2
2024-12-18 21:28:00+09:00,2.5618,2.5618,2.5558,2.5568,1076570.2
2024-12-18 21:29:00+09:00,2.5566,2.5578,2.5536,2.5539,1661515.5
2024-12-18 21:30:00+09:00,2.5538,2.5629,2.5538,2.5626,1462041.5
2024-12-18 21:31:00+09:00,2.5626,2.5626,2.5517,2.5521,1109092.7
2024-12-18 21:32:00+09:00,2.5521,2.5543,2.5491,2.5531,2155736.4
2024-12-18 21:33:00+09:00,2.5531,2.5540,2.5462,2.5472,2406170.0
2024-12-18 21:34:00+09:00,2.5473,2.5524,2.5459,2.5514,1486077.2
2024-12-18 21:35:00+09:00,2.5515,2.5518,2.5433,2.5497,2227948.7
2024-12-18 21:36:00+09:00,2.5497,2.5537,2.5494,2.5521,1256356.6
2024-12-18 21:37:00+09:00,2.5521,2.5527,2.5444,2.5465,1456404.3
2024-12-18 21:38:00+09:00,2.5465,2.5492,2.5443,2.5463,1115639.1
2024-12-18 21:39:00+09:00,2.5463,2.5464,2.5420,2.5432,1563179.2
2024-12-18 21:40:00+09:00,2.5432,2.5481,2.5415,2.5467,1780449.0
2024-12-18 21:41:00+09:00,2.5467,2.5476,2.5416,2.5465,927162.9
2024-12-18 21:42:00+09:00,2.5465,2.5559,2.5465,2.5555,1488315.8
2024-12-18 21:43:00+09:00,2.5554,2.5588,2.5527,2.5530,1706034.9
2024-12-18 21:44:00+09:00,2.5529,2.5549,2.5502,2.5535,958067.8
2024-12-18 21:45:00+09:00,2.5534,2.5625,2.5522,2.5604,1903959.0
2024-12-18 21:46:00+09:00,2.5603,2.5631,2.5588,2.5591,916508.3
2024-12-18 21:47:00+09:00,2.5591,2.5591,2.5553,2.5553,652627.7
2024-12-18 21:48:00+09:00,2.5552,2.5552,2.5495,2.5499,1041084.7
2024-12-18 21:49:00+09:00,2.5499,2.5519,2.5456,2.5482,1802701.9
2024-12-18 21:50:00+09:00,2.5481,2.5486,2.5443,2.5477,1098361.2
2024-12-18 21:51:00+09:00,2.5477,2.5484,2.5440,2.5453,840827.5
2024-12-18 21:52:00+09:00,2.5452,2.5475,2.5357,2.5372,4755937.8
2024-12-18 21:53:00+09:00,2.5372,2.5436,2.5338,2.5433,2846177.9
2024-12-18 21:54:00+09:00,2.5433,2.5433,2.5396,2.5406,1608564.4
2024-12-18 21:55:00+09:00,2.5406,2.5428,2.5381,2.5428,1015660.2
2024-12-18 21:56:00+09:00,2.5427,2.5430,2.5400,2.5411,761964.2
2024-12-18 21:57:00+09:00,2.5411,2.5444,2.5400,2.5419,1023036.7
2024-12-18 21:58:00+09:00,2.5418,2.5447,2.5404,2.5430,1503905.3
2024-12-18 21:59:00+09:00,2.5430,2.5439,2.5390,2.5407,1343933.0
2024-12-18 22:00:00+09:00,2.5408,2.5413,2.5358,2.5367,1035027.8
2024-12-18 22:01:00+09:00,2.5368,2.5374,2.5328,2.5348,1880484.8
2024-12-18 22:02:00+09:00,2.5349,2.5376,2.5301,2.5346,3243243.0
2024-12-18 22:03:00+09:00,2.5345,2.5349,2.5241,2.5253,9033214.6
2024-12-18 22:04:00+09:00,2.5254,2.5278,2.5232,2.5262,3428253.2
2024-12-18 22:05:00+09:00,2.5262,2.5275,2.5258,2.5269,924525.1
2024-12-18 22:06:00+09:00,2.5268,2.5297,2.5261,2.5268,1675228.8
2024-12-18 22:07:00+09:00,2.5268,2.5268,2.5201,2.5208,2665295.5
2024-12-18 22:08:00+09:00,2.5207,2.5325,2.5207,2.5322,1960577.4
2024-12-18 22:09:00+09:00,2.5322,2.5330,2.5296,2.5311,1129455.4
2024-12-18 22:10:00+09:00,2.5311,2.5320,2.5285,2.5289,562236.9
2024-12-18 22:11:00+09:00,2.5289,2.5338,2.5287,2.5313,1329723.6
2024-12-18 22:12:00+09:00,2.5313,2.5400,2.5313,2.5398,1563399.0
2024-12-18 22:13:00+09:00,2.5400,2.5403,2.5361,2.5370,949626.9
2024-12-18 22:14:00+09:00,2.5370,2.5383,2.5305,2.5308,1558490.4
2024-12-18 22:15:00+09:00,2.5308,2.5401,2.5287,2.5397,1229762.6
2024-12-18 22:16:00+09:00,2.5397,2.5429,2.5391,2.5424,1308548.6
2024-12-18 22:17:00+09:00,2.5425,2.5429,2.5386,2.5393,1620423.7
2024-12-18 22:18:00+09:00,2.5394,2.5420,2.5391,2.5404,1126806.7
2024-12-18 22:19:00+09:00,2.5404,2.5427,2.5390,2.5406,619081.1
2024-12-18 22:20:00+09:00,2.5406,2.5419,2.5400,2.5408,599949.1
2024-12-18 22:21:00+09:00,2.5407,2.5424,2.5391,2.5397,965021.4
2024-12-18 22:22:00+09:00,2.5397,2.5402,2.5320,2.5341,1039822.6
2024-12-18 22:23:00+09:00,2.5342,2.5381,2.5320,2.5344,1151240.0
2024-12-18 22:24:00+09:00,2.5343,2.5343,2.5278,2.5318,1709533.1
2024-12-18 22:25:00+09:00,2.5319,2.5375,2.5315,2.5375,472392.3
2024-12-18 22:26:00+09:00,2.5374,2.5402,2.5334,2.5338,612500.1
2024-12-18 22:27:00+09:00,2.5337,2.5344,2.5305,2.5322,778018.3
2024-12-18 22:28:00+09:00,2.5322,2.5390,2.5316,2.5378,499657.5
2024-12-18 22:29:00+09:00,2.5378,2.5399,2.5376,2.5397,497488.5
2024-12-18 22:30:00+09:00,2.5397,2.5404,2.5359,2.5359,616497.1
2024-12-18 22:31:00+09:00,2.5358,2.5389,2.5342,2.5383,432381.1
2024-12-18 22:32:00+09:00,2.5383,2.5420,2.5382,2.5387,1087664.8
2024-12-18 22:33:00+09:00,2.5388,2.5433,2.5372,2.5421,1806436.5
2024-12-18 22:34:00+09:00,2.5420,2.5421,2.5389,2.5414,724638.4
2024-12-18 22:35:00+09:00,2.5414,2.5425,2.5385,2.5401,661765.8
2024-12-18 22:36:00+09:00,2.5401,2.5418,2.5392,2.5404,567046.3
2024-12-18 22:37:00+09:00,2.5404,2.5427,2.5395,2.5411,1139766.4
2024-12-18 22:38:00+09:00,2.5411,2.5435,2.5410,2.5429,656657.5
2024-12-18 22:39:00+09:00,2.5429,2.5458,2.5423,2.5458,576075.1
2024-12-18 22:40:00+09:00,2.5458,2.5497,2.5457,2.5489,1262915.9
2024-12-18 22:41:00+09:00,2.5488,2.5489,2.5452,2.5461,791962.8
2024-12-18 22:42:00+09:00,2.5461,2.5512,2.5461,2.5490,1048928.0
2024-12-18 22:43:00+09:00,2.5490,2.5490,2.5400,2.5400,821438.1
2024-12-18 22:44:00+09:00,2.5400,2.5411,2.5376,2.5385,1427733.0
2024-12-18 22:45:00+09:00,2.5384,2.5436,2.5378,2.5421,542358.7
2024-12-18 22:46:00+09:00,2.5420,2.5460,2.5395,2.5459,1096083.1
2024-12-18 22:47:00+09:00,2.5460,2.5466,2.5405,2.5407,1010777.5
2024-12-18 22:48:00+09:00,2.5407,2.5415,2.5361,2.5362,1064657.8
2024-12-18 22:49:00+09:00,2.5362,2.5375,2.5320,2.5359,1519516.2
2024-12-18 22:50:00+09:00,2.5360,2.5368,2.5301,2.5318,976999.1
2024-12-18 22:51:00+09:00,2.5318,2.5343,2.5258,2.5279,2074450.6
2024-12-18 22:52:00+09:00,2.5279,2.5296,2.5248,2.5249,1825032.2
2024-12-18 22:53:00+09:00,2.5249,2.5277,2.5230,2.5262,1146920.4
2024-12-18 22:54:00+09:00,2.5261,2.5324,2.5243,2.5293,1575733.4
2024-12-18 22:55:00+09:00,2.5292,2.5292,2.5261,2.5283,774374.3
2024-12-18 22:56:00+09:00,2.5283,2.5326,2.5283,2.5325,757417.1
2024-12-18 22:57:00+09:00,2.5326,2.5349,2.5323,2.5348,550470.0
2024-12-18 22:58:00+09:00,2.5349,2.5390,2.5331,2.5381,665718.1
2024-12-18 22:59:00+09:00,2.5381,2.5381,2.5328,2.5356,1062421.9
2024-12-18 23:00:00+09:00,2.5357,2.5412,2.5356,2.5407,1138227.2
2024-12-18 23:01:00+09:00,2.5407,2.5508,2.5396,2.5495,2540716.7
2024-12-18 23:02:00+09:00,2.5496,2.5558,2.5490,2.5540,2298044.5
2024-12-18 23:03:00+09:00,2.5540,2.5540,2.5450,2.5490,1410746.0
2024-12-18 23:04:00+09:00,2.5491,2.5503,2.5444,2.5463,861232.7
2024-12-18 23:05:00+09:00,2.5463,2.5484,2.5381,2.5404,1734257.5
2024-12-18 23:06:00+09:00,2.5403,2.5407,2.5319,2.5338,2351684.9
2024-12-18 23:07:00+09:00,2.5338,2.5396,2.5336,2.5392,990456.1
2024-12-18 23:08:00+09:00,2.5393,2.5420,2.5359,2.5416,639639.1
2024-12-18 23:09:00+09:00,2.5417,2.5437,2.5400,2.5415,539332.7
2024-12-18 23:10:00+09:00,2.5415,2.5438,2.5396,2.5413,468091.3
2024-12-18 23:11:00+09:00,2.5413,2.5413,2.5357,2.5360,650589.6
2024-12-18 23:12:00+09:00,2.5359,2.5411,2.5359,2.5401,506978.4
2024-12-18 23:13:00+09:00,2.5401,2.5401,2.5291,2.5347,2806924.4
2024-12-18 23:14:00+09:00,2.5348,2.5365,2.5329,2.5334,847502.9
2024-12-18 23:15:00+09:00,2.5334,2.5400,2.5330,2.5400,749716.3
2024-12-18 23:16:00+09:00,2.5399,2.5448,2.5396,2.5428,988101.9
2024-12-18 23:17:00+09:00,2.5429,2.5454,2.5405,2.5409,933536.2
2024-12-18 23:18:00+09:00,2.5408,2.5430,2.5395,2.5409,648349.2
2024-12-18 23:19:00+09:00,2.5409,2.5421,2.5402,2.5413,423132.5
2024-12-18 23:20:00+09:00,2.5412,2.5438,2.5399,2.5411,598712.5
2024-12-18 23:21:00+09:00,2.5410,2.5414,2.5341,2.5358,789325.2
2024-12-18 23:22:00+09:00,2.5358,2.5400,2.5349,2.5400,801176.4
2024-12-18 23:23:00+09:00,2.5400,2.5414,2.5385,2.5400,468244.5
2024-12-18 23:24:00+09:00,2.5399,2.5399,2.5326,2.5342,882119.3
2024-12-18 23:25:00+09:00,2.5342,2.5356,2.5267,2.5280,1974264.0
2024-12-18 23:26:00+09:00,2.5281,2.5285,2.5154,2.5198,5255205.5
2024-12-18 23:27:00+09:00,2.5199,2.5226,2.5180,2.5215,1446240.8
2024-12-18 23:28:00+09:00,2.5215,2.5249,2.5204,2.5236,1126025.1
2024-12-18 23:29:00+09:00,2.5236,2.5264,2.5232,2.5259,657562.4
2024-12-18 23:30:00+09:00,2.5259,2.5281,2.5224,2.5250,1057069.6
2024-12-18 23:31:00+09:00,2.5249,2.5250,2.5121,2.5128,2193897.2
2024-12-18 23:32:00+09:00,2.5129,2.5165,2.5066,2.5071,3194982.1
2024-12-18 23:33:00+09:00,2.5071,2.5128,2.5051,2.5088,2514476.3
2024-12-18 23:34:00+09:00,2.5089,2.5122,2.5074,2.5095,1582574.9
2024-12-18 23:34:00+09:00,2.5089,2.5122,2.5074,2.5095,1582574.9
2024-12-18 23:35:00+09:00,2.5095,2.5104,2.5025,2.5033,3122852.7
2024-12-18 23:36:00+09:00,2.5034,2.5080,2.5034,2.5043,2367394.0
2024-12-18 23:37:00+09:00,2.5043,2.5065,2.5011,2.5053,2726751.5
2024-12-18 23:38:00+09:00,2.5053,2.5055,2.4966,2.4991,2970824.3
2024-12-18 23:39:00+09:00,2.4990,2.5023,2.4955,2.4972,2541759.7
2024-12-18 23:40:00+09:00,2.4972,2.5018,2.4959,2.4993,1774206.1
2024-12-18 23:41:00+09:00,2.4992,2.5052,2.4992,2.5023,1453029.4
2024-12-18 23:42:00+09:00,2.5023,2.5054,2.4990,2.5041,1200192.2
2024-12-18 23:43:00+09:00,2.5040,2.5076,2.5022,2.5066,1851125.0
2024-12-18 23:44:00+09:00,2.5065,2.5151,2.5053,2.5140,3479001.5
2024-12-18 23:45:00+09:00,2.5138,2.5186,2.5104,2.5174,2916048.3
2024-12-18 23:46:00+09:00,2.5175,2.5227,2.5163,2.5165,2794950.1
2024-12-18 23:47:00+09:00,2.5166,2.5183,2.5123,2.5159,1488339.4
2024-12-18 23:48:00+09:00,2.5158,2.5171,2.5089,2.5100,2516037.8
2024-12-18 23:49:00+09:00,2.5099,2.5102,2.5029,2.5053,2370722.0
2024-12-18 23:50:00+09:00,2.5053,2.5103,2.5020,2.5102,2086226.5
2024-12-18 23:51:00+09:00,2.5103,2.5112,2.5046,2.5073,1150411.8
2024-12-18 23:52:00+09:00,2.5073,2.5096,2.5037,2.5044,922641.1
2024-12-18 23:53:00+09:00,2.5044,2.5050,2.4969,2.5000,2927874.8
2024-12-18 23:54:00+09:00,2.5000,2.5016,2.4952,2.4998,1363719.7
2024-12-18 23:55:00+09:00,2.4998,2.5014,2.4925,2.4943,1828033.0
2024-12-18 23:56:00+09:00,2.4943,2.4943,2.4710,2.4803,12660476.6
2024-12-18 23:57:00+09:00,2.4802,2.4829,2.4769,2.4802,2751620.0
2024-12-18 23:58:00+09:00,2.4801,2.4802,2.4675,2.4777,5231830.1
2024-12-18 23:59:00+09:00,2.4777,2.4800,2.4688,2.4725,3062209.1
2024-12-19 00:00:00+09:00,2.4725,2.4742,2.4683,2.4688,2629291.1
2024-12-19 00:01:00+09:00,2.4688,2.4700,2.4500,2.4534,12752591.1
2024-12-19 00:02:00+09:00,2.4534,2.4600,2.4523,2.4574,3993220.9
2024-12-19 00:03:00+09:00,2.4575,2.4600,2.4529,2.4535,3842613.8
2024-12-19 00:04:00+09:00,2.4534,2.4604,2.4525,2.4564,2795263.6
2024-12-19 00:05:00+09:00,2.4564,2.4650,2.4541,2.4571,3360691.4
2024-12-19 00:06:00+09:00,2.4571,2.4658,2.4548,2.4650,3289024.1
2024-12-19 00:07:00+09:00,2.4649,2.4732,2.4644,2.4710,5583963.8
2024-12-19 00:08:00+09:00,2.4710,2.4735,2.4648,2.4656,3163342.7
2024-12-19 00:09:00+09:00,2.4655,2.4697,2.4547,2.4578,5251883.8
2024-12-19 00:10:00+09:00,2.4577,2.4661,2.4565,2.4651,2714176.8
2024-12-19 00:11:00+09:00,2.4650,2.4687,2.4611,2.4681,1663519.5
2024-12-19 00:12:00+09:00,2.4681,2.4693,2.4641,2.4667,1212033.8
2024-12-19 00:13:00+09:00,2.4667,2.4683,2.4635,2.4645,1675209.6
2024-12-19 00:14:00+09:00,2.4645,2.4727,2.4629,2.4727,2383108.1
2024-12-19 00:15:00+09:00,2.4728,2.4802,2.4710,2.4782,3145424.2
2024-12-19 00:16:00+09:00,2.4781,2.4822,2.4780,2.4808,2243914.7
2024-12-19 00:17:00+09:00,2.4808,2.4829,2.4777,2.4778,2291830.9
2024-12-19 00:18:00+09:00,2.4777,2.4810,2.4742,2.4810,1808867.5
2024-12-19 00:19:00+09:00,2.4809,2.4810,2.4771,2.4795,1841022.7
2024-12-19 00:20:00+09:00,2.4795,2.4795,2.4700,2.4733,2944296.9
2024-12-19 00:21:00+09:00,2.4734,2.4778,2.4731,2.4749,1575746.7
2024-12-19 00:22:00+09:00,2.4749,2.4805,2.4744,2.4804,1951971.8
2024-12-19 00:23:00+09:00,2.4805,2.4834,2.4779,2.4790,1273499.1
2024-12-19 00:24:00+09:00,2.4790,2.4803,2.4730,2.4748,1376953.1
2024-12-19 00:25:00+09:00,2.4748,2.4759,2.4703,2.4715,1098234.3
2024-12-19 00:26:00+09:00,2.4714,2.4758,2.4682,2.4716,1106115.4
2024-12-19 00:27:00+09:00,2.4715,2.4810,2.4715,2.4798,1081107.4
2024-12-19 00:28:00+09:00,2.4797,2.4824,2.4791,2.4800,858602.7
2024-12-19 00:29:00+09:00,2.4800,2.4810,2.4780,2.4793,648378.6
2024-12-19 00:30:00+09:00,2.4792,2.4822,2.4645,2.4721,8746958.4
2024-12-19 00:31:00+09:00,2.4721,2.4722,2.4656,2.4699,2666406.2
2024-12-19 00:32:00+09:00,2.4700,2.4762,2.4699,2.4756,1057644.2
2024-12-19 00:33:00+09:00,2.4756,2.4765,2.4712,2.4727,652224.4
2024-12-19 00:34:00+09:00,2.4727,2.4757,2.4711,2.4720,584198.2
2024-12-19 00:35:00+09:00,2.4719,2.4744,2.4705,2.4724,716904.0
2024-12-19 00:36:00+09:00,2.4725,2.4730,2.4670,2.4676,873612.9
2024-12-19 00:37:00+09:00,2.4675,2.4738,2.4660,2.4737,839769.0
2024-12-19 00:38:00+09:00,2.4738,2.4810,2.4737,2.4809,1281327.5
2024-12-19 00:39:00+09:00,2.4809,2.4833,2.4795,2.4804,1569009.4
2024-12-19 00:40:00+09:00,2.4803,2.4833,2.4785,2.4813,975056.7
2024-12-19 00:41:00+09:00,2.4813,2.4865,2.4796,2.4801,1410187.3
2024-12-19 00:42:00+09:00,2.4800,2.4801,2.4744,2.4775,1135312.7
2024-12-19 00:43:00+09:00,2.4775,2.4781,2.4757,2.4764,659470.9
2024-12-19 00:44:00+09:00,2.4763,2.4810,2.4746,2.4803,706050.0
2024-12-19 00:45:00+09:00,2.4804,2.4814,2.4775,2.4775,749990.6
2024-12-19 00:46:00+09:00,2.4776,2.4776,2.4671,2.4679,1218797.4
2024-12-19 00:47:00+09:00,2.4679,2.4729,2.4662,2.4670,1102202.5
2024-12-19 00:48:00+09:00,2.4670,2.4686,2.4640,2.4655,1474216.1
2024-12-19 00:49:00+09:00,2.4656,2.4704,2.4651,2.4692,1918490.6
2024-12-19 00:50:00+09:00,2.4692,2.4726,2.4679,2.4726,849495.3
2024-12-19 00:51:00+09:00,2.4727,2.4743,2.4690,2.4742,1932257.5
2024-12-19 00:52:00+09:00,2.4743,2.4755,2.4712,2.4728,1022472.2
2024-12-19 00:53:00+09:00,2.4729,2.4744,2.4716,2.4744,466763.9
2024-12-19 00:54:00+09:00,2.4743,2.4748,2.4693,2.4698,670108.2
2024-12-19 00:55:00+09:00,2.4698,2.4698,2.4645,2.4694,1110857.9
2024-12-19 00:56:00+09:00,2.4695,2.4726,2.4664,2.4718,1733588.1
2024-12-19 00:57:00+09:00,2.4718,2.4741,2.4674,2.4712,1242990.7
2024-12-19 00:58:00+09:00,2.4713,2.4758,2.4707,2.4748,503627.5
2024-12-19 00:59:00+09:00,2.4747,2.4747,2.4705,2.4705,761067.9
2024-12-19 01:00:00+09:00,2.4706,2.4719,2.4682,2.4708,1183459.4
2024-12-19 01:01:00+09:00,2.4708,2.4724,2.4678,2.4680,835309.3
2024-12-19 01:02:00+09:00,2.4680,2.4728,2.4677,2.4720,582982.8
2024-12-19 01:03:00+09:00,2.4720,2.4763,2.4700,2.4757,841036.9
2024-12-19 01:04:00+09:00,2.4757,2.4757,2.4680,2.4682,840288.9
2024-12-19 01:05:00+09:00,2.4682,2.4703,2.4648,2.4687,1753084.9
2024-12-19 01:06:00+09:00,2.4687,2.4751,2.4687,2.4740,974710.0
2024-12-19 01:07:00+09:00,2.4739,2.4779,2.4733,2.4758,1464172.1
2024-12-19 01:08:00+09:00,2.4757,2.4825,2.4729,2.4815,1272325.2
2024-12-19 01:09:00+09:00,2.4815,2.4820,2.4733,2.4745,1343315.0
2024-12-19 01:10:00+09:00,2.4746,2.4782,2.4742,2.4746,792639.4
2024-12-19 01:11:00+09:00,2.4745,2.4755,2.4684,2.4693,1632575.2
2024-12-19 01:12:00+09:00,2.4693,2.4727,2.4692,2.4702,437894.7
2024-12-19 01:13:00+09:00,2.4703,2.4713,2.4652,2.4655,865832.6
2024-12-19 01:14:00+09:00,2.4655,2.4658,2.4569,2.4591,2839835.6
2024-12-19 01:15:00+09:00,2.4590,2.4609,2.4449,2.4493,9704247.2
2024-12-19 01:16:00+09:00,2.4493,2.4501,2.4428,2.4446,3404752.4
2024-12-19 01:17:00+09:00,2.4445,2.4445,2.4325,2.4383,7386797.0
2024-12-19 01:18:00+09:00,2.4383,2.4397,2.4345,2.4387,2992434.0
2024-12-19 01:19:00+09:00,2.4386,2.4422,2.4361,2.4420,1924181.9
2024-12-19 01:20:00+09:00,2.4420,2.4460,2.4418,2.4432,2074371.1
2024-12-19 01:21:00+09:00,2.4432,2.4432,2.4226,2.4267,9482769.9
2024-12-19 01:22:00+09:00,2.4268,2.4337,2.4265,2.4290,3679185.3
2024-12-19 01:23:00+09:00,2.4292,2.4302,2.4241,2.4272,1944224.1
2024-12-19 01:24:00+09:00,2.4271,2.4341,2.4258,2.4337,2144322.3
2024-12-19 01:25:00+09:00,2.4336,2.4371,2.4292,2.4323,1526414.8
2024-12-19 01:26:00+09:00,2.4323,2.4394,2.4322,2.4387,2481937.5
2024-12-19 01:27:00+09:00,2.4388,2.4439,2.4370,2.4383,1758288.4
2024-12-19 01:28:00+09:00,2.4383,2.4417,2.4375,2.4402,955957.1
2024-12-19 01:29:00+09:00,2.4402,2.4426,2.4370,2.4383,2303540.1
2024-12-19 01:30:00+09:00,2.4384,2.4460,2.4384,2.4439,2043976.4
2024-12-19 01:31:00+09:00,2.4439,2.4500,2.4428,2.4451,3125801.9
2024-12-19 01:32:00+09:00,2.4451,2.4452,2.4389,2.4412,1503770.0
2024-12-19 01:33:00+09:00,2.4412,2.4484,2.4409,2.4472,892273.1
2024-12-19 01:34:00+09:00,2.4472,2.4506,2.4451,2.4486,2268600.5
2024-12-19 01:35:00+09:00,2.4487,2.4546,2.4472,2.4526,3627076.8
2024-12-19 01:36:00+09:00,2.4525,2.4567,2.4518,2.4555,1425057.1
2024-12-19 01:37:00+09:00,2.4555,2.4608,2.4548,2.4600,1145449.2
2024-12-19 01:38:00+09:00,2.4599,2.4606,2.4571,2.4580,1180490.8
2024-12-19 01:39:00+09:00,2.4581,2.4611,2.4565,2.4570,1007357.9
2024-12-19 01:40:00+09:00,2.4570,2.4640,2.4555,2.4639,1759977.9
2024-12-19 01:41:00+09:00,2.4640,2.4667,2.4632,2.4656,2293597.8
2024-12-19 01:42:00+09:00,2.4655,2.4667,2.4609,2.4640,1403251.5
2024-12-19 01:43:00+09:00,2.4640,2.4681,2.4637,2.4669,902913.5
2024-12-19 01:44:00+09:00,2.4668,2.4706,2.4651,2.4704,1497805.9
2024-12-19 01:45:00+09:00,2.4704,2.4711,2.4680,2.4692,1305373.6
2024-12-19 01:46:00+09:00,2.4692,2.4726,2.4685,2.4696,1940659.9
2024-12-19 01:47:00+09:00,2.4695,2.4703,2.4641,2.4649,1374349.8
2024-12-19 01:48:00+09:00,2.4649,2.4676,2.4640,2.4674,928522.9
2024-12-19 01:49:00+09:00,2.4674,2.4693,2.4659,2.4681,678570.7
2024-12-19 01:50:00+09:00,2.4680,2.4754,2.4680,2.4753,1763913.7
2024-12-19 01:51:00+09:00,2.4753,2.4774,2.4714,2.4772,1514123.3
2024-12-19 01:52:00+09:00,2.4772,2.4775,2.4692,2.4705,3989111.7
2024-12-19 01:53:00+09:00,2.4704,2.4715,2.4701,2.4707,524224.1
2024-12-19 01:54:00+09:00,2.4706,2.4712,2.4661,2.4692,1626665.0
2024-12-19 01:55:00+09:00,2.4692,2.4696,2.4629,2.4644,1819012.3
2024-12-19 01:56:00+09:00,2.4644,2.4678,2.4643,2.4675,841558.7
2024-12-19 01:57:00+09:00,2.4675,2.4680,2.4597,2.4610,3089350.5
2024-12-19 01:58:00+09:00,2.4611,2.4643,2.4578,2.4639,1506641.2
2024-12-19 01:59:00+09:00,2.4639,2.4648,2.4624,2.4627,415093.1
2024-12-19 02:00:00+09:00,2.4627,2.4631,2.4589,2.4594,663690.9
2024-12-19 02:01:00+09:00,2.4595,2.4602,2.4560,2.4570,868122.3
2024-12-19 02:02:00+09:00,2.4569,2.4590,2.4512,2.4535,2398457.3
2024-12-19 02:03:00+09:00,2.4535,2.4557,2.4501,2.4553,1471880.0
2024-12-19 02:04:00+09:00,2.4554,2.4580,2.4534,2.4548,760848.1
2024-12-19 02:05:00+09:00,2.4548,2.4548,2.4476,2.4492,1184059.6
2024-12-19 02:06:00+09:00,2.4492,2.4495,2.4444,2.4488,1590233.4
2024-12-19 02:07:00+09:00,2.4488,2.4488,2.4420,2.4427,1271281.4
2024-12-19 02:08:00+09:00,2.4426,2.4546,2.4426,2.4509,2664023.1
2024-12-19 02:09:00+09:00,2.4509,2.4550,2.4489,2.4490,1438211.4
2024-12-19 02:10:00+09:00,2.4490,2.4515,2.4481,2.4507,913696.6
2024-12-19 02:11:00+09:00,2.4507,2.4567,2.4502,2.4552,1969816.9
2024-12-19 02:12:00+09:00,2.4552,2.4573,2.4532,2.4572,973660.3
2024-12-19 02:13:00+09:00,2.4572,2.4591,2.4554,2.4557,1397239.9
2024-12-19 02:14:00+09:00,2.4557,2.4570,2.4553,2.4565,414617.4
2024-12-19 02:15:00+09:00,2.4565,2.4583,2.4546,2.4579,664350.2
2024-12-19 02:16:00+09:00,2.4578,2.4578,2.4518,2.4548,1688376.8
2024-12-19 02:17:00+09:00,2.4548,2.4563,2.4540,2.4554,453217.1
2024-12-19 02:18:00+09:00,2.4553,2.4573,2.4539,2.4540,585580.0
2024-12-19 02:19:00+09:00,2.4540,2.4562,2.4537,2.4552,397643.7
2024-12-19 02:20:00+09:00,2.4552,2.4567,2.4541,2.4556,319637.3
2024-12-19 02:21:00+09:00,2.4556,2.4596,2.4556,2.4585,867517.3
2024-12-19 02:22:00+09:00,2.4586,2.4590,2.4543,2.4543,530162.2
2024-12-19 02:23:00+09:00,2.4543,2.4544,2.4479,2.4496,974007.5
2024-12-19 02:24:00+09:00,2.4496,2.4502,2.4443,2.4468,1449842.0
2024-12-19 02:25:00+09:00,2.4469,2.4502,2.4462,2.4485,648642.5
2024-12-19 02:26:00+09:00,2.4484,2.4484,2.4405,2.4406,1535883.9
2024-12-19 02:27:00+09:00,2.4407,2.4458,2.4400,2.4453,1240183.3
2024-12-19 02:28:00+09:00,2.4454,2.4470,2.4414,2.4434,1101214.4
2024-12-19 02:29:00+09:00,2.4434,2.4462,2.4428,2.4455,395520.0
2024-12-19 02:30:00+09:00,2.4455,2.4557,2.4446,2.4551,1059246.8
2024-12-19 02:31:00+09:00,2.4550,2.4621,2.4544,2.4595,2743240.7
2024-12-19 02:32:00+09:00,2.4595,2.4635,2.4585,2.4586,1230027.5
2024-12-19 02:33:00+09:00,2.4586,2.4661,2.4586,2.4649,1341156.0
2024-12-19 02:34:00+09:00,2.4650,2.4675,2.4642,2.4657,963667.8
2024-12-19 02:35:00+09:00,2.4657,2.4720,2.4654,2.4691,1485190.7
2024-12-19 02:36:00+09:00,2.4691,2.4730,2.4688,2.4718,944843.0
2024-12-19 02:37:00+09:00,2.4718,2.4766,2.4687,2.4720,2333484.4
2024-12-19 02:38:00+09:00,2.4720,2.4758,2.4690,2.4704,2541735.4
2024-12-19 02:39:00+09:00,2.4705,2.4740,2.4656,2.4739,1022647.2
2024-12-19 02:40:00+09:00,2.4740,2.4813,2.4729,2.4777,1631816.4
2024-12-19 02:41:00+09:00,2.4777,2.4808,2.4756,2.4766,1552599.9
2024-12-19 02:42:00+09:00,2.4767,2.4767,2.4705,2.4743,1465893.1
2024-12-19 02:43:00+09:00,2.4744,2.4752,2.4702,2.4715,886464.2
2024-12-19 02:44:00+09:00,2.4714,2.4737,2.4708,2.4724,955336.6
2024-12-19 02:45:00+09:00,2.4724,2.4769,2.4716,2.4757,800025.0
2024-12-19 02:46:00+09:00,2.4758,2.4772,2.4711,2.4712,961734.8
2024-12-19 02:47:00+09:00,2.4712,2.4747,2.4703,2.4731,627027.8
2024-12-19 02:48:00+09:00,2.4731,2.4778,2.4731,2.4764,623085.2
2024-12-19 02:49:00+09:00,2.4765,2.4802,2.4762,2.4799,1787809.8
2024-12-19 02:50:00+09:00,2.4799,2.4803,2.4751,2.4760,1598609.8
2024-12-19 02:51:00+09:00,2.4759,2.4788,2.4759,2.4788,760387.4
2024-12-19 02:52:00+09:00,2.4787,2.4792,2.4766,2.4769,545857.2
2024-12-19 02:53:00+09:00,2.4768,2.4787,2.4745,2.4752,1084294.4
2024-12-19 02:54:00+09:00,2.4752,2.4783,2.4743,2.4753,535475.8
2024-12-19 02:55:00+09:00,2.4753,2.4779,2.4744,2.4777,472710.9
2024-12-19 02:56:00+09:00,2.4777,2.4779,2.4738,2.4749,972595.2
2024-12-19 02:57:00+09:00,2.4750,2.4752,2.4700,2.4716,828564.3
2024-12-19 02:58:00+09:00,2.4715,2.4730,2.4700,2.4720,537281.7
2024-12-19 02:59:00+09:00,2.4720,2.4720,2.4672,2.4698,1170601.5
2024-12-19 03:00:00+09:00,2.4698,2.4704,2.4645,2.4652,1294391.8
2024-12-19 03:01:00+09:00,2.4652,2.4653,2.4608,2.4628,995160.5
2024-12-19 03:02:00+09:00,2.4628,2.4659,2.4620,2.4657,1357813.1
2024-12-19 03:03:00+09:00,2.4657,2.4719,2.4657,2.4701,1340533.2
2024-12-19 03:04:00+09:00,2.4700,2.4738,2.4692,2.4735,1086695.6
2024-12-19 03:05:00+09:00,2.4735,2.4791,2.4734,2.4753,1059248.7
2024-12-19 03:06:00+09:00,2.4754,2.4789,2.4748,2.4748,1144490.5
2024-12-19 03:07:00+09:00,2.4748,2.4748,2.4720,2.4737,548399.1
2024-12-19 03:08:00+09:00,2.4737,2.4769,2.4711,2.4737,671136.2
2024-12-19 03:09:00+09:00,2.4736,2.4781,2.4736,2.4766,618233.7
2024-12-19 03:10:00+09:00,2.4766,2.4805,2.4758,2.4800,852815.0
2024-12-19 03:11:00+09:00,2.4799,2.4806,2.4771,2.4804,1038526.0
2024-12-19 03:12:00+09:00,2.4804,2.4818,2.4772,2.4786,694060.4
2024-12-19 03:13:00+09:00,2.4787,2.4807,2.4786,2.4794,543185.4
2024-12-19 03:14:00+09:00,2.4794,2.4802,2.4771,2.4783,1119433.6
2024-12-19 03:15:00+09:00,2.4784,2.4857,2.4780,2.4856,1266447.3
2024-12-19 03:16:00+09:00,2.4855,2.4915,2.4851,2.4908,3719149.3
2024-12-19 03:17:00+09:00,2.4908,2.4914,2.4886,2.4907,1544077.0
2024-12-19 03:18:00+09:00,2.4908,2.4928,2.4858,2.4880,1751634.5
2024-12-19 03:19:00+09:00,2.4880,2.4900,2.4853,2.4900,901258.1
2024-12-19 03:20:00+09:00,2.4900,2.4926,2.4864,2.4874,1585689.9
2024-12-19 03:21:00+09:00,2.4875,2.4875,2.4835,2.4846,915190.6
2024-12-19 03:22:00+09:00,2.4845,2.4877,2.4825,2.4870,876636.9
2024-12-19 03:23:00+09:00,2.4869,2.4878,2.4845,2.4851,585279.7
2024-12-19 03:24:00+09:00,2.4851,2.4851,2.4820,2.4829,593663.9
2024-12-19 03:25:00+09:00,2.4829,2.4872,2.4814,2.4863,525031.2
2024-12-19 03:26:00+09:00,2.4863,2.4887,2.4832,2.4849,1226345.3
2024-12-19 03:27:00+09:00,2.4850,2.4853,2.4835,2.4852,465539.7
2024-12-19 03:28:00+09:00,2.4851,2.4869,2.4841,2.4855,530169.9
2024-12-19 03:29:00+09:00,2.4855,2.4870,2.4843,2.4866,482460.8
2024-12-19 03:30:00+09:00,2.4867,2.4881,2.4855,2.4879,449021.7
2024-12-19 03:31:00+09:00,2.4879,2.4962,2.4877,2.4913,1926039.6
2024-12-19 03:32:00+09:00,2.4913,2.4926,2.4875,2.4876,878838.1
2024-12-19 03:33:00+09:00,2.4876,2.4884,2.4811,2.4820,1065747.5
2024-12-19 03:34:00+09:00,2.4820,2.4830,2.4768,2.4814,1384380.7
2024-12-19 03:35:00+09:00,2.4814,2.4821,2.4779,2.4782,380763.8
2024-12-19 03:36:00+09:00,2.4782,2.4810,2.4772,2.4786,774274.3
2024-12-19 03:37:00+09:00,2.4786,2.4838,2.4786,2.4825,517202.7
2024-12-19 03:38:00+09:00,2.4824,2.4853,2.4820,2.4834,281408.0
2024-12-19 03:39:00+09:00,2.4833,2.4845,2.4809,2.4833,419005.3
2024-12-19 03:40:00+09:00,2.4833,2.4840,2.4817,2.4817,388452.7
2024-12-19 03:41:00+09:00,2.4818,2.4833,2.4759,2.4771,1195371.6
2024-12-19 03:42:00+09:00,2.4771,2.4820,2.4759,2.4802,749726.3
2024-12-19 03:43:00+09:00,2.4802,2.4854,2.4797,2.4847,543362.0
2024-12-19 03:44:00+09:00,2.4848,2.4855,2.4815,2.4816,760732.7
2024-12-19 03:45:00+09:00,2.4817,2.4821,2.4789,2.4812,543050.0
2024-12-19 03:46:00+09:00,2.4812,2.4898,2.4812,2.4863,1276429.4
2024-12-19 03:47:00+09:00,2.4863,2.4899,2.4859,2.4873,844055.3
2024-12-19 03:48:00+09:00,2.4874,2.4886,2.4856,2.4874,545166.9
2024-12-19 03:49:00+09:00,2.4873,2.4875,2.4838,2.4874,561817.9
2024-12-19 03:50:00+09:00,2.4875,2.4918,2.4875,2.4910,875118.9
2024-12-19 03:51:00+09:00,2.4910,2.4924,2.4887,2.4896,548054.9
2024-12-19 03:52:00+09:00,2.4896,2.4931,2.4896,2.4924,520068.9
2024-12-19 03:53:00+09:00,2.4925,2.4948,2.4910,2.4918,819027.6
2024-12-19 03:54:00+09:00,2.4918,2.4959,2.4918,2.4944,535610.4
2024-12-19 03:55:00+09:00,2.4944,2.4950,2.4914,2.4920,721993.8
2024-12-19 03:56:00+09:00,2.4920,2.4956,2.4916,2.4939,531668.4
2024-12-19 03:57:00+09:00,2.4939,2.5018,2.4933,2.5011,1710929.7
2024-12-19 03:58:00+09:00,2.5012,2.5076,2.5007,2.5061,2434384.9
2024-12-19 03:59:00+09:00,2.5061,2.5148,2.5049,2.5127,2978036.0
2024-12-19 04:00:00+09:00,2.5127,2.5145,2.4997,2.5038,8154101.8
2024-12-19 04:01:00+09:00,2.5038,2.5042,2.4802,2.4908,6762038.6
2024-12-19 04:02:00+09:00,2.4908,2.4992,2.4842,2.4938,4130383.4
2024-12-19 04:03:00+09:00,2.4937,2.4974,2.4889,2.4915,2657612.7
2024-12-19 04:04:00+09:00,2.4914,2.4939,2.4860,2.4883,1837025.9
2024-12-19 04:05:00+09:00,2.4885,2.4887,2.4750,2.4756,3076835.0
2024-12-19 04:06:00+09:00,2.4756,2.4765,2.4617,2.4659,8178234.1
2024-12-19 04:07:00+09:00,2.4659,2.4660,2.4531,2.4625,6450877.9
2024-12-19 04:08:00+09:00,2.4626,2.4692,2.4587,2.4592,2698386.9
2024-12-19 04:09:00+09:00,2.4593,2.4598,2.4526,2.4535,1898482.6
2024-12-19 04:10:00+09:00,2.4531,2.4594,2.4517,2.4531,2844235.3
2024-12-19 04:11:00+09:00,2.4532,2.4648,2.4445,2.4648,6188228.7
2024-12-19 04:12:00+09:00,2.4649,2.4678,2.4576,2.4659,3295877.6
2024-12-19 04:13:00+09:00,2.4660,2.4689,2.4621,2.4673,2668641.5
2024-12-19 04:14:00+09:00,2.4673,2.4771,2.4673,2.4724,3662702.1
2024-12-19 04:15:00+09:00,2.4721,2.4790,2.4702,2.4745,2788169.5
2024-12-19 04:16:00+09:00,2.4744,2.4744,2.4639,2.4650,1969374.2
2024-12-19 04:17:00+09:00,2.4650,2.4698,2.4597,2.4666,1638564.7
2024-12-19 04:18:00+09:00,2.4667,2.4675,2.4566,2.4572,2349908.6
2024-12-19 04:19:00+09:00,2.4571,2.4610,2.4559,2.4600,1454851.8
2024-12-19 04:20:00+09:00,2.4600,2.4679,2.4586,2.4660,1171829.7
2024-12-19 04:21:00+09:00,2.4660,2.4761,2.4660,2.4750,1409599.4
2024-12-19 04:22:00+09:00,2.4751,2.4928,2.4738,2.4886,2899912.0
2024-12-19 04:23:00+09:00,2.4885,2.4902,2.4819,2.4826,2317843.6
2024-12-19 04:24:00+09:00,2.4826,2.4831,2.4767,2.4815,2816842.9
2024-12-19 04:25:00+09:00,2.4814,2.4850,2.4764,2.4768,877065.4
2024-12-19 04:26:00+09:00,2.4769,2.4784,2.4729,2.4743,1487887.7
2024-12-19 04:27:00+09:00,2.4744,2.4757,2.4708,2.4735,1086356.5
2024-12-19 04:28:00+09:00,2.4734,2.4734,2.4645,2.4667,1746888.0
2024-12-19 04:29:00+09:00,2.4666,2.4704,2.4655,2.4703,855028.0
2024-12-19 04:30:00+09:00,2.4703,2.4787,2.4677,2.4775,1509357.9
2024-12-19 04:31:00+09:00,2.4777,2.4814,2.4744,2.4756,1247140.7
2024-12-19 04:32:00+09:00,2.4761,2.4898,2.4757,2.4897,1610626.9
2024-12-19 04:33:00+09:00,2.4897,2.4940,2.4873,2.4922,2292239.7
2024-12-19 04:34:00+09:00,2.4922,2.4945,2.4889,2.4938,1324773.4
2024-12-19 04:35:00+09:00,2.4938,2.4996,2.4926,2.4966,1854803.3
2024-12-19 04:36:00+09:00,2.4965,2.4977,2.4936,2.4960,984826.0
2024-12-19 04:37:00+09:00,2.4960,2.4976,2.4858,2.4881,1815421.5
2024-12-19 04:38:00+09:00,2.4881,2.4887,2.4820,2.4824,1286960.3
2024-12-19 04:39:00+09:00,2.4824,2.4875,2.4806,2.4846,2076865.6
2024-12-19 04:40:00+09:00,2.4846,2.4957,2.4840,2.4926,1289511.1
2024-12-19 04:41:00+09:00,2.4925,2.4957,2.4886,2.4888,756333.8
2024-12-19 04:42:00+09:00,2.4887,2.4894,2.4820,2.4839,966224.5
2024-12-19 04:43:00+09:00,2.4838,2.4843,2.4753,2.4804,2002699.7
2024-12-19 04:44:00+09:00,2.4803,2.4827,2.4751,2.4752,1252887.3
2024-12-19 04:45:00+09:00,2.4752,2.4755,2.4669,2.4679,2156455.7
2024-12-19 04:46:00+09:00,2.4678,2.4695,2.4546,2.4547,3203623.9
2024-12-19 04:47:00+09:00,2.4547,2.4561,2.4468,2.4521,5603021.4
2024-12-19 04:48:00+09:00,2.4520,2.4530,2.4322,2.4413,7651045.2
2024-12-19 04:49:00+09:00,2.4413,2.4456,2.4350,2.4446,3740984.0
2024-12-19 04:50:00+09:00,2.4446,2.4537,2.4429,2.4457,4123909.2
2024-12-19 04:51:00+09:00,2.4457,2.4481,2.4351,2.4352,2758637.3
2024-12-19 04:52:00+09:00,2.4353,2.4392,2.4314,2.4364,2779042.2
2024-12-19 04:53:00+09:00,2.4363,2.4410,2.4333,2.4401,1555058.5
2024-12-19 04:54:00+09:00,2.4401,2.4401,2.4253,2.4310,3770763.8
2024-12-19 04:55:00+09:00,2.4310,2.4346,2.4260,2.4343,2321165.0
2024-12-19 04:56:00+09:00,2.4343,2.4382,2.4272,2.4278,2143212.9
2024-12-19 04:57:00+09:00,2.4279,2.4312,2.4107,2.4172,7438827.8
2024-12-19 04:58:00+09:00,2.4172,2.4274,2.4060,2.4143,10218768.2
2024-12-19 04:59:00+09:00,2.4142,2.4145,2.4010,2.4010,7435867.9
2024-12-19 05:00:00+09:00,2.4012,2.4193,2.4001,2.4101,6889885.6
2024-12-19 05:01:00+09:00,2.4102,2.4167,2.4052,2.4091,3596393.4
2024-12-19 05:02:00+09:00,2.4093,2.4099,2.3768,2.3885,17210263.0
2024-12-19 05:03:00+09:00,2.3885,2.3916,2.3602,2.3723,18955608.6
2024-12-19 05:04:00+09:00,2.3722,2.3805,2.3623,2.3733,17021933.6
2024-12-19 05:05:00+09:00,2.3734,2.3808,2.3666,2.3718,8287816.9
2024-12-19 05:06:00+09:00,2.3717,2.3744,2.3535,2.3583,9556168.1
2024-12-19 05:07:00+09:00,2.3582,2.3598,2.2500,2.2649,34969243.0
2024-12-19 05:08:00+09:00,2.2683,2.3099,2.2313,2.2840,43835772.5
2024-12-19 05:09:00+09:00,2.2840,2.3470,2.2830,2.3259,25769951.0
2024-12-19 05:10:00+09:00,2.3259,2.3307,2.2695,2.3219,21346054.3
2024-12-19 05:11:00+09:00,2.3219,2.3696,2.3209,2.3599,17590573.9
2024-12-19 05:12:00+09:00,2.3599,2.3815,2.3510,2.3608,19272833.6
2024-12-19 05:13:00+09:00,2.3608,2.3608,2.3224,2.3443,16124228.8
2024-12-19 05:14:00+09:00,2.3440,2.3577,2.3175,2.3549,14207651.9
2024-12-19 05:15:00+09:00,2.3549,2.3650,2.3440,2.3513,11170144.8
2024-12-19 05:16:00+09:00,2.3513,2.3545,2.3388,2.3402,6100236.7
2024-12-19 05:17:00+09:00,2.3404,2.3420,2.3031,2.3085,14129925.6
2024-12-19 05:18:00+09:00,2.3082,2.3359,2.3022,2.3229,15394910.2
2024-12-19 05:19:00+09:00,2.3237,2.3425,2.3120,2.3271,12802405.6
2024-12-19 05:20:00+09:00,2.3271,2.3643,2.3213,2.3599,12180914.3
2024-12-19 05:21:00+09:00,2.3599,2.3723,2.3558,2.3697,8371378.3
2024-12-19 05:22:00+09:00,2.3695,2.3750,2.3534,2.3548,6844271.8
2024-12-19 05:23:00+09:00,2.3550,2.3601,2.3360,2.3412,7846377.7
2024-12-19 05:24:00+09:00,2.3412,2.3488,2.3306,2.3412,6753694.7
2024-12-19 05:25:00+09:00,2.3412,2.3624,2.3412,2.3527,5662382.9
2024-12-19 05:26:00+09:00,2.3527,2.3655,2.3481,2.3535,5367491.3
2024-12-19 05:27:00+09:00,2.3539,2.3658,2.3459,2.3634,6524133.0
2024-12-19 05:28:00+09:00,2.3634,2.3754,2.3620,2.3700,6026393.6
2024-12-19 05:29:00+09:00,2.3701,2.3713,2.3546,2.3555,3599129.7
2024-12-19 05:30:00+09:00,2.3554,2.3654,2.3495,2.3538,3880243.5
2024-12-19 05:31:00+09:00,2.3538,2.3610,2.3467,2.3609,3583652.3
2024-12-19 05:32:00+09:00,2.3608,2.3683,2.3529,2.3588,3440261.2
2024-12-19 05:33:00+09:00,2.3589,2.3631,2.3551,2.3586,2737073.3
2024-12-19 05:34:00+09:00,2.3589,2.3673,2.3458,2.3479,3995247.0
2024-12-19 05:35:00+09:00,2.3479,2.3649,2.3468,2.3615,4134371.1
2024-12-19 05:36:00+09:00,2.3614,2.3702,2.3557,2.3563,3655138.0
2024-12-19 05:37:00+09:00,2.3563,2.3594,2.3482,2.3527,3364280.6
2024-12-19 05:38:00+09:00,2.3528,2.3579,2.3446,2.3457,3478005.2
2024-12-19 05:39:00+09:00,2.3457,2.3480,2.3350,2.3388,5720362.2
2024-12-19 05:40:00+09:00,2.3388,2.3426,2.3327,2.3413,4118038.8
2024-12-19 05:41:00+09:00,2.3411,2.3418,2.3270,2.3316,4388737.7
2024-12-19 05:42:00+09:00,2.3316,2.3475,2.3287,2.3425,4373628.3
2024-12-19 05:43:00+09:00,2.3425,2.3429,2.3220,2.3253,4431467.2
2024-12-19 05:44:00+09:00,2.3247,2.3257,2.3146,2.3183,5093029.4
2024-12-19 05:45:00+09:00,2.3182,2.3300,2.3174,2.3279,3928347.8
2024-12-19 05:46:00+09:00,2.3279,2.3348,2.3202,2.3205,3169978.2
2024-12-19 05:47:00+09:00,2.3204,2.3279,2.3114,2.3223,4552162.4
2024-12-19 05:48:00+09:00,2.3222,2.3292,2.3162,2.3290,3177136.0
2024-12-19 05:49:00+09:00,2.3290,2.3505,2.3282,2.3505,4894848.6
2024-12-19 05:50:00+09:00,2.3495,2.3616,2.3386,2.3428,9548842.2
2024-12-19 05:51:00+09:00,2.3428,2.3532,2.3427,2.3501,3619533.7
2024-12-19 05:52:00+09:00,2.3503,2.3596,2.3467,2.3589,3035611.0
2024-12-19 05:53:00+09:00,2.3588,2.3653,2.3543,2.3648,3238974.3
2024-12-19 05:54:00+09:00,2.3648,2.3659,2.3581,2.3606,2805902.6
2024-12-19 05:55:00+09:00,2.3605,2.3605,2.3466,2.3495,3230826.1
2024-12-19 05:56:00+09:00,2.3496,2.3556,2.3453,2.3502,2702799.3
2024-12-19 05:57:00+09:00,2.3500,2.3526,2.3436,2.3450,2151819.1
2024-12-19 05:58:00+09:00,2.3449,2.3452,2.3332,2.3356,3107882.2
2024-12-19 05:59:00+09:00,2.3355,2.3393,2.3180,2.3278,4605311.5
2024-12-19 06:00:00+09:00,2.3277,2.3442,2.3270,2.3348,7050791.9
2024-12-19 06:01:00+09:00,2.3349,2.3383,2.3251,2.3383,3494214.6
2024-12-19 06:02:00+09:00,2.3376,2.3403,2.3296,2.3386,2611726.3
2024-12-19 06:03:00+09:00,2.3386,2.3448,2.3268,2.3285,2346343.7
2024-12-19 06:04:00+09:00,2.3285,2.3297,2.3210,2.3270,3101154.7
2024-12-19 06:05:00+09:00,2.3270,2.3309,2.3198,2.3225,2184564.6
2024-12-19 06:06:00+09:00,2.3224,2.3234,2.3180,2.3220,2057500.6
2024-12-19 06:07:00+09:00,2.3221,2.3281,2.3214,2.3228,1613820.4
2024-12-19 06:08:00+09:00,2.3227,2.3358,2.3207,2.3353,2242148.2
2024-12-19 06:09:00+09:00,2.3353,2.3459,2.3342,2.3363,4135468.5
2024-12-19 06:10:00+09:00,2.3364,2.3418,2.3265,2.3331,2267005.0
2024-12-19 06:11:00+09:00,2.3332,2.3468,2.3325,2.3452,2034504.1
2024-12-19 06:12:00+09:00,2.3452,2.3474,2.3395,2.3472,1997578.0
2024-12-19 06:13:00+09:00,2.3471,2.3510,2.3455,2.3478,2030542.9
2024-12-19 06:14:00+09:00,2.3479,2.3533,2.3460,2.3518,1938716.2
2024-12-19 06:15:00+09:00,2.3517,2.3606,2.3498,2.3538,3264644.5
2024-12-19 06:16:00+09:00,2.3537,2.3537,2.3365,2.3367,3115742.8
2024-12-19 06:17:00+09:00,2.3367,2.3414,2.3347,2.3357,1777311.2
2024-12-19 06:18:00+09:00,2.3357,2.3453,2.3351,2.3442,1357126.0
2024-12-19 06:19:00+09:00,2.3445,2.3476,2.3410,2.3417,1231671.3
2024-12-19 06:20:00+09:00,2.3416,2.3509,2.3395,2.3487,1918031.1
2024-12-19 06:21:00+09:00,2.3488,2.3587,2.3487,2.3530,1573177.7
2024-12-19 06:22:00+09:00,2.3530,2.3536,2.3449,2.3449,2161899.2
2024-12-19 06:23:00+09:00,2.3448,2.3543,2.3435,2.3516,1901167.6
2024-12-19 06:24:00+09:00,2.3516,2.3557,2.3471,2.3557,1189122.6
2024-12-19 06:25:00+09:00,2.3558,2.3563,2.3494,2.3534,1185158.3
2024-12-19 06:26:00+09:00,2.3535,2.3611,2.3535,2.3599,1775740.9
2024-12-19 06:27:00+09:00,2.3599,2.3599,2.3475,2.3489,2467854.5
2024-12-19 06:28:00+09:00,2.3489,2.3602,2.3487,2.3575,1779534.8
2024-12-19 06:29:00+09:00,2.3575,2.3579,2.3523,2.3550,1161928.1
2024-12-19 06:30:00+09:00,2.3550,2.3602,2.3550,2.3559,1462923.3
2024-12-19 06:31:00+09:00,2.3559,2.3659,2.3555,2.3659,2239562.5
2024-12-19 06:32:00+09:00,2.3659,2.3660,2.3594,2.3603,1675853.8
2024-12-19 06:33:00+09:00,2.3603,2.3718,2.3585,2.3706,2724949.6
2024-12-19 06:34:00+09:00,2.3704,2.3728,2.3673,2.3707,1664639.2
2024-12-19 06:35:00+09:00,2.3708,2.3793,2.3698,2.3783,2549169.2
2024-12-19 06:36:00+09:00,2.3784,2.3818,2.3735,2.3805,2789774.0
2024-12-19 06:37:00+09:00,2.3804,2.3914,2.3784,2.3889,4112417.0
2024-12-19 06:38:00+09:00,2.3889,2.3938,2.3871,2.3912,4255042.7
2024-12-19 06:39:00+09:00,2.3912,2.3912,2.3710,2.3771,3378452.5
2024-12-19 06:40:00+09:00,2.3772,2.3856,2.3772,2.3810,2111538.5
2024-12-19 06:41:00+09:00,2.3810,2.3826,2.3759,2.3780,1654321.5
2024-12-19 06:42:00+09:00,2.3780,2.3791,2.3697,2.3701,1541194.7
2024-12-19 06:43:00+09:00,2.3701,2.3769,2.3701,2.3755,1058893.4
2024-12-19 06:44:00+09:00,2.3755,2.3767,2.3718,2.3726,774429.2
2024-12-19 06:45:00+09:00,2.3727,2.3767,2.3701,2.3757,960384.1
2024-12-19 06:46:00+09:00,2.3757,2.3761,2.3569,2.3626,3545057.3
2024-12-19 06:47:00+09:00,2.3627,2.3678,2.3620,2.3620,1304366.0
2024-12-19 06:48:00+09:00,2.3620,2.3639,2.3565,2.3610,2054977.7
2024-12-19 06:49:00+09:00,2.3610,2.3632,2.3566,2.3585,1419965.0
2024-12-19 06:50:00+09:00,2.3585,2.3599,2.3559,2.3559,1109289.9
2024-12-19 06:51:00+09:00,2.3559,2.3637,2.3557,2.3608,982167.0
2024-12-19 06:52:00+09:00,2.3608,2.3671,2.3578,2.3658,873353.0
2024-12-19 06:53:00+09:00,2.3659,2.3659,2.3586,2.3598,1576778.8
2024-12-19 06:54:00+09:00,2.3599,2.3671,2.3595,2.3659,846064.2
2024-12-19 06:55:00+09:00,2.3660,2.3675,2.3614,2.3654,805748.5
2024-12-19 06:56:00+09:00,2.3654,2.3654,2.3584,2.3585,808408.3
2024-12-19 06:57:00+09:00,2.3587,2.3620,2.3576,2.3619,615642.9
2024-12-19 06:58:00+09:00,2.3619,2.3636,2.3598,2.3612,641551.0
2024-12-19 06:59:00+09:00,2.3612,2.3622,2.3478,2.3486,2027161.1
2024-12-19 07:00:00+09:00,2.3486,2.3540,2.3482,2.3495,2876236.7
2024-12-19 07:01:00+09:00,2.3494,2.3495,2.3433,2.3446,1808323.5
2024-12-19 07:02:00+09:00,2.3446,2.3456,2.3409,2.3415,1503316.4
2024-12-19 07:03:00+09:00,2.3415,2.3453,2.3378,2.3398,1893393.1
2024-12-19 07:04:00+09:00,2.3399,2.3509,2.3388,2.3457,1302062.3
2024-12-19 07:05:00+09:00,2.3456,2.3477,2.3384,2.3423,2851439.4
2024-12-19 07:06:00+09:00,2.3423,2.3450,2.3408,2.3409,950658.9
2024-12-19 07:07:00+09:00,2.3409,2.3410,2.3326,2.3331,2126752.8
2024-12-19 07:08:00+09:00,2.3330,2.3368,2.3327,2.3351,1997249.6
2024-12-19 07:09:00+09:00,2.3351,2.3372,2.3319,2.3332,954974.6
2024-12-19 07:10:00+09:00,2.3332,2.3366,2.3326,2.3330,1005773.3
2024-12-19 07:11:00+09:00,2.3329,2.3334,2.3268,2.3305,2678936.9
2024-12-19 07:12:00+09:00,2.3305,2.3358,2.3297,2.3326,901551.6
2024-12-19 07:13:00+09:00,2.3325,2.3421,2.3323,2.3377,2134811.3
2024-12-19 07:14:00+09:00,2.3377,2.3426,2.3377,2.3394,1045433.8
2024-12-19 07:15:00+09:00,2.3394,2.3412,2.3314,2.3343,1323831.0
2024-12-19 07:16:00+09:00,2.3342,2.3448,2.3341,2.3446,1433840.0
2024-12-19 07:17:00+09:00,2.3446,2.3460,2.3399,2.3450,1191643.5
2024-12-19 07:18:00+09:00,2.3451,2.3533,2.3451,2.3529,1663042.3
2024-12-19 07:19:00+09:00,2.3529,2.3531,2.3456,2.3473,982293.3
2024-12-19 07:20:00+09:00,2.3474,2.3492,2.3418,2.3477,1466219.9
2024-12-19 07:21:00+09:00,2.3477,2.3532,2.3457,2.3511,926007.1
2024-12-19 07:22:00+09:00,2.3511,2.3519,2.3440,2.3440,760431.6
2024-12-19 07:23:00+09:00,2.3440,2.3465,2.3397,2.3429,752800.8
2024-12-19 07:24:00+09:00,2.3430,2.3528,2.3430,2.3528,584768.7
2024-12-19 07:25:00+09:00,2.3528,2.3540,2.3465,2.3513,868051.7
2024-12-19 07:26:00+09:00,2.3513,2.3585,2.3512,2.3578,858154.1
2024-12-19 07:27:00+09:00,2.3578,2.3674,2.3571,2.3663,2060812.9
2024-12-19 07:28:00+09:00,2.3663,2.3663,2.3573,2.3588,1154440.9
2024-12-19 07:29:00+09:00,2.3588,2.3643,2.3583,2.3616,1032746.0
2024-12-19 07:30:00+09:00,2.3616,2.3616,2.3514,2.3581,1478106.5
2024-12-19 07:31:00+09:00,2.3582,2.3639,2.3546,2.3607,935848.2
2024-12-19 07:32:00+09:00,2.3607,2.3692,2.3606,2.3688,1143025.2
2024-12-19 07:33:00+09:00,2.3688,2.3714,2.3673,2.3704,1149792.5
2024-12-19 07:34:00+09:00,2.3704,2.3731,2.3668,2.3718,1309506.8
2024-12-19 07:35:00+09:00,2.3719,2.3733,2.3685,2.3694,983879.5
2024-12-19 07:36:00+09:00,2.3694,2.3740,2.3648,2.3686,1488519.0
2024-12-19 07:37:00+09:00,2.3687,2.3699,2.3597,2.3619,1387251.0
2024-12-19 07:38:00+09:00,2.3619,2.3647,2.3599,2.3627,601019.6
2024-12-19 07:39:00+09:00,2.3627,2.3696,2.3626,2.3696,560689.5
2024-12-19 07:40:00+09:00,2.3695,2.3695,2.3656,2.3656,711413.9
2024-12-19 07:41:00+09:00,2.3656,2.3668,2.3577,2.3601,1044051.8
2024-12-19 07:42:00+09:00,2.3601,2.3630,2.3552,2.3560,933120.0
2024-12-19 07:43:00+09:00,2.3561,2.3592,2.3551,2.3552,469711.6
2024-12-19 07:44:00+09:00,2.3553,2.3555,2.3483,2.3491,1192418.3
2024-12-19 07:45:00+09:00,2.3491,2.3551,2.3491,2.3545,980776.7
2024-12-19 07:46:00+09:00,2.3546,2.3551,2.3498,2.3498,448105.5
2024-12-19 07:47:00+09:00,2.3498,2.3522,2.3434,2.3439,1922102.5
2024-12-19 07:48:00+09:00,2.3440,2.3468,2.3437,2.3444,501477.8
2024-12-19 07:49:00+09:00,2.3445,2.3521,2.3440,2.3505,756684.9
2024-12-19 07:50:00+09:00,2.3506,2.3581,2.3471,2.3574,1064904.9
2024-12-19 07:51:00+09:00,2.3574,2.3594,2.3567,2.3587,824990.4
2024-12-19 07:52:00+09:00,2.3587,2.3600,2.3558,2.3588,1054722.9
2024-12-19 07:53:00+09:00,2.3588,2.3623,2.3573,2.3615,976713.1
2024-12-19 07:54:00+09:00,2.3615,2.3633,2.3562,2.3574,972260.1
2024-12-19 07:55:00+09:00,2.3573,2.3574,2.3539,2.3558,530834.5
2024-12-19 07:56:00+09:00,2.3558,2.3571,2.3519,2.3523,495244.7
2024-12-19 07:57:00+09:00,2.3523,2.3557,2.3522,2.3532,311386.8
2024-12-19 07:58:00+09:00,2.3531,2.3532,2.3479,2.3480,431816.6
2024-12-19 07:59:00+09:00,2.3479,2.3487,2.3401,2.3461,1327548.6
2024-12-19 08:00:00+09:00,2.3461,2.3493,2.3426,2.3468,1004036.2
2024-12-19 08:01:00+09:00,2.3468,2.3468,2.3390,2.3404,1006390.0
2024-12-19 08:02:00+09:00,2.3404,2.3418,2.3366,2.3410,1367046.1
2024-12-19 08:03:00+09:00,2.3410,2.3445,2.3319,2.3346,1681981.2
2024-12-19 08:04:00+09:00,2.3345,2.3345,2.3259,2.3325,2381784.5
2024-12-19 08:05:00+09:00,2.3325,2.3368,2.3183,2.3207,4698456.8
2024-12-19 08:06:00+09:00,2.3208,2.3312,2.3208,2.3301,2683369.7
2024-12-19 08:07:00+09:00,2.3301,2.3347,2.3279,2.3331,1190309.1
2024-12-19 08:08:00+09:00,2.3331,2.3400,2.3311,2.3398,744837.3
2024-12-19 08:09:00+09:00,2.3398,2.3402,2.3336,2.3339,978894.2
2024-12-19 08:10:00+09:00,2.3338,2.3338,2.3264,2.3270,1242817.2
2024-12-19 08:11:00+09:00,2.3270,2.3287,2.3211,2.3246,1556507.0
2024-12-19 08:12:00+09:00,2.3246,2.3249,2.3157,2.3202,2228031.8
2024-12-19 08:13:00+09:00,2.3202,2.3226,2.3192,2.3206,1214331.5
2024-12-19 08:14:00+09:00,2.3206,2.3212,2.3154,2.3178,1094257.6
2024-12-19 08:15:00+09:00,2.3178,2.3252,2.3172,2.3238,1784249.8
2024-12-19 08:16:00+09:00,2.3237,2.3243,2.3174,2.3194,1061365.6
2024-12-19 08:17:00+09:00,2.3194,2.3194,2.3164,2.3166,1054585.1
2024-12-19 08:18:00+09:00,2.3166,2.3166,2.3113,2.3113,3187170.6
2024-12-19 08:19:00+09:00,2.3114,2.3210,2.3114,2.3200,1940572.6
2024-12-19 08:20:00+09:00,2.3201,2.3220,2.3143,2.3145,1239918.3
2024-12-19 08:21:00+09:00,2.3145,2.3277,2.3134,2.3244,2546346.2
2024-12-19 08:22:00+09:00,2.3244,2.3244,2.3187,2.3238,1469421.5
2024-12-19 08:23:00+09:00,2.3238,2.3330,2.3228,2.3323,1192424.4
2024-12-19 08:24:00+09:00,2.3322,2.3382,2.3280,2.3374,1660117.6
2024-12-19 08:25:00+09:00,2.3375,2.3377,2.3288,2.3309,1572091.7
2024-12-19 08:26:00+09:00,2.3310,2.3417,2.3304,2.3417,1949106.3
2024-12-19 08:27:00+09:00,2.3417,2.3457,2.3382,2.3447,2338274.0
2024-12-19 08:28:00+09:00,2.3447,2.3459,2.3381,2.3406,1374098.6
2024-12-19 08:29:00+09:00,2.3405,2.3486,2.3399,2.3469,1201602.1
2024-12-19 08:30:00+09:00,2.3469,2.3474,2.3404,2.3414,1103841.5
2024-12-19 08:31:00+09:00,2.3415,2.3421,2.3282,2.3293,1628099.2
2024-12-19 08:32:00+09:00,2.3293,2.3329,2.3272,2.3289,1491263.8
2024-12-19 08:33:00+09:00,2.3289,2.3321,2.3245,2.3245,1042298.9
2024-12-19 08:34:00+09:00,2.3244,2.3302,2.3237,2.3286,998776.6
2024-12-19 08:35:00+09:00,2.3286,2.3304,2.3252,2.3279,659083.2
2024-12-19 08:36:00+09:00,2.3277,2.3286,2.3217,2.3225,856833.5
2024-12-19 08:37:00+09:00,2.3225,2.3266,2.3158,2.3164,1790606.1
2024-12-19 08:38:00+09:00,2.3164,2.3176,2.3067,2.3091,3435452.6
2024-12-19 08:39:00+09:00,2.3091,2.3102,2.3013,2.3044,2702778.3
2024-12-19 08:40:00+09:00,2.3045,2.3162,2.3041,2.3151,1868013.7
2024-12-19 08:41:00+09:00,2.3152,2.3164,2.3092,2.3111,1007084.2
2024-12-19 08:42:00+09:00,2.3111,2.3136,2.3048,2.3072,1742240.9
2024-12-19 08:43:00+09:00,2.3073,2.3088,2.2958,2.3025,3537480.2
2024-12-19 08:44:00+09:00,2.3025,2.3049,2.2929,2.2933,2553242.5
2024-12-19 08:45:00+09:00,2.2933,2.3010,2.2907,2.2962,3208071.7
2024-12-19 08:46:00+09:00,2.2963,2.2967,2.2901,2.2966,2642944.5
2024-12-19 08:47:00+09:00,2.2965,2.2981,2.2857,2.2865,5815030.5
2024-12-19 08:48:00+09:00,2.2865,2.2933,2.2800,2.2803,5432119.2
2024-12-19 08:49:00+09:00,2.2803,2.2862,2.2756,2.2771,6919715.4
2024-12-19 08:50:00+09:00,2.2771,2.2918,2.2759,2.2909,3980546.6
2024-12-19 08:51:00+09:00,2.2909,2.2936,2.2796,2.2918,3995445.9
2024-12-19 08:52:00+09:00,2.2918,2.3020,2.2906,2.3003,2483309.1
2024-12-19 08:53:00+09:00,2.3004,2.3061,2.2977,2.2991,2855663.5
2024-12-19 08:54:00+09:00,2.2991,2.3004,2.2947,2.2991,1289700.3
2024-12-19 08:55:00+09:00,2.2990,2.2995,2.2900,2.2995,1681714.5
2024-12-19 08:56:00+09:00,2.2994,2.3066,2.2951,2.3066,1428639.8
2024-12-19 08:57:00+09:00,2.3065,2.3092,2.2952,2.2977,2358883.5
2024-12-19 08:58:00+09:00,2.2978,2.3061,2.2977,2.3060,2256216.9
2024-12-19 08:59:00+09:00,2.3061,2.3123,2.3030,2.3090,2046291.2
2024-12-19 09:00:00+09:00,2.3089,2.3164,2.3070,2.3164,5748718.1
2024-12-19 09:01:00+09:00,2.3163,2.3206,2.3136,2.3166,4965853.6
2024-12-19 09:02:00+09:00,2.3165,2.3171,2.2947,2.2982,5384514.5
2024-12-19 09:03:00+09:00,2.2982,2.3185,2.2963,2.3142,4102550.4
2024-12-19 09:04:00+09:00,2.3141,2.3189,2.3010,2.3010,5253082.1
2024-12-19 09:05:00+09:00,2.3010,2.3232,2.2997,2.3202,3610885.0
2024-12-19 09:06:00+09:00,2.3201,2.3280,2.3172,2.3244,3953112.0
2024-12-19 09:07:00+09:00,2.3244,2.3368,2.3235,2.3281,2905575.2
2024-12-19 09:08:00+09:00,2.3281,2.3319,2.3182,2.3190,3091118.4
2024-12-19 09:09:00+09:00,2.3191,2.3297,2.3186,2.3256,2130911.6
2024-12-19 09:10:00+09:00,2.3256,2.3368,2.3252,2.3300,2952994.9
2024-12-19 09:11:00+09:00,2.3299,2.3325,2.3239,2.3314,2586087.9
2024-12-19 09:12:00+09:00,2.3313,2.3420,2.3307,2.3416,2438295.4
2024-12-19 09:13:00+09:00,2.3416,2.3439,2.3354,2.3413,2367511.9
2024-12-19 09:14:00+09:00,2.3412,2.3468,2.3403,2.3459,2393566.0
2024-12-19 09:15:00+09:00,2.3459,2.3465,2.3372,2.3450,2682911.5
2024-12-19 09:16:00+09:00,2.3450,2.3474,2.3366,2.3375,2830578.1
2024-12-19 09:17:00+09:00,2.3378,2.3408,2.3293,2.3325,2232782.1
2024-12-19 09:18:00+09:00,2.3326,2.3410,2.3320,2.3320,1401833.7
2024-12-19 09:19:00+09:00,2.3320,2.3333,2.3260,2.3301,2749200.1
2024-12-19 09:20:00+09:00,2.3301,2.3402,2.3254,2.3379,2296949.7
2024-12-19 09:21:00+09:00,2.3378,2.3380,2.3315,2.3352,1622455.6
2024-12-19 09:22:00+09:00,2.3354,2.3458,2.3354,2.3451,2028707.8
2024-12-19 09:23:00+09:00,2.3452,2.3453,2.3354,2.3360,1705485.7
2024-12-19 09:24:00+09:00,2.3359,2.3408,2.3335,2.3388,968379.3
2024-12-19 09:25:00+09:00,2.3388,2.3444,2.3365,2.3426,844251.6
2024-12-19 09:26:00+09:00,2.3425,2.3455,2.3348,2.3376,922554.6
2024-12-19 09:27:00+09:00,2.3377,2.3446,2.3368,2.3444,1210008.5
2024-12-19 09:28:00+09:00,2.3444,2.3495,2.3425,2.3473,1504047.0
2024-12-19 09:29:00+09:00,2.3472,2.3501,2.3414,2.3425,1378174.3
2024-12-19 09:30:00+09:00,2.3425,2.3448,2.3357,2.3380,1745697.3
2024-12-19 09:31:00+09:00,2.3380,2.3408,2.3365,2.3390,716924.0
2024-12-19 09:32:00+09:00,2.3390,2.3412,2.3350,2.3411,1554570.7
2024-12-19 09:33:00+09:00,2.3411,2.3513,2.3362,2.3510,3044388.1
2024-12-19 09:34:00+09:00,2.3509,2.3513,2.3416,2.3427,1848828.9
2024-12-19 09:35:00+09:00,2.3427,2.3434,2.3328,2.3416,2643141.4
2024-12-19 09:36:00+09:00,2.3416,2.3425,2.3361,2.3399,758922.8
2024-12-19 09:37:00+09:00,2.3400,2.3409,2.3310,2.3326,983817.0
2024-12-19 09:38:00+09:00,2.3326,2.3352,2.3287,2.3331,1222633.9
2024-12-19 09:39:00+09:00,2.3331,2.3364,2.3302,2.3314,1021160.7
2024-12-19 09:40:00+09:00,2.3315,2.3322,2.3242,2.3250,1390676.6
2024-12-19 09:41:00+09:00,2.3250,2.3322,2.3248,2.3262,1273841.3
2024-12-19 09:42:00+09:00,2.3263,2.3268,2.3218,2.3224,1502348.0
2024-12-19 09:43:00+09:00,2.3225,2.3244,2.3180,2.3199,2115707.1
2024-12-19 09:44:00+09:00,2.3198,2.3208,2.3166,2.3174,860054.1
2024-12-19 09:45:00+09:00,2.3173,2.3247,2.3172,2.3193,2236807.1
2024-12-19 09:46:00+09:00,2.3194,2.3250,2.3182,2.3242,1613536.9
2024-12-19 09:47:00+09:00,2.3243,2.3397,2.3211,2.3389,2154486.7
2024-12-19 09:48:00+09:00,2.3389,2.3400,2.3319,2.3340,1461347.1
2024-12-19 09:49:00+09:00,2.3340,2.3396,2.3328,2.3342,972523.7
2024-12-19 09:50:00+09:00,2.3343,2.3398,2.3319,2.3319,1608868.2
2024-12-19 09:51:00+09:00,2.3319,2.3329,2.3256,2.3304,1050187.6
2024-12-19 09:52:00+09:00,2.3304,2.3360,2.3295,2.3360,805560.2
2024-12-19 09:53:00+09:00,2.3359,2.3395,2.3336,2.3364,692881.9
2024-12-19 09:54:00+09:00,2.3365,2.3398,2.3353,2.3366,634510.6
2024-12-19 09:55:00+09:00,2.3366,2.3374,2.3323,2.3342,575747.2
2024-12-19 09:56:00+09:00,2.3342,2.3435,2.3291,2.3389,2300443.4
2024-12-19 09:57:00+09:00,2.3389,2.3397,2.3349,2.3390,736674.4
2024-12-19 09:58:00+09:00,2.3389,2.3391,2.3342,2.3376,932291.8
2024-12-19 09:59:00+09:00,2.3376,2.3406,2.3357,2.3406,365421.0
2024-12-19 10:00:00+09:00,2.3405,2.3429,2.3373,2.3403,895583.0
2024-12-19 10:01:00+09:00,2.3404,2.3414,2.3302,2.3309,1268189.8
2024-12-19 10:02:00+09:00,2.3309,2.3316,2.3264,2.3283,966514.5
2024-12-19 10:03:00+09:00,2.3284,2.3348,2.3280,2.3329,545091.8
2024-12-19 10:04:00+09:00,2.3330,2.3330,2.3262,2.3262,504695.8
2024-12-19 10:05:00+09:00,2.3262,2.3265,2.3201,2.3246,1511371.4
2024-12-19 10:06:00+09:00,2.3247,2.3280,2.3224,2.3252,569294.9
2024-12-19 10:07:00+09:00,2.3252,2.3267,2.3198,2.3198,1007666.8
2024-12-19 10:08:00+09:00,2.3198,2.3207,2.3145,2.3153,1253815.8
2024-12-19 10:09:00+09:00,2.3153,2.3195,2.3142,2.3182,874967.4
2024-12-19 10:10:00+09:00,2.3183,2.3195,2.3149,2.3154,689105.0
2024-12-19 10:11:00+09:00,2.3154,2.3162,2.3113,2.3156,1631431.6
2024-12-19 10:12:00+09:00,2.3155,2.3240,2.3146,2.3213,777219.6
2024-12-19 10:13:00+09:00,2.3212,2.3264,2.3102,2.3105,1772800.5
2024-12-19 10:14:00+09:00,2.3104,2.3195,2.3101,2.3192,1277910.2
2024-12-19 10:15:00+09:00,2.3193,2.3207,2.3162,2.3194,576169.2
2024-12-19 10:16:00+09:00,2.3194,2.3250,2.3188,2.3235,756888.1
2024-12-19 10:17:00+09:00,2.3235,2.3289,2.3203,2.3272,1309236.3
2024-12-19 10:18:00+09:00,2.3271,2.3323,2.3229,2.3321,931658.0
2024-12-19 10:19:00+09:00,2.3320,2.3326,2.3284,2.3291,944745.8
2024-12-19 10:20:00+09:00,2.3290,2.3302,2.3236,2.3245,724668.4
2024-12-19 10:21:00+09:00,2.3246,2.3320,2.3246,2.3318,802939.1
2024-12-19 10:22:00+09:00,2.3317,2.3330,2.3284,2.3324,605529.4
2024-12-19 10:23:00+09:00,2.3323,2.3354,2.3302,2.3344,748725.5
2024-12-19 10:24:00+09:00,2.3344,2.3373,2.3333,2.3362,472300.2
2024-12-19 10:25:00+09:00,2.3362,2.3362,2.3287,2.3302,862244.4
2024-12-19 10:26:00+09:00,2.3303,2.3378,2.3284,2.3366,486348.0
2024-12-19 10:27:00+09:00,2.3367,2.3373,2.3284,2.3289,677691.1
2024-12-19 10:28:00+09:00,2.3289,2.3291,2.3197,2.3198,982932.4
2024-12-19 10:29:00+09:00,2.3198,2.3226,2.3184,2.3216,984925.2
2024-12-19 10:30:00+09:00,2.3216,2.3242,2.3139,2.3139,1003359.1
2024-12-19 10:31:00+09:00,2.3139,2.3162,2.3122,2.3133,1349593.9
2024-12-19 10:32:00+09:00,2.3133,2.3154,2.3103,2.3138,1056514.3
2024-12-19 10:33:00+09:00,2.3138,2.3157,2.3073,2.3078,1346229.2
2024-12-19 10:34:00+09:00,2.3079,2.3100,2.3057,2.3074,1288665.3
2024-12-19 10:35:00+09:00,2.3074,2.3120,2.3033,2.3111,1128263.8
2024-12-19 10:36:00+09:00,2.3110,2.3123,2.3074,2.3094,1201092.1
2024-12-19 10:37:00+09:00,2.3094,2.3120,2.3090,2.3102,675969.3
2024-12-19 10:38:00+09:00,2.3103,2.3128,2.3064,2.3078,481081.5
2024-12-19 10:39:00+09:00,2.3078,2.3134,2.3058,2.3120,653768.0
2024-12-19 10:40:00+09:00,2.3119,2.3126,2.3078,2.3108,743048.4
2024-12-19 10:41:00+09:00,2.3109,2.3135,2.3093,2.3093,889207.7
2024-12-19 10:42:00+09:00,2.3094,2.3099,2.3035,2.3042,1449930.3
2024-12-19 10:43:00+09:00,2.3041,2.3057,2.2989,2.2991,2167343.3
2024-12-19 10:44:00+09:00,2.2991,2.3056,2.2989,2.3056,690826.5
2024-12-19 10:45:00+09:00,2.3056,2.3117,2.3028,2.3114,833622.0
2024-12-19 10:46:00+09:00,2.3115,2.3168,2.3100,2.3128,1151434.9
2024-12-19 10:47:00+09:00,2.3128,2.3150,2.3105,2.3142,737141.1
2024-12-19 10:48:00+09:00,2.3142,2.3156,2.3103,2.3118,745184.8
2024-12-19 10:49:00+09:00,2.3117,2.3127,2.3027,2.3033,574615.8
2024-12-19 10:50:00+09:00,2.3033,2.3061,2.3001,2.3055,1205003.1
2024-12-19 10:51:00+09:00,2.3056,2.3069,2.3022,2.3026,430577.3
2024-12-19 10:52:00+09:00,2.3026,2.3026,2.2970,2.2973,1381529.5
2024-12-19 10:53:00+09:00,2.2974,2.2974,2.2904,2.2908,2109515.7
2024-12-19 10:54:00+09:00,2.2908,2.2986,2.2890,2.2898,2057408.0
2024-12-19 10:55:00+09:00,2.2899,2.2907,2.2826,2.2843,3286456.3
2024-12-19 10:56:00+09:00,2.2842,2.2864,2.2820,2.2823,1677101.0
2024-12-19 10:57:00+09:00,2.2822,2.2838,2.2781,2.2781,2679538.5
2024-12-19 10:58:00+09:00,2.2782,2.2802,2.2621,2.2653,6444094.7
2024-12-19 10:59:00+09:00,2.2649,2.2795,2.2644,2.2753,4574374.7
2024-12-19 11:00:00+09:00,2.2753,2.2880,2.2752,2.2824,3554813.7
2024-12-19 11:01:00+09:00,2.2824,2.2827,2.2703,2.2788,2613123.7
2024-12-19 11:02:00+09:00,2.2789,2.2800,2.2594,2.2629,3941531.0
2024-12-19 11:03:00+09:00,2.2628,2.2628,2.2443,2.2503,10135632.3
2024-12-19 11:04:00+09:00,2.2503,2.2636,2.2446,2.2536,7626450.3
2024-12-19 11:05:00+09:00,2.2536,2.2605,2.2470,2.2555,5762081.8
2024-12-19 11:06:00+09:00,2.2555,2.2565,2.2484,2.2530,3124156.9
2024-12-19 11:07:00+09:00,2.2527,2.2550,2.2382,2.2478,7530060.3
2024-12-19 11:08:00+09:00,2.2478,2.2495,2.2371,2.2424,5881247.2
2024-12-19 11:09:00+09:00,2.2423,2.2552,2.2400,2.2482,4167485.9
2024-12-19 11:10:00+09:00,2.2482,2.2530,2.2409,2.2434,4605139.5
2024-12-19 11:11:00+09:00,2.2434,2.2446,2.2100,2.2156,12525782.7
2024-12-19 11:12:00+09:00,2.2155,2.2238,2.2000,2.2062,18875456.1
2024-12-19 11:13:00+09:00,2.2062,2.2253,2.2062,2.2138,10239820.1
2024-12-19 11:14:00+09:00,2.2137,2.2230,2.2000,2.2222,9225176.2
2024-12-19 11:15:00+09:00,2.2222,2.2254,2.2096,2.2237,5500218.1
2024-12-19 11:16:00+09:00,2.2236,2.2331,2.2163,2.2311,4863509.4
2024-12-19 11:17:00+09:00,2.2310,2.2424,2.2268,2.2402,4696311.1
2024-12-19 11:18:00+09:00,2.2402,2.2535,2.2362,2.2508,4289694.3
2024-12-19 11:19:00+09:00,2.2501,2.2605,2.2499,2.2562,5015369.0
2024-12-19 11:20:00+09:00,2.2563,2.2570,2.2388,2.2429,2990250.3
2024-12-19 11:21:00+09:00,2.2428,2.2428,2.2317,2.2342,2717803.0
2024-12-19 11:22:00+09:00,2.2341,2.2396,2.2307,2.2389,2258406.2
2024-12-19 11:23:00+09:00,2.2390,2.2399,2.2250,2.2258,4300126.4
2024-12-19 11:24:00+09:00,2.2259,2.2297,2.2119,2.2141,5192304.9
2024-12-19 11:25:00+09:00,2.2142,2.2278,2.2104,2.2109,4922561.7
2024-12-19 11:26:00+09:00,2.2110,2.2170,2.2050,2.2073,4776780.1
2024-12-19 11:27:00+09:00,2.2073,2.2110,2.2000,2.2019,6188902.7
2024-12-19 11:28:00+09:00,2.2021,2.2163,2.2018,2.2091,4748178.5
2024-12-19 11:29:00+09:00,2.2093,2.2142,2.2050,2.2092,3696747.0
2024-12-19 11:30:00+09:00,2.2093,2.2335,2.2077,2.2191,7029811.2
2024-12-19 11:31:00+09:00,2.2190,2.2253,2.2140,2.2241,2916367.2
2024-12-19 11:32:00+09:00,2.2242,2.2399,2.2227,2.2334,4736939.3
2024-12-19 11:33:00+09:00,2.2331,2.2362,2.2213,2.2213,2729185.3
2024-12-19 11:34:00+09:00,2.2213,2.2281,2.2001,2.2050,9998980.7
2024-12-19 11:35:00+09:00,2.2049,2.2080,2.1820,2.1872,14015250.2
2024-12-19 11:36:00+09:00,2.1872,2.1939,2.1776,2.1812,7102086.4
2024-12-19 11:37:00+09:00,2.1811,2.1886,2.1760,2.1801,4533427.2
2024-12-19 11:38:00+09:00,2.1801,2.1825,2.1727,2.1810,4686046.1
2024-12-19 11:39:00+09:00,2.1810,2.1985,2.1809,2.1936,6284580.0
2024-12-19 11:40:00+09:00,2.1936,2.1983,2.1863,2.1904,3222450.7
2024-12-19 11:41:00+09:00,2.1903,2.1917,2.1759,2.1784,4815678.4
2024-12-19 11:42:00+09:00,2.1784,2.1908,2.1784,2.1866,2611577.3
2024-12-19 11:43:00+09:00,2.1866,2.1930,2.1837,2.1891,2809266.5
2024-12-19 11:44:00+09:00,2.1893,2.2085,2.1885,2.2083,4983808.1
2024-12-19 11:45:00+09:00,2.2082,2.2176,2.2025,2.2105,4490327.5
2024-12-19 11:46:00+09:00,2.2105,2.2248,2.2062,2.2200,4071425.1
2024-12-19 11:47:00+09:00,2.2202,2.2286,2.2189,2.2270,3125379.7
2024-12-19 11:48:00+09:00,2.2270,2.2335,2.2235,2.2334,2677908.7
2024-12-19 11:49:00+09:00,2.2335,2.2362,2.2264,2.2352,2221945.3
2024-12-19 11:50:00+09:00,2.2352,2.2471,2.2315,2.2469,3919203.0
2024-12-19 11:51:00+09:00,2.2469,2.2552,2.2453,2.2546,3841770.8
2024-12-19 11:52:00+09:00,2.2546,2.2594,2.2459,2.2590,5133115.0
2024-12-19 11:53:00+09:00,2.2590,2.2644,2.2535,2.2546,3065630.8
2024-12-19 11:54:00+09:00,2.2545,2.2630,2.2473,2.2629,2973861.6
2024-12-19 11:55:00+09:00,2.2629,2.2800,2.2587,2.2795,5138185.8
2024-12-19 11:56:00+09:00,2.2795,2.2936,2.2782,2.2908,11152460.5
2024-12-19 11:57:00+09:00,2.2910,2.2947,2.2889,2.2935,6532803.1
2024-12-19 11:58:00+09:00,2.2934,2.2946,2.2830,2.2887,4536353.9
2024-12-19 11:59:00+09:00,2.2886,2.2916,2.2827,2.2916,3516923.6
2024-12-19 12:00:00+09:00,2.2915,2.2969,2.2901,2.2959,4046056.3
2024-12-19 12:01:00+09:00,2.2959,2.3073,2.2954,2.3069,7106357.1
2024-12-19 12:02:00+09:00,2.3069,2.3120,2.3048,2.3088,5693213.6
2024-12-19 12:03:00+09:00,2.3087,2.3092,2.2973,2.3061,4130252.4
2024-12-19 12:04:00+09:00,2.3061,2.3175,2.3046,2.3145,3910241.6
2024-12-19 12:05:00+09:00,2.3146,2.3156,2.3037,2.3069,3500609.9
2024-12-19 12:06:00+09:00,2.3069,2.3150,2.3042,2.3150,3419270.0
2024-12-19 12:07:00+09:00,2.3150,2.3236,2.3131,2.3180,4120176.9
2024-12-19 12:08:00+09:00,2.3181,2.3299,2.3174,2.3284,3374982.9
2024-12-19 12:09:00+09:00,2.3283,2.3284,2.3154,2.3177,2911988.5
2024-12-19 12:10:00+09:00,2.3178,2.3264,2.3133,2.3224,3262737.7
2024-12-19 12:11:00+09:00,2.3223,2.3224,2.3147,2.3174,2388541.9
2024-12-19 12:12:00+09:00,2.3175,2.3306,2.3166,2.3265,3819264.7
2024-12-19 12:13:00+09:00,2.3266,2.3287,2.3195,2.3270,3010369.2
2024-12-19 12:14:00+09:00,2.3271,2.3273,2.3204,2.3265,2365391.1
2024-12-19 12:15:00+09:00,2.3265,2.3300,2.3179,2.3187,2491580.2
2024-12-19 12:16:00+09:00,2.3188,2.3230,2.3128,2.3213,5606927.3
2024-12-19 12:17:00+09:00,2.3214,2.3323,2.3192,2.3279,2737472.5
2024-12-19 12:18:00+09:00,2.3279,2.3283,2.3212,2.3254,2285833.1
2024-12-19 12:19:00+09:00,2.3254,2.3376,2.3232,2.3351,2433887.3
2024-12-19 12:20:00+09:00,2.3351,2.3368,2.3310,2.3322,3204070.3
2024-12-19 12:21:00+09:00,2.3322,2.3322,2.3210,2.3269,2365370.2
2024-12-19 12:22:00+09:00,2.3269,2.3288,2.3225,2.3248,1383489.7
2024-12-19 12:23:00+09:00,2.3249,2.3324,2.3241,2.3300,1701073.0
2024-12-19 12:24:00+09:00,2.3299,2.3313,2.3218,2.3229,1650221.7
2024-12-19 12:25:00+09:00,2.3229,2.3233,2.3161,2.3193,3660629.6
2024-12-19 12:26:00+09:00,2.3193,2.3241,2.3142,2.3234,2151019.6
2024-12-19 12:27:00+09:00,2.3234,2.3273,2.3211,2.3225,1457719.3
2024-12-19 12:28:00+09:00,2.3225,2.3230,2.3180,2.3199,931116.1
2024-12-19 12:29:00+09:00,2.3200,2.3224,2.3187,2.3207,844238.6
2024-12-19 12:30:00+09:00,2.3208,2.3264,2.3180,2.3234,1609657.8
2024-12-19 12:31:00+09:00,2.3235,2.3293,2.3224,2.3226,1743642.3
2024-12-19 12:32:00+09:00,2.3226,2.3268,2.3206,2.3268,936464.3
2024-12-19 12:33:00+09:00,2.3267,2.3273,2.3227,2.3236,1383956.0
2024-12-19 12:34:00+09:00,2.3236,2.3360,2.3230,2.3337,6083022.0
2024-12-19 12:35:00+09:00,2.3337,2.3447,2.3311,2.3430,6117394.0
2024-12-19 12:36:00+09:00,2.3429,2.3475,2.3403,2.3449,3500588.8
2024-12-19 12:37:00+09:00,2.3448,2.3469,2.3429,2.3448,2548929.0
2024-12-19 12:38:00+09:00,2.3448,2.3484,2.3436,2.3458,2108410.4
2024-12-19 12:39:00+09:00,2.3458,2.3473,2.3406,2.3426,2486526.5
2024-12-19 12:40:00+09:00,2.3426,2.3437,2.3316,2.3318,2050994.8
2024-12-19 12:41:00+09:00,2.3318,2.3356,2.3318,2.3322,1191233.1
2024-12-19 12:42:00+09:00,2.3321,2.3369,2.3313,2.3349,1084827.4
2024-12-19 12:43:00+09:00,2.3349,2.3375,2.3319,2.3328,1192411.3
2024-12-19 12:44:00+09:00,2.3329,2.3382,2.3329,2.3381,616228.1
2024-12-19 12:45:00+09:00,2.3381,2.3381,2.3327,2.3345,1162745.3
2024-12-19 12:46:00+09:00,2.3345,2.3360,2.3317,2.3317,1125024.1
2024-12-19 12:47:00+09:00,2.3317,2.3371,2.3287,2.3361,1639386.2
2024-12-19 12:48:00+09:00,2.3360,2.3495,2.3346,2.3411,2604946.9
2024-12-19 12:49:00+09:00,2.3410,2.3468,2.3410,2.3448,1494855.3
2024-12-19 12:50:00+09:00,2.3449,2.3464,2.3414,2.3426,1242479.2
2024-12-19 12:51:00+09:00,2.3426,2.3477,2.3417,2.3460,964896.7
2024-12-19 12:52:00+09:00,2.3460,2.3519,2.3453,2.3504,2004220.1
2024-12-19 12:53:00+09:00,2.3504,2.3566,2.3501,2.3555,2259727.6
2024-12-19 12:54:00+09:00,2.3555,2.3562,2.3532,2.3545,2377160.5
2024-12-19 12:55:00+09:00,2.3545,2.3612,2.3545,2.3611,2564925.0
2024-12-19 12:56:00+09:00,2.3612,2.3652,2.3599,2.3600,3782122.3
2024-12-19 12:57:00+09:00,2.3599,2.3599,2.3540,2.3562,3010209.8
2024-12-19 12:58:00+09:00,2.3561,2.3584,2.3546,2.3558,1373366.3
2024-12-19 12:59:00+09:00,2.3558,2.3573,2.3495,2.3501,1913912.1
2024-12-19 13:00:00+09:00,2.3501,2.3505,2.3438,2.3472,3819701.4
2024-12-19 13:01:00+09:00,2.3473,2.3490,2.3419,2.3448,1886434.2
2024-12-19 13:02:00+09:00,2.3448,2.3479,2.3417,2.3466,1368043.3
2024-12-19 13:03:00+09:00,2.3466,2.3467,2.3418,2.3434,1361935.7
2024-12-19 13:04:00+09:00,2.3434,2.3445,2.3402,2.3434,814176.3
2024-12-19 13:05:00+09:00,2.3433,2.3518,2.3406,2.3499,1447364.7
2024-12-19 13:06:00+09:00,2.3498,2.3532,2.3481,2.3512,1283956.5
2024-12-19 13:07:00+09:00,2.3512,2.3570,2.3480,2.3545,2521275.2
2024-12-19 13:08:00+09:00,2.3545,2.3545,2.3487,2.3504,1065589.4
2024-12-19 13:09:00+09:00,2.3504,2.3521,2.3467,2.3521,880771.4
2024-12-19 13:10:00+09:00,2.3521,2.3600,2.3514,2.3519,1821308.3
2024-12-19 13:11:00+09:00,2.3520,2.3526,2.3475,2.3494,1210847.1
2024-12-19 13:12:00+09:00,2.3494,2.3512,2.3477,2.3488,983561.2
2024-12-19 13:13:00+09:00,2.3489,2.3529,2.3472,2.3480,902284.0
2024-12-19 13:14:00+09:00,2.3480,2.3489,2.3454,2.3464,852110.8
2024-12-19 13:15:00+09:00,2.3465,2.3473,2.3410,2.3428,1602053.5
2024-12-19 13:16:00+09:00,2.3428,2.3482,2.3418,2.3470,1052386.4
2024-12-19 13:17:00+09:00,2.3470,2.3488,2.3441,2.3458,712582.9
2024-12-19 13:18:00+09:00,2.3458,2.3546,2.3458,2.3513,875434.5
2024-12-19 13:19:00+09:00,2.3514,2.3525,2.3486,2.3522,509697.1
2024-12-19 13:20:00+09:00,2.3521,2.3535,2.3455,2.3460,1211131.7
2024-12-19 13:21:00+09:00,2.3460,2.3477,2.3420,2.3425,1107269.9
2024-12-19 13:22:00+09:00,2.3425,2.3480,2.3425,2.3443,623469.3
2024-12-19 13:23:00+09:00,2.3442,2.3450,2.3403,2.3405,832273.5
2024-12-19 13:24:00+09:00,2.3405,2.3441,2.3368,2.3440,1734512.3
2024-12-19 13:25:00+09:00,2.3440,2.3491,2.3427,2.3478,825119.4
2024-12-19 13:26:00+09:00,2.3478,2.3540,2.3455,2.3503,1334174.7
2024-12-19 13:27:00+09:00,2.3502,2.3512,2.3486,2.3512,462305.5
2024-12-19 13:28:00+09:00,2.3512,2.3512,2.3477,2.3508,437737.5
2024-12-19 13:29:00+09:00,2.3507,2.3513,2.3480,2.3490,438669.6
2024-12-19 13:30:00+09:00,2.3490,2.3517,2.3488,2.3509,592861.0
2024-12-19 13:31:00+09:00,2.3509,2.3549,2.3500,2.3549,778149.0
2024-12-19 13:32:00+09:00,2.3549,2.3559,2.3513,2.3534,1106889.0
2024-12-19 13:33:00+09:00,2.3533,2.3548,2.3518,2.3541,479334.5
2024-12-19 13:34:00+09:00,2.3541,2.3585,2.3530,2.3574,1415798.9
2024-12-19 13:35:00+09:00,2.3574,2.3575,2.3510,2.3520,943906.9
2024-12-19 13:36:00+09:00,2.3521,2.3584,2.3520,2.3546,2375437.0
2024-12-19 13:37:00+09:00,2.3545,2.3545,2.3498,2.3498,554369.0
2024-12-19 13:38:00+09:00,2.3498,2.3526,2.3490,2.3525,420293.2
2024-12-19 13:39:00+09:00,2.3525,2.3537,2.3515,2.3528,468963.2
2024-12-19 13:40:00+09:00,2.3528,2.3533,2.3503,2.3519,543435.6
2024-12-19 13:41:00+09:00,2.3520,2.3520,2.3481,2.3487,729531.4
2024-12-19 13:42:00+09:00,2.3486,2.3526,2.3477,2.3495,661405.6
2024-12-19 13:43:00+09:00,2.3495,2.3497,2.3442,2.3453,988453.8
2024-12-19 13:44:00+09:00,2.3454,2.3506,2.3439,2.3502,1272199.2
2024-12-19 13:45:00+09:00,2.3502,2.3514,2.3487,2.3507,773898.4
2024-12-19 13:46:00+09:00,2.3507,2.3557,2.3495,2.3556,522315.4
2024-12-19 13:47:00+09:00,2.3557,2.3561,2.3534,2.3545,506760.9
2024-12-19 13:48:00+09:00,2.3545,2.3551,2.3526,2.3527,572020.3
2024-12-19 13:49:00+09:00,2.3527,2.3533,2.3481,2.3485,573896.4
2024-12-19 13:50:00+09:00,2.3484,2.3486,2.3454,2.3467,557494.9
2024-12-19 13:51:00+09:00,2.3467,2.3475,2.3450,2.3467,509126.8
2024-12-19 13:52:00+09:00,2.3466,2.3516,2.3454,2.3509,535956.2
2024-12-19 13:53:00+09:00,2.3508,2.3509,2.3464,2.3464,1036228.3
2024-12-19 13:54:00+09:00,2.3464,2.3475,2.3451,2.3463,427324.7
2024-12-19 13:55:00+09:00,2.3462,2.3472,2.3448,2.3449,615259.9
2024-12-19 13:56:00+09:00,2.3450,2.3454,2.3408,2.3410,1136824.7
2024-12-19 13:57:00+09:00,2.3411,2.3420,2.3392,2.3420,1198545.6
2024-12-19 13:58:00+09:00,2.3420,2.3424,2.3371,2.3373,1706597.6
2024-12-19 13:59:00+09:00,2.3373,2.3373,2.3335,2.3351,2567801.3
2024-12-19 14:00:00+09:00,2.3351,2.3408,2.3347,2.3407,927859.8
2024-12-19 14:01:00+09:00,2.3408,2.3417,2.3397,2.3414,814931.9
2024-12-19 14:02:00+09:00,2.3413,2.3453,2.3397,2.3438,769268.2
2024-12-19 14:03:00+09:00,2.3438,2.3452,2.3404,2.3419,1094113.1
2024-12-19 14:04:00+09:00,2.3420,2.3455,2.3414,2.3444,1392935.3
2024-12-19 14:05:00+09:00,2.3444,2.3457,2.3367,2.3380,1086359.3
2024-12-19 14:06:00+09:00,2.3380,2.3404,2.3352,2.3360,675001.5
2024-12-19 14:07:00+09:00,2.3359,2.3415,2.3354,2.3402,828275.1
2024-12-19 14:08:00+09:00,2.3402,2.3421,2.3387,2.3396,498319.9
2024-12-19 14:09:00+09:00,2.3397,2.3407,2.3377,2.3381,499663.0
2024-12-19 14:10:00+09:00,2.3381,2.3399,2.3337,2.3398,1332036.9
2024-12-19 14:11:00+09:00,2.3398,2.3456,2.3376,2.3455,920586.8
2024-12-19 14:12:00+09:00,2.3456,2.3458,2.3424,2.3446,1294406.8
2024-12-19 14:13:00+09:00,2.3445,2.3445,2.3416,2.3434,647555.2
2024-12-19 14:14:00+09:00,2.3433,2.3447,2.3418,2.3425,640437.3
2024-12-19 14:15:00+09:00,2.3424,2.3447,2.3395,2.3435,730599.3
2024-12-19 14:16:00+09:00,2.3435,2.3469,2.3401,2.3444,766774.2
2024-12-19 14:17:00+09:00,2.3443,2.3486,2.3438,2.3480,736983.9
2024-12-19 14:18:00+09:00,2.3480,2.3498,2.3452,2.3491,972241.0
2024-12-19 14:19:00+09:00,2.3492,2.3549,2.3471,2.3481,2126426.5
2024-12-19 14:20:00+09:00,2.3481,2.3499,2.3464,2.3471,620964.3
2024-12-19 14:21:00+09:00,2.3471,2.3477,2.3415,2.3451,644514.1
2024-12-19 14:22:00+09:00,2.3451,2.3458,2.3410,2.3442,584991.0
2024-12-19 14:23:00+09:00,2.3443,2.3466,2.3424,2.3425,509883.2
2024-12-19 14:24:00+09:00,2.3425,2.3445,2.3421,2.3421,562361.4
2024-12-19 14:25:00+09:00,2.3421,2.3422,2.3388,2.3391,1059854.1
2024-12-19 14:26:00+09:00,2.3391,2.3407,2.3381,2.3403,497020.0
2024-12-19 14:27:00+09:00,2.3402,2.3418,2.3383,2.3412,737000.2
2024-12-19 14:28:00+09:00,2.3412,2.3418,2.3370,2.3373,805507.2
2024-12-19 14:29:00+09:00,2.3373,2.3393,2.3353,2.3360,654989.0
2024-12-19 14:30:00+09:00,2.3359,2.3391,2.3349,2.3391,1050135.7
2024-12-19 14:31:00+09:00,2.3391,2.3461,2.3388,2.3456,2558698.5
2024-12-19 14:32:00+09:00,2.3456,2.3456,2.3409,2.3445,921298.2
2024-12-19 14:33:00+09:00,2.3444,2.3486,2.3429,2.3472,596368.6
2024-12-19 14:34:00+09:00,2.3471,2.3500,2.3467,2.3480,1069513.0
2024-12-19 14:35:00+09:00,2.3479,2.3488,2.3445,2.3482,1075203.0
2024-12-19 14:36:00+09:00,2.3482,2.3563,2.3456,2.3561,2489298.4
2024-12-19 14:37:00+09:00,2.3562,2.3616,2.3545,2.3606,2023504.8
2024-12-19 14:38:00+09:00,2.3605,2.3638,2.3601,2.3617,1306417.6
2024-12-19 14:39:00+09:00,2.3618,2.3675,2.3617,2.3664,2760584.9
2024-12-19 14:40:00+09:00,2.3663,2.3700,2.3658,2.3695,1773387.5
2024-12-19 14:41:00+09:00,2.3696,2.3706,2.3655,2.3657,2127899.0
2024-12-19 14:42:00+09:00,2.3656,2.3694,2.3649,2.3675,1764250.8
2024-12-19 14:43:00+09:00,2.3674,2.3684,2.3646,2.3660,1152686.7
2024-12-19 14:44:00+09:00,2.3659,2.3670,2.3631,2.3632,670036.8
2024-12-19 14:45:00+09:00,2.3631,2.3637,2.3586,2.3619,1704659.6
2024-12-19 14:46:00+09:00,2.3618,2.3628,2.3586,2.3587,816717.4
2024-12-19 14:47:00+09:00,2.3586,2.3602,2.3561,2.3565,736815.6
2024-12-19 14:48:00+09:00,2.3564,2.3585,2.3561,2.3583,815663.9
2024-12-19 14:49:00+09:00,2.3584,2.3643,2.3584,2.3641,1072988.5
2024-12-19 14:50:00+09:00,2.3641,2.3655,2.3594,2.3595,997480.3
2024-12-19 14:51:00+09:00,2.3594,2.3601,2.3549,2.3555,777456.1
2024-12-19 14:52:00+09:00,2.3554,2.3577,2.3536,2.3557,958589.0
2024-12-19 14:53:00+09:00,2.3557,2.3576,2.3552,2.3552,646890.2
2024-12-19 14:54:00+09:00,2.3552,2.3562,2.3534,2.3556,351195.8
2024-12-19 14:55:00+09:00,2.3555,2.3583,2.3553,2.3579,684618.9
2024-12-19 14:56:00+09:00,2.3579,2.3616,2.3569,2.3586,647558.8
2024-12-19 14:57:00+09:00,2.3586,2.3604,2.3580,2.3596,472558.9
2024-12-19 14:58:00+09:00,2.3596,2.3596,2.3562,2.3574,526160.1
2024-12-19 14:59:00+09:00,2.3574,2.3596,2.3574,2.3595,437654.7
2024-12-19 15:00:00+09:00,2.3595,2.3602,2.3574,2.3592,689934.4
2024-12-19 15:01:00+09:00,2.3591,2.3618,2.3528,2.3533,711812.7
2024-12-19 15:02:00+09:00,2.3534,2.3556,2.3495,2.3526,1770791.1
2024-12-19 15:03:00+09:00,2.3526,2.3544,2.3487,2.3497,743991.0
2024-12-19 15:04:00+09:00,2.3498,2.3510,2.3416,2.3474,3815898.3
2024-12-19 15:05:00+09:00,2.3473,2.3473,2.3369,2.3414,4617331.0
2024-12-19 15:06:00+09:00,2.3413,2.3443,2.3402,2.3419,2377220.5
2024-12-19 15:07:00+09:00,2.3418,2.3466,2.3407,2.3443,1131190.7
2024-12-19 15:08:00+09:00,2.3444,2.3498,2.3437,2.3464,792966.2
2024-12-19 15:09:00+09:00,2.3463,2.3477,2.3436,2.3444,882617.4
2024-12-19 15:10:00+09:00,2.3444,2.3444,2.3405,2.3418,935784.1
2024-12-19 15:11:00+09:00,2.3419,2.3481,2.3408,2.3479,1152741.4
2024-12-19 15:12:00+09:00,2.3480,2.3499,2.3470,2.3480,491539.9
2024-12-19 15:13:00+09:00,2.3480,2.3487,2.3460,2.3460,297485.5
2024-12-19 15:14:00+09:00,2.3460,2.3502,2.3460,2.3493,435460.2
2024-12-19 15:15:00+09:00,2.3493,2.3518,2.3482,2.3518,459159.6
2024-12-19 15:16:00+09:00,2.3518,2.3536,2.3501,2.3525,498340.0
2024-12-19 15:17:00+09:00,2.3525,2.3533,2.3468,2.3482,625620.3
2024-12-19 15:18:00+09:00,2.3482,2.3485,2.3439,2.3450,430035.8
2024-12-19 15:19:00+09:00,2.3450,2.3478,2.3423,2.3444,760866.0
2024-12-19 15:20:00+09:00,2.3444,2.3487,2.3444,2.3448,485678.7
2024-12-19 15:21:00+09:00,2.3447,2.3506,2.3447,2.3461,585991.8
2024-12-19 15:22:00+09:00,2.3461,2.3472,2.3433,2.3434,352419.4
2024-12-19 15:23:00+09:00,2.3435,2.3468,2.3420,2.3436,629708.0
2024-12-19 15:24:00+09:00,2.3436,2.3458,2.3435,2.3446,464371.5
2024-12-19 15:25:00+09:00,2.3445,2.3479,2.3437,2.3459,580137.7
2024-12-19 15:26:00+09:00,2.3458,2.3468,2.3447,2.3449,479216.5
2024-12-19 15:27:00+09:00,2.3448,2.3451,2.3413,2.3427,548141.0
2024-12-19 15:28:00+09:00,2.3426,2.3442,2.3401,2.3442,576330.1
2024-12-19 15:29:00+09:00,2.3442,2.3444,2.3423,2.3431,381552.1
2024-12-19 15:30:00+09:00,2.3430,2.3480,2.3428,2.3461,749396.7
2024-12-19 15:31:00+09:00,2.3461,2.3512,2.3457,2.3506,728329.5
2024-12-19 15:32:00+09:00,2.3507,2.3531,2.3491,2.3515,810022.4
2024-12-19 15:33:00+09:00,2.3516,2.3660,2.3515,2.3658,4566262.6
2024-12-19 15:34:00+09:00,2.3658,2.3708,2.3651,2.3683,2214270.9
2024-12-19 15:35:00+09:00,2.3682,2.3733,2.3673,2.3720,2451212.5
2024-12-19 15:36:00+09:00,2.3720,2.3728,2.3633,2.3642,1763533.3
2024-12-19 15:37:00+09:00,2.3642,2.3662,2.3623,2.3624,753769.1
2024-12-19 15:38:00+09:00,2.3624,2.3624,2.3562,2.3592,1334461.1
2024-12-19 15:39:00+09:00,2.3592,2.3599,2.3550,2.3553,646495.2
2024-12-19 15:40:00+09:00,2.3552,2.3592,2.3552,2.3591,515475.3
2024-12-19 15:41:00+09:00,2.3592,2.3605,2.3570,2.3573,597692.6
2024-12-19 15:42:00+09:00,2.3574,2.3604,2.3574,2.3601,329605.8
2024-12-19 15:43:00+09:00,2.3601,2.3606,2.3574,2.3605,331188.5
2024-12-19 15:44:00+09:00,2.3606,2.3639,2.3603,2.3626,635721.0
2024-12-19 15:45:00+09:00,2.3626,2.3644,2.3605,2.3625,617975.4
2024-12-19 15:46:00+09:00,2.3626,2.3626,2.3587,2.3614,940523.2
2024-12-19 15:47:00+09:00,2.3614,2.3622,2.3574,2.3589,686765.7
2024-12-19 15:48:00+09:00,2.3589,2.3609,2.3585,2.3609,542527.2
2024-12-19 15:49:00+09:00,2.3608,2.3608,2.3555,2.3577,1418861.3
2024-12-19 15:50:00+09:00,2.3576,2.3596,2.3574,2.3578,551070.3
2024-12-19 15:51:00+09:00,2.3577,2.3624,2.3576,2.3613,1207292.5
2024-12-19 15:52:00+09:00,2.3612,2.3623,2.3597,2.3614,558269.3
2024-12-19 15:53:00+09:00,2.3614,2.3633,2.3595,2.3630,456815.0
2024-12-19 15:54:00+09:00,2.3630,2.3631,2.3564,2.3598,361509.3
2024-12-19 15:55:00+09:00,2.3597,2.3616,2.3585,2.3603,343595.7
2024-12-19 15:56:00+09:00,2.3603,2.3638,2.3582,2.3583,535804.4
2024-12-19 15:57:00+09:00,2.3583,2.3591,2.3562,2.3571,405501.3
2024-12-19 15:58:00+09:00,2.3571,2.3593,2.3569,2.3592,261928.0
2024-12-19 15:59:00+09:00,2.3592,2.3605,2.3533,2.3546,931037.8
2024-12-19 16:00:00+09:00,2.3546,2.3585,2.3546,2.3562,1359830.4
2024-12-19 16:01:00+09:00,2.3563,2.3622,2.3563,2.3601,792857.3
2024-12-19 16:02:00+09:00,2.3601,2.3611,2.3555,2.3555,564789.9
2024-12-19 16:03:00+09:00,2.3556,2.3629,2.3551,2.3620,707900.9
2024-12-19 16:04:00+09:00,2.3620,2.3670,2.3602,2.3654,606696.2
2024-12-19 16:05:00+09:00,2.3655,2.3657,2.3631,2.3639,532261.7
2024-12-19 16:06:00+09:00,2.3639,2.3680,2.3639,2.3662,584839.9
2024-12-19 16:07:00+09:00,2.3661,2.3661,2.3596,2.3613,656362.8
2024-12-19 16:08:00+09:00,2.3613,2.3621,2.3595,2.3606,340261.6
2024-12-19 16:09:00+09:00,2.3607,2.3638,2.3607,2.3625,359213.9
2024-12-19 16:10:00+09:00,2.3625,2.3645,2.3608,2.3617,391610.6
2024-12-19 16:11:00+09:00,2.3618,2.3642,2.3573,2.3580,559261.2
2024-12-19 16:12:00+09:00,2.3580,2.3625,2.3576,2.3583,470375.1
2024-12-19 16:13:00+09:00,2.3582,2.3596,2.3555,2.3561,338931.5
2024-12-19 16:13:00+09:00,2.3582,2.3596,2.3555,2.3561,338931.5
2024-12-19 16:14:00+09:00,2.3562,2.3584,2.3562,2.3581,375637.2
2024-12-19 16:15:00+09:00,2.3582,2.3629,2.3567,2.3623,441497.1
2024-12-19 16:16:00+09:00,2.3623,2.3629,2.3578,2.3601,567693.6
2024-12-19 16:17:00+09:00,2.3600,2.3644,2.3596,2.3636,365555.5
2024-12-19 16:18:00+09:00,2.3636,2.3665,2.3616,2.3628,975782.1
2024-12-19 16:19:00+09:00,2.3628,2.3642,2.3597,2.3621,523108.9
2024-12-19 16:20:00+09:00,2.3621,2.3640,2.3585,2.3616,626437.3
2024-12-19 16:21:00+09:00,2.3616,2.3656,2.3607,2.3641,562108.1
2024-12-19 16:22:00+09:00,2.3642,2.3680,2.3630,2.3679,412877.9
2024-12-19 16:23:00+09:00,2.3680,2.3699,2.3668,2.3687,885815.1
2024-12-19 16:24:00+09:00,2.3687,2.3696,2.3671,2.3690,475841.1
2024-12-19 16:25:00+09:00,2.3689,2.3770,2.3684,2.3756,2514293.4
2024-12-19 16:26:00+09:00,2.3757,2.3799,2.3742,2.3794,1758211.8
2024-12-19 16:27:00+09:00,2.3794,2.3824,2.3780,2.3789,2351488.6
2024-12-19 16:28:00+09:00,2.3789,2.3790,2.3752,2.3782,1407787.1
2024-12-19 16:29:00+09:00,2.3783,2.3806,2.3774,2.3779,929866.9
2024-12-19 16:30:00+09:00,2.3780,2.3803,2.3759,2.3771,1154818.0
2024-12-19 16:31:00+09:00,2.3770,2.3788,2.3701,2.3719,1480764.6
2024-12-19 16:32:00+09:00,2.3720,2.3735,2.3666,2.3676,1317044.4
2024-12-19 16:33:00+09:00,2.3677,2.3715,2.3667,2.3712,844855.0
2024-12-19 16:34:00+09:00,2.3713,2.3722,2.3683,2.3699,678162.3
2024-12-19 16:35:00+09:00,2.3698,2.3737,2.3688,2.3731,650955.1
2024-12-19 16:36:00+09:00,2.3731,2.3775,2.3731,2.3765,630560.5
2024-12-19 16:37:00+09:00,2.3764,2.3781,2.3730,2.3756,593962.3
2024-12-19 16:38:00+09:00,2.3756,2.3800,2.3744,2.3795,590385.1
2024-12-19 16:39:00+09:00,2.3794,2.3799,2.3756,2.3768,678918.2
2024-12-19 16:40:00+09:00,2.3769,2.3824,2.3769,2.3823,1457689.6
2024-12-19 16:41:00+09:00,2.3824,2.3839,2.3800,2.3818,797874.9
2024-12-19 16:42:00+09:00,2.3819,2.3824,2.3803,2.3808,610781.2
2024-12-19 16:43:00+09:00,2.3808,2.3843,2.3801,2.3839,1001886.2
2024-12-19 16:44:00+09:00,2.3839,2.3847,2.3802,2.3811,628057.7
2024-12-19 16:45:00+09:00,2.3811,2.3820,2.3755,2.3756,970544.3
2024-12-19 16:46:00+09:00,2.3756,2.3805,2.3756,2.3777,994568.2
2024-12-19 16:47:00+09:00,2.3777,2.3786,2.3739,2.3782,826308.7
2024-12-19 16:48:00+09:00,2.3782,2.3786,2.3736,2.3750,689212.5
2024-12-19 16:49:00+09:00,2.3751,2.3761,2.3737,2.3753,582713.3
2024-12-19 16:50:00+09:00,2.3754,2.3772,2.3750,2.3764,508176.3
2024-12-19 16:51:00+09:00,2.3765,2.3770,2.3737,2.3740,613482.0
2024-12-19 16:52:00+09:00,2.3739,2.3741,2.3707,2.3739,890292.0
2024-12-19 16:53:00+09:00,2.3739,2.3807,2.3739,2.3787,986371.6
2024-12-19 16:54:00+09:00,2.3787,2.3823,2.3785,2.3796,1486212.9
2024-12-19 16:55:00+09:00,2.3796,2.3812,2.3785,2.3785,1126508.6
2024-12-19 16:56:00+09:00,2.3786,2.3829,2.3785,2.3824,553529.0
2024-12-19 16:57:00+09:00,2.3824,2.3841,2.3809,2.3825,713861.2
2024-12-19 16:58:00+09:00,2.3824,2.3830,2.3779,2.3796,843015.5
2024-12-19 16:59:00+09:00,2.3795,2.3800,2.3780,2.3785,360718.0
2024-12-19 17:00:00+09:00,2.3786,2.3786,2.3706,2.3706,1665962.5
2024-12-19 17:01:00+09:00,2.3706,2.3748,2.3700,2.3706,1113852.5
2024-12-19 17:02:00+09:00,2.3706,2.3725,2.3673,2.3679,848368.8
2024-12-19 17:03:00+09:00,2.3680,2.3690,2.3651,2.3675,889899.6
2024-12-19 17:04:00+09:00,2.3676,2.3690,2.3637,2.3652,1021094.4
2024-12-19 17:05:00+09:00,2.3651,2.3730,2.3643,2.3714,970855.5
2024-12-19 17:06:00+09:00,2.3713,2.3713,2.3664,2.3692,699257.7
2024-12-19 17:07:00+09:00,2.3692,2.3692,2.3640,2.3651,711191.8
2024-12-19 17:08:00+09:00,2.3651,2.3670,2.3618,2.3630,976272.0
2024-12-19 17:09:00+09:00,2.3630,2.3632,2.3590,2.3594,1129416.2
2024-12-19 17:10:00+09:00,2.3593,2.3630,2.3579,2.3614,1926592.1
2024-12-19 17:11:00+09:00,2.3613,2.3635,2.3601,2.3606,495537.7
2024-12-19 17:12:00+09:00,2.3605,2.3605,2.3562,2.3570,1119929.2
2024-12-19 17:13:00+09:00,2.3570,2.3590,2.3539,2.3566,1121776.6
2024-12-19 17:14:00+09:00,2.3567,2.3578,2.3555,2.3562,1248098.4
2024-12-19 17:15:00+09:00,2.3562,2.3620,2.3550,2.3617,1424579.0
2024-12-19 17:16:00+09:00,2.3617,2.3629,2.3580,2.3593,1042028.7
2024-12-19 17:17:00+09:00,2.3592,2.3617,2.3573,2.3596,604717.1
2024-12-19 17:18:00+09:00,2.3595,2.3612,2.3578,2.3608,328435.7
2024-12-19 17:19:00+09:00,2.3607,2.3626,2.3597,2.3610,369408.5
2024-12-19 17:20:00+09:00,2.3610,2.3660,2.3593,2.3655,1291399.8
2024-12-19 17:21:00+09:00,2.3656,2.3698,2.3645,2.3658,839747.5
2024-12-19 17:22:00+09:00,2.3658,2.3685,2.3656,2.3668,356156.0
2024-12-19 17:23:00+09:00,2.3668,2.3705,2.3665,2.3704,398135.6
2024-12-19 17:24:00+09:00,2.3705,2.3705,2.3671,2.3678,469732.5
2024-12-19 17:25:00+09:00,2.3679,2.3685,2.3628,2.3631,576547.9
2024-12-19 17:26:00+09:00,2.3632,2.3646,2.3613,2.3634,504505.3
2024-12-19 17:27:00+09:00,2.3634,2.3678,2.3628,2.3668,432148.0
2024-12-19 17:28:00+09:00,2.3669,2.3709,2.3668,2.3694,757474.3
2024-12-19 17:29:00+09:00,2.3693,2.3693,2.3668,2.3671,410232.3
2024-12-19 17:30:00+09:00,2.3671,2.3714,2.3661,2.3694,530197.1
2024-12-19 17:31:00+09:00,2.3694,2.3702,2.3625,2.3644,792193.1
2024-12-19 17:32:00+09:00,2.3643,2.3662,2.3614,2.3622,442338.1
2024-12-19 17:33:00+09:00,2.3623,2.3640,2.3604,2.3615,586313.9
2024-12-19 17:34:00+09:00,2.3616,2.3629,2.3599,2.3607,539813.2
2024-12-19 17:35:00+09:00,2.3606,2.3626,2.3586,2.3595,1114916.6
2024-12-19 17:36:00+09:00,2.3595,2.3610,2.3557,2.3568,794288.9
2024-12-19 17:37:00+09:00,2.3568,2.3570,2.3500,2.3524,2650123.0
2024-12-19 17:38:00+09:00,2.3524,2.3562,2.3520,2.3540,572197.7
2024-12-19 17:39:00+09:00,2.3540,2.3545,2.3490,2.3508,1082171.2
2024-12-19 17:40:00+09:00,2.3507,2.3514,2.3471,2.3472,853763.3
2024-12-19 17:41:00+09:00,2.3472,2.3491,2.3455,2.3473,1808522.6
2024-12-19 17:42:00+09:00,2.3472,2.3522,2.3465,2.3494,1076447.5
2024-12-19 17:43:00+09:00,2.3495,2.3519,2.3490,2.3496,428647.2
2024-12-19 17:44:00+09:00,2.3495,2.3519,2.3495,2.3508,372551.8
2024-12-19 17:45:00+09:00,2.3509,2.3575,2.3505,2.3566,1061749.9
2024-12-19 17:46:00+09:00,2.3566,2.3582,2.3545,2.3562,599604.1
2024-12-19 17:47:00+09:00,2.3561,2.3570,2.3543,2.3556,1145712.8
2024-12-19 17:48:00+09:00,2.3557,2.3620,2.3557,2.3588,874864.0
2024-12-19 17:49:00+09:00,2.3588,2.3603,2.3578,2.3584,646712.0
2024-12-19 17:50:00+09:00,2.3583,2.3584,2.3520,2.3528,811592.2
2024-12-19 17:51:00+09:00,2.3528,2.3556,2.3507,2.3556,1127310.1
2024-12-19 17:52:00+09:00,2.3556,2.3575,2.3520,2.3520,655733.4
2024-12-19 17:53:00+09:00,2.3520,2.3532,2.3510,2.3520,486354.4
2024-12-19 17:54:00+09:00,2.3520,2.3534,2.3511,2.3534,347475.6
2024-12-19 17:55:00+09:00,2.3533,2.3540,2.3510,2.3523,316422.0
2024-12-19 17:56:00+09:00,2.3524,2.3555,2.3523,2.3546,445201.2
2024-12-19 17:57:00+09:00,2.3546,2.3570,2.3529,2.3529,848640.8
2024-12-19 17:58:00+09:00,2.3530,2.3544,2.3512,2.3516,536073.4
2024-12-19 17:59:00+09:00,2.3516,2.3548,2.3511,2.3545,445650.7
2024-12-19 18:00:00+09:00,2.3545,2.3554,2.3527,2.3536,522796.0
2024-12-19 18:01:00+09:00,2.3536,2.3542,2.3479,2.3486,1012316.7
2024-12-19 18:02:00+09:00,2.3487,2.3527,2.3487,2.3519,617634.3
2024-12-19 18:03:00+09:00,2.3519,2.3539,2.3514,2.3536,270565.2
2024-12-19 18:04:00+09:00,2.3536,2.3585,2.3531,2.3576,947558.7
2024-12-19 18:05:00+09:00,2.3577,2.3578,2.3525,2.3551,354980.3
2024-12-19 18:06:00+09:00,2.3550,2.3608,2.3546,2.3581,513484.1
2024-12-19 18:07:00+09:00,2.3580,2.3611,2.3578,2.3588,388306.4
2024-12-19 18:08:00+09:00,2.3587,2.3596,2.3567,2.3583,223125.8
2024-12-19 18:09:00+09:00,2.3583,2.3594,2.3579,2.3588,280299.1
2024-12-19 18:10:00+09:00,2.3589,2.3594,2.3558,2.3563,379095.6
2024-12-19 18:11:00+09:00,2.3562,2.3644,2.3561,2.3620,1249880.4
2024-12-19 18:12:00+09:00,2.3621,2.3651,2.3598,2.3650,807284.7
2024-12-19 18:13:00+09:00,2.3650,2.3680,2.3615,2.3628,1197064.9
2024-12-19 18:14:00+09:00,2.3628,2.3653,2.3626,2.3650,221550.8
2024-12-19 18:15:00+09:00,2.3649,2.3722,2.3645,2.3709,915980.2
2024-12-19 18:16:00+09:00,2.3708,2.3723,2.3663,2.3679,832386.2
2024-12-19 18:17:00+09:00,2.3680,2.3728,2.3677,2.3721,778770.4
2024-12-19 18:18:00+09:00,2.3721,2.3735,2.3683,2.3690,1044359.6
2024-12-19 18:19:00+09:00,2.3689,2.3690,2.3622,2.3635,800400.2
2024-12-19 18:20:00+09:00,2.3635,2.3639,2.3604,2.3620,837912.5
2024-12-19 18:21:00+09:00,2.3619,2.3619,2.3551,2.3573,1140129.7
2024-12-19 18:22:00+09:00,2.3572,2.3603,2.3558,2.3579,634411.1
2024-12-19 18:23:00+09:00,2.3578,2.3582,2.3518,2.3518,1123160.4
2024-12-19 18:24:00+09:00,2.3517,2.3535,2.3502,2.3524,740947.2
2024-12-19 18:25:00+09:00,2.3524,2.3569,2.3514,2.3518,649409.4
2024-12-19 18:26:00+09:00,2.3518,2.3558,2.3518,2.3553,650971.9
2024-12-19 18:27:00+09:00,2.3552,2.3593,2.3540,2.3580,403424.2
2024-12-19 18:28:00+09:00,2.3580,2.3626,2.3570,2.3625,947508.9
2024-12-19 18:29:00+09:00,2.3624,2.3669,2.3621,2.3635,1362180.0
2024-12-19 18:30:00+09:00,2.3636,2.3678,2.3617,2.3678,997527.9
2024-12-19 18:31:00+09:00,2.3677,2.3683,2.3638,2.3652,555791.7
2024-12-19 18:32:00+09:00,2.3652,2.3667,2.3624,2.3657,439992.8
2024-12-19 18:33:00+09:00,2.3657,2.3670,2.3637,2.3644,566430.6
2024-12-19 18:34:00+09:00,2.3643,2.3709,2.3643,2.3707,990567.1
2024-12-19 18:35:00+09:00,2.3707,2.3779,2.3705,2.3768,1901406.9
2024-12-19 18:36:00+09:00,2.3768,2.3775,2.3739,2.3774,1270807.9
2024-12-19 18:37:00+09:00,2.3775,2.3798,2.3758,2.3758,1133640.8
2024-12-19 18:38:00+09:00,2.3758,2.3759,2.3726,2.3738,1252632.5
2024-12-19 18:39:00+09:00,2.3738,2.3739,2.3712,2.3731,573952.8
2024-12-19 18:40:00+09:00,2.3731,2.3765,2.3714,2.3764,513328.2
2024-12-19 18:41:00+09:00,2.3764,2.3765,2.3727,2.3745,450004.9
2024-12-19 18:42:00+09:00,2.3745,2.3758,2.3725,2.3749,333642.6
2024-12-19 18:43:00+09:00,2.3749,2.3749,2.3720,2.3742,423892.3
2024-12-19 18:44:00+09:00,2.3742,2.3759,2.3727,2.3741,886079.3
2024-12-19 18:45:00+09:00,2.3741,2.3780,2.3732,2.3767,750630.1
2024-12-19 18:46:00+09:00,2.3767,2.3784,2.3745,2.3783,552775.6
2024-12-19 18:47:00+09:00,2.3783,2.3811,2.3778,2.3792,1951593.9
2024-12-19 18:48:00+09:00,2.3791,2.3794,2.3730,2.3762,722300.8
2024-12-19 18:49:00+09:00,2.3762,2.3772,2.3744,2.3754,409132.7
2024-12-19 18:50:00+09:00,2.3754,2.3770,2.3733,2.3769,448179.6
2024-12-19 18:51:00+09:00,2.3768,2.3814,2.3765,2.3808,813859.3
2024-12-19 18:52:00+09:00,2.3809,2.3821,2.3799,2.3812,799725.3
2024-12-19 18:53:00+09:00,2.3811,2.3812,2.3777,2.3785,380303.1
2024-12-19 18:54:00+09:00,2.3786,2.3825,2.3780,2.3820,632079.4
2024-12-19 18:55:00+09:00,2.3821,2.3827,2.3792,2.3792,582876.0
2024-12-19 18:56:00+09:00,2.3793,2.3829,2.3793,2.3804,680545.2
2024-12-19 18:57:00+09:00,2.3803,2.3821,2.3797,2.3819,543093.7
2024-12-19 18:58:00+09:00,2.3818,2.3821,2.3800,2.3817,412149.9
2024-12-19 18:59:00+09:00,2.3817,2.3842,2.3816,2.3834,551313.8
2024-12-19 19:00:00+09:00,2.3835,2.3878,2.3825,2.3874,961668.8
2024-12-19 19:01:00+09:00,2.3875,2.3940,2.3873,2.3885,2119556.0
2024-12-19 19:02:00+09:00,2.3885,2.3922,2.3882,2.3899,774520.8
2024-12-19 19:03:00+09:00,2.3899,2.3903,2.3870,2.3892,864393.6
2024-12-19 19:04:00+09:00,2.3891,2.4057,2.3891,2.4057,6133684.5
2024-12-19 19:05:00+09:00,2.4056,2.4084,2.4026,2.4046,3046308.7
2024-12-19 19:06:00+09:00,2.4047,2.4052,2.3995,2.4002,2339597.3
2024-12-19 19:07:00+09:00,2.4002,2.4120,2.3956,2.4085,6211884.2
2024-12-19 19:08:00+09:00,2.4085,2.4115,2.4038,2.4047,1907414.8
2024-12-19 19:09:00+09:00,2.4046,2.4060,2.3960,2.3994,1486238.3
2024-12-19 19:10:00+09:00,2.3994,2.4038,2.3979,2.4035,1185567.5
2024-12-19 19:11:00+09:00,2.4036,2.4050,2.3990,2.4002,1828334.7
2024-12-19 19:12:00+09:00,2.4003,2.4006,2.3938,2.3963,1961760.7
2024-12-19 19:13:00+09:00,2.3964,2.3985,2.3932,2.3985,1440274.1
2024-12-19 19:14:00+09:00,2.3985,2.4052,2.3983,2.4034,1218655.0
2024-12-19 19:15:00+09:00,2.4033,2.4127,2.4008,2.4122,2368958.4
2024-12-19 19:16:00+09:00,2.4123,2.4138,2.4092,2.4122,2043892.0
2024-12-19 19:17:00+09:00,2.4122,2.4138,2.4085,2.4101,1092610.0
2024-12-19 19:18:00+09:00,2.4101,2.4118,2.4043,2.4070,1330825.4
2024-12-19 19:19:00+09:00,2.4069,2.4084,2.4025,2.4058,1371187.6
2024-12-19 19:20:00+09:00,2.4059,2.4120,2.4052,2.4110,1047858.5
2024-12-19 19:21:00+09:00,2.4110,2.4154,2.4093,2.4097,2019626.9
2024-12-19 19:22:00+09:00,2.4096,2.4151,2.4096,2.4121,1097063.0
2024-12-19 19:23:00+09:00,2.4120,2.4128,2.4057,2.4077,2385141.2
2024-12-19 19:24:00+09:00,2.4077,2.4097,2.4031,2.4031,963610.0
2024-12-19 19:25:00+09:00,2.4030,2.4049,2.3979,2.4008,1468454.4
2024-12-19 19:26:00+09:00,2.4007,2.4039,2.4000,2.4037,921676.7
2024-12-19 19:27:00+09:00,2.4037,2.4050,2.3986,2.3987,1471793.8
2024-12-19 19:28:00+09:00,2.3986,2.4014,2.3981,2.3986,779653.0
2024-12-19 19:29:00+09:00,2.3986,2.4012,2.3968,2.3985,1429179.7
2024-12-19 19:30:00+09:00,2.3985,2.3999,2.3972,2.3999,632370.7
2024-12-19 19:31:00+09:00,2.4000,2.4051,2.3990,2.4035,1065354.5
2024-12-19 19:32:00+09:00,2.4036,2.4090,2.4021,2.4086,1296003.5
2024-12-19 19:33:00+09:00,2.4086,2.4115,2.4022,2.4036,1403890.9
2024-12-19 19:34:00+09:00,2.4037,2.4080,2.4036,2.4073,561074.7
2024-12-19 19:35:00+09:00,2.4074,2.4104,2.4055,2.4099,546418.9
2024-12-19 19:36:00+09:00,2.4099,2.4132,2.4090,2.4123,961556.0
2024-12-19 19:37:00+09:00,2.4123,2.4128,2.4062,2.4077,709787.7
2024-12-19 19:38:00+09:00,2.4077,2.4085,2.4046,2.4057,736795.3
2024-12-19 19:39:00+09:00,2.4057,2.4076,2.4039,2.4040,768134.3
2024-12-19 19:40:00+09:00,2.4040,2.4118,2.4040,2.4096,641256.5
2024-12-19 19:41:00+09:00,2.4096,2.4135,2.4081,2.4134,1055712.5
2024-12-19 19:42:00+09:00,2.4135,2.4183,2.4128,2.4150,1666025.0
2024-12-19 19:43:00+09:00,2.4150,2.4192,2.4136,2.4187,1012049.2
2024-12-19 19:44:00+09:00,2.4186,2.4195,2.4158,2.4191,1205471.2
2024-12-19 19:45:00+09:00,2.4191,2.4212,2.4182,2.4204,1430126.1
2024-12-19 19:46:00+09:00,2.4205,2.4252,2.4185,2.4185,1880904.6
2024-12-19 19:47:00+09:00,2.4185,2.4274,2.4172,2.4259,1667706.4
2024-12-19 19:48:00+09:00,2.4259,2.4299,2.4250,2.4286,1504878.3
2024-12-19 19:49:00+09:00,2.4287,2.4290,2.4233,2.4254,1419666.5
2024-12-19 19:50:00+09:00,2.4255,2.4277,2.4225,2.4231,1123645.7
2024-12-19 19:51:00+09:00,2.4231,2.4250,2.4202,2.4208,1100246.9
2024-12-19 19:52:00+09:00,2.4206,2.4233,2.4197,2.4206,842720.9
2024-12-19 19:53:00+09:00,2.4206,2.4233,2.4196,2.4224,1128932.5
2024-12-19 19:54:00+09:00,2.4223,2.4228,2.4200,2.4204,670750.8
2024-12-19 19:55:00+09:00,2.4203,2.4209,2.4159,2.4181,1100123.6
2024-12-19 19:56:00+09:00,2.4180,2.4187,2.4132,2.4140,1045723.4
2024-12-19 19:57:00+09:00,2.4139,2.4154,2.4121,2.4140,992829.8
2024-12-19 19:58:00+09:00,2.4141,2.4149,2.4106,2.4122,2923235.1
2024-12-19 19:59:00+09:00,2.4122,2.4131,2.4100,2.4123,1033110.5
2024-12-19 20:00:00+09:00,2.4124,2.4130,2.4051,2.4065,1378720.7
2024-12-19 20:01:00+09:00,2.4066,2.4128,2.4048,2.4115,1594953.0
2024-12-19 20:02:00+09:00,2.4114,2.4171,2.4095,2.4122,1251991.1
2024-12-19 20:03:00+09:00,2.4121,2.4127,2.4097,2.4104,503774.8
2024-12-19 20:04:00+09:00,2.4103,2.4118,2.4044,2.4047,757781.6
2024-12-19 20:05:00+09:00,2.4047,2.4066,2.4036,2.4040,746937.5
2024-12-19 20:06:00+09:00,2.4039,2.4065,2.4031,2.4046,736928.6
2024-12-19 20:07:00+09:00,2.4046,2.4089,2.4046,2.4080,529015.2
2024-12-19 20:08:00+09:00,2.4080,2.4084,2.4031,2.4032,548245.8
2024-12-19 20:09:00+09:00,2.4031,2.4066,2.4004,2.4062,852066.9
2024-12-19 20:10:00+09:00,2.4062,2.4082,2.4039,2.4051,575419.9
2024-12-19 20:11:00+09:00,2.4051,2.4078,2.4026,2.4036,572051.0
2024-12-19 20:12:00+09:00,2.4037,2.4039,2.4005,2.4030,476888.8
2024-12-19 20:13:00+09:00,2.4031,2.4052,2.4006,2.4016,796485.5
2024-12-19 20:14:00+09:00,2.4016,2.4021,2.3992,2.4007,1011078.5
2024-12-19 20:15:00+09:00,2.4008,2.4075,2.4007,2.4068,923518.2
2024-12-19 20:16:00+09:00,2.4067,2.4096,2.4058,2.4080,824948.0
2024-12-19 20:17:00+09:00,2.4081,2.4127,2.4080,2.4119,966434.2
2024-12-19 20:18:00+09:00,2.4119,2.4127,2.4091,2.4099,511702.2
2024-12-19 20:19:00+09:00,2.4100,2.4156,2.4095,2.4131,643128.4
2024-12-19 20:20:00+09:00,2.4132,2.4164,2.4122,2.4153,892428.5
2024-12-19 20:21:00+09:00,2.4153,2.4180,2.4146,2.4168,961909.1
2024-12-19 20:22:00+09:00,2.4168,2.4168,2.4112,2.4128,1668295.5
2024-12-19 20:23:00+09:00,2.4128,2.4148,2.4112,2.4148,396526.4
2024-12-19 20:24:00+09:00,2.4148,2.4160,2.4142,2.4153,437152.5
2024-12-19 20:25:00+09:00,2.4154,2.4193,2.4153,2.4193,1319289.4
2024-12-19 20:26:00+09:00,2.4192,2.4192,2.4150,2.4151,703179.1
2024-12-19 20:27:00+09:00,2.4151,2.4182,2.4149,2.4174,493856.2
2024-12-19 20:28:00+09:00,2.4174,2.4199,2.4161,2.4179,1732434.5
2024-12-19 20:29:00+09:00,2.4179,2.4248,2.4174,2.4209,3601923.4
2024-12-19 20:30:00+09:00,2.4208,2.4232,2.4196,2.4196,713397.5
2024-12-19 20:31:00+09:00,2.4196,2.4202,2.4162,2.4187,796695.6
2024-12-19 20:32:00+09:00,2.4187,2.4188,2.4139,2.4147,827533.7
2024-12-19 20:33:00+09:00,2.4147,2.4153,2.4132,2.4146,583908.8
2024-12-19 20:34:00+09:00,2.4146,2.4155,2.4130,2.4150,461343.1
2024-12-19 20:35:00+09:00,2.4150,2.4188,2.4133,2.4184,574748.9
2024-12-19 20:36:00+09:00,2.4183,2.4184,2.4128,2.4136,519189.0
2024-12-19 20:37:00+09:00,2.4136,2.4147,2.4125,2.4129,488006.4
2024-12-19 20:38:00+09:00,2.4129,2.4134,2.4088,2.4119,1102451.7
2024-12-19 20:39:00+09:00,2.4119,2.4120,2.4074,2.4081,755197.8
2024-12-19 20:40:00+09:00,2.4080,2.4102,2.4063,2.4092,751788.6
2024-12-19 20:41:00+09:00,2.4092,2.4109,2.4063,2.4072,454467.4
2024-12-19 20:42:00+09:00,2.4072,2.4101,2.4072,2.4083,344160.0
2024-12-19 20:43:00+09:00,2.4083,2.4106,2.4082,2.4094,346728.0
2024-12-19 20:44:00+09:00,2.4094,2.4119,2.4093,2.4093,282762.4
2024-12-19 20:45:00+09:00,2.4093,2.4134,2.4090,2.4132,435781.4
2024-12-19 20:46:00+09:00,2.4131,2.4132,2.4087,2.4095,484676.5
2024-12-19 20:47:00+09:00,2.4095,2.4104,2.4058,2.4071,401569.2
2024-12-19 20:48:00+09:00,2.4071,2.4120,2.4061,2.4120,336615.7
2024-12-19 20:49:00+09:00,2.4119,2.4158,2.4118,2.4134,365341.0
2024-12-19 20:50:00+09:00,2.4134,2.4150,2.4116,2.4142,460482.2
2024-12-19 20:51:00+09:00,2.4142,2.4152,2.4132,2.4149,274674.8
2024-12-19 20:52:00+09:00,2.4149,2.4159,2.4114,2.4127,336541.2
2024-12-19 20:53:00+09:00,2.4128,2.4154,2.4128,2.4140,266667.3
2024-12-19 20:54:00+09:00,2.4140,2.4140,2.4097,2.4107,405667.3
2024-12-19 20:55:00+09:00,2.4108,2.4128,2.4102,2.4128,295275.0
2024-12-19 20:56:00+09:00,2.4128,2.4134,2.4100,2.4108,354131.5
2024-12-19 20:57:00+09:00,2.4108,2.4129,2.4106,2.4118,138365.6
2024-12-19 20:58:00+09:00,2.4118,2.4130,2.4099,2.4104,200921.6
2024-12-19 20:59:00+09:00,2.4104,2.4104,2.4079,2.4089,309295.0
2024-12-19 21:00:00+09:00,2.4089,2.4139,2.4080,2.4139,544699.7
2024-12-19 21:01:00+09:00,2.4139,2.4145,2.4089,2.4093,869673.7
2024-12-19 21:02:00+09:00,2.4093,2.4101,2.4042,2.4043,1094447.9
2024-12-19 21:03:00+09:00,2.4043,2.4054,2.4020,2.4027,1493362.1
2024-12-19 21:04:00+09:00,2.4027,2.4047,2.4017,2.4018,680782.0
2024-12-19 21:05:00+09:00,2.4017,2.4112,2.4017,2.4105,896574.3
2024-12-19 21:06:00+09:00,2.4106,2.4143,2.4094,2.4125,984379.7
2024-12-19 21:07:00+09:00,2.4126,2.4170,2.4122,2.4159,867512.3
2024-12-19 21:08:00+09:00,2.4159,2.4161,2.4100,2.4101,769581.9
2024-12-19 21:09:00+09:00,2.4100,2.4104,2.4038,2.4075,651858.6
2024-12-19 21:10:00+09:00,2.4075,2.4088,2.4064,2.4087,439339.7
2024-12-19 21:11:00+09:00,2.4087,2.4087,2.4057,2.4058,262650.9
2024-12-19 21:12:00+09:00,2.4057,2.4059,2.4020,2.4033,907234.2
2024-12-19 21:13:00+09:00,2.4033,2.4060,2.4030,2.4045,533298.3
2024-12-19 21:14:00+09:00,2.4044,2.4089,2.4042,2.4075,1045974.3
2024-12-19 21:15:00+09:00,2.4074,2.4074,2.4042,2.4052,455538.1
2024-12-19 21:16:00+09:00,2.4052,2.4062,2.4000,2.4009,818693.3
2024-12-19 21:17:00+09:00,2.4009,2.4016,2.3961,2.3978,2022267.6
2024-12-19 21:18:00+09:00,2.3977,2.3980,2.3925,2.3948,1826593.0
2024-12-19 21:19:00+09:00,2.3949,2.3978,2.3936,2.3975,898477.9
2024-12-19 21:20:00+09:00,2.3975,2.4012,2.3959,2.3985,1528482.3
2024-12-19 21:21:00+09:00,2.3985,2.4000,2.3961,2.3962,553005.4
2024-12-19 21:22:00+09:00,2.3961,2.3961,2.3903,2.3926,1577715.5
2024-12-19 21:23:00+09:00,2.3927,2.3927,2.3903,2.3909,986944.8
2024-12-19 21:24:00+09:00,2.3910,2.3940,2.3873,2.3893,1967112.7
2024-12-19 21:25:00+09:00,2.3893,2.3917,2.3867,2.3916,1461874.5
2024-12-19 21:26:00+09:00,2.3915,2.3915,2.3863,2.3866,849810.5
2024-12-19 21:27:00+09:00,2.3866,2.3874,2.3833,2.3843,2340803.0
2024-12-19 21:28:00+09:00,2.3843,2.3888,2.3825,2.3883,1350884.8
2024-12-19 21:29:00+09:00,2.3882,2.3910,2.3881,2.3905,723970.1
2024-12-19 21:30:00+09:00,2.3905,2.3905,2.3826,2.3853,1463566.5
2024-12-19 21:31:00+09:00,2.3852,2.3855,2.3818,2.3827,1448198.2
2024-12-19 21:32:00+09:00,2.3826,2.3834,2.3780,2.3803,3093600.3
2024-12-19 21:33:00+09:00,2.3804,2.3808,2.3744,2.3782,2479320.3
2024-12-19 21:34:00+09:00,2.3782,2.3799,2.3753,2.3799,1351367.4
2024-12-19 21:35:00+09:00,2.3799,2.3802,2.3756,2.3797,1217366.3
2024-12-19 21:36:00+09:00,2.3796,2.3798,2.3760,2.3772,708983.6
2024-12-19 21:37:00+09:00,2.3772,2.3772,2.3725,2.3731,2069538.6
2024-12-19 21:38:00+09:00,2.3731,2.3736,2.3679,2.3712,3271599.8
2024-12-19 21:39:00+09:00,2.3712,2.3730,2.3683,2.3726,1509932.2
2024-12-19 21:40:00+09:00,2.3726,2.3784,2.3726,2.3755,1990158.3
2024-12-19 21:41:00+09:00,2.3754,2.3788,2.3746,2.3746,1569504.0
2024-12-19 21:42:00+09:00,2.3746,2.3790,2.3735,2.3774,796298.4
2024-12-19 21:43:00+09:00,2.3774,2.3790,2.3706,2.3707,1388479.1
2024-12-19 21:44:00+09:00,2.3708,2.3728,2.3700,2.3704,1129548.6
2024-12-19 21:45:00+09:00,2.3704,2.3784,2.3695,2.3783,1542259.8
2024-12-19 21:46:00+09:00,2.3784,2.3789,2.3755,2.3777,1147171.4
2024-12-19 21:47:00+09:00,2.3777,2.3788,2.3754,2.3757,670788.0
2024-12-19 21:48:00+09:00,2.3757,2.3817,2.3757,2.3812,972921.0
2024-12-19 21:49:00+09:00,2.3813,2.3813,2.3750,2.3754,1143285.0
2024-12-19 21:50:00+09:00,2.3753,2.3766,2.3701,2.3739,1467311.2
2024-12-19 21:51:00+09:00,2.3739,2.3790,2.3739,2.3790,827512.7
2024-12-19 21:52:00+09:00,2.3790,2.3793,2.3754,2.3754,594527.6
2024-12-19 21:53:00+09:00,2.3754,2.3755,2.3696,2.3718,1134017.4
2024-12-19 21:54:00+09:00,2.3718,2.3737,2.3702,2.3733,599978.8
2024-12-19 21:55:00+09:00,2.3733,2.3740,2.3676,2.3725,903708.8
2024-12-19 21:56:00+09:00,2.3726,2.3779,2.3719,2.3761,940477.1
2024-12-19 21:57:00+09:00,2.3761,2.3801,2.3751,2.3791,2070319.3
2024-12-19 21:58:00+09:00,2.3790,2.3799,2.3763,2.3778,861690.4
2024-12-19 21:59:00+09:00,2.3778,2.3796,2.3761,2.3792,731281.3
2024-12-19 22:00:00+09:00,2.3793,2.3798,2.3754,2.3755,1215610.7
2024-12-19 22:01:00+09:00,2.3754,2.3792,2.3734,2.3790,1060703.3
2024-12-19 22:02:00+09:00,2.3789,2.3838,2.3785,2.3809,1408001.9
2024-12-19 22:03:00+09:00,2.3809,2.3836,2.3800,2.3802,1025864.6
2024-12-19 22:04:00+09:00,2.3802,2.3809,2.3768,2.3787,857727.2
2024-12-19 22:05:00+09:00,2.3787,2.3807,2.3764,2.3794,687306.8
2024-12-19 22:06:00+09:00,2.3793,2.3793,2.3741,2.3742,1009841.0
2024-12-19 22:07:00+09:00,2.3742,2.3764,2.3728,2.3750,553413.2
2024-12-19 22:08:00+09:00,2.3749,2.3856,2.3746,2.3844,1136838.4
2024-12-19 22:09:00+09:00,2.3845,2.3862,2.3802,2.3805,1062416.0
2024-12-19 22:10:00+09:00,2.3806,2.3835,2.3806,2.3815,784230.1
2024-12-19 22:11:00+09:00,2.3815,2.3816,2.3770,2.3772,1092480.1
2024-12-19 22:12:00+09:00,2.3773,2.3814,2.3764,2.3798,682991.1
2024-12-19 22:13:00+09:00,2.3798,2.3854,2.3798,2.3848,896455.7
2024-12-19 22:14:00+09:00,2.3849,2.3856,2.3829,2.3833,642946.3
2024-12-19 22:15:00+09:00,2.3833,2.3839,2.3801,2.3801,650034.3
2024-12-19 22:16:00+09:00,2.3803,2.3810,2.3747,2.3753,838719.0
2024-12-19 22:17:00+09:00,2.3753,2.3808,2.3729,2.3798,892947.4
2024-12-19 22:18:00+09:00,2.3797,2.3798,2.3764,2.3764,436479.9
2024-12-19 22:19:00+09:00,2.3765,2.3778,2.3738,2.3754,555204.3
2024-12-19 22:20:00+09:00,2.3755,2.3802,2.3742,2.3797,573935.9
2024-12-19 22:21:00+09:00,2.3797,2.3797,2.3760,2.3791,1121743.8
2024-12-19 22:22:00+09:00,2.3790,2.3843,2.3782,2.3799,1400559.0
2024-12-19 22:23:00+09:00,2.3799,2.3814,2.3781,2.3799,651276.2
2024-12-19 22:24:00+09:00,2.3799,2.3844,2.3799,2.3844,561366.0
2024-12-19 22:25:00+09:00,2.3844,2.3852,2.3828,2.3829,507099.9
2024-12-19 22:26:00+09:00,2.3828,2.3841,2.3816,2.3821,262866.2
2024-12-19 22:27:00+09:00,2.3821,2.3869,2.3821,2.3866,350314.6
2024-12-19 22:28:00+09:00,2.3866,2.3914,2.3866,2.3904,1689972.0
2024-12-19 22:29:00+09:00,2.3903,2.3912,2.3886,2.3895,715908.6
2024-12-19 22:30:00+09:00,2.3896,2.3933,2.3876,2.3877,1059222.3
2024-12-19 22:31:00+09:00,2.3875,2.3912,2.3850,2.3901,1071930.0
2024-12-19 22:32:00+09:00,2.3902,2.3902,2.3790,2.3791,1072271.2
2024-12-19 22:33:00+09:00,2.3791,2.3797,2.3742,2.3771,1397734.2
2024-12-19 22:34:00+09:00,2.3771,2.3804,2.3755,2.3757,472363.7
2024-12-19 22:35:00+09:00,2.3758,2.3758,2.3560,2.3617,8978885.3
2024-12-19 22:36:00+09:00,2.3618,2.3644,2.3609,2.3622,2049011.5
2024-12-19 22:37:00+09:00,2.3623,2.3686,2.3621,2.3662,1778292.0
2024-12-19 22:38:00+09:00,2.3663,2.3668,2.3609,2.3624,1029585.9
2024-12-19 22:39:00+09:00,2.3623,2.3631,2.3581,2.3610,2123126.9
2024-12-19 22:40:00+09:00,2.3610,2.3637,2.3541,2.3553,2004204.9
2024-12-19 22:41:00+09:00,2.3552,2.3582,2.3541,2.3551,1861550.4
2024-12-19 22:42:00+09:00,2.3551,2.3644,2.3541,2.3640,3316932.4
2024-12-19 22:43:00+09:00,2.3640,2.3687,2.3622,2.3670,1790067.8
2024-12-19 22:44:00+09:00,2.3670,2.3676,2.3630,2.3649,781476.9
2024-12-19 22:45:00+09:00,2.3648,2.3660,2.3612,2.3637,893751.1
2024-12-19 22:46:00+09:00,2.3636,2.3668,2.3613,2.3666,918025.4
2024-12-19 22:47:00+09:00,2.3665,2.3681,2.3640,2.3663,834867.3
2024-12-19 22:48:00+09:00,2.3663,2.3718,2.3647,2.3713,1983446.1
2024-12-19 22:49:00+09:00,2.3713,2.3766,2.3713,2.3763,1866621.3
2024-12-19 22:50:00+09:00,2.3762,2.3766,2.3709,2.3723,1177168.9
2024-12-19 22:51:00+09:00,2.3722,2.3734,2.3699,2.3709,472354.9
2024-12-19 22:52:00+09:00,2.3708,2.3734,2.3691,2.3700,474390.7
2024-12-19 22:53:00+09:00,2.3699,2.3749,2.3681,2.3748,517390.8
2024-12-19 22:54:00+09:00,2.3747,2.3757,2.3697,2.3697,587650.6
2024-12-19 22:55:00+09:00,2.3697,2.3702,2.3673,2.3685,754372.1
2024-12-19 22:56:00+09:00,2.3685,2.3714,2.3683,2.3709,439531.2
2024-12-19 22:57:00+09:00,2.3708,2.3708,2.3660,2.3666,618014.4
2024-12-19 22:58:00+09:00,2.3666,2.3683,2.3619,2.3675,847457.6
2024-12-19 22:59:00+09:00,2.3676,2.3724,2.3676,2.3706,571537.4
2024-12-19 23:00:00+09:00,2.3707,2.3745,2.3706,2.3736,829649.4
2024-12-19 23:01:00+09:00,2.3736,2.3739,2.3676,2.3702,516766.7
2024-12-19 23:02:00+09:00,2.3701,2.3754,2.3690,2.3730,619875.9
2024-12-19 23:03:00+09:00,2.3729,2.3763,2.3715,2.3756,992455.6
2024-12-19 23:04:00+09:00,2.3757,2.3790,2.3721,2.3733,1064855.3
2024-12-19 23:05:00+09:00,2.3733,2.3783,2.3720,2.3775,526340.8
2024-12-19 23:06:00+09:00,2.3775,2.3798,2.3750,2.3758,518655.6
2024-12-19 23:07:00+09:00,2.3759,2.3799,2.3754,2.3787,574520.9
2024-12-19 23:08:00+09:00,2.3787,2.3807,2.3759,2.3774,1097083.3
2024-12-19 23:09:00+09:00,2.3774,2.3827,2.3760,2.3806,3144754.4
2024-12-19 23:10:00+09:00,2.3805,2.3812,2.3768,2.3782,947000.9
2024-12-19 23:11:00+09:00,2.3782,2.3800,2.3776,2.3799,694183.2
2024-12-19 23:12:00+09:00,2.3799,2.3810,2.3784,2.3795,764689.6
2024-12-19 23:13:00+09:00,2.3794,2.3796,2.3740,2.3765,638782.8
2024-12-19 23:14:00+09:00,2.3764,2.3785,2.3750,2.3767,1140373.1
2024-12-19 23:15:00+09:00,2.3768,2.3811,2.3767,2.3778,577316.9
2024-12-19 23:16:00+09:00,2.3778,2.3797,2.3750,2.3772,439578.7
2024-12-19 23:17:00+09:00,2.3772,2.3803,2.3738,2.3741,504390.8
2024-12-19 23:18:00+09:00,2.3741,2.3746,2.3711,2.3719,845457.2
2024-12-19 23:19:00+09:00,2.3719,2.3749,2.3700,2.3749,537034.2
2024-12-19 23:20:00+09:00,2.3749,2.3818,2.3749,2.3814,699951.1
2024-12-19 23:21:00+09:00,2.3814,2.3826,2.3787,2.3792,655999.4
2024-12-19 23:22:00+09:00,2.3793,2.3802,2.3771,2.3791,450607.4
2024-12-19 23:23:00+09:00,2.3791,2.3804,2.3773,2.3773,485212.7
2024-12-19 23:24:00+09:00,2.3773,2.3790,2.3758,2.3790,345669.5
2024-12-19 23:25:00+09:00,2.3790,2.3830,2.3790,2.3804,1018081.5
2024-12-19 23:26:00+09:00,2.3803,2.3823,2.3780,2.3784,483630.8
2024-12-19 23:27:00+09:00,2.3785,2.3813,2.3780,2.3789,276018.4
2024-12-19 23:28:00+09:00,2.3790,2.3826,2.3766,2.3821,643739.7
2024-12-19 23:29:00+09:00,2.3822,2.3857,2.3819,2.3855,723163.5
2024-12-19 23:30:00+09:00,2.3855,2.3859,2.3798,2.3836,1058918.4
2024-12-19 23:31:00+09:00,2.3837,2.3940,2.3837,2.3937,1757624.0
2024-12-19 23:32:00+09:00,2.3937,2.3989,2.3882,2.3882,2867612.4
2024-12-19 23:33:00+09:00,2.3883,2.4003,2.3882,2.3987,1920039.8
2024-12-19 23:34:00+09:00,2.3988,2.4033,2.3988,2.4016,2643010.3
2024-12-19 23:35:00+09:00,2.4016,2.4054,2.3991,2.4008,1919336.3
2024-12-19 23:36:00+09:00,2.4008,2.4016,2.3930,2.3939,2056553.9
2024-12-19 23:37:00+09:00,2.3939,2.3970,2.3870,2.3906,1930143.7
2024-12-19 23:38:00+09:00,2.3906,2.3916,2.3773,2.3823,6115646.4
2024-12-19 23:39:00+09:00,2.3824,2.3831,2.3769,2.3777,1804075.2
2024-12-19 23:40:00+09:00,2.3778,2.3857,2.3758,2.3796,2713360.9
2024-12-19 23:41:00+09:00,2.3796,2.3819,2.3761,2.3794,1646349.1
2024-12-19 23:42:00+09:00,2.3793,2.3846,2.3780,2.3820,999029.2
2024-12-19 23:43:00+09:00,2.3819,2.3822,2.3747,2.3755,2604496.3
2024-12-19 23:44:00+09:00,2.3755,2.3761,2.3666,2.3697,3211362.8
2024-12-19 23:45:00+09:00,2.3698,2.3723,2.3526,2.3571,8446456.5
2024-12-19 23:46:00+09:00,2.3571,2.3617,2.3556,2.3597,2488185.8
2024-12-19 23:47:00+09:00,2.3598,2.3609,2.3458,2.3477,6599907.5
2024-12-19 23:48:00+09:00,2.3476,2.3509,2.3413,2.3448,6667934.1
2024-12-19 23:49:00+09:00,2.3449,2.3492,2.3318,2.3376,8530000.6
2024-12-19 23:50:00+09:00,2.3376,2.3461,2.3357,2.3412,4127364.9
2024-12-19 23:51:00+09:00,2.3411,2.3431,2.3344,2.3380,3293481.5
2024-12-19 23:52:00+09:00,2.3380,2.3426,2.3329,2.3422,2944499.3
2024-12-19 23:53:00+09:00,2.3422,2.3460,2.3382,2.3444,2846232.1
2024-12-19 23:54:00+09:00,2.3444,2.3488,2.3325,2.3326,3025928.0
2024-12-19 23:55:00+09:00,2.3326,2.3385,2.3300,2.3355,3146134.0
2024-12-19 23:56:00+09:00,2.3355,2.3408,2.3332,2.3394,2090725.9
2024-12-19 23:57:00+09:00,2.3394,2.3416,2.3356,2.3396,1485114.0
2024-12-19 23:58:00+09:00,2.3395,2.3402,2.3332,2.3351,1680898.7
2024-12-19 23:59:00+09:00,2.3351,2.3376,2.3250,2.3297,4233842.2
2024-12-20 00:00:00+09:00,2.3296,2.3308,2.3216,2.3269,5896146.3
2024-12-20 00:01:00+09:00,2.3269,2.3271,2.3200,2.3233,3033526.9
2024-12-20 00:02:00+09:00,2.3232,2.3232,2.3133,2.3167,7957569.4
2024-12-20 00:03:00+09:00,2.3167,2.3175,2.3102,2.3163,5646214.0
2024-12-20 00:04:00+09:00,2.3163,2.3244,2.3104,2.3152,4837636.2
2024-12-20 00:05:00+09:00,2.3151,2.3196,2.3111,2.3170,3274691.4
2024-12-20 00:06:00+09:00,2.3171,2.3241,2.3151,2.3182,4214624.9
2024-12-20 00:07:00+09:00,2.3181,2.3183,2.3065,2.3092,4882888.8
2024-12-20 00:08:00+09:00,2.3091,2.3120,2.3011,2.3035,4614898.5
2024-12-20 00:09:00+09:00,2.3035,2.3088,2.3011,2.3056,3609040.6
2024-12-20 00:10:00+09:00,2.3055,2.3147,2.3024,2.3069,3839336.6
2024-12-20 00:11:00+09:00,2.3069,2.3106,2.3028,2.3060,3497492.1
2024-12-20 00:12:00+09:00,2.3060,2.3081,2.3002,2.3003,2304106.2
2024-12-20 00:13:00+09:00,2.3003,2.3114,2.2944,2.3099,8570100.6
2024-12-20 00:14:00+09:00,2.3099,2.3167,2.3075,2.3102,3221292.8
2024-12-20 00:15:00+09:00,2.3101,2.3105,2.2829,2.2898,9340550.2
2024-12-20 00:16:00+09:00,2.2897,2.2981,2.2886,2.2918,4546765.0
2024-12-20 00:17:00+09:00,2.2919,2.2961,2.2880,2.2880,2928891.4
2024-12-20 00:18:00+09:00,2.2879,2.2888,2.2779,2.2806,6785168.4
2024-12-20 00:19:00+09:00,2.2805,2.2850,2.2768,2.2809,4755916.0
2024-12-20 00:20:00+09:00,2.2808,2.2877,2.2786,2.2806,3945131.9
2024-12-20 00:21:00+09:00,2.2806,2.2821,2.2723,2.2742,5621565.5
2024-12-20 00:22:00+09:00,2.2742,2.2787,2.2708,2.2750,7898888.7
2024-12-20 00:23:00+09:00,2.2751,2.2860,2.2743,2.2801,4419336.6
2024-12-20 00:24:00+09:00,2.2800,2.2850,2.2774,2.2800,7341811.5
2024-12-20 00:25:00+09:00,2.2800,2.2952,2.2799,2.2936,5563938.8
2024-12-20 00:26:00+09:00,2.2936,2.2967,2.2840,2.2867,3396504.7
2024-12-20 00:27:00+09:00,2.2866,2.2879,2.2802,2.2829,4279275.1
2024-12-20 00:28:00+09:00,2.2828,2.2942,2.2805,2.2886,2499150.0
2024-12-20 00:29:00+09:00,2.2886,2.2912,2.2863,2.2893,2000614.6
2024-12-20 00:30:00+09:00,2.2892,2.2950,2.2886,2.2908,2335123.8
2024-12-20 00:31:00+09:00,2.2906,2.2922,2.2857,2.2913,2764103.6
2024-12-20 00:32:00+09:00,2.2913,2.3050,2.2912,2.3012,5606239.7
2024-12-20 00:33:00+09:00,2.3013,2.3023,2.2915,2.2927,3710017.0
2024-12-20 00:34:00+09:00,2.2928,2.2976,2.2921,2.2945,2637886.6
2024-12-20 00:35:00+09:00,2.2944,2.3001,2.2890,2.2902,2781589.8
2024-12-20 00:36:00+09:00,2.2901,2.2976,2.2891,2.2933,2071058.5
2024-12-20 00:37:00+09:00,2.2932,2.2984,2.2920,2.2981,1601468.0
2024-12-20 00:38:00+09:00,2.2980,2.3055,2.2970,2.3022,3498012.4
2024-12-20 00:39:00+09:00,2.3021,2.3068,2.3005,2.3016,2932285.7
2024-12-20 00:40:00+09:00,2.3017,2.3063,2.3000,2.3027,4320453.4
2024-12-20 00:41:00+09:00,2.3026,2.3079,2.3003,2.3072,2688490.7
2024-12-20 00:42:00+09:00,2.3071,2.3108,2.3017,2.3100,3543429.4
2024-12-20 00:43:00+09:00,2.3100,2.3163,2.3098,2.3122,3837114.9
2024-12-20 00:44:00+09:00,2.3122,2.3188,2.3119,2.3175,2453348.3
2024-12-20 00:45:00+09:00,2.3174,2.3174,2.3025,2.3031,3395737.4
2024-12-20 00:46:00+09:00,2.3031,2.3065,2.3007,2.3062,2022282.7
2024-12-20 00:47:00+09:00,2.3063,2.3109,2.3053,2.3078,1903938.8
2024-12-20 00:48:00+09:00,2.3078,2.3148,2.3077,2.3136,1607709.4
2024-12-20 00:49:00+09:00,2.3136,2.3226,2.3126,2.3221,2663916.1
2024-12-20 00:50:00+09:00,2.3222,2.3288,2.3213,2.3257,3687958.2
2024-12-20 00:51:00+09:00,2.3257,2.3325,2.3228,2.3321,4525268.1
2024-12-20 00:52:00+09:00,2.3322,2.3323,2.3229,2.3252,2165301.2
2024-12-20 00:53:00+09:00,2.3252,2.3329,2.3248,2.3317,1734405.4
2024-12-20 00:54:00+09:00,2.3317,2.3330,2.3251,2.3252,1537983.2
2024-12-20 00:55:00+09:00,2.3253,2.3281,2.3215,2.3216,1613278.6
2024-12-20 00:56:00+09:00,2.3216,2.3219,2.3148,2.3181,2956088.3
2024-12-20 00:57:00+09:00,2.3181,2.3188,2.3147,2.3184,1245042.6
2024-12-20 00:58:00+09:00,2.3185,2.3259,2.3184,2.3247,1474547.7
2024-12-20 00:59:00+09:00,2.3247,2.3308,2.3234,2.3260,1257641.2
2024-12-20 01:00:00+09:00,2.3260,2.3263,2.3037,2.3116,6392740.0
2024-12-20 01:01:00+09:00,2.3116,2.3161,2.3112,2.3137,1923346.4
2024-12-20 01:02:00+09:00,2.3136,2.3151,2.3093,2.3112,1170969.4
2024-12-20 01:03:00+09:00,2.3112,2.3205,2.3108,2.3175,1422536.1
2024-12-20 01:04:00+09:00,2.3175,2.3179,2.3083,2.3083,1606894.9
2024-12-20 01:05:00+09:00,2.3083,2.3136,2.3072,2.3090,1482516.6
2024-12-20 01:06:00+09:00,2.3090,2.3091,2.3019,2.3046,2508505.6
2024-12-20 01:07:00+09:00,2.3045,2.3085,2.3018,2.3054,1427401.4
2024-12-20 01:08:00+09:00,2.3054,2.3107,2.3045,2.3070,950607.4
2024-12-20 01:09:00+09:00,2.3070,2.3102,2.3059,2.3088,850117.0
2024-12-20 01:10:00+09:00,2.3088,2.3165,2.3085,2.3157,1653836.4
2024-12-20 01:11:00+09:00,2.3157,2.3185,2.3109,2.3150,1876879.6
2024-12-20 01:12:00+09:00,2.3150,2.3150,2.3090,2.3095,2580985.3
2024-12-20 01:13:00+09:00,2.3094,2.3156,2.3085,2.3106,1041906.2
2024-12-20 01:14:00+09:00,2.3105,2.3166,2.3102,2.3159,965089.6
2024-12-20 01:15:00+09:00,2.3158,2.3210,2.3134,2.3135,1329570.1
2024-12-20 01:16:00+09:00,2.3134,2.3134,2.3060,2.3098,1320628.7
2024-12-20 01:17:00+09:00,2.3097,2.3139,2.3021,2.3038,2280703.9
2024-12-20 01:18:00+09:00,2.3037,2.3083,2.3026,2.3057,1229602.4
2024-12-20 01:19:00+09:00,2.3057,2.3073,2.3032,2.3060,644806.1
2024-12-20 01:20:00+09:00,2.3060,2.3092,2.3042,2.3068,1034634.1
2024-12-20 01:21:00+09:00,2.3068,2.3125,2.3050,2.3067,1421529.0
2024-12-20 01:22:00+09:00,2.3068,2.3094,2.3040,2.3070,1182339.3
2024-12-20 01:23:00+09:00,2.3070,2.3155,2.3070,2.3125,1179890.2
2024-12-20 01:24:00+09:00,2.3124,2.3205,2.3120,2.3188,1708099.9
2024-12-20 01:25:00+09:00,2.3187,2.3232,2.3157,2.3164,2208031.2
2024-12-20 01:26:00+09:00,2.3164,2.3199,2.3163,2.3173,724726.4
2024-12-20 01:27:00+09:00,2.3174,2.3219,2.3161,2.3216,1005509.8
2024-12-20 01:28:00+09:00,2.3216,2.3261,2.3214,2.3217,1149212.1
2024-12-20 01:29:00+09:00,2.3218,2.3228,2.3170,2.3179,886467.1
2024-12-20 01:30:00+09:00,2.3178,2.3199,2.3148,2.3186,1019876.4
2024-12-20 01:31:00+09:00,2.3185,2.3245,2.3159,2.3171,1277071.6
2024-12-20 01:32:00+09:00,2.3172,2.3206,2.3142,2.3167,993348.2
2024-12-20 01:33:00+09:00,2.3167,2.3167,2.3108,2.3117,1490695.5
2024-12-20 01:34:00+09:00,2.3116,2.3208,2.3107,2.3201,1448767.0
2024-12-20 01:35:00+09:00,2.3201,2.3223,2.3174,2.3206,1206349.5
2024-12-20 01:36:00+09:00,2.3206,2.3286,2.3173,2.3277,1962166.2
2024-12-20 01:37:00+09:00,2.3276,2.3371,2.3255,2.3353,2468523.2
2024-12-20 01:38:00+09:00,2.3353,2.3397,2.3340,2.3364,2993656.7
2024-12-20 01:39:00+09:00,2.3365,2.3444,2.3356,2.3399,2338321.9
2024-12-20 01:40:00+09:00,2.3399,2.3421,2.3340,2.3383,2044412.6
2024-12-20 01:41:00+09:00,2.3382,2.3394,2.3301,2.3330,1613433.3
2024-12-20 01:42:00+09:00,2.3329,2.3372,2.3324,2.3354,1184633.4
2024-12-20 01:43:00+09:00,2.3354,2.3366,2.3327,2.3353,899982.6
2024-12-20 01:44:00+09:00,2.3352,2.3365,2.3317,2.3328,1054611.6
2024-12-20 01:45:00+09:00,2.3329,2.3329,2.3275,2.3305,1085444.4
2024-12-20 01:46:00+09:00,2.3304,2.3408,2.3303,2.3407,1077096.9
2024-12-20 01:47:00+09:00,2.3407,2.3450,2.3396,2.3408,1928484.9
2024-12-20 01:48:00+09:00,2.3409,2.3417,2.3341,2.3341,898700.1
2024-12-20 01:49:00+09:00,2.3340,2.3348,2.3311,2.3337,1438276.6
2024-12-20 01:50:00+09:00,2.3336,2.3350,2.3316,2.3326,558546.8
2024-12-20 01:51:00+09:00,2.3326,2.3397,2.3326,2.3397,1492910.8
2024-12-20 01:52:00+09:00,2.3396,2.3413,2.3384,2.3412,1237383.9
2024-12-20 01:53:00+09:00,2.3411,2.3426,2.3390,2.3395,1141625.4
2024-12-20 01:54:00+09:00,2.3395,2.3396,2.3354,2.3385,2055918.7
2024-12-20 01:55:00+09:00,2.3384,2.3433,2.3380,2.3405,882596.8
2024-12-20 01:56:00+09:00,2.3406,2.3441,2.3397,2.3432,1093696.1
2024-12-20 01:57:00+09:00,2.3431,2.3445,2.3401,2.3416,564900.6
2024-12-20 01:58:00+09:00,2.3416,2.3447,2.3389,2.3434,889071.1
2024-12-20 01:59:00+09:00,2.3434,2.3458,2.3430,2.3446,707091.2
2024-12-20 02:00:00+09:00,2.3447,2.3455,2.3380,2.3380,692471.4
2024-12-20 02:01:00+09:00,2.3380,2.3390,2.3348,2.3348,1128451.5
2024-12-20 02:02:00+09:00,2.3348,2.3405,2.3327,2.3384,1714171.8
2024-12-20 02:03:00+09:00,2.3383,2.3412,2.3330,2.3349,1010238.8
2024-12-20 02:04:00+09:00,2.3350,2.3363,2.3294,2.3334,916092.8
2024-12-20 02:05:00+09:00,2.3335,2.3382,2.3335,2.3363,551373.1
2024-12-20 02:06:00+09:00,2.3362,2.3373,2.3338,2.3358,551488.2
2024-12-20 02:07:00+09:00,2.3359,2.3369,2.3322,2.3327,423643.7
2024-12-20 02:08:00+09:00,2.3326,2.3360,2.3326,2.3359,609101.1
2024-12-20 02:09:00+09:00,2.3359,2.3374,2.3330,2.3338,565828.8
2024-12-20 02:10:00+09:00,2.3339,2.3364,2.3312,2.3363,555813.0
2024-12-20 02:11:00+09:00,2.3364,2.3392,2.3310,2.3338,794085.8
2024-12-20 02:12:00+09:00,2.3338,2.3366,2.3317,2.3364,540882.2
2024-12-20 02:13:00+09:00,2.3363,2.3384,2.3354,2.3361,558952.6
2024-12-20 02:14:00+09:00,2.3361,2.3406,2.3361,2.3379,537615.4
2024-12-20 02:15:00+09:00,2.3379,2.3404,2.3351,2.3367,1528099.7
2024-12-20 02:16:00+09:00,2.3367,2.3373,2.3313,2.3323,983994.4
2024-12-20 02:17:00+09:00,2.3323,2.3333,2.3238,2.3261,3941134.8
2024-12-20 02:18:00+09:00,2.3261,2.3266,2.3149,2.3184,4308328.9
2024-12-20 02:19:00+09:00,2.3181,2.3189,2.3088,2.3103,3355965.4
2024-12-20 02:20:00+09:00,2.3103,2.3127,2.3020,2.3025,3993975.1
2024-12-20 02:21:00+09:00,2.3026,2.3070,2.2956,2.2996,4446658.2
2024-12-20 02:22:00+09:00,2.2997,2.3006,2.2902,2.2917,3019478.9
2024-12-20 02:23:00+09:00,2.2917,2.3024,2.2905,2.3001,2720871.4
2024-12-20 02:24:00+09:00,2.3002,2.3011,2.2919,2.2979,2799068.5
2024-12-20 02:25:00+09:00,2.2979,2.2992,2.2812,2.2869,4160117.1
2024-12-20 02:26:00+09:00,2.2868,2.2912,2.2839,2.2880,3939830.7
2024-12-20 02:27:00+09:00,2.2881,2.2974,2.2873,2.2951,3400930.6
2024-12-20 02:28:00+09:00,2.2950,2.2993,2.2910,2.2923,1845045.3
2024-12-20 02:29:00+09:00,2.2923,2.2938,2.2878,2.2915,3398248.3
2024-12-20 02:30:00+09:00,2.2916,2.2929,2.2829,2.2837,4169326.5
2024-12-20 02:31:00+09:00,2.2837,2.2896,2.2790,2.2821,3711505.4
2024-12-20 02:32:00+09:00,2.2821,2.2824,2.2738,2.2762,4172268.8
2024-12-20 02:33:00+09:00,2.2763,2.2826,2.2763,2.2782,2449428.9
2024-12-20 02:34:00+09:00,2.2782,2.2819,2.2736,2.2761,2484454.7
2024-12-20 02:35:00+09:00,2.2761,2.2774,2.2610,2.2663,8605940.0
2024-12-20 02:36:00+09:00,2.2663,2.2686,2.2631,2.2653,3183369.5
2024-12-20 02:37:00+09:00,2.2652,2.2654,2.2594,2.2612,3477354.6
2024-12-20 02:38:00+09:00,2.2611,2.2626,2.2573,2.2583,4006277.1
2024-12-20 02:39:00+09:00,2.2583,2.2622,2.2568,2.2605,2221853.4
2024-12-20 02:40:00+09:00,2.2604,2.2784,2.2595,2.2746,4601513.7
2024-12-20 02:41:00+09:00,2.2746,2.2766,2.2667,2.2688,2948646.2
2024-12-20 02:42:00+09:00,2.2687,2.2720,2.2643,2.2643,2044852.1
2024-12-20 02:43:00+09:00,2.2643,2.2659,2.2562,2.2593,2289504.6
2024-12-20 02:44:00+09:00,2.2592,2.2680,2.2578,2.2621,2851314.0
2024-12-20 02:45:00+09:00,2.2620,2.2700,2.2617,2.2672,1865774.0
2024-12-20 02:46:00+09:00,2.2673,2.2686,2.2606,2.2654,1385887.0
2024-12-20 02:47:00+09:00,2.2655,2.2705,2.2600,2.2612,2060546.1
2024-12-20 02:48:00+09:00,2.2613,2.2628,2.2552,2.2552,2023616.3
2024-12-20 02:49:00+09:00,2.2552,2.2553,2.2350,2.2402,10374548.0
2024-12-20 02:50:00+09:00,2.2405,2.2565,2.2399,2.2486,6203252.2
2024-12-20 02:51:00+09:00,2.2487,2.2502,2.2250,2.2309,9068805.6
2024-12-20 02:52:00+09:00,2.2309,2.2360,2.2043,2.2080,11074205.8
2024-12-20 02:53:00+09:00,2.2080,2.2389,2.2044,2.2365,8847659.2
2024-12-20 02:54:00+09:00,2.2365,2.2431,2.2000,2.2174,11621309.1
2024-12-20 02:55:00+09:00,2.2178,2.2384,2.2168,2.2303,10950733.1
2024-12-20 02:56:00+09:00,2.2303,2.2376,2.2080,2.2321,11316595.9
2024-12-20 02:57:00+09:00,2.2321,2.2358,2.2153,2.2240,7598181.4
2024-12-20 02:58:00+09:00,2.2242,2.2514,2.2173,2.2495,7927030.6
2024-12-20 02:59:00+09:00,2.2494,2.2592,2.2458,2.2462,8319885.4
2024-12-20 03:00:00+09:00,2.2463,2.2533,2.2291,2.2382,8253766.8
2024-12-20 03:01:00+09:00,2.2382,2.2413,2.2238,2.2309,8192627.4
2024-12-20 03:02:00+09:00,2.2310,2.2485,2.2181,2.2456,8873357.8
2024-12-20 03:03:00+09:00,2.2456,2.2510,2.2339,2.2404,5602432.2
2024-12-20 03:04:00+09:00,2.2403,2.2453,2.2299,2.2430,6498322.3
2024-12-20 03:05:00+09:00,2.2430,2.2473,2.2358,2.2374,3302220.1
2024-12-20 03:06:00+09:00,2.2372,2.2378,2.2244,2.2310,5039133.1
2024-12-20 03:07:00+09:00,2.2311,2.2404,2.2311,2.2359,3138074.3
2024-12-20 03:08:00+09:00,2.2359,2.2466,2.2321,2.2382,3562353.2
2024-12-20 03:09:00+09:00,2.2382,2.2416,2.2287,2.2311,3061668.2
2024-12-20 03:10:00+09:00,2.2312,2.2364,2.2263,2.2336,7701563.6
2024-12-20 03:11:00+09:00,2.2336,2.2380,2.2192,2.2213,5077351.3
2024-12-20 03:12:00+09:00,2.2213,2.2409,2.2184,2.2339,7711907.7
2024-12-20 03:13:00+09:00,2.2340,2.2356,2.2300,2.2317,4088155.4
2024-12-20 03:14:00+09:00,2.2317,2.2408,2.2300,2.2378,3677694.2
2024-12-20 03:15:00+09:00,2.2378,2.2435,2.2345,2.2375,4473692.8
2024-12-20 03:16:00+09:00,2.2375,2.2525,2.2327,2.2404,6814655.7
2024-12-20 03:17:00+09:00,2.2403,2.2420,2.2309,2.2334,3850471.4
2024-12-20 03:18:00+09:00,2.2334,2.2359,2.2300,2.2328,6189443.9
2024-12-20 03:19:00+09:00,2.2329,2.2336,2.2212,2.2302,7493786.2
2024-12-20 03:20:00+09:00,2.2297,2.2342,2.2241,2.2308,3357681.6
2024-12-20 03:21:00+09:00,2.2309,2.2449,2.2250,2.2421,6032965.5
2024-12-20 03:22:00+09:00,2.2422,2.2488,2.2308,2.2403,12329147.2
2024-12-20 03:23:00+09:00,2.2404,2.2517,2.2234,2.2427,19394323.5
2024-12-20 03:24:00+09:00,2.2429,2.2570,2.2333,2.2513,8037188.3
2024-12-20 03:25:00+09:00,2.2514,2.2602,2.2507,2.2572,6194315.9
2024-12-20 03:26:00+09:00,2.2571,2.2780,2.2549,2.2773,7062478.5
2024-12-20 03:27:00+09:00,2.2773,2.2844,2.2713,2.2820,4969798.9
2024-12-20 03:28:00+09:00,2.2821,2.2896,2.2808,2.2886,3895787.7
2024-12-20 03:29:00+09:00,2.2886,2.3106,2.2865,2.3065,5955143.5
2024-12-20 03:30:00+09:00,2.3064,2.3064,2.2716,2.2762,7554245.5
2024-12-20 03:31:00+09:00,2.2761,2.2766,2.2521,2.2600,8297698.7
2024-12-20 03:32:00+09:00,2.2600,2.2768,2.2590,2.2706,3983223.7
2024-12-20 03:33:00+09:00,2.2707,2.2762,2.2623,2.2632,2648149.4
2024-12-20 03:34:00+09:00,2.2631,2.2696,2.2566,2.2666,3586351.1
2024-12-20 03:35:00+09:00,2.2667,2.2788,2.2618,2.2757,3258730.7
2024-12-20 03:36:00+09:00,2.2757,2.2825,2.2737,2.2758,2811632.8
2024-12-20 03:37:00+09:00,2.2758,2.2848,2.2748,2.2825,3375465.9
2024-12-20 03:38:00+09:00,2.2825,2.2896,2.2809,2.2819,2429572.1
2024-12-20 03:39:00+09:00,2.2819,2.2888,2.2791,2.2821,2062631.7
2024-12-20 03:40:00+09:00,2.2820,2.2826,2.2705,2.2713,2493697.3
2024-12-20 03:41:00+09:00,2.2713,2.2724,2.2658,2.2709,2000437.0
2024-12-20 03:42:00+09:00,2.2708,2.2711,2.2647,2.2659,1761901.2
2024-12-20 03:43:00+09:00,2.2659,2.2697,2.2630,2.2675,1814430.8
2024-12-20 03:44:00+09:00,2.2675,2.2700,2.2631,2.2659,1350156.0
2024-12-20 03:45:00+09:00,2.2658,2.2658,2.2580,2.2594,2097593.1
2024-12-20 03:46:00+09:00,2.2594,2.2640,2.2562,2.2611,1789050.2
2024-12-20 03:47:00+09:00,2.2610,2.2783,2.2591,2.2775,1940396.5
2024-12-20 03:48:00+09:00,2.2782,2.2857,2.2742,2.2804,2273218.3
2024-12-20 03:49:00+09:00,2.2806,2.2850,2.2778,2.2814,1197862.8
2024-12-20 03:50:00+09:00,2.2813,2.2888,2.2801,2.2854,1516104.6
2024-12-20 03:51:00+09:00,2.2854,2.2900,2.2831,2.2896,1458608.4
2024-12-20 03:52:00+09:00,2.2896,2.2976,2.2881,2.2952,1788979.2
2024-12-20 03:53:00+09:00,2.2951,2.2996,2.2837,2.2848,3989610.9
2024-12-20 03:54:00+09:00,2.2849,2.2868,2.2749,2.2760,2032875.5
2024-12-20 03:55:00+09:00,2.2761,2.2794,2.2734,2.2776,2347593.9
2024-12-20 03:56:00+09:00,2.2776,2.2883,2.2771,2.2869,1635046.0
2024-12-20 03:57:00+09:00,2.2869,2.2873,2.2802,2.2808,2620399.7
2024-12-20 03:58:00+09:00,2.2808,2.2941,2.2808,2.2927,2059129.5
2024-12-20 03:59:00+09:00,2.2927,2.2968,2.2906,2.2922,1871374.3
2024-12-20 04:00:00+09:00,2.2921,2.2947,2.2874,2.2947,2245030.3
2024-12-20 04:01:00+09:00,2.2948,2.2992,2.2920,2.2949,1680193.2
2024-12-20 04:02:00+09:00,2.2948,2.2948,2.2851,2.2871,1883851.7
2024-12-20 04:03:00+09:00,2.2873,2.2879,2.2811,2.2827,1172425.4
2024-12-20 04:04:00+09:00,2.2828,2.2960,2.2821,2.2904,1483797.9
2024-12-20 04:05:00+09:00,2.2906,2.2919,2.2846,2.2919,1065085.2
2024-12-20 04:06:00+09:00,2.2920,2.2967,2.2861,2.2894,1415407.4
2024-12-20 04:07:00+09:00,2.2893,2.2990,2.2877,2.2985,1443262.1
2024-12-20 04:08:00+09:00,2.2986,2.3004,2.2958,2.3000,994152.8
2024-12-20 04:09:00+09:00,2.3000,2.3007,2.2946,2.2992,979080.0
2024-12-20 04:10:00+09:00,2.2993,2.2995,2.2850,2.2867,1574098.2
2024-12-20 04:11:00+09:00,2.2867,2.2871,2.2798,2.2843,1905523.8
2024-12-20 04:12:00+09:00,2.2843,2.2905,2.2843,2.2862,909027.4
2024-12-20 04:13:00+09:00,2.2862,2.2883,2.2781,2.2809,1236797.2
2024-12-20 04:14:00+09:00,2.2809,2.2846,2.2791,2.2833,1329766.1
2024-12-20 04:15:00+09:00,2.2833,2.2833,2.2747,2.2762,1633236.4
2024-12-20 04:16:00+09:00,2.2761,2.2784,2.2698,2.2721,2249556.0
2024-12-20 04:17:00+09:00,2.2721,2.2744,2.2678,2.2700,1285659.8
2024-12-20 04:18:00+09:00,2.2700,2.2734,2.2670,2.2732,1329153.3
2024-12-20 04:19:00+09:00,2.2732,2.2789,2.2712,2.2713,1465076.1
2024-12-20 04:20:00+09:00,2.2713,2.2725,2.2647,2.2722,1664389.6
2024-12-20 04:21:00+09:00,2.2722,2.2726,2.2675,2.2685,1154202.4
2024-12-20 04:22:00+09:00,2.2684,2.2684,2.2630,2.2646,1599788.0
2024-12-20 04:23:00+09:00,2.2646,2.2729,2.2645,2.2728,1340948.2
2024-12-20 04:24:00+09:00,2.2729,2.2744,2.2652,2.2653,1065383.6
2024-12-20 04:25:00+09:00,2.2654,2.2723,2.2654,2.2707,888972.1
2024-12-20 04:26:00+09:00,2.2707,2.2743,2.2679,2.2712,957577.4
2024-12-20 04:27:00+09:00,2.2712,2.2757,2.2682,2.2724,810475.6
2024-12-20 04:28:00+09:00,2.2723,2.2723,2.2657,2.2658,810168.9
2024-12-20 04:29:00+09:00,2.2658,2.2703,2.2658,2.2684,625118.2
2024-12-20 04:30:00+09:00,2.2684,2.2693,2.2632,2.2684,1098333.1
2024-12-20 04:31:00+09:00,2.2684,2.2685,2.2577,2.2588,2102760.8
2024-12-20 04:32:00+09:00,2.2589,2.2595,2.2460,2.2506,3997504.1
2024-12-20 04:33:00+09:00,2.2507,2.2556,2.2507,2.2522,1444763.9
2024-12-20 04:34:00+09:00,2.2523,2.2528,2.2391,2.2417,3227694.1
2024-12-20 04:35:00+09:00,2.2417,2.2468,2.2412,2.2426,2190934.5
2024-12-20 04:36:00+09:00,2.2426,2.2482,2.2404,2.2444,2293124.1
2024-12-20 04:37:00+09:00,2.2444,2.2452,2.2389,2.2389,1765546.7
2024-12-20 04:38:00+09:00,2.2390,2.2390,2.2292,2.2301,2551092.7
2024-12-20 04:39:00+09:00,2.2300,2.2323,2.2220,2.2224,2736561.9
2024-12-20 04:40:00+09:00,2.2224,2.2256,2.2179,2.2185,3167717.4
2024-12-20 04:41:00+09:00,2.2184,2.2228,2.2139,2.2198,4279880.9
2024-12-20 04:42:00+09:00,2.2198,2.2319,2.2192,2.2306,3002148.3
2024-12-20 04:43:00+09:00,2.2306,2.2328,2.2220,2.2325,2188001.5
2024-12-20 04:44:00+09:00,2.2325,2.2340,2.2202,2.2217,3048151.9
2024-12-20 04:45:00+09:00,2.2216,2.2307,2.2215,2.2242,3813697.4
2024-12-20 04:46:00+09:00,2.2242,2.2248,2.1843,2.2032,20615998.1
2024-12-20 04:47:00+09:00,2.2033,2.2173,2.1868,2.2173,10216745.0
2024-12-20 04:48:00+09:00,2.2173,2.2269,2.2035,2.2177,7954710.4
2024-12-20 04:49:00+09:00,2.2178,2.2192,2.2045,2.2104,7238784.7
2024-12-20 04:50:00+09:00,2.2066,2.2165,2.2016,2.2042,4636679.9
2024-12-20 04:51:00+09:00,2.2042,2.2050,2.1916,2.1988,6002924.4
2024-12-20 04:52:00+09:00,2.1989,2.2084,2.1941,2.2015,4822679.4
2024-12-20 04:53:00+09:00,2.2014,2.2049,2.1932,2.1997,3195604.7
2024-12-20 04:54:00+09:00,2.1997,2.2103,2.1956,2.2006,3386284.8
2024-12-20 04:55:00+09:00,2.2005,2.2025,2.1967,2.1986,3212919.0
2024-12-20 04:56:00+09:00,2.1986,2.2077,2.1976,2.2052,2673610.1
2024-12-20 04:57:00+09:00,2.2050,2.2246,2.2039,2.2195,4967551.8
2024-12-20 04:58:00+09:00,2.2194,2.2271,2.2166,2.2215,3871385.8
2024-12-20 04:59:00+09:00,2.2216,2.2298,2.2209,2.2290,3401610.4
2024-12-20 05:00:00+09:00,2.2292,2.2340,2.2211,2.2256,3488758.3
2024-12-20 05:01:00+09:00,2.2257,2.2275,2.2129,2.2129,4413359.0
2024-12-20 05:02:00+09:00,2.2130,2.2173,2.2024,2.2050,4066437.2
2024-12-20 05:03:00+09:00,2.2049,2.2094,2.1996,2.2058,2006841.5
2024-12-20 05:04:00+09:00,2.2057,2.2072,2.2003,2.2016,1464242.2
2024-12-20 05:05:00+09:00,2.2017,2.2126,2.2012,2.2022,2296336.7
2024-12-20 05:06:00+09:00,2.2024,2.2062,2.1928,2.1955,4186105.3
2024-12-20 05:07:00+09:00,2.1956,2.2026,2.1927,2.2014,2842758.8
2024-12-20 05:08:00+09:00,2.2014,2.2014,2.1801,2.1831,6760505.1
2024-12-20 05:09:00+09:00,2.1831,2.1862,2.1778,2.1800,4764405.1
2024-12-20 05:10:00+09:00,2.1799,2.1824,2.1646,2.1676,11351724.0
2024-12-20 05:11:00+09:00,2.1680,2.1865,2.1630,2.1844,9191306.7
2024-12-20 05:12:00+09:00,2.1844,2.1861,2.1647,2.1700,6223746.6
2024-12-20 05:13:00+09:00,2.1700,2.1782,2.1655,2.1753,3992615.7
2024-12-20 05:14:00+09:00,2.1750,2.1834,2.1636,2.1738,7761121.8
2024-12-20 05:15:00+09:00,2.1737,2.1791,2.1600,2.1639,6734146.9
2024-12-20 05:16:00+09:00,2.1639,2.1709,2.1600,2.1675,5197536.5
2024-12-20 05:17:00+09:00,2.1671,2.1937,2.1671,2.1872,6680957.9
2024-12-20 05:18:00+09:00,2.1874,2.2045,2.1838,2.2000,6350829.6
2024-12-20 05:19:00+09:00,2.1998,2.2076,2.1973,2.2009,6609875.4
2024-12-20 05:20:00+09:00,2.2008,2.2093,2.1963,2.2082,2829875.7
2024-12-20 05:21:00+09:00,2.2081,2.2155,2.2058,2.2093,3678780.2
2024-12-20 05:22:00+09:00,2.2093,2.2215,2.2073,2.2199,2620262.6
2024-12-20 05:23:00+09:00,2.2199,2.2251,2.2199,2.2216,2107125.3
2024-12-20 05:24:00+09:00,2.2215,2.2269,2.2205,2.2253,2080522.8
2024-12-20 05:25:00+09:00,2.2251,2.2251,2.2062,2.2090,3818496.4
2024-12-20 05:26:00+09:00,2.2090,2.2101,2.2052,2.2071,1959312.4
2024-12-20 05:27:00+09:00,2.2073,2.2094,2.2002,2.2016,3365913.2
2024-12-20 05:28:00+09:00,2.2020,2.2179,2.1978,2.2170,3119559.0
2024-12-20 05:29:00+09:00,2.2170,2.2207,2.2102,2.2141,1689708.8
2024-12-20 05:30:00+09:00,2.2144,2.2218,2.2112,2.2207,2197830.1
2024-12-20 05:31:00+09:00,2.2208,2.2221,2.2150,2.2183,1827928.5
2024-12-20 05:32:00+09:00,2.2181,2.2196,2.2118,2.2128,1252839.3
2024-12-20 05:33:00+09:00,2.2129,2.2130,2.1956,2.2004,3461406.4
2024-12-20 05:34:00+09:00,2.2005,2.2055,2.1977,2.2039,2110537.5
2024-12-20 05:35:00+09:00,2.2039,2.2051,2.1896,2.1920,2403841.5
2024-12-20 05:36:00+09:00,2.1921,2.1954,2.1879,2.1925,3310906.2
2024-12-20 05:37:00+09:00,2.1926,2.1995,2.1926,2.1954,2157219.1
2024-12-20 05:38:00+09:00,2.1953,2.2134,2.1953,2.2125,3294845.8
2024-12-20 05:39:00+09:00,2.2124,2.2213,2.2103,2.2199,3940556.9
2024-12-20 05:40:00+09:00,2.2199,2.2218,2.2123,2.2131,2341285.2
2024-12-20 05:41:00+09:00,2.2131,2.2250,2.2111,2.2240,1949161.9
2024-12-20 05:42:00+09:00,2.2241,2.2335,2.2241,2.2271,3641448.0
2024-12-20 05:43:00+09:00,2.2271,2.2357,2.2241,2.2333,2307821.8
2024-12-20 05:44:00+09:00,2.2333,2.2339,2.2287,2.2326,1908365.0
2024-12-20 05:45:00+09:00,2.2326,2.2379,2.2304,2.2360,2391239.3
2024-12-20 05:46:00+09:00,2.2360,2.2433,2.2349,2.2422,2889984.1
2024-12-20 05:47:00+09:00,2.2422,2.2482,2.2404,2.2414,3836645.9
2024-12-20 05:48:00+09:00,2.2414,2.2419,2.2275,2.2279,2601576.7
2024-12-20 05:49:00+09:00,2.2278,2.2299,2.2248,2.2249,1802525.8
2024-12-20 05:50:00+09:00,2.2249,2.2398,2.2216,2.2392,2156090.2
2024-12-20 05:51:00+09:00,2.2391,2.2403,2.2310,2.2326,1592491.3
2024-12-20 05:52:00+09:00,2.2326,2.2327,2.2257,2.2258,1220204.8
2024-12-20 05:53:00+09:00,2.2258,2.2258,2.2142,2.2179,2437740.7
2024-12-20 05:54:00+09:00,2.2179,2.2183,2.2114,2.2164,2012123.5
2024-12-20 05:55:00+09:00,2.2165,2.2309,2.2165,2.2301,1753160.8
2024-12-20 05:56:00+09:00,2.2300,2.2319,2.2244,2.2288,1395953.7
2024-12-20 05:57:00+09:00,2.2289,2.2363,2.2271,2.2324,2490933.4
2024-12-20 05:58:00+09:00,2.2324,2.2332,2.2290,2.2309,1332125.0
2024-12-20 05:59:00+09:00,2.2310,2.2310,2.2241,2.2288,1717970.9
2024-12-20 06:00:00+09:00,2.2289,2.2316,2.2226,2.2237,2560834.2
2024-12-20 06:01:00+09:00,2.2238,2.2295,2.2199,2.2294,1462664.7
2024-12-20 06:02:00+09:00,2.2295,2.2304,2.2189,2.2218,1598711.2
2024-12-20 06:03:00+09:00,2.2218,2.2227,2.2118,2.2207,2497978.1
2024-12-20 06:04:00+09:00,2.2208,2.2311,2.2169,2.2304,2295385.2
2024-12-20 06:05:00+09:00,2.2301,2.2375,2.2262,2.2369,2417188.4
2024-12-20 06:06:00+09:00,2.2370,2.2455,2.2334,2.2455,2909936.0
2024-12-20 06:07:00+09:00,2.2455,2.2517,2.2427,2.2501,3276030.4
2024-12-20 06:08:00+09:00,2.2502,2.2609,2.2464,2.2600,3511378.7
2024-12-20 06:09:00+09:00,2.2600,2.2653,2.2561,2.2626,3837448.4
2024-12-20 06:10:00+09:00,2.2626,2.2654,2.2574,2.2624,3777053.5
2024-12-20 06:11:00+09:00,2.2626,2.2674,2.2603,2.2636,2862718.1
2024-12-20 06:12:00+09:00,2.2637,2.2692,2.2597,2.2598,2784300.6
2024-12-20 06:13:00+09:00,2.2598,2.2598,2.2541,2.2578,1501610.9
2024-12-20 06:14:00+09:00,2.2578,2.2588,2.2469,2.2495,2159183.6
2024-12-20 06:15:00+09:00,2.2495,2.2512,2.2420,2.2420,1350425.3
2024-12-20 06:16:00+09:00,2.2420,2.2593,2.2420,2.2586,1702404.5
2024-12-20 06:17:00+09:00,2.2586,2.2822,2.2582,2.2781,5417686.0
2024-12-20 06:18:00+09:00,2.2782,2.2827,2.2728,2.2738,3047806.2
2024-12-20 06:19:00+09:00,2.2739,2.2759,2.2701,2.2736,2109506.7
2024-12-20 06:20:00+09:00,2.2736,2.2861,2.2729,2.2856,2305190.5
2024-12-20 06:21:00+09:00,2.2856,2.2865,2.2813,2.2848,1652441.6
2024-12-20 06:22:00+09:00,2.2848,2.2885,2.2844,2.2872,1569010.3
2024-12-20 06:23:00+09:00,2.2872,2.2900,2.2846,2.2868,2185556.7
2024-12-20 06:24:00+09:00,2.2867,2.2889,2.2819,2.2887,1569360.6
2024-12-20 06:25:00+09:00,2.2887,2.2900,2.2836,2.2836,1835141.8
2024-12-20 06:26:00+09:00,2.2835,2.2857,2.2772,2.2782,1684824.1
2024-12-20 06:27:00+09:00,2.2781,2.2828,2.2759,2.2822,1431778.3
2024-12-20 06:28:00+09:00,2.2822,2.2859,2.2772,2.2779,1048172.6
2024-12-20 06:29:00+09:00,2.2778,2.2793,2.2740,2.2742,1508932.2
2024-12-20 06:30:00+09:00,2.2743,2.2753,2.2662,2.2673,1907510.9
2024-12-20 06:31:00+09:00,2.2672,2.2709,2.2632,2.2681,1696203.5
2024-12-20 06:32:00+09:00,2.2681,2.2808,2.2664,2.2802,1791054.6
2024-12-20 06:33:00+09:00,2.2802,2.2843,2.2768,2.2786,1144109.3
2024-12-20 06:34:00+09:00,2.2786,2.2842,2.2700,2.2723,1437432.9
2024-12-20 06:35:00+09:00,2.2724,2.2797,2.2716,2.2777,1158889.3
2024-12-20 06:36:00+09:00,2.2777,2.2816,2.2752,2.2752,1124450.8
2024-12-20 06:37:00+09:00,2.2753,2.2824,2.2747,2.2815,717750.1
2024-12-20 06:38:00+09:00,2.2816,2.2885,2.2808,2.2868,1014096.4
2024-12-20 06:39:00+09:00,2.2868,2.2885,2.2827,2.2854,1207397.0
2024-12-20 06:40:00+09:00,2.2853,2.2857,2.2766,2.2768,1213101.7
2024-12-20 06:41:00+09:00,2.2768,2.2853,2.2765,2.2801,1837886.7
2024-12-20 06:42:00+09:00,2.2800,2.2837,2.2785,2.2820,765463.2
2024-12-20 06:43:00+09:00,2.2819,2.2838,2.2780,2.2812,734969.3
2024-12-20 06:44:00+09:00,2.2812,2.2840,2.2788,2.2808,792752.9
2024-12-20 06:45:00+09:00,2.2807,2.2808,2.2734,2.2774,1783075.8
2024-12-20 06:46:00+09:00,2.2774,2.2774,2.2661,2.2697,1830376.0
2024-12-20 06:47:00+09:00,2.2697,2.2701,2.2612,2.2646,2472689.0
2024-12-20 06:48:00+09:00,2.2647,2.2753,2.2638,2.2732,1547024.1
2024-12-20 06:49:00+09:00,2.2732,2.2764,2.2705,2.2738,1258109.3
2024-12-20 06:50:00+09:00,2.2739,2.2743,2.2670,2.2683,1398968.0
2024-12-20 06:51:00+09:00,2.2684,2.2693,2.2622,2.2654,1199038.6
2024-12-20 06:52:00+09:00,2.2654,2.2684,2.2627,2.2684,1166897.3
2024-12-20 06:53:00+09:00,2.2684,2.2710,2.2647,2.2703,718434.7
2024-12-20 06:54:00+09:00,2.2703,2.2731,2.2700,2.2701,569257.2
2024-12-20 06:55:00+09:00,2.2700,2.2700,2.2590,2.2601,1396874.4
2024-12-20 06:56:00+09:00,2.2600,2.2644,2.2588,2.2644,1124298.8
2024-12-20 06:57:00+09:00,2.2644,2.2663,2.2608,2.2662,603889.8
2024-12-20 06:58:00+09:00,2.2661,2.2667,2.2566,2.2570,1056822.7
2024-12-20 06:59:00+09:00,2.2570,2.2597,2.2555,2.2557,1015190.5
2024-12-20 07:00:00+09:00,2.2555,2.2598,2.2537,2.2598,1536482.3
2024-12-20 07:01:00+09:00,2.2598,2.2719,2.2598,2.2695,1417799.9
2024-12-20 07:02:00+09:00,2.2695,2.2700,2.2649,2.2674,1071021.4
2024-12-20 07:03:00+09:00,2.2673,2.2773,2.2645,2.2767,1286318.7
2024-12-20 07:04:00+09:00,2.2768,2.2769,2.2712,2.2759,1682905.1
2024-12-20 07:05:00+09:00,2.2759,2.2759,2.2579,2.2655,1802318.2
2024-12-20 07:06:00+09:00,2.2654,2.2702,2.2637,2.2671,938551.9
2024-12-20 07:07:00+09:00,2.2672,2.2743,2.2672,2.2706,1167724.5
2024-12-20 07:08:00+09:00,2.2706,2.2706,2.2643,2.2666,684383.6
2024-12-20 07:09:00+09:00,2.2666,2.2710,2.2666,2.2704,539373.6
2024-12-20 07:10:00+09:00,2.2703,2.2712,2.2630,2.2664,1112367.7
2024-12-20 07:11:00+09:00,2.2664,2.2680,2.2616,2.2634,477455.1
2024-12-20 07:12:00+09:00,2.2634,2.2760,2.2634,2.2760,1423414.3
2024-12-20 07:13:00+09:00,2.2760,2.2776,2.2716,2.2724,1771101.8
2024-12-20 07:14:00+09:00,2.2725,2.2755,2.2697,2.2728,543915.0
2024-12-20 07:15:00+09:00,2.2728,2.2780,2.2690,2.2778,718666.5
2024-12-20 07:16:00+09:00,2.2778,2.2820,2.2753,2.2820,1417496.1
2024-12-20 07:17:00+09:00,2.2820,2.2821,2.2767,2.2785,959703.4
2024-12-20 07:18:00+09:00,2.2785,2.2805,2.2729,2.2734,650806.0
2024-12-20 07:19:00+09:00,2.2734,2.2755,2.2728,2.2744,494908.6
2024-12-20 07:20:00+09:00,2.2744,2.2849,2.2739,2.2831,2535696.5
2024-12-20 07:21:00+09:00,2.2830,2.2837,2.2796,2.2799,633252.2
2024-12-20 07:22:00+09:00,2.2799,2.2830,2.2797,2.2805,997790.5
2024-12-20 07:23:00+09:00,2.2804,2.2821,2.2762,2.2762,811613.8
2024-12-20 07:24:00+09:00,2.2762,2.2792,2.2746,2.2746,513930.0
2024-12-20 07:25:00+09:00,2.2746,2.2746,2.2615,2.2687,3727203.1
2024-12-20 07:26:00+09:00,2.2687,2.2745,2.2683,2.2745,898789.5
2024-12-20 07:27:00+09:00,2.2745,2.2749,2.2658,2.2672,827491.0
2024-12-20 07:28:00+09:00,2.2671,2.2702,2.2668,2.2699,871472.6
2024-12-20 07:29:00+09:00,2.2700,2.2710,2.2628,2.2649,634418.9
2024-12-20 07:30:00+09:00,2.2650,2.2677,2.2518,2.2524,3001683.6
2024-12-20 07:31:00+09:00,2.2524,2.2584,2.2518,2.2580,1010627.5
2024-12-20 07:32:00+09:00,2.2580,2.2586,2.2543,2.2559,725509.4
2024-12-20 07:33:00+09:00,2.2559,2.2607,2.2555,2.2604,514947.7
2024-12-20 07:34:00+09:00,2.2605,2.2609,2.2579,2.2598,460600.9
2024-12-20 07:35:00+09:00,2.2598,2.2613,2.2554,2.2599,436133.4
2024-12-20 07:36:00+09:00,2.2599,2.2651,2.2599,2.2650,373793.6
2024-12-20 07:37:00+09:00,2.2651,2.2651,2.2608,2.2622,284509.4
2024-12-20 07:38:00+09:00,2.2621,2.2652,2.2621,2.2646,450263.2
2024-12-20 07:39:00+09:00,2.2646,2.2688,2.2645,2.2647,398227.0
2024-12-20 07:40:00+09:00,2.2647,2.2682,2.2642,2.2674,330710.7
2024-12-20 07:41:00+09:00,2.2674,2.2677,2.2611,2.2631,373558.7
2024-12-20 07:42:00+09:00,2.2632,2.2640,2.2606,2.2621,249103.1
2024-12-20 07:43:00+09:00,2.2622,2.2635,2.2620,2.2635,200862.5
2024-12-20 07:44:00+09:00,2.2636,2.2673,2.2631,2.2673,186580.1
2024-12-20 07:45:00+09:00,2.2673,2.2682,2.2623,2.2624,277097.3
2024-12-20 07:46:00+09:00,2.2623,2.2643,2.2606,2.2633,363262.8
2024-12-20 07:47:00+09:00,2.2633,2.2640,2.2621,2.2639,208400.9
2024-12-20 07:48:00+09:00,2.2639,2.2652,2.2634,2.2636,370486.3
2024-12-20 07:49:00+09:00,2.2637,2.2736,2.2636,2.2733,829466.4
2024-12-20 07:50:00+09:00,2.2733,2.2750,2.2730,2.2736,562902.0
2024-12-20 07:51:00+09:00,2.2736,2.2755,2.2736,2.2746,481854.7
2024-12-20 07:52:00+09:00,2.2745,2.2770,2.2743,2.2755,533109.9
2024-12-20 07:53:00+09:00,2.2755,2.2771,2.2737,2.2771,835187.2
2024-12-20 07:54:00+09:00,2.2772,2.2792,2.2766,2.2791,422038.9
2024-12-20 07:55:00+09:00,2.2792,2.2805,2.2782,2.2794,993322.7
2024-12-20 07:56:00+09:00,2.2794,2.2842,2.2794,2.2821,1543139.3
2024-12-20 07:57:00+09:00,2.2822,2.2864,2.2816,2.2853,2411819.3
2024-12-20 07:58:00+09:00,2.2852,2.2852,2.2762,2.2774,1228408.7
2024-12-20 07:59:00+09:00,2.2773,2.2833,2.2759,2.2832,1064666.4
2024-12-20 08:00:00+09:00,2.2833,2.2835,2.2706,2.2733,1566326.4
2024-12-20 08:01:00+09:00,2.2733,2.2796,2.2732,2.2790,1026524.4
2024-12-20 08:02:00+09:00,2.2790,2.2795,2.2744,2.2745,725191.0
2024-12-20 08:03:00+09:00,2.2744,2.2744,2.2682,2.2725,1224406.6
2024-12-20 08:04:00+09:00,2.2726,2.2731,2.2660,2.2661,1039825.6
2024-12-20 08:05:00+09:00,2.2661,2.2662,2.2601,2.2627,1329066.5
2024-12-20 08:06:00+09:00,2.2628,2.2660,2.2575,2.2582,1238126.1
2024-12-20 08:07:00+09:00,2.2583,2.2617,2.2561,2.2617,733997.4
2024-12-20 08:08:00+09:00,2.2617,2.2657,2.2606,2.2627,1461512.3
2024-12-20 08:09:00+09:00,2.2628,2.2649,2.2601,2.2649,731199.6
2024-12-20 08:10:00+09:00,2.2649,2.2693,2.2629,2.2686,878499.3
2024-12-20 08:11:00+09:00,2.2686,2.2687,2.2648,2.2657,322673.5
2024-12-20 08:12:00+09:00,2.2656,2.2699,2.2656,2.2688,425345.6
2024-12-20 08:13:00+09:00,2.2688,2.2702,2.2673,2.2685,786683.8
2024-12-20 08:14:00+09:00,2.2686,2.2714,2.2675,2.2675,683757.4
2024-12-20 08:15:00+09:00,2.2675,2.2693,2.2657,2.2690,522765.8
2024-12-20 08:16:00+09:00,2.2691,2.2723,2.2666,2.2722,800528.0
2024-12-20 08:17:00+09:00,2.2723,2.2729,2.2661,2.2692,1143155.4
2024-12-20 08:18:00+09:00,2.2692,2.2692,2.2610,2.2625,701833.8
2024-12-20 08:19:00+09:00,2.2625,2.2666,2.2624,2.2654,411740.2
2024-12-20 08:20:00+09:00,2.2655,2.2657,2.2579,2.2589,2315807.7
2024-12-20 08:21:00+09:00,2.2589,2.2608,2.2571,2.2590,1020803.0
2024-12-20 08:22:00+09:00,2.2589,2.2633,2.2565,2.2618,4006878.5
2024-12-20 08:23:00+09:00,2.2619,2.2619,2.2600,2.2600,1008090.2
2024-12-20 08:24:00+09:00,2.2601,2.2640,2.2600,2.2640,1702888.2
2024-12-20 08:25:00+09:00,2.2641,2.2728,2.2613,2.2715,2601240.7
2024-12-20 08:26:00+09:00,2.2714,2.2740,2.2678,2.2684,982931.2
2024-12-20 08:27:00+09:00,2.2682,2.2707,2.2659,2.2691,468031.8
2024-12-20 08:28:00+09:00,2.2690,2.2730,2.2675,2.2707,597162.0
2024-12-20 08:29:00+09:00,2.2706,2.2706,2.2664,2.2691,483240.8
2024-12-20 08:30:00+09:00,2.2691,2.2707,2.2618,2.2632,818236.8
2024-12-20 08:31:00+09:00,2.2633,2.2673,2.2625,2.2644,694627.1
2024-12-20 08:32:00+09:00,2.2645,2.2673,2.2612,2.2620,580930.3
2024-12-20 08:33:00+09:00,2.2620,2.2652,2.2616,2.2623,711363.5
2024-12-20 08:34:00+09:00,2.2623,2.2626,2.2558,2.2571,1040972.5
2024-12-20 08:35:00+09:00,2.2572,2.2577,2.2528,2.2528,856854.6
2024-12-20 08:36:00+09:00,2.2529,2.2529,2.2447,2.2458,2474478.1
2024-12-20 08:37:00+09:00,2.2459,2.2545,2.2452,2.2531,1859171.0
2024-12-20 08:38:00+09:00,2.2531,2.2531,2.2491,2.2510,719542.8
2024-12-20 08:39:00+09:00,2.2509,2.2543,2.2474,2.2543,1169306.5
2024-12-20 08:40:00+09:00,2.2543,2.2607,2.2536,2.2607,656614.2
2024-12-20 08:41:00+09:00,2.2606,2.2635,2.2596,2.2634,793634.4
2024-12-20 08:42:00+09:00,2.2634,2.2668,2.2628,2.2636,734735.0
2024-12-20 08:43:00+09:00,2.2636,2.2637,2.2580,2.2609,1793893.7
2024-12-20 08:44:00+09:00,2.2609,2.2632,2.2582,2.2615,1407774.4
2024-12-20 08:45:00+09:00,2.2615,2.2697,2.2607,2.2691,1189952.7
2024-12-20 08:46:00+09:00,2.2692,2.2692,2.2630,2.2660,853472.1
2024-12-20 08:47:00+09:00,2.2660,2.2730,2.2658,2.2704,779437.1
2024-12-20 08:48:00+09:00,2.2704,2.2705,2.2669,2.2691,1012706.6
2024-12-20 08:49:00+09:00,2.2690,2.2693,2.2609,2.2609,1088612.3
2024-12-20 08:50:00+09:00,2.2610,2.2652,2.2597,2.2620,1190831.4
2024-12-20 08:51:00+09:00,2.2620,2.2623,2.2541,2.2569,1092567.5
2024-12-20 08:52:00+09:00,2.2569,2.2582,2.2505,2.2517,797177.5
2024-12-20 08:52:00+09:00,2.2569,2.2582,2.2505,2.2517,797177.5
2024-12-20 08:53:00+09:00,2.2517,2.2582,2.2517,2.2579,647201.5
2024-12-20 08:54:00+09:00,2.2580,2.2584,2.2511,2.2531,717144.1
2024-12-20 08:55:00+09:00,2.2532,2.2536,2.2463,2.2464,829553.3
2024-12-20 08:56:00+09:00,2.2465,2.2499,2.2424,2.2474,1211734.8
2024-12-20 08:57:00+09:00,2.2474,2.2476,2.2357,2.2383,2627917.6
2024-12-20 08:58:00+09:00,2.2383,2.2421,2.2381,2.2421,978433.5
2024-12-20 08:59:00+09:00,2.2421,2.2421,2.2372,2.2386,1049725.6
2024-12-20 09:00:00+09:00,2.2386,2.2515,2.2377,2.2488,2502211.8
2024-12-20 09:01:00+09:00,2.2488,2.2515,2.2426,2.2450,2022213.2
2024-12-20 09:02:00+09:00,2.2450,2.2450,2.2312,2.2396,3220402.4
2024-12-20 09:03:00+09:00,2.2397,2.2414,2.2328,2.2380,2309983.0
2024-12-20 09:04:00+09:00,2.2381,2.2404,2.2327,2.2350,1711736.2
2024-12-20 09:05:00+09:00,2.2351,2.2356,2.2260,2.2308,2903075.7
2024-12-20 09:06:00+09:00,2.2309,2.2314,2.2244,2.2279,2048858.3
2024-12-20 09:07:00+09:00,2.2279,2.2443,2.2243,2.2425,3607371.5
2024-12-20 09:08:00+09:00,2.2424,2.2537,2.2390,2.2506,3369029.3
2024-12-20 09:09:00+09:00,2.2505,2.2518,2.2361,2.2376,2076005.6
2024-12-20 09:10:00+09:00,2.2375,2.2478,2.2364,2.2417,2271466.6
2024-12-20 09:11:00+09:00,2.2417,2.2499,2.2410,2.2460,1803250.2
2024-12-20 09:12:00+09:00,2.2459,2.2459,2.2376,2.2396,1336373.9
2024-12-20 09:13:00+09:00,2.2397,2.2540,2.2396,2.2510,2337706.1
2024-12-20 09:14:00+09:00,2.2510,2.2538,2.2471,2.2531,3351708.0
2024-12-20 09:15:00+09:00,2.2530,2.2566,2.2519,2.2523,2568414.2
2024-12-20 09:16:00+09:00,2.2523,2.2542,2.2500,2.2536,2563581.0
2024-12-20 09:17:00+09:00,2.2536,2.2550,2.2501,2.2505,2952813.4
2024-12-20 09:18:00+09:00,2.2504,2.2534,2.2429,2.2525,5740376.2
2024-12-20 09:19:00+09:00,2.2524,2.2596,2.2521,2.2545,2279833.3
2024-12-20 09:20:00+09:00,2.2546,2.2586,2.2518,2.2528,2088628.5
2024-12-20 09:21:00+09:00,2.2528,2.2564,2.2500,2.2540,4031624.2
2024-12-20 09:22:00+09:00,2.2540,2.2627,2.2540,2.2574,2819611.5
2024-12-20 09:23:00+09:00,2.2574,2.2639,2.2560,2.2611,2125030.3
2024-12-20 09:24:00+09:00,2.2611,2.2720,2.2599,2.2712,2336813.9
2024-12-20 09:25:00+09:00,2.2713,2.2736,2.2664,2.2690,2046448.5
2024-12-20 09:26:00+09:00,2.2690,2.2714,2.2661,2.2714,1920997.8
2024-12-20 09:27:00+09:00,2.2713,2.2799,2.2705,2.2743,2409485.1
2024-12-20 09:28:00+09:00,2.2742,2.2742,2.2690,2.2732,1394346.2
2024-12-20 09:29:00+09:00,2.2732,2.2734,2.2683,2.2691,1373797.9
2024-12-20 09:30:00+09:00,2.2691,2.3034,2.2683,2.3005,13715577.0
2024-12-20 09:31:00+09:00,2.3006,2.3122,2.3000,2.3098,8413399.0
2024-12-20 09:32:00+09:00,2.3097,2.3118,2.3035,2.3049,3151304.6
2024-12-20 09:33:00+09:00,2.3049,2.3086,2.3018,2.3033,2430719.1
2024-12-20 09:34:00+09:00,2.3032,2.3126,2.3025,2.3079,1945519.8
2024-12-20 09:35:00+09:00,2.3079,2.3190,2.3073,2.3105,4510383.3
2024-12-20 09:36:00+09:00,2.3106,2.3110,2.3025,2.3055,2811274.4
2024-12-20 09:37:00+09:00,2.3054,2.3079,2.3034,2.3056,1586984.4
2024-12-20 09:38:00+09:00,2.3057,2.3138,2.3053,2.3131,1450314.9
2024-12-20 09:39:00+09:00,2.3132,2.3209,2.3114,2.3144,3020129.9
2024-12-20 09:40:00+09:00,2.3144,2.3155,2.3073,2.3095,1537954.8
2024-12-20 09:41:00+09:00,2.3095,2.3098,2.3052,2.3072,812507.9
2024-12-20 09:42:00+09:00,2.3072,2.3114,2.3067,2.3096,1074128.7
2024-12-20 09:43:00+09:00,2.3095,2.3131,2.3066,2.3122,1019915.6
2024-12-20 09:44:00+09:00,2.3122,2.3197,2.3106,2.3149,2586905.1
2024-12-20 09:45:00+09:00,2.3148,2.3174,2.3120,2.3120,1195756.7
2024-12-20 09:46:00+09:00,2.3120,2.3157,2.3086,2.3099,1196492.7
2024-12-20 09:47:00+09:00,2.3100,2.3105,2.3050,2.3050,1682989.0
2024-12-20 09:48:00+09:00,2.3050,2.3084,2.3031,2.3036,1469679.9
2024-12-20 09:49:00+09:00,2.3036,2.3045,2.3014,2.3019,1518334.3
2024-12-20 09:50:00+09:00,2.3018,2.3064,2.3014,2.3042,1772586.1
2024-12-20 09:51:00+09:00,2.3043,2.3060,2.3021,2.3026,890388.3
2024-12-20 09:52:00+09:00,2.3026,2.3047,2.3000,2.3006,2925971.7
2024-12-20 09:53:00+09:00,2.3006,2.3027,2.3004,2.3018,1821014.9
2024-12-20 09:54:00+09:00,2.3018,2.3019,2.3004,2.3006,998425.2
2024-12-20 09:55:00+09:00,2.3006,2.3037,2.3000,2.3024,5020973.2
2024-12-20 09:56:00+09:00,2.3024,2.3034,2.3007,2.3014,972254.7
2024-12-20 09:57:00+09:00,2.3013,2.3032,2.3004,2.3019,808191.3
2024-12-20 09:58:00+09:00,2.3020,2.3083,2.3013,2.3083,1161811.8
2024-12-20 09:59:00+09:00,2.3084,2.3084,2.3004,2.3017,2132461.4
2024-12-20 10:00:00+09:00,2.3016,2.3050,2.3015,2.3035,1237773.0
2024-12-20 10:01:00+09:00,2.3035,2.3054,2.3025,2.3037,704089.3
2024-12-20 10:02:00+09:00,2.3037,2.3084,2.3036,2.3052,942950.4
2024-12-20 10:03:00+09:00,2.3052,2.3096,2.3052,2.3084,1302635.9
2024-12-20 10:04:00+09:00,2.3083,2.3092,2.3057,2.3057,1045471.3
2024-12-20 10:05:00+09:00,2.3057,2.3058,2.2929,2.2934,10765338.1
2024-12-20 10:06:00+09:00,2.2934,2.3007,2.2934,2.2951,1810620.4
2024-12-20 10:07:00+09:00,2.2952,2.2971,2.2909,2.2919,1162687.4
2024-12-20 10:08:00+09:00,2.2919,2.2941,2.2888,2.2904,1117648.3
2024-12-20 10:09:00+09:00,2.2904,2.2906,2.2860,2.2881,1453867.9
2024-12-20 10:10:00+09:00,2.2882,2.2900,2.2860,2.2873,1473462.1
2024-12-20 10:11:00+09:00,2.2873,2.2873,2.2804,2.2846,1878630.4
2024-12-20 10:12:00+09:00,2.2846,2.2935,2.2844,2.2911,1210026.7
2024-12-20 10:13:00+09:00,2.2912,2.2925,2.2878,2.2879,753109.0
2024-12-20 10:14:00+09:00,2.2879,2.2885,2.2820,2.2839,2223329.2
2024-12-20 10:15:00+09:00,2.2839,2.2848,2.2773,2.2789,1118643.8
2024-12-20 10:16:00+09:00,2.2790,2.2808,2.2762,2.2768,1054116.8
2024-12-20 10:17:00+09:00,2.2768,2.2813,2.2730,2.2794,1840834.7
2024-12-20 10:18:00+09:00,2.2793,2.2857,2.2793,2.2846,913032.7
2024-12-20 10:19:00+09:00,2.2846,2.2913,2.2844,2.2876,1098125.2
2024-12-20 10:20:00+09:00,2.2876,2.2956,2.2869,2.2922,950289.3
2024-12-20 10:21:00+09:00,2.2922,2.2964,2.2916,2.2934,866467.9
2024-12-20 10:22:00+09:00,2.2934,2.2976,2.2928,2.2965,911534.1
2024-12-20 10:23:00+09:00,2.2965,2.3029,2.2963,2.3014,920084.5
2024-12-20 10:24:00+09:00,2.3013,2.3013,2.2900,2.2901,1163979.6
2024-12-20 10:25:00+09:00,2.2900,2.2920,2.2839,2.2861,936124.9
2024-12-20 10:26:00+09:00,2.2861,2.2875,2.2833,2.2849,867388.4
2024-12-20 10:27:00+09:00,2.2848,2.2899,2.2843,2.2880,704723.9
2024-12-20 10:28:00+09:00,2.2880,2.2880,2.2826,2.2840,609967.6
2024-12-20 10:29:00+09:00,2.2841,2.2852,2.2791,2.2842,854204.3
2024-12-20 10:30:00+09:00,2.2841,2.2870,2.2812,2.2834,503424.1
2024-12-20 10:31:00+09:00,2.2834,2.2872,2.2833,2.2865,488134.9
2024-12-20 10:32:00+09:00,2.2864,2.2924,2.2853,2.2912,1042519.1
2024-12-20 10:33:00+09:00,2.2911,2.3011,2.2906,2.2964,2290659.3
2024-12-20 10:34:00+09:00,2.2964,2.3014,2.2952,2.3000,999635.5
2024-12-20 10:35:00+09:00,2.3000,2.3000,2.2876,2.2894,1499946.3
2024-12-20 10:36:00+09:00,2.2894,2.2915,2.2844,2.2858,1203652.3
2024-12-20 10:37:00+09:00,2.2857,2.2880,2.2836,2.2862,993977.1
2024-12-20 10:38:00+09:00,2.2862,2.2873,2.2819,2.2829,691291.3
2024-12-20 10:39:00+09:00,2.2828,2.2829,2.2782,2.2819,1251542.1
2024-12-20 10:40:00+09:00,2.2819,2.2823,2.2769,2.2772,815814.2
2024-12-20 10:41:00+09:00,2.2772,2.2775,2.2733,2.2735,1264577.7
2024-12-20 10:42:00+09:00,2.2736,2.2750,2.2700,2.2717,1108401.9
2024-12-20 10:43:00+09:00,2.2717,2.2754,2.2679,2.2751,1292223.3
2024-12-20 10:44:00+09:00,2.2751,2.2793,2.2742,2.2785,798706.3
2024-12-20 10:45:00+09:00,2.2786,2.2846,2.2785,2.2844,1009991.0
2024-12-20 10:46:00+09:00,2.2843,2.2843,2.2809,2.2826,507748.0
2024-12-20 10:47:00+09:00,2.2825,2.2878,2.2817,2.2866,869434.3
2024-12-20 10:48:00+09:00,2.2866,2.2867,2.2814,2.2827,593400.5
2024-12-20 10:49:00+09:00,2.2827,2.2879,2.2825,2.2860,683724.2
2024-12-20 10:50:00+09:00,2.2862,2.2887,2.2844,2.2873,594281.2
2024-12-20 10:51:00+09:00,2.2872,2.2898,2.2820,2.2823,569668.5
2024-12-20 10:52:00+09:00,2.2823,2.2834,2.2798,2.2811,1046419.2
2024-12-20 10:53:00+09:00,2.2811,2.2811,2.2750,2.2754,737057.2
2024-12-20 10:54:00+09:00,2.2754,2.2786,2.2753,2.2762,539887.8
2024-12-20 10:55:00+09:00,2.2762,2.2824,2.2736,2.2806,1268157.9
2024-12-20 10:56:00+09:00,2.2806,2.2815,2.2767,2.2786,664963.0
2024-12-20 10:57:00+09:00,2.2787,2.2832,2.2758,2.2795,841879.4
2024-12-20 10:58:00+09:00,2.2795,2.2815,2.2777,2.2777,728666.7
2024-12-20 10:59:00+09:00,2.2778,2.2778,2.2721,2.2766,731237.9
2024-12-20 11:00:00+09:00,2.2767,2.2780,2.2724,2.2768,1050794.2
2024-12-20 11:01:00+09:00,2.2767,2.2786,2.2743,2.2750,937820.6
2024-12-20 11:02:00+09:00,2.2750,2.2774,2.2730,2.2766,736631.2
2024-12-20 11:03:00+09:00,2.2766,2.2872,2.2761,2.2872,1168674.4
2024-12-20 11:04:00+09:00,2.2871,2.3072,2.2840,2.3027,10060923.8
2024-12-20 11:05:00+09:00,2.3028,2.3086,2.3011,2.3017,2103645.9
2024-12-20 11:06:00+09:00,2.3017,2.3037,2.3000,2.3005,2480084.1
2024-12-20 11:07:00+09:00,2.3006,2.3017,2.3000,2.3007,1565811.8
2024-12-20 11:08:00+09:00,2.3006,2.3034,2.3000,2.3029,1215498.1
2024-12-20 11:09:00+09:00,2.3029,2.3080,2.3024,2.3071,2302288.7
2024-12-20 11:10:00+09:00,2.3070,2.3115,2.3038,2.3107,2047774.9
2024-12-20 11:11:00+09:00,2.3107,2.3114,2.3046,2.3063,2574803.2
2024-12-20 11:12:00+09:00,2.3063,2.3113,2.3055,2.3109,929893.2
2024-12-20 11:13:00+09:00,2.3110,2.3142,2.3105,2.3121,1061982.7
2024-12-20 11:14:00+09:00,2.3121,2.3121,2.3060,2.3061,933720.1
2024-12-20 11:15:00+09:00,2.3061,2.3092,2.3032,2.3078,1346909.7
2024-12-20 11:16:00+09:00,2.3078,2.3099,2.3058,2.3092,754447.6
2024-12-20 11:17:00+09:00,2.3091,2.3145,2.3072,2.3073,1349054.7
2024-12-20 11:18:00+09:00,2.3073,2.3084,2.3020,2.3032,839798.2
2024-12-20 11:19:00+09:00,2.3031,2.3047,2.3008,2.3024,688621.0
2024-12-20 11:20:00+09:00,2.3024,2.3040,2.3001,2.3008,1245517.5
2024-12-20 11:21:00+09:00,2.3008,2.3024,2.3000,2.3000,1815804.9
2024-12-20 11:22:00+09:00,2.3000,2.3009,2.3000,2.3003,1711905.3
2024-12-20 11:23:00+09:00,2.3002,2.3097,2.3000,2.3090,1323571.5
2024-12-20 11:24:00+09:00,2.3090,2.3119,2.3083,2.3118,923488.0
2024-12-20 11:25:00+09:00,2.3118,2.3162,2.3106,2.3145,1022824.1
2024-12-20 11:26:00+09:00,2.3144,2.3199,2.3138,2.3199,1235436.9
2024-12-20 11:27:00+09:00,2.3198,2.3238,2.3194,2.3235,1333997.7
2024-12-20 11:28:00+09:00,2.3235,2.3309,2.3231,2.3299,1727821.6
2024-12-20 11:29:00+09:00,2.3299,2.3300,2.3218,2.3228,1081967.9
2024-12-20 11:30:00+09:00,2.3227,2.3258,2.3209,2.3253,1576693.3
2024-12-20 11:31:00+09:00,2.3253,2.3328,2.3241,2.3314,2217712.1
2024-12-20 11:32:00+09:00,2.3315,2.3340,2.3254,2.3267,2352399.1
2024-12-20 11:33:00+09:00,2.3266,2.3400,2.3265,2.3392,3109372.4
2024-12-20 11:34:00+09:00,2.3391,2.3485,2.3361,2.3399,4029629.8
2024-12-20 11:35:00+09:00,2.3398,2.3484,2.3378,2.3473,3942428.9
2024-12-20 11:36:00+09:00,2.3472,2.3479,2.3418,2.3425,1613010.5
2024-12-20 11:37:00+09:00,2.3426,2.3438,2.3375,2.3418,1680743.8
2024-12-20 11:38:00+09:00,2.3417,2.3471,2.3417,2.3448,1787147.5
2024-12-20 11:39:00+09:00,2.3449,2.3489,2.3420,2.3471,1376108.8
2024-12-20 11:40:00+09:00,2.3471,2.3476,2.3404,2.3421,1183281.3
2024-12-20 11:41:00+09:00,2.3421,2.3445,2.3391,2.3406,1040018.6
2024-12-20 11:42:00+09:00,2.3406,2.3431,2.3377,2.3424,1372522.6
2024-12-20 11:43:00+09:00,2.3424,2.3550,2.3420,2.3515,5403398.4
2024-12-20 11:44:00+09:00,2.3515,2.3558,2.3502,2.3519,2789770.8
2024-12-20 11:45:00+09:00,2.3519,2.3519,2.3420,2.3421,1487234.1
2024-12-20 11:46:00+09:00,2.3422,2.3441,2.3390,2.3422,1295219.3
2024-12-20 11:47:00+09:00,2.3422,2.3438,2.3351,2.3351,1651339.5
2024-12-20 11:48:00+09:00,2.3351,2.3400,2.3350,2.3373,1343784.7
2024-12-20 11:49:00+09:00,2.3373,2.3418,2.3346,2.3418,1529487.1
2024-12-20 11:50:00+09:00,2.3417,2.3417,2.3369,2.3385,685035.0
2024-12-20 11:51:00+09:00,2.3386,2.3386,2.3275,2.3309,2107965.4
2024-12-20 11:52:00+09:00,2.3309,2.3347,2.3305,2.3344,670490.6
2024-12-20 11:53:00+09:00,2.3343,2.3357,2.3290,2.3308,889354.2
2024-12-20 11:54:00+09:00,2.3308,2.3344,2.3275,2.3299,722223.3
2024-12-20 11:55:00+09:00,2.3299,2.3309,2.3266,2.3297,987179.6
2024-12-20 11:56:00+09:00,2.3297,2.3324,2.3276,2.3318,638219.3
2024-12-20 11:57:00+09:00,2.3318,2.3366,2.3306,2.3346,1616599.7
2024-12-20 11:58:00+09:00,2.3347,2.3376,2.3320,2.3325,929051.7
2024-12-20 11:59:00+09:00,2.3325,2.3351,2.3325,2.3350,573120.8
2024-12-20 12:00:00+09:00,2.3350,2.3367,2.3316,2.3332,899738.1
2024-12-20 12:01:00+09:00,2.3332,2.3342,2.3252,2.3267,957244.4
2024-12-20 12:02:00+09:00,2.3266,2.3310,2.3241,2.3281,713316.0
2024-12-20 12:03:00+09:00,2.3281,2.3299,2.3271,2.3286,491393.3
2024-12-20 12:04:00+09:00,2.3287,2.3287,2.3226,2.3237,985605.4
2024-12-20 12:05:00+09:00,2.3238,2.3279,2.3225,2.3275,1291614.5
2024-12-20 12:06:00+09:00,2.3274,2.3306,2.3270,2.3289,403326.1
2024-12-20 12:07:00+09:00,2.3290,2.3337,2.3276,2.3312,761011.9
2024-12-20 12:08:00+09:00,2.3311,2.3318,2.3276,2.3296,355922.1
2024-12-20 12:09:00+09:00,2.3297,2.3302,2.3264,2.3273,464442.2
2024-12-20 12:10:00+09:00,2.3274,2.3324,2.3263,2.3319,374066.9
2024-12-20 12:11:00+09:00,2.3319,2.3357,2.3313,2.3346,849764.3
2024-12-20 12:12:00+09:00,2.3346,2.3352,2.3276,2.3302,631757.1
2024-12-20 12:13:00+09:00,2.3302,2.3343,2.3277,2.3343,381346.4
2024-12-20 12:14:00+09:00,2.3342,2.3358,2.3329,2.3331,468027.8
2024-12-20 12:15:00+09:00,2.3331,2.3376,2.3329,2.3369,477938.2
2024-12-20 12:16:00+09:00,2.3369,2.3400,2.3342,2.3380,616657.8
2024-12-20 12:17:00+09:00,2.3379,2.3400,2.3365,2.3384,540706.8
2024-12-20 12:18:00+09:00,2.3384,2.3395,2.3373,2.3373,530627.6
2024-12-20 12:19:00+09:00,2.3372,2.3373,2.3340,2.3343,484732.4
2024-12-20 12:20:00+09:00,2.3342,2.3342,2.3300,2.3328,652912.5
2024-12-20 12:21:00+09:00,2.3329,2.3331,2.3288,2.3301,515379.0
2024-12-20 12:22:00+09:00,2.3300,2.3307,2.3275,2.3301,500427.6
2024-12-20 12:23:00+09:00,2.3302,2.3322,2.3302,2.3315,283713.2
2024-12-20 12:24:00+09:00,2.3315,2.3350,2.3307,2.3324,376550.6
2024-12-20 12:25:00+09:00,2.3324,2.3331,2.3267,2.3273,338411.5
2024-12-20 12:26:00+09:00,2.3273,2.3315,2.3271,2.3302,415555.1
2024-12-20 12:27:00+09:00,2.3303,2.3322,2.3277,2.3279,460705.9
2024-12-20 12:28:00+09:00,2.3278,2.3322,2.3278,2.3321,256883.8
2024-12-20 12:29:00+09:00,2.3321,2.3322,2.3288,2.3288,220703.4
2024-12-20 12:30:00+09:00,2.3289,2.3313,2.3262,2.3285,654398.1
2024-12-20 12:31:00+09:00,2.3285,2.3297,2.3253,2.3257,476185.4
2024-12-20 12:32:00+09:00,2.3258,2.3261,2.3230,2.3231,1548719.5
2024-12-20 12:33:00+09:00,2.3231,2.3232,2.3193,2.3210,1215344.6
2024-12-20 12:34:00+09:00,2.3211,2.3296,2.3211,2.3285,871418.9
2024-12-20 12:35:00+09:00,2.3285,2.3304,2.3249,2.3262,607676.3
2024-12-20 12:36:00+09:00,2.3263,2.3269,2.3240,2.3263,378896.6
2024-12-20 12:37:00+09:00,2.3263,2.3291,2.3246,2.3254,727303.7
2024-12-20 12:38:00+09:00,2.3255,2.3295,2.3252,2.3292,428049.7
2024-12-20 12:39:00+09:00,2.3292,2.3324,2.3285,2.3301,589388.8
2024-12-20 12:40:00+09:00,2.3301,2.3323,2.3295,2.3318,361159.3
2024-12-20 12:41:00+09:00,2.3318,2.3338,2.3302,2.3318,373112.2
2024-12-20 12:42:00+09:00,2.3317,2.3321,2.3271,2.3272,846872.9
2024-12-20 12:43:00+09:00,2.3272,2.3311,2.3266,2.3287,391143.9
2024-12-20 12:44:00+09:00,2.3288,2.3295,2.3247,2.3259,993378.3
2024-12-20 12:45:00+09:00,2.3259,2.3280,2.3246,2.3272,486016.3
2024-12-20 12:46:00+09:00,2.3272,2.3300,2.3260,2.3290,450025.4
2024-12-20 12:47:00+09:00,2.3290,2.3363,2.3283,2.3358,799494.8
2024-12-20 12:48:00+09:00,2.3358,2.3360,2.3314,2.3314,768404.1
2024-12-20 12:49:00+09:00,2.3314,2.3327,2.3300,2.3314,486325.4
2024-12-20 12:50:00+09:00,2.3314,2.3350,2.3305,2.3337,664411.4
2024-12-20 12:51:00+09:00,2.3337,2.3344,2.3312,2.3314,291161.9
2024-12-20 12:52:00+09:00,2.3313,2.3334,2.3313,2.3333,268471.6
2024-12-20 12:53:00+09:00,2.3333,2.3334,2.3268,2.3270,354852.2
2024-12-20 12:54:00+09:00,2.3270,2.3277,2.3247,2.3276,954364.9
2024-12-20 12:55:00+09:00,2.3276,2.3309,2.3276,2.3305,357872.4
2024-12-20 12:56:00+09:00,2.3304,2.3309,2.3276,2.3289,276970.4
2024-12-20 12:57:00+09:00,2.3288,2.3292,2.3259,2.3270,319487.6
2024-12-20 12:58:00+09:00,2.3270,2.3304,2.3252,2.3302,337614.5
2024-12-20 12:59:00+09:00,2.3302,2.3303,2.3278,2.3301,238069.6
2024-12-20 13:00:00+09:00,2.3301,2.3315,2.3245,2.3249,414439.5
2024-12-20 13:01:00+09:00,2.3249,2.3298,2.3247,2.3297,336017.9
2024-12-20 13:02:00+09:00,2.3297,2.3358,2.3291,2.3356,538686.7
2024-12-20 13:03:00+09:00,2.3357,2.3373,2.3320,2.3337,467273.6
2024-12-20 13:04:00+09:00,2.3337,2.3386,2.3337,2.3385,533799.6
2024-12-20 13:05:00+09:00,2.3385,2.3401,2.3376,2.3401,528954.1
2024-12-20 13:06:00+09:00,2.3401,2.3427,2.3392,2.3393,1155408.1
2024-12-20 13:07:00+09:00,2.3393,2.3400,2.3281,2.3293,1067465.2
2024-12-20 13:08:00+09:00,2.3294,2.3308,2.3263,2.3266,751831.7
2024-12-20 13:09:00+09:00,2.3266,2.3273,2.3234,2.3237,918245.4
2024-12-20 13:10:00+09:00,2.3237,2.3271,2.3235,2.3265,510801.5
2024-12-20 13:11:00+09:00,2.3264,2.3272,2.3236,2.3243,619019.8
2024-12-20 13:12:00+09:00,2.3243,2.3246,2.3222,2.3234,567639.7
2024-12-20 13:13:00+09:00,2.3234,2.3235,2.3170,2.3188,2917312.4
2024-12-20 13:14:00+09:00,2.3187,2.3218,2.3187,2.3201,464710.8
2024-12-20 13:15:00+09:00,2.3202,2.3204,2.3161,2.3178,1357965.3
2024-12-20 13:16:00+09:00,2.3177,2.3182,2.3130,2.3141,1148399.3
2024-12-20 13:17:00+09:00,2.3142,2.3178,2.3110,2.3169,1856907.3
2024-12-20 13:18:00+09:00,2.3169,2.3182,2.3150,2.3178,495512.4
2024-12-20 13:19:00+09:00,2.3179,2.3226,2.3173,2.3207,1401324.9
2024-12-20 13:20:00+09:00,2.3207,2.3247,2.3199,2.3237,732742.7
2024-12-20 13:21:00+09:00,2.3237,2.3251,2.3174,2.3205,903288.9
2024-12-20 13:22:00+09:00,2.3205,2.3287,2.3199,2.3283,702272.7
2024-12-20 13:23:00+09:00,2.3283,2.3286,2.3252,2.3264,826586.2
2024-12-20 13:24:00+09:00,2.3263,2.3324,2.3250,2.3313,1021241.0
2024-12-20 13:25:00+09:00,2.3313,2.3333,2.3290,2.3301,466917.3
2024-12-20 13:26:00+09:00,2.3301,2.3354,2.3282,2.3344,1378889.3
2024-12-20 13:27:00+09:00,2.3344,2.3349,2.3301,2.3302,307320.3
2024-12-20 13:28:00+09:00,2.3303,2.3325,2.3292,2.3313,327529.9
2024-12-20 13:29:00+09:00,2.3313,2.3329,2.3292,2.3307,415254.4
2024-12-20 13:30:00+09:00,2.3307,2.3309,2.3278,2.3284,461807.9
2024-12-20 13:31:00+09:00,2.3284,2.3295,2.3248,2.3258,475514.6
2024-12-20 13:32:00+09:00,2.3258,2.3288,2.3250,2.3268,290141.6
2024-12-20 13:33:00+09:00,2.3268,2.3281,2.3230,2.3231,437902.6
2024-12-20 13:34:00+09:00,2.3232,2.3232,2.3204,2.3206,559535.4
2024-12-20 13:35:00+09:00,2.3206,2.3225,2.3183,2.3225,1050035.7
2024-12-20 13:36:00+09:00,2.3225,2.3242,2.3213,2.3234,506432.2
2024-12-20 13:37:00+09:00,2.3233,2.3280,2.3226,2.3273,612790.7
2024-12-20 13:38:00+09:00,2.3272,2.3275,2.3205,2.3233,372997.7
2024-12-20 13:39:00+09:00,2.3232,2.3250,2.3220,2.3228,231575.0
2024-12-20 13:40:00+09:00,2.3229,2.3241,2.3194,2.3213,545322.2
2024-12-20 13:41:00+09:00,2.3214,2.3219,2.3180,2.3187,594318.3
2024-12-20 13:42:00+09:00,2.3186,2.3237,2.3184,2.3236,589442.9
2024-12-20 13:43:00+09:00,2.3235,2.3245,2.3213,2.3223,441033.3
2024-12-20 13:44:00+09:00,2.3222,2.3259,2.3213,2.3258,417742.5
2024-12-20 13:45:00+09:00,2.3258,2.3304,2.3258,2.3286,695489.9
2024-12-20 13:46:00+09:00,2.3286,2.3302,2.3275,2.3279,380231.3
2024-12-20 13:47:00+09:00,2.3279,2.3291,2.3257,2.3268,229140.2
2024-12-20 13:48:00+09:00,2.3269,2.3274,2.3242,2.3255,701224.3
2024-12-20 13:49:00+09:00,2.3254,2.3271,2.3227,2.3236,294715.0
2024-12-20 13:50:00+09:00,2.3236,2.3240,2.3205,2.3212,419347.5
2024-12-20 13:51:00+09:00,2.3213,2.3223,2.3182,2.3190,515129.1
2024-12-20 13:52:00+09:00,2.3191,2.3202,2.3135,2.3144,586862.7
2024-12-20 13:53:00+09:00,2.3144,2.3150,2.3083,2.3111,1532116.4
2024-12-20 13:54:00+09:00,2.3111,2.3118,2.3081,2.3098,1015381.3
2024-12-20 13:55:00+09:00,2.3098,2.3102,2.3038,2.3040,1790186.6
2024-12-20 13:56:00+09:00,2.3041,2.3073,2.3025,2.3055,1067239.5
2024-12-20 13:57:00+09:00,2.3056,2.3075,2.3040,2.3054,691855.9
2024-12-20 13:58:00+09:00,2.3055,2.3065,2.3010,2.3043,1022827.6
2024-12-20 13:59:00+09:00,2.3044,2.3048,2.3020,2.3023,641834.3
2024-12-20 14:00:00+09:00,2.3024,2.3098,2.3023,2.3080,1103772.8
2024-12-20 14:01:00+09:00,2.3080,2.3100,2.3039,2.3084,751492.8
2024-12-20 14:02:00+09:00,2.3084,2.3119,2.3064,2.3096,836715.1
2024-12-20 14:03:00+09:00,2.3096,2.3135,2.3089,2.3123,590126.3
2024-12-20 14:04:00+09:00,2.3123,2.3139,2.3113,2.3121,500033.1
2024-12-20 14:05:00+09:00,2.3121,2.3135,2.3086,2.3111,653598.3
2024-12-20 14:06:00+09:00,2.3111,2.3121,2.3049,2.3053,727005.7
2024-12-20 14:07:00+09:00,2.3053,2.3087,2.3035,2.3070,680770.4
2024-12-20 14:08:00+09:00,2.3070,2.3094,2.3052,2.3086,1217592.6
2024-12-20 14:09:00+09:00,2.3086,2.3092,2.3052,2.3058,678471.1
2024-12-20 14:10:00+09:00,2.3059,2.3076,2.3046,2.3073,395989.5
2024-12-20 14:11:00+09:00,2.3073,2.3114,2.3064,2.3092,723029.4
2024-12-20 14:12:00+09:00,2.3093,2.3096,2.3051,2.3065,283831.3
2024-12-20 14:13:00+09:00,2.3065,2.3087,2.3063,2.3080,240486.0
2024-12-20 14:14:00+09:00,2.3078,2.3083,2.3053,2.3061,259748.9
2024-12-20 14:15:00+09:00,2.3060,2.3074,2.3049,2.3073,356810.5
2024-12-20 14:16:00+09:00,2.3073,2.3090,2.2978,2.3002,2806596.3
2024-12-20 14:17:00+09:00,2.3002,2.3010,2.2971,2.2989,1087391.3
2024-12-20 14:18:00+09:00,2.2989,2.2990,2.2905,2.2932,3337216.0
2024-12-20 14:19:00+09:00,2.2931,2.2932,2.2893,2.2927,1365629.1
2024-12-20 14:20:00+09:00,2.2927,2.2991,2.2914,2.2974,807108.6
2024-12-20 14:21:00+09:00,2.2974,2.3002,2.2959,2.2976,694638.6
2024-12-20 14:22:00+09:00,2.2977,2.2999,2.2966,2.2988,667221.9
2024-12-20 14:23:00+09:00,2.2989,2.3015,2.2976,2.3011,676334.5
2024-12-20 14:24:00+09:00,2.3011,2.3023,2.3000,2.3011,695737.8
2024-12-20 14:25:00+09:00,2.3012,2.3016,2.2947,2.2950,518058.8
2024-12-20 14:26:00+09:00,2.2950,2.3020,2.2950,2.3002,1310478.9
2024-12-20 14:27:00+09:00,2.3002,2.3014,2.2984,2.2994,457693.7
2024-12-20 14:28:00+09:00,2.2995,2.3005,2.2964,2.2971,480153.5
2024-12-20 14:29:00+09:00,2.2971,2.2986,2.2944,2.2964,427290.2
2024-12-20 14:30:00+09:00,2.2963,2.2979,2.2943,2.2965,751899.4
2024-12-20 14:31:00+09:00,2.2965,2.2976,2.2900,2.2954,1343908.6
2024-12-20 14:32:00+09:00,2.2954,2.3013,2.2949,2.2990,926447.2
2024-12-20 14:33:00+09:00,2.2991,2.3027,2.2990,2.3016,513721.9
2024-12-20 14:34:00+09:00,2.3015,2.3026,2.2992,2.2997,352949.8
2024-12-20 14:35:00+09:00,2.2997,2.3011,2.2951,2.2969,350351.4
2024-12-20 14:36:00+09:00,2.2969,2.2988,2.2933,2.2955,473522.7
2024-12-20 14:37:00+09:00,2.2955,2.3028,2.2942,2.3028,435918.9
2024-12-20 14:38:00+09:00,2.3027,2.3046,2.3004,2.3023,1166812.8
2024-12-20 14:39:00+09:00,2.3023,2.3044,2.3006,2.3040,725644.1
2024-12-20 14:40:00+09:00,2.3040,2.3062,2.3032,2.3047,554416.8
2024-12-20 14:41:00+09:00,2.3048,2.3048,2.3020,2.3034,369440.9
2024-12-20 14:42:00+09:00,2.3033,2.3037,2.3003,2.3020,543724.6
2024-12-20 14:43:00+09:00,2.3021,2.3037,2.3020,2.3021,356802.7
2024-12-20 14:44:00+09:00,2.3021,2.3031,2.3000,2.3005,191018.0
2024-12-20 14:45:00+09:00,2.3004,2.3007,2.2912,2.2917,1109597.7
2024-12-20 14:46:00+09:00,2.2917,2.2949,2.2893,2.2932,1038451.7
2024-12-20 14:47:00+09:00,2.2932,2.2932,2.2902,2.2909,477329.4
2024-12-20 14:48:00+09:00,2.2908,2.2940,2.2904,2.2915,462663.7
2024-12-20 14:49:00+09:00,2.2914,2.2923,2.2863,2.2871,964371.1
2024-12-20 14:50:00+09:00,2.2870,2.2875,2.2848,2.2855,897068.5
2024-12-20 14:51:00+09:00,2.2855,2.2875,2.2853,2.2867,772656.4
2024-12-20 14:52:00+09:00,2.2867,2.2875,2.2856,2.2859,630974.5
2024-12-20 14:53:00+09:00,2.2859,2.2874,2.2834,2.2871,770445.4
2024-12-20 14:54:00+09:00,2.2871,2.2876,2.2814,2.2828,1086481.4
2024-12-20 14:55:00+09:00,2.2827,2.2832,2.2770,2.2802,3022444.2
2024-12-20 14:56:00+09:00,2.2802,2.2822,2.2793,2.2808,680028.3
2024-12-20 14:57:00+09:00,2.2808,2.2825,2.2757,2.2801,1782168.0
2024-12-20 14:58:00+09:00,2.2801,2.2838,2.2792,2.2801,914743.4
2024-12-20 14:59:00+09:00,2.2801,2.2804,2.2771,2.2776,753055.9
2024-12-20 15:00:00+09:00,2.2776,2.2811,2.2751,2.2783,1075329.5
2024-12-20 15:01:00+09:00,2.2783,2.2826,2.2771,2.2823,794350.2
2024-12-20 15:02:00+09:00,2.2822,2.2835,2.2771,2.2810,1227471.4
2024-12-20 15:03:00+09:00,2.2810,2.2862,2.2797,2.2860,846828.8
2024-12-20 15:04:00+09:00,2.2861,2.2892,2.2849,2.2881,870020.7
2024-12-20 15:05:00+09:00,2.2880,2.2888,2.2819,2.2849,1196884.1
2024-12-20 15:06:00+09:00,2.2849,2.2858,2.2790,2.2798,538783.1
2024-12-20 15:07:00+09:00,2.2799,2.2828,2.2782,2.2827,465187.5
2024-12-20 15:08:00+09:00,2.2827,2.2860,2.2827,2.2854,743542.3
2024-12-20 15:09:00+09:00,2.2854,2.2882,2.2828,2.2880,482436.9
2024-12-20 15:10:00+09:00,2.2880,2.2902,2.2872,2.2892,633072.8
2024-12-20 15:11:00+09:00,2.2891,2.2910,2.2887,2.2895,471472.2
2024-12-20 15:12:00+09:00,2.2896,2.2924,2.2868,2.2871,727059.2
2024-12-20 15:13:00+09:00,2.2871,2.2871,2.2803,2.2812,636696.5
2024-12-20 15:14:00+09:00,2.2813,2.2863,2.2812,2.2853,413111.6
2024-12-20 15:15:00+09:00,2.2854,2.2893,2.2839,2.2881,570666.4
2024-12-20 15:16:00+09:00,2.2882,2.2927,2.2881,2.2895,904467.8
2024-12-20 15:17:00+09:00,2.2897,2.2928,2.2882,2.2927,599543.0
2024-12-20 15:18:00+09:00,2.2928,2.2967,2.2919,2.2963,971138.8
2024-12-20 15:19:00+09:00,2.2962,2.2980,2.2951,2.2969,1010285.1
2024-12-20 15:20:00+09:00,2.2968,2.2998,2.2964,2.2994,951789.4
2024-12-20 15:21:00+09:00,2.2993,2.2998,2.2947,2.2963,1669969.6
2024-12-20 15:22:00+09:00,2.2962,2.2981,2.2941,2.2949,507096.0
2024-12-20 15:23:00+09:00,2.2950,2.2950,2.2894,2.2903,1887612.7
2024-12-20 15:24:00+09:00,2.2903,2.2930,2.2898,2.2900,374763.9
2024-12-20 15:25:00+09:00,2.2901,2.2905,2.2865,2.2885,625258.6
2024-12-20 15:26:00+09:00,2.2884,2.2894,2.2856,2.2856,564473.1
2024-12-20 15:27:00+09:00,2.2856,2.2873,2.2817,2.2817,670998.6
2024-12-20 15:28:00+09:00,2.2818,2.2821,2.2766,2.2780,1845408.9
2024-12-20 15:29:00+09:00,2.2780,2.2781,2.2651,2.2698,3966190.3
2024-12-20 15:30:00+09:00,2.2698,2.2745,2.2690,2.2707,2793381.3
2024-12-20 15:31:00+09:00,2.2706,2.2710,2.2658,2.2678,1126228.6
2024-12-20 15:32:00+09:00,2.2678,2.2688,2.2608,2.2626,2665022.2
2024-12-20 15:33:00+09:00,2.2626,2.2671,2.2616,2.2649,1267282.3
2024-12-20 15:34:00+09:00,2.2649,2.2651,2.2582,2.2612,2242606.0
2024-12-20 15:35:00+09:00,2.2612,2.2620,2.2579,2.2608,1797410.3
2024-12-20 15:36:00+09:00,2.2607,2.2619,2.2563,2.2577,1960884.3
2024-12-20 15:37:00+09:00,2.2576,2.2593,2.2539,2.2541,1705427.0
2024-12-20 15:38:00+09:00,2.2541,2.2549,2.2509,2.2515,1814633.4
2024-12-20 15:39:00+09:00,2.2515,2.2598,2.2515,2.2563,1824194.0
2024-12-20 15:40:00+09:00,2.2563,2.2648,2.2557,2.2624,2522227.4
2024-12-20 15:41:00+09:00,2.2625,2.2642,2.2585,2.2594,945073.6
2024-12-20 15:42:00+09:00,2.2594,2.2611,2.2524,2.2566,1095422.8
2024-12-20 15:43:00+09:00,2.2565,2.2587,2.2539,2.2543,781651.5
2024-12-20 15:44:00+09:00,2.2543,2.2569,2.2530,2.2552,1011692.4
2024-12-20 15:45:00+09:00,2.2552,2.2572,2.2538,2.2559,897326.8
2024-12-20 15:46:00+09:00,2.2560,2.2600,2.2559,2.2599,1185377.6
2024-12-20 15:47:00+09:00,2.2599,2.2627,2.2578,2.2587,1044168.6
2024-12-20 15:48:00+09:00,2.2587,2.2609,2.2572,2.2588,871136.7
2024-12-20 15:49:00+09:00,2.2588,2.2595,2.2546,2.2573,1027090.4
2024-12-20 15:50:00+09:00,2.2574,2.2667,2.2574,2.2659,1469117.5
2024-12-20 15:51:00+09:00,2.2660,2.2712,2.2639,2.2640,1970182.9
2024-12-20 15:52:00+09:00,2.2640,2.2653,2.2606,2.2647,1689634.4
2024-12-20 15:53:00+09:00,2.2647,2.2668,2.2610,2.2654,820180.3
2024-12-20 15:54:00+09:00,2.2653,2.2663,2.2628,2.2644,1313436.3
2024-12-20 15:55:00+09:00,2.2645,2.2651,2.2593,2.2612,1052925.6
2024-12-20 15:56:00+09:00,2.2611,2.2617,2.2568,2.2577,955304.7
2024-12-20 15:57:00+09:00,2.2577,2.2592,2.2552,2.2588,965900.4
2024-12-20 15:58:00+09:00,2.2588,2.2668,2.2570,2.2662,1437544.7
2024-12-20 15:59:00+09:00,2.2662,2.2794,2.2659,2.2793,2455662.3
2024-12-20 16:00:00+09:00,2.2793,2.2862,2.2783,2.2826,4012396.0
2024-12-20 16:01:00+09:00,2.2825,2.2935,2.2820,2.2873,3397253.2
2024-12-20 16:02:00+09:00,2.2872,2.2944,2.2866,2.2911,2359412.7
2024-12-20 16:03:00+09:00,2.2911,2.2969,2.2911,2.2966,1875877.9
2024-12-20 16:04:00+09:00,2.2967,2.3047,2.2963,2.3046,2553146.3
2024-12-20 16:05:00+09:00,2.3046,2.3124,2.3027,2.3072,4038408.3
2024-12-20 16:06:00+09:00,2.3073,2.3150,2.3052,2.3123,2510106.4
2024-12-20 16:07:00+09:00,2.3120,2.3202,2.3087,2.3198,3189904.7
2024-12-20 16:08:00+09:00,2.3198,2.3223,2.3111,2.3125,2635814.2
2024-12-20 16:09:00+09:00,2.3125,2.3298,2.3083,2.3268,4283413.0
2024-12-20 16:10:00+09:00,2.3269,2.3295,2.3197,2.3202,3069869.9
2024-12-20 16:11:00+09:00,2.3203,2.3228,2.3121,2.3165,3036806.9
2024-12-20 16:12:00+09:00,2.3166,2.3195,2.3148,2.3186,1409651.7
2024-12-20 16:13:00+09:00,2.3186,2.3195,2.3143,2.3150,1434799.0
2024-12-20 16:14:00+09:00,2.3151,2.3158,2.3117,2.3126,1617278.2
2024-12-20 16:15:00+09:00,2.3127,2.3140,2.3084,2.3137,2058110.7
2024-12-20 16:16:00+09:00,2.3137,2.3137,2.3094,2.3131,1200802.2
2024-12-20 16:17:00+09:00,2.3131,2.3194,2.3125,2.3171,1447297.5
2024-12-20 16:18:00+09:00,2.3170,2.3174,2.3094,2.3094,968035.8
2024-12-20 16:19:00+09:00,2.3094,2.3177,2.3094,2.3176,1094558.3
2024-12-20 16:20:00+09:00,2.3175,2.3202,2.3141,2.3202,820557.9
2024-12-20 16:21:00+09:00,2.3202,2.3239,2.3142,2.3166,1198394.9
2024-12-20 16:22:00+09:00,2.3167,2.3190,2.3143,2.3152,923128.0
2024-12-20 16:23:00+09:00,2.3153,2.3154,2.3107,2.3147,801458.6
2024-12-20 16:24:00+09:00,2.3148,2.3154,2.3091,2.3113,906672.7
2024-12-20 16:25:00+09:00,2.3112,2.3152,2.3094,2.3135,556294.3
2024-12-20 16:26:00+09:00,2.3135,2.3140,2.3052,2.3056,1169200.7
2024-12-20 16:27:00+09:00,2.3056,2.3084,2.3047,2.3076,788467.8
2024-12-20 16:28:00+09:00,2.3076,2.3089,2.3060,2.3082,654850.4
2024-12-20 16:29:00+09:00,2.3081,2.3107,2.3067,2.3077,542447.2
2024-12-20 16:30:00+09:00,2.3078,2.3130,2.3050,2.3102,876897.6
2024-12-20 16:31:00+09:00,2.3101,2.3151,2.3080,2.3135,779049.7
2024-12-20 16:32:00+09:00,2.3134,2.3145,2.3067,2.3072,1205670.1
2024-12-20 16:33:00+09:00,2.3072,2.3075,2.2997,2.3049,1702972.4
2024-12-20 16:34:00+09:00,2.3048,2.3054,2.3022,2.3045,444425.9
2024-12-20 16:35:00+09:00,2.3045,2.3071,2.3023,2.3048,695848.6
2024-12-20 16:36:00+09:00,2.3048,2.3053,2.2974,2.2983,1360572.7
2024-12-20 16:37:00+09:00,2.2984,2.3026,2.2953,2.3021,866498.4
2024-12-20 16:38:00+09:00,2.3022,2.3057,2.2993,2.2993,484564.5
2024-12-20 16:39:00+09:00,2.2993,2.3012,2.2985,2.3005,392150.3
2024-12-20 16:40:00+09:00,2.3006,2.3030,2.2968,2.2968,1015056.2
2024-12-20 16:41:00+09:00,2.2968,2.2976,2.2953,2.2970,677623.3
2024-12-20 16:42:00+09:00,2.2970,2.2971,2.2942,2.2963,802914.9
2024-12-20 16:43:00+09:00,2.2962,2.2963,2.2916,2.2951,1121930.7
2024-12-20 16:44:00+09:00,2.2952,2.3004,2.2952,2.2996,545056.6
2024-12-20 16:45:00+09:00,2.2996,2.3030,2.2975,2.2982,808852.8
2024-12-20 16:46:00+09:00,2.2982,2.3007,2.2974,2.2991,478715.9
2024-12-20 16:47:00+09:00,2.2990,2.2991,2.2929,2.2949,1498404.6
2024-12-20 16:48:00+09:00,2.2948,2.2948,2.2880,2.2889,1266883.1
2024-12-20 16:49:00+09:00,2.2888,2.2963,2.2875,2.2963,1140171.3
2024-12-20 16:50:00+09:00,2.2963,2.2996,2.2936,2.2970,1332520.0
2024-12-20 16:51:00+09:00,2.2969,2.2979,2.2952,2.2958,320646.2
2024-12-20 16:52:00+09:00,2.2957,2.2957,2.2892,2.2912,608235.3
2024-12-20 16:53:00+09:00,2.2911,2.2937,2.2899,2.2913,425974.6
2024-12-20 16:54:00+09:00,2.2912,2.2912,2.2873,2.2898,910292.1
2024-12-20 16:55:00+09:00,2.2897,2.2901,2.2866,2.2884,447970.7
2024-12-20 16:56:00+09:00,2.2884,2.2890,2.2860,2.2865,372659.6
2024-12-20 16:57:00+09:00,2.2865,2.2880,2.2818,2.2834,1149839.8
2024-12-20 16:58:00+09:00,2.2834,2.2846,2.2824,2.2843,741634.2
2024-12-20 16:59:00+09:00,2.2844,2.2892,2.2835,2.2890,593112.8
2024-12-20 17:00:00+09:00,2.2891,2.2912,2.2844,2.2868,781718.8
2024-12-20 17:01:00+09:00,2.2867,2.2929,2.2867,2.2871,949437.4
2024-12-20 17:02:00+09:00,2.2872,2.2882,2.2803,2.2812,1894658.6
2024-12-20 17:03:00+09:00,2.2814,2.2844,2.2800,2.2813,766181.0
2024-12-20 17:04:00+09:00,2.2814,2.2816,2.2776,2.2782,977337.8
2024-12-20 17:05:00+09:00,2.2782,2.2808,2.2773,2.2774,650966.6
2024-12-20 17:06:00+09:00,2.2773,2.2773,2.2663,2.2668,2590811.9
2024-12-20 17:07:00+09:00,2.2669,2.2691,2.2636,2.2643,2478866.4
2024-12-20 17:08:00+09:00,2.2643,2.2645,2.2562,2.2620,2317539.5
2024-12-20 17:09:00+09:00,2.2620,2.2637,2.2585,2.2603,1719348.2
2024-12-20 17:10:00+09:00,2.2603,2.2639,2.2584,2.2585,2303390.5
2024-12-20 17:11:00+09:00,2.2586,2.2600,2.2522,2.2550,1956259.6
2024-12-20 17:12:00+09:00,2.2550,2.2557,2.2510,2.2527,2097377.5
2024-12-20 17:13:00+09:00,2.2527,2.2605,2.2491,2.2578,2564579.7
2024-12-20 17:14:00+09:00,2.2578,2.2666,2.2553,2.2623,2015123.9
2024-12-20 17:15:00+09:00,2.2620,2.2660,2.2583,2.2590,1745148.7
2024-12-20 17:16:00+09:00,2.2589,2.2615,2.2543,2.2543,1493403.3
2024-12-20 17:17:00+09:00,2.2544,2.2547,2.2448,2.2456,3307990.6
2024-12-20 17:18:00+09:00,2.2455,2.2518,2.2445,2.2459,1733206.5
2024-12-20 17:19:00+09:00,2.2459,2.2473,2.2400,2.2432,2477103.7
2024-12-20 17:20:00+09:00,2.2432,2.2455,2.2351,2.2408,2834543.3
2024-12-20 17:21:00+09:00,2.2407,2.2421,2.2343,2.2348,1936795.3
2024-12-20 17:22:00+09:00,2.2349,2.2425,2.2340,2.2397,2083225.8
2024-12-20 17:23:00+09:00,2.2398,2.2401,2.2312,2.2316,1463648.8
2024-12-20 17:24:00+09:00,2.2316,2.2384,2.2303,2.2376,1789400.2
2024-12-20 17:25:00+09:00,2.2376,2.2460,2.2361,2.2378,2184122.5
2024-12-20 17:26:00+09:00,2.2377,2.2418,2.2350,2.2377,2199287.7
2024-12-20 17:27:00+09:00,2.2376,2.2447,2.2374,2.2439,1716940.0
2024-12-20 17:28:00+09:00,2.2439,2.2467,2.2408,2.2428,1910253.7
2024-12-20 17:29:00+09:00,2.2428,2.2433,2.2350,2.2379,1131975.5
2024-12-20 17:30:00+09:00,2.2379,2.2397,2.2304,2.2313,2242207.3
2024-12-20 17:31:00+09:00,2.2312,2.2368,2.2248,2.2310,3140850.6
2024-12-20 17:32:00+09:00,2.2313,2.2340,2.2265,2.2334,1620169.2
2024-12-20 17:33:00+09:00,2.2332,2.2468,2.2326,2.2424,6313427.8
2024-12-20 17:34:00+09:00,2.2425,2.2487,2.2414,2.2446,2428885.9
2024-12-20 17:35:00+09:00,2.2446,2.2459,2.2400,2.2410,3634166.9
2024-12-20 17:36:00+09:00,2.2411,2.2458,2.2402,2.2422,1383652.8
2024-12-20 17:37:00+09:00,2.2422,2.2436,2.2401,2.2406,1198957.8
2024-12-20 17:38:00+09:00,2.2406,2.2409,2.2341,2.2401,5502945.9
2024-12-20 17:39:00+09:00,2.2401,2.2417,2.2275,2.2298,3252252.9
2024-12-20 17:40:00+09:00,2.2300,2.2342,2.2267,2.2273,3964027.5
2024-12-20 17:41:00+09:00,2.2273,2.2290,2.2092,2.2129,12640468.8
2024-12-20 17:42:00+09:00,2.2129,2.2188,2.2100,2.2130,3496757.3
2024-12-20 17:43:00+09:00,2.2130,2.2135,2.2001,2.2027,5528921.2
2024-12-20 17:44:00+09:00,2.2026,2.2172,2.2026,2.2097,3884209.0
2024-12-20 17:45:00+09:00,2.2097,2.2196,2.2086,2.2118,2457432.5
2024-12-20 17:46:00+09:00,2.2120,2.2208,2.2112,2.2126,2149017.1
2024-12-20 17:47:00+09:00,2.2126,2.2158,2.2016,2.2140,4529121.6
2024-12-20 17:48:00+09:00,2.2140,2.2279,2.2096,2.2238,7206154.6
2024-12-20 17:49:00+09:00,2.2237,2.2299,2.2230,2.2273,2585077.3
2024-12-20 17:50:00+09:00,2.2273,2.2307,2.2235,2.2238,2410977.1
2024-12-20 17:51:00+09:00,2.2238,2.2251,2.2217,2.2217,2838133.6
2024-12-20 17:52:00+09:00,2.2217,2.2231,2.2200,2.2203,4820049.2
2024-12-20 17:53:00+09:00,2.2204,2.2232,2.2203,2.2210,1854670.0
2024-12-20 17:54:00+09:00,2.2210,2.2228,2.2202,2.2210,1142919.0
2024-12-20 17:55:00+09:00,2.2211,2.2243,2.2200,2.2222,4091109.0
2024-12-20 17:56:00+09:00,2.2221,2.2224,2.2200,2.2204,1641470.4
2024-12-20 17:57:00+09:00,2.2204,2.2204,2.2095,2.2149,13011566.8
2024-12-20 17:58:00+09:00,2.2150,2.2193,2.2120,2.2128,2079167.5
2024-12-20 17:59:00+09:00,2.2127,2.2220,2.2119,2.2219,2268395.3
2024-12-20 18:00:00+09:00,2.2219,2.2429,2.2208,2.2262,8015454.6
2024-12-20 18:01:00+09:00,2.2263,2.2281,2.2161,2.2181,4559228.9
2024-12-20 18:02:00+09:00,2.2182,2.2210,2.2134,2.2142,2200628.4
2024-12-20 18:03:00+09:00,2.2140,2.2195,2.2086,2.2193,2984254.0
2024-12-20 18:04:00+09:00,2.2193,2.2206,2.2050,2.2064,2573459.8
2024-12-20 18:05:00+09:00,2.2064,2.2085,2.1977,2.1986,4503906.6
2024-12-20 18:06:00+09:00,2.1985,2.2050,2.1960,2.1985,4955806.5
2024-12-20 18:07:00+09:00,2.1983,2.2025,2.1872,2.1911,4180262.7
2024-12-20 18:08:00+09:00,2.1905,2.1940,2.1829,2.1843,4101466.7
2024-12-20 18:09:00+09:00,2.1842,2.1902,2.1772,2.1816,6428792.4
2024-12-20 18:10:00+09:00,2.1816,2.2057,2.1816,2.2028,9122356.1
2024-12-20 18:11:00+09:00,2.2032,2.2049,2.1905,2.1917,3452747.9
2024-12-20 18:12:00+09:00,2.1918,2.1954,2.1900,2.1918,1986795.4
2024-12-20 18:13:00+09:00,2.1918,2.1969,2.1900,2.1967,2907661.8
2024-12-20 18:14:00+09:00,2.1966,2.2035,2.1858,2.1900,3570419.5
2024-12-20 18:15:00+09:00,2.1899,2.2036,2.1863,2.1984,8090918.6
2024-12-20 18:16:00+09:00,2.1984,2.2090,2.1931,2.1931,4073328.2
2024-12-20 18:17:00+09:00,2.1932,2.2101,2.1900,2.2101,4617612.1
2024-12-20 18:18:00+09:00,2.2101,2.2104,2.2017,2.2047,1831099.0
2024-12-20 18:19:00+09:00,2.2048,2.2138,2.2013,2.2131,1972599.3
2024-12-20 18:20:00+09:00,2.2131,2.2262,2.2124,2.2212,6424979.2
2024-12-20 18:21:00+09:00,2.2212,2.2253,2.2100,2.2109,4183800.8
2024-12-20 18:22:00+09:00,2.2109,2.2135,2.2058,2.2092,2523260.1
2024-12-20 18:23:00+09:00,2.2092,2.2122,2.2066,2.2112,1399553.1
2024-12-20 18:24:00+09:00,2.2113,2.2128,2.2042,2.2042,1470976.3
2024-12-20 18:25:00+09:00,2.2041,2.2065,2.2000,2.2031,1713478.4
2024-12-20 18:26:00+09:00,2.2030,2.2030,2.1900,2.1905,2759028.5
2024-12-20 18:27:00+09:00,2.1905,2.1918,2.1852,2.1893,3770728.0
2024-12-20 18:28:00+09:00,2.1894,2.1914,2.1861,2.1876,1544507.4
2024-12-20 18:29:00+09:00,2.1875,2.1908,2.1827,2.1878,1558840.0
2024-12-20 18:30:00+09:00,2.1879,2.1918,2.1840,2.1903,1717608.4
2024-12-20 18:31:00+09:00,2.1902,2.2020,2.1893,2.1976,2881639.4
2024-12-20 18:32:00+09:00,2.1976,2.1982,2.1866,2.1899,2633423.2
2024-12-20 18:33:00+09:00,2.1899,2.2035,2.1862,2.2018,1479652.6
2024-12-20 18:34:00+09:00,2.2017,2.2065,2.1990,2.2034,1746178.8
2024-12-20 18:35:00+09:00,2.2033,2.2104,2.2025,2.2030,2723603.3
2024-12-20 18:36:00+09:00,2.2031,2.2031,2.1893,2.1907,2053138.2
2024-12-20 18:37:00+09:00,2.1908,2.1912,2.1810,2.1853,2624615.3
2024-12-20 18:38:00+09:00,2.1854,2.1870,2.1768,2.1800,2267402.0
2024-12-20 18:39:00+09:00,2.1800,2.1840,2.1785,2.1827,1374753.0
2024-12-20 18:40:00+09:00,2.1828,2.1832,2.1728,2.1729,2599125.2
2024-12-20 18:41:00+09:00,2.1731,2.1742,2.1688,2.1719,3533719.4
2024-12-20 18:42:00+09:00,2.1719,2.1742,2.1690,2.1734,1851713.0
2024-12-20 18:43:00+09:00,2.1734,2.1784,2.1731,2.1757,2187692.7
2024-12-20 18:44:00+09:00,2.1757,2.1802,2.1741,2.1755,1267388.6
2024-12-20 18:45:00+09:00,2.1754,2.1826,2.1707,2.1719,1625355.7
2024-12-20 18:46:00+09:00,2.1718,2.1748,2.1645,2.1656,2346715.9
2024-12-20 18:47:00+09:00,2.1657,2.1662,2.1564,2.1593,5661577.8
2024-12-20 18:48:00+09:00,2.1592,2.1648,2.1579,2.1621,3222952.7
2024-12-20 18:49:00+09:00,2.1620,2.1621,2.1529,2.1543,3289972.7
2024-12-20 18:50:00+09:00,2.1544,2.1630,2.1520,2.1581,4386562.7
2024-12-20 18:51:00+09:00,2.1581,2.1588,2.1458,2.1538,6957993.6
2024-12-20 18:52:00+09:00,2.1537,2.1595,2.1478,2.1527,3525481.3
2024-12-20 18:53:00+09:00,2.1526,2.1668,2.1521,2.1633,3149413.2
2024-12-20 18:54:00+09:00,2.1631,2.1631,2.1407,2.1413,4991779.6
2024-12-20 18:55:00+09:00,2.1412,2.1444,2.1351,2.1382,6289918.2
2024-12-20 18:56:00+09:00,2.1383,2.1388,2.1273,2.1323,5684256.7
2024-12-20 18:57:00+09:00,2.1323,2.1380,2.1283,2.1337,4143128.5
2024-12-20 18:58:00+09:00,2.1337,2.1372,2.1308,2.1314,3367450.8
2024-12-20 18:59:00+09:00,2.1315,2.1377,2.1282,2.1298,3818597.9
2024-12-20 19:00:00+09:00,2.1298,2.1403,2.1296,2.1402,3114718.7
2024-12-20 19:01:00+09:00,2.1401,2.1535,2.1388,2.1507,4224602.3
2024-12-20 19:02:00+09:00,2.1506,2.1506,2.1398,2.1423,3098810.4
2024-12-20 19:03:00+09:00,2.1423,2.1506,2.1396,2.1484,2489718.3
2024-12-20 19:04:00+09:00,2.1484,2.1503,2.1398,2.1449,1983672.8
2024-12-20 19:05:00+09:00,2.1450,2.1479,2.1360,2.1413,2900992.8
2024-12-20 19:06:00+09:00,2.1413,2.1419,2.1317,2.1331,2407421.9
2024-12-20 19:07:00+09:00,2.1331,2.1380,2.1280,2.1284,2998713.6
2024-12-20 19:08:00+09:00,2.1284,2.1319,2.1118,2.1132,9097704.4
2024-12-20 19:09:00+09:00,2.1132,2.1224,2.1130,2.1187,6087710.9
2024-12-20 19:10:00+09:00,2.1187,2.1279,2.1152,2.1191,5062639.6
2024-12-20 19:11:00+09:00,2.1190,2.1194,2.1010,2.1072,11413944.8
2024-12-20 19:12:00+09:00,2.1070,2.1111,2.0947,2.0993,11040987.7
2024-12-20 19:13:00+09:00,2.0993,2.1109,2.0900,2.0903,9178008.7
2024-12-20 19:14:00+09:00,2.0903,2.0933,2.0546,2.0594,20433369.0
2024-12-20 19:15:00+09:00,2.0585,2.1025,2.0550,2.0781,19465816.8
2024-12-20 19:16:00+09:00,2.0792,2.1088,2.0742,2.1072,15675629.8
2024-12-20 19:17:00+09:00,2.1071,2.1100,2.0819,2.0884,12263906.6
2024-12-20 19:18:00+09:00,2.0885,2.1014,2.0807,2.0977,5178407.3
2024-12-20 19:19:00+09:00,2.0977,2.1175,2.0957,2.1131,6626871.4
2024-12-20 19:20:00+09:00,2.1133,2.1300,2.1122,2.1241,8041226.2
2024-12-20 19:21:00+09:00,2.1240,2.1241,2.1054,2.1085,5552610.8
2024-12-20 19:22:00+09:00,2.1087,2.1159,2.1018,2.1062,4156920.6
2024-12-20 19:23:00+09:00,2.1063,2.1079,2.0770,2.0784,7642123.9
2024-12-20 19:24:00+09:00,2.0785,2.0905,2.0635,2.0728,13103611.6
2024-12-20 19:25:00+09:00,2.0730,2.0930,2.0630,2.0903,9577987.6
2024-12-20 19:26:00+09:00,2.0902,2.1000,2.0868,2.0989,6522795.0
2024-12-20 19:27:00+09:00,2.0986,2.1169,2.0959,2.1114,5179859.0
2024-12-20 19:28:00+09:00,2.1110,2.1217,2.1082,2.1141,4515192.7
2024-12-20 19:29:00+09:00,2.1140,2.1156,2.0976,2.0991,2927421.6
2024-12-20 19:30:00+09:00,2.0992,2.1130,2.0946,2.1123,3515496.7
2024-12-20 19:31:00+09:00,2.1124,2.1125,2.0898,2.0935,5129869.2
2024-12-20 19:32:00+09:00,2.0934,2.1002,2.0831,2.0872,4253985.9
2024-12-20 19:33:00+09:00,2.0870,2.0913,2.0804,2.0816,3980606.2
2024-12-20 19:34:00+09:00,2.0817,2.0940,2.0782,2.0894,2998434.6
2024-12-20 19:35:00+09:00,2.0895,2.0966,2.0809,2.0822,2562972.3
2024-12-20 19:36:00+09:00,2.0824,2.0980,2.0818,2.0956,2100160.8
2024-12-20 19:37:00+09:00,2.0955,2.1026,2.0912,2.0996,2569917.9
2024-12-20 19:38:00+09:00,2.0993,2.1126,2.0984,2.1109,2937715.8
2024-12-20 19:39:00+09:00,2.1107,2.1159,2.1052,2.1149,3277153.2
2024-12-20 19:40:00+09:00,2.1148,2.1300,2.1135,2.1266,6232036.1
2024-12-20 19:41:00+09:00,2.1267,2.1282,2.1077,2.1136,5057493.7
2024-12-20 19:42:00+09:00,2.1136,2.1187,2.1095,2.1158,2341259.7
2024-12-20 19:43:00+09:00,2.1161,2.1215,2.1122,2.1169,2332869.7
2024-12-20 19:44:00+09:00,2.1170,2.1170,2.1042,2.1043,2967765.1
2024-12-20 19:45:00+09:00,2.1044,2.1059,2.0950,2.0950,2893206.4
2024-12-20 19:46:00+09:00,2.0950,2.1022,2.0901,2.0902,3329086.3
2024-12-20 19:47:00+09:00,2.0902,2.0944,2.0850,2.0910,2841803.2
2024-12-20 19:48:00+09:00,2.0910,2.0953,2.0850,2.0939,3959678.5
2024-12-20 19:49:00+09:00,2.0938,2.0948,2.0823,2.0831,2306716.4
2024-12-20 19:50:00+09:00,2.0833,2.0878,2.0787,2.0813,2893338.1
2024-12-20 19:51:00+09:00,2.0813,2.0852,2.0752,2.0770,2383340.7
2024-12-20 19:52:00+09:00,2.0770,2.0783,2.0717,2.0731,2563637.0
2024-12-20 19:53:00+09:00,2.0732,2.0743,2.0681,2.0689,2727651.2
2024-12-20 19:54:00+09:00,2.0689,2.0770,2.0670,2.0674,2323218.5
2024-12-20 19:55:00+09:00,2.0675,2.0708,2.0621,2.0628,2440258.7
2024-12-20 19:56:00+09:00,2.0628,2.0760,2.0584,2.0739,3549567.7
2024-12-20 19:57:00+09:00,2.0739,2.0748,2.0610,2.0677,2204657.0
2024-12-20 19:58:00+09:00,2.0677,2.0704,2.0579,2.0601,2726662.6
2024-12-20 19:59:00+09:00,2.0602,2.0696,2.0595,2.0636,2205413.1
2024-12-20 20:00:00+09:00,2.0635,2.0726,2.0600,2.0721,2700145.7
2024-12-20 20:01:00+09:00,2.0721,2.0722,2.0508,2.0584,6774732.5
2024-12-20 20:02:00+09:00,2.0581,2.0722,2.0570,2.0703,4898174.5
2024-12-20 20:03:00+09:00,2.0703,2.0819,2.0648,2.0783,3804514.6
2024-12-20 20:04:00+09:00,2.0783,2.0866,2.0713,2.0738,3641157.2
2024-12-20 20:05:00+09:00,2.0738,2.0786,2.0703,2.0717,1563133.5
2024-12-20 20:06:00+09:00,2.0718,2.0916,2.0709,2.0892,2633670.9
2024-12-20 20:07:00+09:00,2.0891,2.0966,2.0844,2.0857,2638668.1
2024-12-20 20:08:00+09:00,2.0857,2.0915,2.0809,2.0898,1767489.4
2024-12-20 20:09:00+09:00,2.0898,2.0952,2.0866,2.0895,2157454.1
2024-12-20 20:10:00+09:00,2.0895,2.0909,2.0745,2.0782,4390210.5
2024-12-20 20:11:00+09:00,2.0783,2.0816,2.0733,2.0805,2369952.9
2024-12-20 20:12:00+09:00,2.0804,2.0810,2.0751,2.0800,1144278.5
2024-12-20 20:13:00+09:00,2.0799,2.0815,2.0736,2.0769,1243232.1
2024-12-20 20:14:00+09:00,2.0769,2.0793,2.0627,2.0650,2642808.7
2024-12-20 20:15:00+09:00,2.0650,2.0765,2.0636,2.0746,2391697.4
2024-12-20 20:16:00+09:00,2.0746,2.0785,2.0690,2.0716,1467388.9
2024-12-20 20:17:00+09:00,2.0716,2.0799,2.0681,2.0684,1522832.6
2024-12-20 20:18:00+09:00,2.0680,2.0723,2.0662,2.0719,1570857.4
2024-12-20 20:19:00+09:00,2.0720,2.0777,2.0691,2.0740,1779617.8
2024-12-20 20:20:00+09:00,2.0741,2.0830,2.0732,2.0771,2876398.4
2024-12-20 20:21:00+09:00,2.0771,2.0831,2.0673,2.0693,2652662.3
2024-12-20 20:22:00+09:00,2.0693,2.0696,2.0560,2.0588,5909065.6
2024-12-20 20:23:00+09:00,2.0589,2.0600,2.0458,2.0525,7607173.2
2024-12-20 20:24:00+09:00,2.0525,2.0629,2.0507,2.0574,5203862.3
2024-12-20 20:25:00+09:00,2.0574,2.0579,2.0357,2.0385,11135433.8
2024-12-20 20:26:00+09:00,2.0385,2.0480,2.0323,2.0383,6896457.0
2024-12-20 20:27:00+09:00,2.0382,2.0411,2.0299,2.0400,5409278.9
2024-12-20 20:28:00+09:00,2.0399,2.0412,2.0260,2.0274,4878023.4
2024-12-20 20:29:00+09:00,2.0275,2.0343,2.0273,2.0335,3829951.3
2024-12-20 20:30:00+09:00,2.0334,2.0408,2.0126,2.0144,11574491.1
2024-12-20 20:31:00+09:00,2.0143,2.0171,2.0083,2.0128,12074115.5
2024-12-20 20:32:00+09:00,2.0128,2.0150,2.0059,2.0116,7971750.9
2024-12-20 20:33:00+09:00,2.0115,2.0135,2.0038,2.0059,6645033.5
2024-12-20 20:34:00+09:00,2.0060,2.0121,2.0002,2.0062,9826360.6
2024-12-20 20:35:00+09:00,2.0062,2.0119,1.9843,1.9887,19860879.0
2024-12-20 20:36:00+09:00,1.9886,2.0081,1.9761,2.0072,20509329.5
2024-12-20 20:37:00+09:00,2.0075,2.0274,1.9977,2.0084,17923812.9
2024-12-20 20:38:00+09:00,2.0084,2.0197,2.0005,2.0005,8531196.1
2024-12-20 20:39:00+09:00,2.0004,2.0018,1.9714,1.9808,18256668.6
2024-12-20 20:40:00+09:00,1.9809,1.9900,1.9704,1.9762,12013309.6
2024-12-20 20:41:00+09:00,1.9762,1.9881,1.9622,1.9848,16521359.3
2024-12-20 20:42:00+09:00,1.9850,2.0101,1.9792,1.9884,11148756.1
2024-12-20 20:43:00+09:00,1.9884,1.9972,1.9776,1.9833,5909416.7
2024-12-20 20:44:00+09:00,1.9832,1.9919,1.9658,1.9696,7554663.1
2024-12-20 20:45:00+09:00,1.9696,1.9863,1.9602,1.9852,9128320.9
2024-12-20 20:46:00+09:00,1.9852,2.0013,1.9769,1.9989,7908502.8
2024-12-20 20:47:00+09:00,1.9987,2.0092,1.9879,1.9901,6091776.9
2024-12-20 20:48:00+09:00,1.9902,1.9912,1.9745,1.9772,5462622.7
2024-12-20 20:49:00+09:00,1.9772,1.9972,1.9720,1.9949,5088453.8
2024-12-20 20:50:00+09:00,1.9948,2.0028,1.9872,1.9888,5287326.1
2024-12-20 20:51:00+09:00,1.9889,1.9891,1.9650,1.9661,6051878.3
2024-12-20 20:52:00+09:00,1.9661,1.9819,1.9652,1.9793,7222760.2
2024-12-20 20:53:00+09:00,1.9793,1.9912,1.9776,1.9905,5261043.3
2024-12-20 20:54:00+09:00,1.9904,1.9998,1.9898,1.9913,5526329.3
2024-12-20 20:55:00+09:00,1.9913,2.0028,1.9833,1.9944,4112970.0
2024-12-20 20:56:00+09:00,1.9944,2.0011,1.9860,1.9904,4168559.8
2024-12-20 20:57:00+09:00,1.9905,1.9923,1.9783,1.9813,2937259.1
2024-12-20 20:58:00+09:00,1.9812,1.9875,1.9746,1.9814,3561895.0
2024-12-20 20:59:00+09:00,1.9816,1.9838,1.9656,1.9680,4271022.4
2024-12-20 21:00:00+09:00,1.9678,1.9773,1.9633,1.9695,6082998.3
2024-12-20 21:01:00+09:00,1.9693,1.9696,1.9620,1.9669,5673693.5
2024-12-20 21:02:00+09:00,1.9669,1.9948,1.9639,1.9926,7133825.1
2024-12-20 21:03:00+09:00,1.9921,1.9983,1.9854,1.9861,5254114.8
2024-12-20 21:04:00+09:00,1.9862,1.9892,1.9750,1.9887,5573046.3
2024-12-20 21:05:00+09:00,1.9886,2.0018,1.9873,1.9959,4808679.7
2024-12-20 21:06:00+09:00,1.9959,1.9996,1.9884,1.9890,2661230.8
2024-12-20 21:07:00+09:00,1.9888,1.9943,1.9826,1.9852,2696768.1
2024-12-20 21:08:00+09:00,1.9854,1.9894,1.9794,1.9846,2953570.8
2024-12-20 21:09:00+09:00,1.9847,1.9902,1.9781,1.9810,2472169.5
2024-12-20 21:10:00+09:00,1.9810,1.9847,1.9767,1.9833,2778412.3
2024-12-20 21:11:00+09:00,1.9829,1.9974,1.9827,1.9960,3832303.7
2024-12-20 21:12:00+09:00,1.9961,2.0017,1.9914,1.9974,2861215.3
2024-12-20 21:13:00+09:00,1.9974,2.0073,1.9886,2.0065,3650066.0
2024-12-20 21:14:00+09:00,2.0064,2.0264,2.0055,2.0184,8911229.2
2024-12-20 21:15:00+09:00,2.0182,2.0347,2.0170,2.0240,9859582.8
2024-12-20 21:16:00+09:00,2.0241,2.0316,2.0130,2.0170,6002295.3
2024-12-20 21:17:00+09:00,2.0173,2.0246,2.0104,2.0175,4234614.4
2024-12-20 21:18:00+09:00,2.0178,2.0430,2.0173,2.0416,6064976.7
2024-12-20 21:19:00+09:00,2.0418,2.0576,2.0348,2.0530,11266467.2
2024-12-20 21:20:00+09:00,2.0530,2.0644,2.0497,2.0632,10321397.5
2024-12-20 21:21:00+09:00,2.0632,2.0798,2.0566,2.0778,10379713.3
2024-12-20 21:22:00+09:00,2.0776,2.0844,2.0663,2.0688,10922388.6
2024-12-20 21:23:00+09:00,2.0689,2.0869,2.0624,2.0817,9808311.5
2024-12-20 21:24:00+09:00,2.0816,2.0893,2.0729,2.0775,7731249.6
2024-12-20 21:25:00+09:00,2.0774,2.0848,2.0690,2.0780,6839787.4
2024-12-20 21:26:00+09:00,2.0779,2.0938,2.0763,2.0890,5712096.1
2024-12-20 21:27:00+09:00,2.0891,2.0997,2.0866,2.0991,7381769.3
2024-12-20 21:28:00+09:00,2.0990,2.1060,2.0923,2.1032,6825482.3
2024-12-20 21:29:00+09:00,2.1032,2.1172,2.1012,2.1112,9935916.8
2024-12-20 21:30:00+09:00,2.1113,2.1196,2.1013,2.1056,7498045.4
2024-12-20 21:31:00+09:00,2.1056,2.1100,2.0880,2.0947,8543614.8
2024-12-20 21:32:00+09:00,2.0947,2.1109,2.0945,2.1097,3870287.8
2024-12-20 21:33:00+09:00,2.1096,2.1196,2.1017,2.1026,7690969.5
2024-12-20 21:34:00+09:00,2.1024,2.1044,2.0951,2.0981,3013440.1
2024-12-20 21:35:00+09:00,2.0982,2.1138,2.0949,2.1105,4091971.0
2024-12-20 21:36:00+09:00,2.1107,2.1118,2.1027,2.1046,3119626.2
2024-12-20 21:37:00+09:00,2.1047,2.1159,2.0991,2.1140,3254678.6
2024-12-20 21:38:00+09:00,2.1141,2.1274,2.1113,2.1260,5396056.8
2024-12-20 21:39:00+09:00,2.1261,2.1373,2.1240,2.1331,8184545.7
2024-12-20 21:40:00+09:00,2.1331,2.1386,2.1234,2.1249,6473114.1
2024-12-20 21:41:00+09:00,2.1250,2.1306,2.1190,2.1300,3474334.7
2024-12-20 21:42:00+09:00,2.1300,2.1428,2.1290,2.1394,5166132.4
2024-12-20 21:43:00+09:00,2.1393,2.1453,2.1340,2.1368,5489494.2
2024-12-20 21:44:00+09:00,2.1367,2.1428,2.1274,2.1330,4205332.6
2024-12-20 21:45:00+09:00,2.1329,2.1589,2.1299,2.1470,6974928.2
2024-12-20 21:46:00+09:00,2.1469,2.1600,2.1458,2.1576,5689873.4
2024-12-20 21:47:00+09:00,2.1577,2.1622,2.1518,2.1615,5499256.3
2024-12-20 21:48:00+09:00,2.1618,2.1717,2.1588,2.1716,4975967.6
2024-12-20 21:49:00+09:00,2.1716,2.1844,2.1709,2.1752,9051497.4
2024-12-20 21:50:00+09:00,2.1752,2.1975,2.1727,2.1874,11083218.2
2024-12-20 21:51:00+09:00,2.1874,2.1879,2.1644,2.1666,11922096.6
2024-12-20 21:52:00+09:00,2.1667,2.1727,2.1500,2.1564,7754282.1
2024-12-20 21:53:00+09:00,2.1563,2.1592,2.1442,2.1490,6533325.9
2024-12-20 21:54:00+09:00,2.1490,2.1553,2.1451,2.1543,4324211.4
2024-12-20 21:55:00+09:00,2.1543,2.1559,2.1354,2.1461,6291106.6
2024-12-20 21:56:00+09:00,2.1461,2.1494,2.1397,2.1478,3056891.6
2024-12-20 21:57:00+09:00,2.1479,2.1537,2.1452,2.1517,3271072.9
2024-12-20 21:58:00+09:00,2.1517,2.1609,2.1488,2.1594,3519443.5
2024-12-20 21:59:00+09:00,2.1594,2.1610,2.1495,2.1536,3535305.2
2024-12-20 22:00:00+09:00,2.1535,2.1552,2.1360,2.1436,4332466.2
2024-12-20 22:01:00+09:00,2.1435,2.1445,2.1315,2.1377,5136185.3
2024-12-20 22:02:00+09:00,2.1377,2.1542,2.1346,2.1482,4689004.6
2024-12-20 22:03:00+09:00,2.1483,2.1634,2.1457,2.1620,4748391.9
2024-12-20 22:04:00+09:00,2.1620,2.1743,2.1601,2.1646,6489182.6
2024-12-20 22:05:00+09:00,2.1648,2.1719,2.1594,2.1622,3486438.0
2024-12-20 22:06:00+09:00,2.1624,2.1645,2.1531,2.1603,2449562.3
2024-12-20 22:07:00+09:00,2.1603,2.1632,2.1503,2.1512,1928019.0
2024-12-20 22:08:00+09:00,2.1513,2.1562,2.1453,2.1460,3190518.5
2024-12-20 22:09:00+09:00,2.1459,2.1522,2.1400,2.1520,2944707.9
2024-12-20 22:10:00+09:00,2.1520,2.1584,2.1482,2.1540,2128939.4
2024-12-20 22:11:00+09:00,2.1540,2.1589,2.1495,2.1578,1952699.1
2024-12-20 22:12:00+09:00,2.1578,2.1613,2.1459,2.1489,3018916.7
2024-12-20 22:13:00+09:00,2.1490,2.1563,2.1473,2.1562,1545259.7
2024-12-20 22:14:00+09:00,2.1563,2.1600,2.1500,2.1566,1853995.5
2024-12-20 22:15:00+09:00,2.1566,2.1574,2.1408,2.1414,2292910.3
2024-12-20 22:16:00+09:00,2.1415,2.1437,2.1313,2.1345,4446539.3
2024-12-20 22:17:00+09:00,2.1346,2.1390,2.1262,2.1280,6032873.1
2024-12-20 22:18:00+09:00,2.1281,2.1342,2.1219,2.1241,3136207.2
2024-12-20 22:19:00+09:00,2.1242,2.1258,2.1187,2.1257,4038413.8
2024-12-20 22:20:00+09:00,2.1256,2.1355,2.1220,2.1222,2981977.5
2024-12-20 22:21:00+09:00,2.1221,2.1221,2.1125,2.1151,7524372.3
2024-12-20 22:22:00+09:00,2.1151,2.1196,2.1089,2.1184,5193795.0
2024-12-20 22:23:00+09:00,2.1183,2.1200,2.1115,2.1165,3125521.6
2024-12-20 22:24:00+09:00,2.1165,2.1218,2.1147,2.1207,1690980.3
2024-12-20 22:25:00+09:00,2.1208,2.1327,2.1179,2.1306,4598397.5
2024-12-20 22:26:00+09:00,2.1307,2.1324,2.1258,2.1272,3129208.2
2024-12-20 22:27:00+09:00,2.1273,2.1379,2.1266,2.1365,2242450.5
2024-12-20 22:28:00+09:00,2.1364,2.1366,2.1193,2.1202,2439641.8
2024-12-20 22:29:00+09:00,2.1201,2.1224,2.1053,2.1146,3600165.8
2024-12-20 22:30:00+09:00,2.1146,2.1806,2.1132,2.1771,19968653.6
2024-12-20 22:31:00+09:00,2.1771,2.1958,2.1621,2.1684,14560954.9
2024-12-20 22:32:00+09:00,2.1684,2.1838,2.1579,2.1689,8103246.3
2024-12-20 22:33:00+09:00,2.1687,2.1825,2.1628,2.1769,5842897.8
2024-12-20 22:34:00+09:00,2.1768,2.1917,2.1747,2.1892,7252535.5
2024-12-20 22:35:00+09:00,2.1892,2.1952,2.1790,2.1809,9389624.8
2024-12-20 22:36:00+09:00,2.1808,2.1924,2.1784,2.1816,5881024.5
2024-12-20 22:37:00+09:00,2.1817,2.1821,2.1668,2.1674,6621606.5
2024-12-20 22:38:00+09:00,2.1675,2.1760,2.1611,2.1751,4817617.0
2024-12-20 22:39:00+09:00,2.1754,2.1830,2.1729,2.1822,4021373.9
2024-12-20 22:40:00+09:00,2.1821,2.1900,2.1793,2.1867,3539936.2
2024-12-20 22:41:00+09:00,2.1866,2.1885,2.1754,2.1775,3421392.3
2024-12-20 22:42:00+09:00,2.1777,2.1860,2.1752,2.1828,3870423.1
2024-12-20 22:43:00+09:00,2.1829,2.1879,2.1791,2.1830,2526695.2
2024-12-20 22:44:00+09:00,2.1829,2.1908,2.1819,2.1856,3822211.7
2024-12-20 22:45:00+09:00,2.1857,2.1920,2.1796,2.1862,3587813.6
2024-12-20 22:46:00+09:00,2.1862,2.1973,2.1830,2.1909,4673599.2
2024-12-20 22:47:00+09:00,2.1909,2.1944,2.1851,2.1936,3803543.3
2024-12-20 22:48:00+09:00,2.1936,2.2008,2.1909,2.1938,5090932.8
2024-12-20 22:49:00+09:00,2.1939,2.1967,2.1828,2.1856,3834202.3
2024-12-20 22:50:00+09:00,2.1857,2.1860,2.1687,2.1694,5342018.1
2024-12-20 22:51:00+09:00,2.1692,2.1866,2.1662,2.1828,3322598.2
2024-12-20 22:52:00+09:00,2.1827,2.1877,2.1810,2.1854,2334097.1
2024-12-20 22:53:00+09:00,2.1854,2.1854,2.1793,2.1799,2049659.1
2024-12-20 22:54:00+09:00,2.1799,2.1892,2.1794,2.1857,2084148.6
2024-12-20 22:55:00+09:00,2.1854,2.1870,2.1753,2.1804,1651532.9
2024-12-20 22:56:00+09:00,2.1805,2.1870,2.1776,2.1854,2027192.7
2024-12-20 22:57:00+09:00,2.1855,2.1865,2.1793,2.1796,1839577.4
2024-12-20 22:58:00+09:00,2.1796,2.1800,2.1682,2.1684,2691622.4
2024-12-20 22:59:00+09:00,2.1683,2.1789,2.1681,2.1781,1804619.9
2024-12-20 23:00:00+09:00,2.1782,2.1788,2.1702,2.1710,2100471.3
2024-12-20 23:01:00+09:00,2.1711,2.1780,2.1654,2.1779,3409654.7
2024-12-20 23:02:00+09:00,2.1779,2.1784,2.1674,2.1675,1463390.0
2024-12-20 23:03:00+09:00,2.1675,2.1693,2.1574,2.1643,3337411.3
2024-12-20 23:04:00+09:00,2.1643,2.1740,2.1626,2.1735,2358418.0
2024-12-20 23:05:00+09:00,2.1735,2.1824,2.1713,2.1803,2831619.3
2024-12-20 23:06:00+09:00,2.1803,2.1880,2.1776,2.1841,1901946.4
2024-12-20 23:07:00+09:00,2.1841,2.1899,2.1802,2.1814,1690642.2
2024-12-20 23:08:00+09:00,2.1812,2.1835,2.1787,2.1816,1234731.3
2024-12-20 23:09:00+09:00,2.1815,2.1835,2.1742,2.1751,1618748.4
2024-12-20 23:10:00+09:00,2.1751,2.1805,2.1714,2.1735,1396782.5
2024-12-20 23:11:00+09:00,2.1736,2.1762,2.1680,2.1740,1348667.5
2024-12-20 23:12:00+09:00,2.1739,2.1797,2.1715,2.1748,887774.8
2024-12-20 23:13:00+09:00,2.1749,2.1817,2.1725,2.1736,1035985.4
2024-12-20 23:14:00+09:00,2.1737,2.1773,2.1727,2.1773,1728644.9
2024-12-20 23:15:00+09:00,2.1773,2.1789,2.1688,2.1736,2549419.1
2024-12-20 23:16:00+09:00,2.1737,2.1758,2.1682,2.1696,1778476.8
2024-12-20 23:17:00+09:00,2.1695,2.1704,2.1645,2.1686,2105980.6
2024-12-20 23:18:00+09:00,2.1687,2.1709,2.1624,2.1652,1931240.0
2024-12-20 23:19:00+09:00,2.1652,2.1688,2.1615,2.1644,2232849.5
2024-12-20 23:20:00+09:00,2.1645,2.1760,2.1635,2.1718,1738289.4
2024-12-20 23:21:00+09:00,2.1716,2.1730,2.1660,2.1712,1428508.8
2024-12-20 23:22:00+09:00,2.1714,2.1828,2.1710,2.1717,3305890.8
2024-12-20 23:23:00+09:00,2.1716,2.1733,2.1633,2.1667,2454006.1
2024-12-20 23:24:00+09:00,2.1666,2.1671,2.1601,2.1629,2286823.7
2024-12-20 23:25:00+09:00,2.1628,2.1652,2.1578,2.1648,2012380.1
2024-12-20 23:26:00+09:00,2.1650,2.1696,2.1624,2.1676,1485893.5
2024-12-20 23:27:00+09:00,2.1677,2.1720,2.1632,2.1694,1336245.2
2024-12-20 23:28:00+09:00,2.1693,2.1778,2.1688,2.1752,1652688.4
2024-12-20 23:29:00+09:00,2.1751,2.1769,2.1638,2.1643,2270487.8
2024-12-20 23:30:00+09:00,2.1644,2.1665,2.1505,2.1640,4994512.5
2024-12-20 23:31:00+09:00,2.1641,2.1742,2.1585,2.1707,3510917.6
2024-12-20 23:32:00+09:00,2.1707,2.1744,2.1667,2.1695,1471107.7
2024-12-20 23:33:00+09:00,2.1694,2.1707,2.1624,2.1677,1640954.6
2024-12-20 23:34:00+09:00,2.1678,2.1743,2.1663,2.1742,2605587.4
2024-12-20 23:35:00+09:00,2.1743,2.1820,2.1726,2.1767,3561754.2
2024-12-20 23:36:00+09:00,2.1767,2.1800,2.1684,2.1769,2009815.7
2024-12-20 23:37:00+09:00,2.1768,2.1816,2.1747,2.1811,1932207.5
2024-12-20 23:38:00+09:00,2.1812,2.1852,2.1781,2.1788,2356326.0
2024-12-20 23:39:00+09:00,2.1789,2.1847,2.1767,2.1829,1564264.6
2024-12-20 23:40:00+09:00,2.1830,2.1946,2.1809,2.1914,7232759.9
2024-12-20 23:41:00+09:00,2.1914,2.1924,2.1729,2.1771,3227985.6
2024-12-20 23:42:00+09:00,2.1771,2.1790,2.1705,2.1729,1980414.6
2024-12-20 23:43:00+09:00,2.1729,2.1733,2.1654,2.1685,2394505.6
2024-12-20 23:44:00+09:00,2.1684,2.1770,2.1683,2.1757,1298210.8
2024-12-20 23:45:00+09:00,2.1755,2.1758,2.1675,2.1708,1656334.0
2024-12-20 23:46:00+09:00,2.1708,2.1737,2.1654,2.1673,2046165.2
2024-12-20 23:47:00+09:00,2.1672,2.1690,2.1616,2.1645,2460501.9
2024-12-20 23:48:00+09:00,2.1646,2.1653,2.1547,2.1585,3628385.4
2024-12-20 23:49:00+09:00,2.1586,2.1604,2.1473,2.1484,5013367.8
2024-12-20 23:50:00+09:00,2.1484,2.1497,2.1358,2.1378,6603480.1
2024-12-20 23:51:00+09:00,2.1377,2.1476,2.1363,2.1448,4432208.9
2024-12-20 23:52:00+09:00,2.1449,2.1488,2.1429,2.1471,2320855.2
2024-12-20 23:53:00+09:00,2.1470,2.1545,2.1460,2.1543,1835719.7
2024-12-20 23:54:00+09:00,2.1544,2.1569,2.1457,2.1505,2223464.8
2024-12-20 23:55:00+09:00,2.1506,2.1612,2.1504,2.1606,2977348.8
2024-12-20 23:56:00+09:00,2.1605,2.1634,2.1575,2.1620,1521074.7
2024-12-20 23:57:00+09:00,2.1620,2.1636,2.1576,2.1586,1310987.9
2024-12-20 23:58:00+09:00,2.1587,2.1632,2.1547,2.1598,1812881.8
2024-12-20 23:59:00+09:00,2.1597,2.1598,2.1513,2.1533,1036722.9
2024-12-21 00:00:00+09:00,2.1533,2.1602,2.1519,2.1584,1905414.9
2024-12-21 00:01:00+09:00,2.1585,2.1684,2.1585,2.1670,2893027.7
2024-12-21 00:02:00+09:00,2.1670,2.1682,2.1626,2.1674,1955883.9
2024-12-21 00:03:00+09:00,2.1674,2.1745,2.1640,2.1646,1969792.5
2024-12-21 00:04:00+09:00,2.1646,2.1683,2.1631,2.1676,1270288.8
2024-12-21 00:05:00+09:00,2.1676,2.1790,2.1662,2.1788,1568455.6
2024-12-21 00:06:00+09:00,2.1787,2.1849,2.1754,2.1849,5237754.8
2024-12-21 00:07:00+09:00,2.1849,2.1858,2.1757,2.1792,1336670.6
2024-12-21 00:08:00+09:00,2.1791,2.1828,2.1744,2.1773,1760334.8
2024-12-21 00:09:00+09:00,2.1773,2.1836,2.1715,2.1716,1586380.1
2024-12-21 00:10:00+09:00,2.1717,2.1747,2.1675,2.1734,3265235.8
2024-12-21 00:11:00+09:00,2.1733,2.1794,2.1726,2.1757,1496901.7
2024-12-21 00:12:00+09:00,2.1758,2.1773,2.1719,2.1738,797807.1
2024-12-21 00:13:00+09:00,2.1738,2.1853,2.1714,2.1852,3238224.2
2024-12-21 00:14:00+09:00,2.1853,2.1919,2.1839,2.1905,4320982.4
2024-12-21 00:15:00+09:00,2.1905,2.2049,2.1857,2.2024,5793387.9
2024-12-21 00:16:00+09:00,2.2024,2.2086,2.2013,2.2073,3280677.0
2024-12-21 00:17:00+09:00,2.2073,2.2200,2.2051,2.2179,4282954.4
2024-12-21 00:18:00+09:00,2.2178,2.2249,2.2135,2.2175,6334771.5
2024-12-21 00:19:00+09:00,2.2175,2.2223,2.2121,2.2136,3143090.3
2024-12-21 00:20:00+09:00,2.2136,2.2171,2.2085,2.2155,3317594.0
2024-12-21 00:21:00+09:00,2.2156,2.2268,2.2139,2.2184,4614848.2
2024-12-21 00:22:00+09:00,2.2184,2.2204,2.2083,2.2130,3075305.2
2024-12-21 00:23:00+09:00,2.2131,2.2220,2.2104,2.2198,2020393.6
2024-12-21 00:24:00+09:00,2.2200,2.2215,2.2156,2.2189,1574184.2
2024-12-21 00:25:00+09:00,2.2188,2.2278,2.2178,2.2270,2868581.3
2024-12-21 00:26:00+09:00,2.2269,2.2300,2.2212,2.2237,3128748.0
2024-12-21 00:27:00+09:00,2.2238,2.2368,2.2234,2.2344,4809799.0
2024-12-21 00:28:00+09:00,2.2344,2.2407,2.2325,2.2401,2861938.5
2024-12-21 00:29:00+09:00,2.2401,2.2406,2.2315,2.2396,2522901.6
2024-12-21 00:30:00+09:00,2.2396,2.2397,2.2315,2.2384,2750796.5
2024-12-21 00:31:00+09:00,2.2385,2.2416,2.2352,2.2388,2759642.5
2024-12-21 00:32:00+09:00,2.2389,2.2434,2.2372,2.2428,2217651.3
2024-12-21 00:33:00+09:00,2.2429,2.2450,2.2272,2.2330,4786530.8
2024-12-21 00:34:00+09:00,2.2331,2.2338,2.2225,2.2255,3118620.4
2024-12-21 00:35:00+09:00,2.2255,2.2331,2.2252,2.2255,2869932.9
2024-12-21 00:36:00+09:00,2.2255,2.2404,2.2255,2.2376,2441180.2
2024-12-21 00:37:00+09:00,2.2376,2.2431,2.2365,2.2391,2997501.7
2024-12-21 00:38:00+09:00,2.2391,2.2402,2.2326,2.2355,1753645.9
2024-12-21 00:39:00+09:00,2.2353,2.2386,2.2335,2.2373,1565040.2
2024-12-21 00:40:00+09:00,2.2372,2.2461,2.2355,2.2458,2147278.1
2024-12-21 00:41:00+09:00,2.2457,2.2464,2.2357,2.2366,2007292.2
2024-12-21 00:42:00+09:00,2.2367,2.2375,2.2267,2.2289,2907706.3
2024-12-21 00:43:00+09:00,2.2288,2.2347,2.2282,2.2346,1375519.5
2024-12-21 00:44:00+09:00,2.2346,2.2397,2.2330,2.2358,1168723.4
2024-12-21 00:45:00+09:00,2.2358,2.2362,2.2267,2.2279,1768697.5
2024-12-21 00:46:00+09:00,2.2278,2.2360,2.2267,2.2337,1275428.0
2024-12-21 00:47:00+09:00,2.2337,2.2436,2.2337,2.2398,2415522.7
2024-12-21 00:48:00+09:00,2.2397,2.2402,2.2336,2.2337,1517928.1
2024-12-21 00:49:00+09:00,2.2336,2.2363,2.2286,2.2294,1769144.7
2024-12-21 00:50:00+09:00,2.2294,2.2311,2.2250,2.2285,1480406.5
2024-12-21 00:51:00+09:00,2.2285,2.2330,2.2251,2.2327,2504564.8
2024-12-21 00:52:00+09:00,2.2327,2.2347,2.2302,2.2329,998382.3
2024-12-21 00:53:00+09:00,2.2328,2.2329,2.2250,2.2250,1173286.1
2024-12-21 00:54:00+09:00,2.2250,2.2256,2.2166,2.2172,3086655.0
2024-12-21 00:55:00+09:00,2.2172,2.2235,2.2161,2.2196,1741345.8
2024-12-21 00:56:00+09:00,2.2195,2.2222,2.2183,2.2197,945894.7
2024-12-21 00:57:00+09:00,2.2196,2.2217,2.2115,2.2133,2048815.8
2024-12-21 00:58:00+09:00,2.2132,2.2164,2.2083,2.2090,1930865.9
2024-12-21 00:59:00+09:00,2.2089,2.2150,2.2068,2.2133,2917074.7
2024-12-21 01:00:00+09:00,2.2133,2.2141,2.2044,2.2088,4444471.9
2024-12-21 01:01:00+09:00,2.2088,2.2088,2.2000,2.2031,4158462.5
2024-12-21 01:02:00+09:00,2.2031,2.2178,2.2025,2.2168,3246561.4
2024-12-21 01:03:00+09:00,2.2170,2.2200,2.2141,2.2196,2110631.0
2024-12-21 01:04:00+09:00,2.2196,2.2232,2.2169,2.2232,1938348.3
2024-12-21 01:05:00+09:00,2.2231,2.2300,2.2174,2.2288,2506073.5
2024-12-21 01:06:00+09:00,2.2288,2.2300,2.2232,2.2276,1285090.6
2024-12-21 01:07:00+09:00,2.2275,2.2282,2.2189,2.2246,1877862.6
2024-12-21 01:08:00+09:00,2.2246,2.2278,2.2234,2.2268,1661067.0
2024-12-21 01:09:00+09:00,2.2268,2.2273,2.2180,2.2191,1503382.2
2024-12-21 01:10:00+09:00,2.2192,2.2203,2.2132,2.2160,1871127.0
2024-12-21 01:11:00+09:00,2.2160,2.2210,2.2141,2.2193,1396503.8
2024-12-21 01:12:00+09:00,2.2194,2.2309,2.2191,2.2296,1951622.7
2024-12-21 01:13:00+09:00,2.2297,2.2340,2.2284,2.2338,1161741.6
2024-12-21 01:14:00+09:00,2.2338,2.2372,2.2287,2.2308,1812214.4
2024-12-21 01:15:00+09:00,2.2309,2.2342,2.2263,2.2306,1094178.4
2024-12-21 01:16:00+09:00,2.2306,2.2391,2.2300,2.2358,1486383.3
2024-12-21 01:17:00+09:00,2.2357,2.2414,2.2340,2.2406,1902096.4
2024-12-21 01:18:00+09:00,2.2407,2.2420,2.2340,2.2367,1223573.9
2024-12-21 01:19:00+09:00,2.2367,2.2372,2.2249,2.2301,1873731.0
2024-12-21 01:20:00+09:00,2.2301,2.2308,2.2215,2.2255,1492433.1
2024-12-21 01:21:00+09:00,2.2255,2.2314,2.2226,2.2303,1018419.2
2024-12-21 01:22:00+09:00,2.2303,2.2360,2.2285,2.2359,2666968.4
2024-12-21 01:23:00+09:00,2.2360,2.2407,2.2336,2.2385,2304258.9
2024-12-21 01:24:00+09:00,2.2385,2.2420,2.2362,2.2410,1701507.6
2024-12-21 01:25:00+09:00,2.2411,2.2411,2.2308,2.2384,1889223.5
2024-12-21 01:26:00+09:00,2.2384,2.2390,2.2307,2.2325,1579107.0
2024-12-21 01:27:00+09:00,2.2324,2.2332,2.2233,2.2242,2099121.0
2024-12-21 01:28:00+09:00,2.2243,2.2258,2.2178,2.2208,1901355.7
2024-12-21 01:29:00+09:00,2.2207,2.2209,2.2155,2.2203,1873262.0
2024-12-21 01:30:00+09:00,2.2203,2.2208,2.2128,2.2165,3370273.1
2024-12-21 01:31:00+09:00,2.2167,2.2230,2.2148,2.2165,1448596.1
2024-12-21 01:31:00+09:00,2.2167,2.2230,2.2148,2.2165,1448596.1
2024-12-21 01:32:00+09:00,2.2164,2.2164,2.2110,2.2123,2157400.2
2024-12-21 01:33:00+09:00,2.2122,2.2205,2.2121,2.2174,2279987.4
2024-12-21 01:34:00+09:00,2.2174,2.2245,2.2169,2.2213,899375.7
2024-12-21 01:35:00+09:00,2.2213,2.2300,2.2197,2.2286,2015202.2
2024-12-21 01:36:00+09:00,2.2287,2.2406,2.2284,2.2403,1880725.2
2024-12-21 01:37:00+09:00,2.2403,2.2505,2.2302,2.2362,5596620.9
2024-12-21 01:38:00+09:00,2.2363,2.2446,2.2363,2.2421,2578978.4
2024-12-21 01:39:00+09:00,2.2420,2.2477,2.2414,2.2474,3242588.2
2024-12-21 01:40:00+09:00,2.2475,2.2494,2.2442,2.2493,2878531.5
2024-12-21 01:41:00+09:00,2.2493,2.2500,2.2433,2.2487,1719969.3
2024-12-21 01:42:00+09:00,2.2486,2.2528,2.2477,2.2527,2629688.9
2024-12-21 01:43:00+09:00,2.2528,2.2538,2.2440,2.2479,2350439.3
2024-12-21 01:44:00+09:00,2.2478,2.2478,2.2404,2.2440,1517089.6
2024-12-21 01:45:00+09:00,2.2439,2.2445,2.2318,2.2322,1905073.8
2024-12-21 01:46:00+09:00,2.2322,2.2325,2.2239,2.2260,2928523.1
2024-12-21 01:47:00+09:00,2.2259,2.2312,2.2229,2.2288,1973389.2
2024-12-21 01:48:00+09:00,2.2288,2.2303,2.2219,2.2230,2335059.2
2024-12-21 01:49:00+09:00,2.2230,2.2251,2.2186,2.2192,2077316.8
2024-12-21 01:50:00+09:00,2.2192,2.2212,2.2159,2.2171,1943405.2
2024-12-21 01:51:00+09:00,2.2171,2.2290,2.2159,2.2279,2127986.6
2024-12-21 01:52:00+09:00,2.2278,2.2295,2.2188,2.2189,1527915.9
2024-12-21 01:53:00+09:00,2.2188,2.2207,2.2128,2.2144,3346037.6
2024-12-21 01:54:00+09:00,2.2144,2.2151,2.2070,2.2141,4598558.6
2024-12-21 01:55:00+09:00,2.2141,2.2146,2.2081,2.2089,2087379.0
2024-12-21 01:56:00+09:00,2.2089,2.2207,2.2087,2.2168,2253082.5
2024-12-21 01:57:00+09:00,2.2168,2.2274,2.2164,2.2242,2335043.6
2024-12-21 01:58:00+09:00,2.2244,2.2261,2.2186,2.2238,1850889.1
2024-12-21 01:59:00+09:00,2.2238,2.2246,2.2203,2.2217,933677.0
2024-12-21 02:00:00+09:00,2.2216,2.2228,2.2118,2.2159,1805367.2
2024-12-21 02:01:00+09:00,2.2157,2.2235,2.2152,2.2212,1347294.6
2024-12-21 02:02:00+09:00,2.2213,2.2219,2.2166,2.2177,956367.4
2024-12-21 02:03:00+09:00,2.2176,2.2209,2.2174,2.2196,1063392.7
2024-12-21 02:04:00+09:00,2.2196,2.2272,2.2192,2.2260,1494623.4
2024-12-21 02:05:00+09:00,2.2261,2.2312,2.2261,2.2274,1649369.7
2024-12-21 02:06:00+09:00,2.2275,2.2329,2.2271,2.2282,921007.0
2024-12-21 02:07:00+09:00,2.2283,2.2365,2.2282,2.2345,1089565.2
2024-12-21 02:08:00+09:00,2.2346,2.2381,2.2310,2.2324,1210527.7
2024-12-21 02:09:00+09:00,2.2324,2.2377,2.2324,2.2357,924534.3
2024-12-21 02:10:00+09:00,2.2357,2.2389,2.2351,2.2356,1015214.6
2024-12-21 02:11:00+09:00,2.2357,2.2373,2.2315,2.2329,891490.9
2024-12-21 02:12:00+09:00,2.2328,2.2331,2.2258,2.2259,1288022.4
2024-12-21 02:13:00+09:00,2.2259,2.2365,2.2233,2.2362,1509198.3
2024-12-21 02:14:00+09:00,2.2362,2.2422,2.2354,2.2400,1847098.7
2024-12-21 02:15:00+09:00,2.2400,2.2400,2.2308,2.2337,1869223.3
2024-12-21 02:16:00+09:00,2.2337,2.2364,2.2277,2.2357,810642.2
2024-12-21 02:17:00+09:00,2.2357,2.2359,2.2310,2.2324,761531.6
2024-12-21 02:18:00+09:00,2.2325,2.2354,2.2289,2.2302,758159.9
2024-12-21 02:19:00+09:00,2.2302,2.2313,2.2242,2.2281,939038.4
2024-12-21 02:20:00+09:00,2.2281,2.2361,2.2259,2.2361,1896061.7
2024-12-21 02:21:00+09:00,2.2361,2.2379,2.2308,2.2329,1032247.7
2024-12-21 02:22:00+09:00,2.2329,2.2329,2.2264,2.2310,1021532.6
2024-12-21 02:23:00+09:00,2.2311,2.2342,2.2277,2.2324,1691361.8
2024-12-21 02:24:00+09:00,2.2324,2.2391,2.2313,2.2368,1020886.3
2024-12-21 02:25:00+09:00,2.2367,2.2435,2.2363,2.2418,1644846.1
2024-12-21 02:26:00+09:00,2.2418,2.2509,2.2415,2.2508,1998780.2
2024-12-21 02:27:00+09:00,2.2508,2.2518,2.2413,2.2433,2149782.3
2024-12-21 02:28:00+09:00,2.2434,2.2490,2.2434,2.2479,1310736.0
2024-12-21 02:29:00+09:00,2.2481,2.2543,2.2472,2.2539,1415368.6
2024-12-21 02:30:00+09:00,2.2539,2.2540,2.2464,2.2477,1633430.2
2024-12-21 02:31:00+09:00,2.2477,2.2477,2.2352,2.2387,3175386.3
2024-12-21 02:32:00+09:00,2.2387,2.2413,2.2359,2.2400,1245989.5
2024-12-21 02:33:00+09:00,2.2400,2.2401,2.2318,2.2349,1435633.4
2024-12-21 02:34:00+09:00,2.2349,2.2366,2.2291,2.2347,1203808.8
2024-12-21 02:35:00+09:00,2.2348,2.2402,2.2338,2.2377,1149189.4
2024-12-21 02:36:00+09:00,2.2376,2.2432,2.2368,2.2423,954579.4
2024-12-21 02:37:00+09:00,2.2423,2.2493,2.2423,2.2455,1875794.8
2024-12-21 02:38:00+09:00,2.2455,2.2501,2.2455,2.2482,951903.6
2024-12-21 02:39:00+09:00,2.2482,2.2521,2.2476,2.2499,1218487.3
2024-12-21 02:40:00+09:00,2.2500,2.2500,2.2421,2.2493,1127034.8
2024-12-21 02:41:00+09:00,2.2493,2.2543,2.2464,2.2537,1260682.2
2024-12-21 02:42:00+09:00,2.2537,2.2540,2.2473,2.2484,1065146.3
2024-12-21 02:43:00+09:00,2.2484,2.2495,2.2415,2.2480,1311091.3
2024-12-21 02:44:00+09:00,2.2479,2.2495,2.2445,2.2479,917685.4
2024-12-21 02:45:00+09:00,2.2480,2.2533,2.2472,2.2510,2106749.6
2024-12-21 02:46:00+09:00,2.2509,2.2509,2.2412,2.2451,1099320.4
2024-12-21 02:47:00+09:00,2.2450,2.2456,2.2379,2.2398,1789929.9
2024-12-21 02:48:00+09:00,2.2398,2.2426,2.2362,2.2391,2096157.7
2024-12-21 02:49:00+09:00,2.2391,2.2404,2.2343,2.2372,1069987.0
2024-12-21 02:50:00+09:00,2.2371,2.2443,2.2363,2.2369,1182857.7
2024-12-21 02:51:00+09:00,2.2371,2.2386,2.2315,2.2342,1944583.0
2024-12-21 02:52:00+09:00,2.2342,2.2409,2.2334,2.2403,1195174.0
2024-12-21 02:53:00+09:00,2.2403,2.2449,2.2397,2.2433,1022836.9
2024-12-21 02:54:00+09:00,2.2434,2.2457,2.2413,2.2447,577756.1
2024-12-21 02:55:00+09:00,2.2448,2.2533,2.2447,2.2530,1691751.0
2024-12-21 02:56:00+09:00,2.2530,2.2569,2.2523,2.2546,2615881.6
2024-12-21 02:57:00+09:00,2.2545,2.2639,2.2537,2.2614,2903291.8
2024-12-21 02:58:00+09:00,2.2615,2.2616,2.2561,2.2609,2533529.9
2024-12-21 02:59:00+09:00,2.2609,2.2627,2.2567,2.2596,1160298.9
2024-12-21 03:00:00+09:00,2.2595,2.2599,2.2524,2.2545,2014819.4
2024-12-21 03:01:00+09:00,2.2544,2.2590,2.2529,2.2541,1413327.2
2024-12-21 03:02:00+09:00,2.2542,2.2562,2.2494,2.2559,1146123.7
2024-12-21 03:03:00+09:00,2.2560,2.2649,2.2549,2.2576,1849986.6
2024-12-21 03:04:00+09:00,2.2575,2.2582,2.2521,2.2553,1451411.3
2024-12-21 03:05:00+09:00,2.2553,2.2553,2.2450,2.2453,2490984.1
2024-12-21 03:06:00+09:00,2.2453,2.2463,2.2415,2.2421,1666938.0
2024-12-21 03:07:00+09:00,2.2420,2.2420,2.2360,2.2388,2553180.3
2024-12-21 03:08:00+09:00,2.2388,2.2469,2.2387,2.2446,1817388.2
2024-12-21 03:09:00+09:00,2.2447,2.2451,2.2384,2.2400,777293.3
2024-12-21 03:10:00+09:00,2.2401,2.2408,2.2370,2.2370,1267094.9
2024-12-21 03:11:00+09:00,2.2370,2.2428,2.2362,2.2422,817514.6
2024-12-21 03:12:00+09:00,2.2423,2.2472,2.2411,2.2429,1080376.3
2024-12-21 03:13:00+09:00,2.2430,2.2450,2.2378,2.2392,672072.3
2024-12-21 03:14:00+09:00,2.2393,2.2406,2.2380,2.2389,583298.6
2024-12-21 03:15:00+09:00,2.2388,2.2419,2.2352,2.2366,1559216.0
2024-12-21 03:16:00+09:00,2.2365,2.2429,2.2353,2.2385,1454562.9
2024-12-21 03:17:00+09:00,2.2386,2.2434,2.2386,2.2420,819956.3
2024-12-21 03:18:00+09:00,2.2420,2.2497,2.2420,2.2487,1286675.4
2024-12-21 03:19:00+09:00,2.2487,2.2520,2.2486,2.2503,1081055.3
2024-12-21 03:20:00+09:00,2.2502,2.2514,2.2457,2.2460,875818.8
2024-12-21 03:21:00+09:00,2.2460,2.2470,2.2407,2.2445,840587.7
2024-12-21 03:22:00+09:00,2.2445,2.2463,2.2383,2.2389,776978.2
2024-12-21 03:23:00+09:00,2.2390,2.2432,2.2372,2.2415,755287.6
2024-12-21 03:24:00+09:00,2.2415,2.2467,2.2407,2.2455,752649.5
2024-12-21 03:25:00+09:00,2.2456,2.2497,2.2452,2.2463,601206.4
2024-12-21 03:26:00+09:00,2.2463,2.2493,2.2429,2.2442,607650.1
2024-12-21 03:27:00+09:00,2.2443,2.2461,2.2430,2.2448,462502.4
2024-12-21 03:28:00+09:00,2.2449,2.2490,2.2430,2.2474,1759812.8
2024-12-21 03:29:00+09:00,2.2473,2.2473,2.2440,2.2446,375116.3
2024-12-21 03:30:00+09:00,2.2446,2.2461,2.2380,2.2431,1270239.1
2024-12-21 03:31:00+09:00,2.2431,2.2456,2.2380,2.2397,1634022.6
2024-12-21 03:32:00+09:00,2.2397,2.2399,2.2327,2.2367,2151637.0
2024-12-21 03:33:00+09:00,2.2367,2.2384,2.2319,2.2322,1748209.4
2024-12-21 03:34:00+09:00,2.2322,2.2352,2.2273,2.2290,2331109.4
2024-12-21 03:35:00+09:00,2.2291,2.2361,2.2275,2.2340,1240929.7
2024-12-21 03:36:00+09:00,2.2340,2.2364,2.2314,2.2360,919248.3
2024-12-21 03:37:00+09:00,2.2359,2.2375,2.2331,2.2348,747716.4
2024-12-21 03:38:00+09:00,2.2348,2.2352,2.2323,2.2339,551179.9
2024-12-21 03:39:00+09:00,2.2338,2.2397,2.2337,2.2363,953894.4
2024-12-21 03:40:00+09:00,2.2363,2.2391,2.2358,2.2387,777046.0
2024-12-21 03:41:00+09:00,2.2386,2.2387,2.2311,2.2336,693578.7
2024-12-21 03:42:00+09:00,2.2335,2.2335,2.2303,2.2308,675767.0
2024-12-21 03:43:00+09:00,2.2309,2.2358,2.2306,2.2347,1332183.6
2024-12-21 03:44:00+09:00,2.2348,2.2372,2.2337,2.2342,487346.2
2024-12-21 03:45:00+09:00,2.2341,2.2344,2.2266,2.2328,1038420.7
2024-12-21 03:46:00+09:00,2.2327,2.2370,2.2305,2.2370,512357.5
2024-12-21 03:47:00+09:00,2.2369,2.2410,2.2364,2.2410,947196.0
2024-12-21 03:48:00+09:00,2.2410,2.2448,2.2390,2.2434,754787.7
2024-12-21 03:49:00+09:00,2.2434,2.2439,2.2369,2.2401,1263569.5
2024-12-21 03:50:00+09:00,2.2401,2.2407,2.2319,2.2326,1301396.4
2024-12-21 03:51:00+09:00,2.2326,2.2329,2.2281,2.2289,843483.6
2024-12-21 03:52:00+09:00,2.2288,2.2332,2.2267,2.2309,704694.2
2024-12-21 03:53:00+09:00,2.2309,2.2354,2.2309,2.2345,453694.8
2024-12-21 03:54:00+09:00,2.2346,2.2358,2.2333,2.2347,465466.0
2024-12-21 03:55:00+09:00,2.2347,2.2382,2.2344,2.2371,543904.5
2024-12-21 03:56:00+09:00,2.2372,2.2428,2.2368,2.2428,883023.8
2024-12-21 03:57:00+09:00,2.2428,2.2437,2.2396,2.2403,641445.3
2024-12-21 03:58:00+09:00,2.2403,2.2404,2.2340,2.2352,1650801.2
2024-12-21 03:59:00+09:00,2.2352,2.2364,2.2300,2.2301,991670.4
2024-12-21 04:00:00+09:00,2.2300,2.2354,2.2280,2.2354,874388.4
2024-12-21 04:01:00+09:00,2.2355,2.2397,2.2345,2.2386,598310.3
2024-12-21 04:02:00+09:00,2.2386,2.2398,2.2354,2.2374,559318.1
2024-12-21 04:03:00+09:00,2.2373,2.2432,2.2366,2.2432,727157.1
2024-12-21 04:04:00+09:00,2.2431,2.2452,2.2403,2.2425,2069663.5
2024-12-21 04:05:00+09:00,2.2426,2.2428,2.2370,2.2371,1020116.7
2024-12-21 04:06:00+09:00,2.2371,2.2428,2.2368,2.2419,506225.1
2024-12-21 04:07:00+09:00,2.2419,2.2434,2.2391,2.2417,517761.7
2024-12-21 04:08:00+09:00,2.2418,2.2418,2.2362,2.2383,566052.0
2024-12-21 04:09:00+09:00,2.2383,2.2454,2.2383,2.2451,863497.0
2024-12-21 04:10:00+09:00,2.2451,2.2460,2.2423,2.2445,797573.6
2024-12-21 04:11:00+09:00,2.2444,2.2462,2.2390,2.2421,623289.7
2024-12-21 04:12:00+09:00,2.2421,2.2426,2.2367,2.2426,964923.4
2024-12-21 04:13:00+09:00,2.2426,2.2461,2.2423,2.2454,594654.0
2024-12-21 04:14:00+09:00,2.2454,2.2470,2.2438,2.2457,672573.7
2024-12-21 04:15:00+09:00,2.2458,2.2468,2.2445,2.2457,417243.9
2024-12-21 04:16:00+09:00,2.2457,2.2525,2.2450,2.2525,1083264.4
2024-12-21 04:17:00+09:00,2.2525,2.2626,2.2525,2.2624,2456709.0
2024-12-21 04:18:00+09:00,2.2624,2.2696,2.2602,2.2695,2103044.9
2024-12-21 04:19:00+09:00,2.2695,2.2826,2.2674,2.2816,6104292.3
2024-12-21 04:20:00+09:00,2.2815,2.2847,2.2768,2.2825,2864485.8
2024-12-21 04:21:00+09:00,2.2825,2.2852,2.2725,2.2770,3063178.0
2024-12-21 04:22:00+09:00,2.2770,2.2828,2.2728,2.2828,1700517.3
2024-12-21 04:23:00+09:00,2.2828,2.2928,2.2822,2.2920,2695713.9
2024-12-21 04:24:00+09:00,2.2919,2.2925,2.2844,2.2883,1521668.7
2024-12-21 04:25:00+09:00,2.2882,2.2883,2.2804,2.2851,1128626.6
2024-12-21 04:26:00+09:00,2.2851,2.2907,2.2851,2.2897,1584115.7
2024-12-21 04:27:00+09:00,2.2898,2.2904,2.2838,2.2850,1370890.9
2024-12-21 04:28:00+09:00,2.2849,2.2850,2.2784,2.2808,1597419.1
2024-12-21 04:29:00+09:00,2.2809,2.2843,2.2801,2.2822,1364024.3
2024-12-21 04:30:00+09:00,2.2823,2.2860,2.2789,2.2852,1129128.5
2024-12-21 04:31:00+09:00,2.2852,2.2886,2.2821,2.2825,2890876.0
2024-12-21 04:32:00+09:00,2.2824,2.2896,2.2824,2.2861,1125230.7
2024-12-21 04:33:00+09:00,2.2862,2.2876,2.2834,2.2868,1235640.8
2024-12-21 04:34:00+09:00,2.2868,2.2944,2.2868,2.2931,2132044.3
2024-12-21 04:35:00+09:00,2.2932,2.2990,2.2924,2.2983,2187555.6
2024-12-21 04:36:00+09:00,2.2983,2.3085,2.2981,2.3078,5185520.0
2024-12-21 04:37:00+09:00,2.3078,2.3080,2.3014,2.3063,2691970.5
2024-12-21 04:38:00+09:00,2.3063,2.3105,2.3054,2.3094,3626907.3
2024-12-21 04:39:00+09:00,2.3095,2.3101,2.3023,2.3044,2564613.8
2024-12-21 04:40:00+09:00,2.3043,2.3050,2.2912,2.2940,2872395.3
2024-12-21 04:41:00+09:00,2.2940,2.2940,2.2888,2.2911,2289951.5
2024-12-21 04:42:00+09:00,2.2911,2.2950,2.2896,2.2943,1090633.4
2024-12-21 04:43:00+09:00,2.2943,2.2974,2.2931,2.2947,899992.2
2024-12-21 04:44:00+09:00,2.2948,2.2976,2.2933,2.2950,1154586.2
2024-12-21 04:45:00+09:00,2.2950,2.2969,2.2917,2.2958,877897.4
2024-12-21 04:46:00+09:00,2.2957,2.3029,2.2957,2.3028,1202520.9
2024-12-21 04:47:00+09:00,2.3028,2.3052,2.2958,2.2967,1748462.1
2024-12-21 04:48:00+09:00,2.2968,2.3029,2.2968,2.2980,921095.1
2024-12-21 04:49:00+09:00,2.2980,2.2995,2.2929,2.2944,861939.7
2024-12-21 04:50:00+09:00,2.2945,2.2951,2.2857,2.2876,1822022.4
2024-12-21 04:51:00+09:00,2.2876,2.2905,2.2844,2.2893,1287156.1
2024-12-21 04:52:00+09:00,2.2892,2.2934,2.2881,2.2892,898595.5
2024-12-21 04:53:00+09:00,2.2892,2.2893,2.2805,2.2809,1321294.9
2024-12-21 04:54:00+09:00,2.2808,2.2885,2.2808,2.2855,893964.0
2024-12-21 04:55:00+09:00,2.2855,2.2908,2.2855,2.2901,1110414.3
2024-12-21 04:56:00+09:00,2.2902,2.2910,2.2871,2.2873,679237.8
2024-12-21 04:57:00+09:00,2.2872,2.2873,2.2820,2.2835,684043.9
2024-12-21 04:58:00+09:00,2.2835,2.2853,2.2800,2.2800,1810702.4
2024-12-21 04:59:00+09:00,2.2800,2.2801,2.2752,2.2777,2025154.0
2024-12-21 05:00:00+09:00,2.2777,2.2783,2.2696,2.2724,2449095.1
2024-12-21 05:01:00+09:00,2.2725,2.2773,2.2708,2.2712,1934275.2
2024-12-21 05:02:00+09:00,2.2712,2.2712,2.2635,2.2642,2083246.7
2024-12-21 05:03:00+09:00,2.2640,2.2717,2.2639,2.2686,1599478.2
2024-12-21 05:04:00+09:00,2.2687,2.2724,2.2674,2.2674,901078.1
2024-12-21 05:05:00+09:00,2.2674,2.2725,2.2661,2.2676,997951.7
2024-12-21 05:06:00+09:00,2.2676,2.2728,2.2674,2.2725,860316.6
2024-12-21 05:07:00+09:00,2.2724,2.2735,2.2701,2.2723,705953.2
2024-12-21 05:08:00+09:00,2.2722,2.2751,2.2689,2.2718,596956.4
2024-12-21 05:09:00+09:00,2.2717,2.2726,2.2657,2.2681,789117.4
2024-12-21 05:10:00+09:00,2.2681,2.2735,2.2669,2.2722,738087.4
2024-12-21 05:11:00+09:00,2.2722,2.2777,2.2712,2.2764,896815.4
2024-12-21 05:12:00+09:00,2.2764,2.2843,2.2764,2.2833,1199398.5
2024-12-21 05:13:00+09:00,2.2834,2.2863,2.2830,2.2839,1233897.5
2024-12-21 05:14:00+09:00,2.2839,2.2843,2.2802,2.2812,740811.0
2024-12-21 05:15:00+09:00,2.2812,2.2819,2.2730,2.2751,822129.8
2024-12-21 05:16:00+09:00,2.2752,2.2788,2.2684,2.2687,1235064.3
2024-12-21 05:17:00+09:00,2.2686,2.2695,2.2646,2.2657,1247901.0
2024-12-21 05:18:00+09:00,2.2656,2.2738,2.2656,2.2704,1220843.9
2024-12-21 05:19:00+09:00,2.2704,2.2732,2.2679,2.2700,592523.7
2024-12-21 05:20:00+09:00,2.2700,2.2706,2.2655,2.2700,574922.8
2024-12-21 05:21:00+09:00,2.2700,2.2707,2.2677,2.2686,466174.0
2024-12-21 05:22:00+09:00,2.2686,2.2695,2.2654,2.2663,550349.9
2024-12-21 05:23:00+09:00,2.2663,2.2712,2.2656,2.2705,542885.0
2024-12-21 05:24:00+09:00,2.2705,2.2706,2.2608,2.2610,984537.5
2024-12-21 05:25:00+09:00,2.2610,2.2663,2.2582,2.2653,1464310.5
2024-12-21 05:26:00+09:00,2.2653,2.2703,2.2649,2.2687,712206.5
2024-12-21 05:27:00+09:00,2.2686,2.2724,2.2669,2.2669,530461.8
2024-12-21 05:28:00+09:00,2.2669,2.2679,2.2634,2.2659,710758.0
2024-12-21 05:29:00+09:00,2.2659,2.2659,2.2599,2.2604,602480.9
2024-12-21 05:30:00+09:00,2.2604,2.2621,2.2486,2.2499,3957629.3
2024-12-21 05:31:00+09:00,2.2498,2.2511,2.2438,2.2452,4031880.3
2024-12-21 05:32:00+09:00,2.2453,2.2498,2.2445,2.2486,1855415.0
2024-12-21 05:33:00+09:00,2.2487,2.2516,2.2462,2.2477,1073061.4
2024-12-21 05:34:00+09:00,2.2478,2.2509,2.2445,2.2503,1197469.8
2024-12-21 05:35:00+09:00,2.2502,2.2584,2.2477,2.2570,1683603.3
2024-12-21 05:36:00+09:00,2.2571,2.2608,2.2558,2.2565,1086113.9
2024-12-21 05:37:00+09:00,2.2565,2.2616,2.2558,2.2613,907383.9
2024-12-21 05:38:00+09:00,2.2614,2.2614,2.2468,2.2477,2281742.2
2024-12-21 05:39:00+09:00,2.2478,2.2533,2.2476,2.2509,1009254.6
2024-12-21 05:40:00+09:00,2.2509,2.2555,2.2486,2.2488,1390562.2
2024-12-21 05:41:00+09:00,2.2489,2.2506,2.2457,2.2489,963847.6
2024-12-21 05:42:00+09:00,2.2488,2.2503,2.2455,2.2461,835821.7
2024-12-21 05:43:00+09:00,2.2460,2.2502,2.2454,2.2484,655538.8
2024-12-21 05:44:00+09:00,2.2484,2.2519,2.2482,2.2496,738215.9
2024-12-21 05:45:00+09:00,2.2497,2.2538,2.2493,2.2514,907131.5
2024-12-21 05:46:00+09:00,2.2514,2.2543,2.2489,2.2508,796924.9
2024-12-21 05:47:00+09:00,2.2508,2.2565,2.2503,2.2553,641595.5
2024-12-21 05:48:00+09:00,2.2553,2.2626,2.2553,2.2589,1075937.6
2024-12-21 05:49:00+09:00,2.2589,2.2636,2.2578,2.2602,743191.7
2024-12-21 05:50:00+09:00,2.2601,2.2601,2.2552,2.2577,790479.2
2024-12-21 05:51:00+09:00,2.2576,2.2583,2.2531,2.2549,669441.3
2024-12-21 05:52:00+09:00,2.2550,2.2603,2.2540,2.2557,709759.2
2024-12-21 05:53:00+09:00,2.2557,2.2585,2.2546,2.2565,346639.9
2024-12-21 05:54:00+09:00,2.2565,2.2609,2.2564,2.2608,728598.0
2024-12-21 05:55:00+09:00,2.2608,2.2613,2.2566,2.2572,511440.7
2024-12-21 05:56:00+09:00,2.2571,2.2573,2.2525,2.2558,507471.0
2024-12-21 05:57:00+09:00,2.2557,2.2576,2.2543,2.2553,320035.3
2024-12-21 05:58:00+09:00,2.2553,2.2561,2.2529,2.2537,492641.1
2024-12-21 05:59:00+09:00,2.2537,2.2542,2.2479,2.2483,1136317.5
2024-12-21 06:00:00+09:00,2.2483,2.2557,2.2481,2.2545,1185778.6
2024-12-21 06:01:00+09:00,2.2545,2.2587,2.2538,2.2583,648256.4
2024-12-21 06:02:00+09:00,2.2582,2.2600,2.2573,2.2575,557100.9
2024-12-21 06:03:00+09:00,2.2575,2.2575,2.2528,2.2535,397011.0
2024-12-21 06:04:00+09:00,2.2535,2.2558,2.2532,2.2549,356642.0
2024-12-21 06:05:00+09:00,2.2548,2.2575,2.2533,2.2573,401562.1
2024-12-21 06:06:00+09:00,2.2572,2.2581,2.2513,2.2513,667755.8
2024-12-21 06:07:00+09:00,2.2512,2.2560,2.2501,2.2505,647878.9
2024-12-21 06:08:00+09:00,2.2504,2.2509,2.2386,2.2386,2179620.9
2024-12-21 06:09:00+09:00,2.2386,2.2423,2.2369,2.2372,1983933.3
2024-12-21 06:10:00+09:00,2.2371,2.2396,2.2320,2.2337,2338110.6
2024-12-21 06:11:00+09:00,2.2337,2.2347,2.2302,2.2306,2103580.0
2024-12-21 06:12:00+09:00,2.2307,2.2343,2.2174,2.2185,8679479.0
2024-12-21 06:13:00+09:00,2.2187,2.2225,2.2126,2.2134,4963180.9
2024-12-21 06:14:00+09:00,2.2135,2.2143,2.2071,2.2128,5119838.9
2024-12-21 06:15:00+09:00,2.2128,2.2263,2.2127,2.2203,3602254.7
2024-12-21 06:16:00+09:00,2.2202,2.2223,2.2163,2.2212,1844093.7
2024-12-21 06:17:00+09:00,2.2212,2.2290,2.2197,2.2247,2847040.5
2024-12-21 06:18:00+09:00,2.2246,2.2284,2.2221,2.2271,2104058.1
2024-12-21 06:19:00+09:00,2.2271,2.2315,2.2207,2.2211,2038141.4
2024-12-21 06:20:00+09:00,2.2211,2.2215,2.2132,2.2168,3305856.0
2024-12-21 06:21:00+09:00,2.2169,2.2190,2.2095,2.2100,2686335.4
2024-12-21 06:22:00+09:00,2.2100,2.2176,2.2099,2.2166,1442928.5
2024-12-21 06:23:00+09:00,2.2166,2.2213,2.2142,2.2206,1071238.7
2024-12-21 06:24:00+09:00,2.2206,2.2244,2.2193,2.2223,1129273.5
2024-12-21 06:25:00+09:00,2.2223,2.2333,2.2187,2.2273,3766450.4
2024-12-21 06:26:00+09:00,2.2272,2.2306,2.2267,2.2278,1317211.8
2024-12-21 06:27:00+09:00,2.2278,2.2352,2.2273,2.2351,1557244.8
2024-12-21 06:28:00+09:00,2.2350,2.2384,2.2301,2.2306,1457662.7
2024-12-21 06:29:00+09:00,2.2306,2.2320,2.2230,2.2241,3030571.0
2024-12-21 06:30:00+09:00,2.2241,2.2261,2.2201,2.2250,1710071.9
2024-12-21 06:31:00+09:00,2.2250,2.2304,2.2233,2.2290,1153462.2
2024-12-21 06:32:00+09:00,2.2289,2.2336,2.2286,2.2325,722472.3
2024-12-21 06:33:00+09:00,2.2325,2.2418,2.2321,2.2348,4151878.2
2024-12-21 06:34:00+09:00,2.2347,2.2422,2.2341,2.2381,1379468.2
2024-12-21 06:35:00+09:00,2.2381,2.2416,2.2332,2.2343,1259161.0
2024-12-21 06:36:00+09:00,2.2342,2.2342,2.2273,2.2306,1029703.3
2024-12-21 06:37:00+09:00,2.2305,2.2374,2.2291,2.2345,1682322.9
2024-12-21 06:38:00+09:00,2.2345,2.2396,2.2340,2.2342,1640098.8
2024-12-21 06:39:00+09:00,2.2341,2.2355,2.2316,2.2325,613608.2
2024-12-21 06:40:00+09:00,2.2326,2.2328,2.2304,2.2305,713088.5
2024-12-21 06:41:00+09:00,2.2306,2.2315,2.2272,2.2280,653681.8
2024-12-21 06:42:00+09:00,2.2281,2.2355,2.2279,2.2338,616149.6
2024-12-21 06:43:00+09:00,2.2339,2.2365,2.2338,2.2340,639244.0
2024-12-21 06:44:00+09:00,2.2339,2.2362,2.2327,2.2337,588992.7
2024-12-21 06:45:00+09:00,2.2337,2.2344,2.2305,2.2326,436254.2
2024-12-21 06:46:00+09:00,2.2326,2.2330,2.2276,2.2296,493100.9
2024-12-21 06:47:00+09:00,2.2296,2.2340,2.2273,2.2328,705649.8
2024-12-21 06:48:00+09:00,2.2328,2.2364,2.2311,2.2364,534678.3
2024-12-21 06:49:00+09:00,2.2364,2.2405,2.2348,2.2382,1209670.9
2024-12-21 06:50:00+09:00,2.2380,2.2393,2.2319,2.2334,662799.7
2024-12-21 06:51:00+09:00,2.2333,2.2425,2.2331,2.2423,1142738.6
2024-12-21 06:52:00+09:00,2.2423,2.2452,2.2417,2.2420,1115419.6
2024-12-21 06:53:00+09:00,2.2421,2.2498,2.2421,2.2495,1209800.2
2024-12-21 06:54:00+09:00,2.2496,2.2505,2.2436,2.2438,775095.1
2024-12-21 06:55:00+09:00,2.2439,2.2443,2.2403,2.2422,696869.4
2024-12-21 06:56:00+09:00,2.2422,2.2463,2.2418,2.2448,468400.2
2024-12-21 06:57:00+09:00,2.2448,2.2510,2.2448,2.2493,642261.1
2024-12-21 06:58:00+09:00,2.2494,2.2496,2.2452,2.2463,601175.3
2024-12-21 06:59:00+09:00,2.2463,2.2478,2.2453,2.2472,1088941.8
2024-12-21 07:00:00+09:00,2.2473,2.2476,2.2418,2.2432,759423.3
2024-12-21 07:01:00+09:00,2.2431,2.2438,2.2348,2.2373,1360816.8
2024-12-21 07:02:00+09:00,2.2373,2.2464,2.2373,2.2450,681841.1
2024-12-21 07:03:00+09:00,2.2450,2.2460,2.2427,2.2431,733287.6
2024-12-21 07:04:00+09:00,2.2432,2.2470,2.2426,2.2447,526961.8
2024-12-21 07:05:00+09:00,2.2448,2.2448,2.2407,2.2435,547662.9
2024-12-21 07:06:00+09:00,2.2435,2.2463,2.2415,2.2461,326377.5
2024-12-21 07:07:00+09:00,2.2461,2.2523,2.2461,2.2517,753931.0
2024-12-21 07:08:00+09:00,2.2517,2.2600,2.2517,2.2571,1502474.3
2024-12-21 07:09:00+09:00,2.2571,2.2572,2.2544,2.2564,701080.9
2024-12-21 07:10:00+09:00,2.2565,2.2633,2.2556,2.2625,1477362.1
2024-12-21 07:11:00+09:00,2.2625,2.2683,2.2610,2.2612,1613173.1
2024-12-21 07:12:00+09:00,2.2612,2.2657,2.2578,2.2594,927250.7
2024-12-21 07:13:00+09:00,2.2595,2.2634,2.2579,2.2611,660042.8
2024-12-21 07:14:00+09:00,2.2610,2.2616,2.2591,2.2598,511280.1
2024-12-21 07:15:00+09:00,2.2599,2.2641,2.2566,2.2611,643385.1
2024-12-21 07:16:00+09:00,2.2612,2.2690,2.2612,2.2652,972281.2
2024-12-21 07:17:00+09:00,2.2652,2.2705,2.2643,2.2689,590556.5
2024-12-21 07:18:00+09:00,2.2688,2.2813,2.2688,2.2784,2395001.3
2024-12-21 07:19:00+09:00,2.2784,2.2833,2.2784,2.2832,1235516.1
2024-12-21 07:20:00+09:00,2.2832,2.2860,2.2809,2.2836,1029960.8
2024-12-21 07:21:00+09:00,2.2836,2.2919,2.2805,2.2904,1668677.8
2024-12-21 07:22:00+09:00,2.2904,2.2950,2.2900,2.2921,954886.0
2024-12-21 07:23:00+09:00,2.2921,2.2975,2.2920,2.2956,973587.3
2024-12-21 07:24:00+09:00,2.2956,2.2956,2.2879,2.2929,1009964.6
2024-12-21 07:25:00+09:00,2.2928,2.2930,2.2839,2.2842,901016.8
2024-12-21 07:26:00+09:00,2.2843,2.2899,2.2813,2.2885,650284.5
2024-12-21 07:27:00+09:00,2.2884,2.2887,2.2840,2.2851,551194.6
2024-12-21 07:28:00+09:00,2.2851,2.2862,2.2817,2.2861,653451.6
2024-12-21 07:29:00+09:00,2.2861,2.2896,2.2861,2.2866,461808.0
2024-12-21 07:30:00+09:00,2.2866,2.2869,2.2810,2.2834,576838.3
2024-12-21 07:31:00+09:00,2.2835,2.2883,2.2810,2.2815,620611.0
2024-12-21 07:32:00+09:00,2.2815,2.2815,2.2765,2.2779,1017673.8
2024-12-21 07:33:00+09:00,2.2780,2.2844,2.2779,2.2812,923569.3
2024-12-21 07:34:00+09:00,2.2812,2.2844,2.2771,2.2771,939378.8
2024-12-21 07:35:00+09:00,2.2771,2.2772,2.2675,2.2685,2631879.5
2024-12-21 07:36:00+09:00,2.2684,2.2711,2.2662,2.2709,994416.1
2024-12-21 07:37:00+09:00,2.2709,2.2754,2.2709,2.2724,922780.1
2024-12-21 07:38:00+09:00,2.2724,2.2749,2.2715,2.2723,466256.1
2024-12-21 07:39:00+09:00,2.2723,2.2725,2.2700,2.2713,318376.6
2024-12-21 07:40:00+09:00,2.2713,2.2737,2.2696,2.2716,408239.8
2024-12-21 07:41:00+09:00,2.2717,2.2755,2.2714,2.2735,623966.5
2024-12-21 07:42:00+09:00,2.2735,2.2755,2.2725,2.2749,375224.9
2024-12-21 07:43:00+09:00,2.2748,2.2749,2.2728,2.2729,175191.3
2024-12-21 07:44:00+09:00,2.2728,2.2734,2.2726,2.2730,229716.5
2024-12-21 07:45:00+09:00,2.2730,2.2789,2.2726,2.2779,922674.5
2024-12-21 07:46:00+09:00,2.2780,2.2793,2.2764,2.2788,329436.3
2024-12-21 07:47:00+09:00,2.2789,2.2799,2.2784,2.2790,358850.7
2024-12-21 07:48:00+09:00,2.2789,2.2789,2.2733,2.2761,595909.8
2024-12-21 07:49:00+09:00,2.2762,2.2791,2.2756,2.2791,200779.3
2024-12-21 07:50:00+09:00,2.2791,2.2830,2.2788,2.2826,500627.5
2024-12-21 07:51:00+09:00,2.2827,2.2860,2.2826,2.2845,473350.5
2024-12-21 07:52:00+09:00,2.2846,2.2857,2.2838,2.2848,498255.4
2024-12-21 07:53:00+09:00,2.2849,2.2883,2.2842,2.2883,597835.2
2024-12-21 07:54:00+09:00,2.2883,2.2888,2.2776,2.2802,1345553.4
2024-12-21 07:55:00+09:00,2.2801,2.2828,2.2792,2.2828,366791.5
2024-12-21 07:56:00+09:00,2.2829,2.2871,2.2814,2.2871,473849.0
2024-12-21 07:57:00+09:00,2.2871,2.2920,2.2870,2.2885,1458731.3
2024-12-21 07:58:00+09:00,2.2885,2.2937,2.2885,2.2910,658654.2
2024-12-21 07:59:00+09:00,2.2909,2.2909,2.2808,2.2856,1175482.7
2024-12-21 08:00:00+09:00,2.2855,2.2900,2.2832,2.2892,804988.4
2024-12-21 08:01:00+09:00,2.2891,2.2906,2.2859,2.2872,552456.6
2024-12-21 08:02:00+09:00,2.2872,2.2873,2.2786,2.2802,883458.8
2024-12-21 08:03:00+09:00,2.2801,2.2850,2.2801,2.2823,482514.6
2024-12-21 08:04:00+09:00,2.2822,2.2850,2.2784,2.2820,801470.7
2024-12-21 08:05:00+09:00,2.2820,2.2872,2.2820,2.2840,839242.1
2024-12-21 08:06:00+09:00,2.2839,2.2854,2.2798,2.2800,1353232.0
2024-12-21 08:07:00+09:00,2.2799,2.2873,2.2799,2.2860,405223.2
2024-12-21 08:08:00+09:00,2.2860,2.2922,2.2854,2.2918,736132.5
2024-12-21 08:09:00+09:00,2.2917,2.2918,2.2852,2.2853,612775.0
2024-12-21 08:10:00+09:00,2.2852,2.2924,2.2848,2.2922,516875.8
2024-12-21 08:11:00+09:00,2.2922,2.2941,2.2919,2.2933,564036.2
2024-12-21 08:12:00+09:00,2.2932,2.2933,2.2832,2.2846,1008525.9
2024-12-21 08:13:00+09:00,2.2845,2.2880,2.2845,2.2847,465992.2
2024-12-21 08:14:00+09:00,2.2846,2.2872,2.2839,2.2851,720366.8
2024-12-21 08:15:00+09:00,2.2852,2.2853,2.2804,2.2807,757656.4
2024-12-21 08:16:00+09:00,2.2807,2.2844,2.2806,2.2820,442294.7
2024-12-21 08:17:00+09:00,2.2820,2.2820,2.2719,2.2744,2457018.2
2024-12-21 08:18:00+09:00,2.2744,2.2773,2.2734,2.2764,1439057.7
2024-12-21 08:19:00+09:00,2.2764,2.2792,2.2755,2.2769,1073801.3
2024-12-21 08:20:00+09:00,2.2769,2.2833,2.2769,2.2833,647852.8
2024-12-21 08:21:00+09:00,2.2832,2.2854,2.2828,2.2832,299756.8
2024-12-21 08:22:00+09:00,2.2832,2.2900,2.2832,2.2897,871237.5
2024-12-21 08:23:00+09:00,2.2896,2.2901,2.2873,2.2881,847418.3
2024-12-21 08:24:00+09:00,2.2881,2.2881,2.2820,2.2839,362570.3
2024-12-21 08:25:00+09:00,2.2839,2.2840,2.2772,2.2780,999053.7
2024-12-21 08:26:00+09:00,2.2780,2.2805,2.2772,2.2784,414337.3
2024-12-21 08:27:00+09:00,2.2784,2.2820,2.2770,2.2814,346663.7
2024-12-21 08:28:00+09:00,2.2814,2.2819,2.2784,2.2800,266911.9
2024-12-21 08:29:00+09:00,2.2800,2.2838,2.2800,2.2829,267840.8
2024-12-21 08:30:00+09:00,2.2829,2.2829,2.2774,2.2790,536360.6
2024-12-21 08:31:00+09:00,2.2790,2.2799,2.2753,2.2753,408996.1
2024-12-21 08:32:00+09:00,2.2754,2.2760,2.2715,2.2723,890477.5
2024-12-21 08:33:00+09:00,2.2723,2.2764,2.2718,2.2745,579253.3
2024-12-21 08:34:00+09:00,2.2745,2.2764,2.2737,2.2757,289842.8
2024-12-21 08:35:00+09:00,2.2757,2.2757,2.2674,2.2681,1242199.3
2024-12-21 08:36:00+09:00,2.2681,2.2732,2.2668,2.2730,1594712.5
2024-12-21 08:37:00+09:00,2.2729,2.2748,2.2692,2.2694,605158.1
2024-12-21 08:38:00+09:00,2.2693,2.2731,2.2684,2.2726,552104.8
2024-12-21 08:39:00+09:00,2.2726,2.2757,2.2704,2.2714,750947.8
2024-12-21 08:40:00+09:00,2.2713,2.2744,2.2711,2.2730,258277.3
2024-12-21 08:41:00+09:00,2.2731,2.2747,2.2690,2.2690,416732.1
2024-12-21 08:42:00+09:00,2.2690,2.2733,2.2668,2.2674,1272679.4
2024-12-21 08:43:00+09:00,2.2674,2.2687,2.2642,2.2655,996870.9
2024-12-21 08:44:00+09:00,2.2655,2.2687,2.2648,2.2682,686486.6
2024-12-21 08:45:00+09:00,2.2682,2.2699,2.2646,2.2653,497983.7
2024-12-21 08:46:00+09:00,2.2654,2.2666,2.2624,2.2650,1183304.9
2024-12-21 08:47:00+09:00,2.2651,2.2690,2.2648,2.2680,655998.3
2024-12-21 08:48:00+09:00,2.2680,2.2707,2.2664,2.2670,485367.2
2024-12-21 08:49:00+09:00,2.2670,2.2704,2.2669,2.2697,277009.6
2024-12-21 08:50:00+09:00,2.2696,2.2737,2.2690,2.2731,561711.9
2024-12-21 08:51:00+09:00,2.2730,2.2730,2.2699,2.2707,407383.3
2024-12-21 08:52:00+09:00,2.2706,2.2727,2.2681,2.2727,615989.8
2024-12-21 08:53:00+09:00,2.2727,2.2758,2.2717,2.2755,481538.5
2024-12-21 08:54:00+09:00,2.2755,2.2766,2.2741,2.2755,402936.6
2024-12-21 08:55:00+09:00,2.2755,2.2796,2.2747,2.2753,682666.2
2024-12-21 08:56:00+09:00,2.2752,2.2772,2.2752,2.2766,266569.2
2024-12-21 08:57:00+09:00,2.2765,2.2794,2.2750,2.2787,1134768.8
2024-12-21 08:58:00+09:00,2.2786,2.2797,2.2774,2.2781,429413.3
2024-12-21 08:59:00+09:00,2.2781,2.2807,2.2772,2.2786,546875.0
2024-12-21 09:00:00+09:00,2.2787,2.2787,2.2719,2.2775,1112915.2
2024-12-21 09:01:00+09:00,2.2775,2.2806,2.2743,2.2759,1242317.7
2024-12-21 09:02:00+09:00,2.2760,2.2820,2.2760,2.2814,638668.6
2024-12-21 09:03:00+09:00,2.2813,2.2821,2.2754,2.2805,1272500.0
2024-12-21 09:04:00+09:00,2.2806,2.2831,2.2758,2.2777,736314.8
2024-12-21 09:05:00+09:00,2.2776,2.2780,2.2678,2.2690,1147210.5
2024-12-21 09:06:00+09:00,2.2690,2.2711,2.2668,2.2685,1007121.1
2024-12-21 09:07:00+09:00,2.2684,2.2698,2.2621,2.2697,1566686.6
2024-12-21 09:08:00+09:00,2.2697,2.2734,2.2671,2.2671,1040527.2
2024-12-21 09:09:00+09:00,2.2670,2.2684,2.2611,2.2623,1204602.0
2024-12-21 09:10:00+09:00,2.2623,2.2625,2.2580,2.2614,1496699.5
2024-12-21 09:11:00+09:00,2.2614,2.2618,2.2558,2.2562,1290434.5
2024-12-21 09:12:00+09:00,2.2562,2.2614,2.2562,2.2596,1167306.0
2024-12-21 09:13:00+09:00,2.2597,2.2627,2.2584,2.2599,1045040.3
2024-12-21 09:14:00+09:00,2.2600,2.2606,2.2539,2.2553,3015279.3
2024-12-21 09:15:00+09:00,2.2554,2.2611,2.2537,2.2609,1242335.2
2024-12-21 09:16:00+09:00,2.2609,2.2626,2.2576,2.2594,727781.5
2024-12-21 09:17:00+09:00,2.2594,2.2594,2.2518,2.2519,1085520.0
2024-12-21 09:18:00+09:00,2.2518,2.2575,2.2510,2.2572,1625235.2
2024-12-21 09:19:00+09:00,2.2572,2.2646,2.2556,2.2598,920293.2
2024-12-21 09:20:00+09:00,2.2597,2.2646,2.2587,2.2638,610955.6
2024-12-21 09:21:00+09:00,2.2638,2.2658,2.2620,2.2639,585457.7
2024-12-21 09:22:00+09:00,2.2638,2.2676,2.2620,2.2669,587265.4
2024-12-21 09:23:00+09:00,2.2670,2.2670,2.2629,2.2629,578709.2
2024-12-21 09:24:00+09:00,2.2628,2.2664,2.2601,2.2664,579312.6
2024-12-21 09:25:00+09:00,2.2664,2.2678,2.2631,2.2674,527365.8
2024-12-21 09:26:00+09:00,2.2675,2.2676,2.2635,2.2663,407112.3
2024-12-21 09:27:00+09:00,2.2664,2.2681,2.2637,2.2638,544898.6
2024-12-21 09:28:00+09:00,2.2638,2.2644,2.2603,2.2619,645206.5
2024-12-21 09:29:00+09:00,2.2619,2.2652,2.2619,2.2648,317803.3
2024-12-21 09:30:00+09:00,2.2647,2.2651,2.2575,2.2589,872628.2
2024-12-21 09:31:00+09:00,2.2589,2.2657,2.2589,2.2633,799946.7
2024-12-21 09:32:00+09:00,2.2633,2.2634,2.2599,2.2633,605240.4
2024-12-21 09:33:00+09:00,2.2634,2.2722,2.2630,2.2709,863972.5
2024-12-21 09:34:00+09:00,2.2709,2.2717,2.2658,2.2658,624184.5
2024-12-21 09:35:00+09:00,2.2657,2.2676,2.2636,2.2636,924367.9
2024-12-21 09:36:00+09:00,2.2636,2.2647,2.2597,2.2646,524155.1
2024-12-21 09:37:00+09:00,2.2646,2.2686,2.2641,2.2664,382269.3
2024-12-21 09:38:00+09:00,2.2663,2.2701,2.2642,2.2701,393300.1
2024-12-21 09:39:00+09:00,2.2701,2.2740,2.2684,2.2731,962958.1
2024-12-21 09:40:00+09:00,2.2731,2.2746,2.2714,2.2714,624973.3
2024-12-21 09:41:00+09:00,2.2714,2.2714,2.2653,2.2695,987906.1
2024-12-21 09:42:00+09:00,2.2695,2.2695,2.2636,2.2659,493671.8
2024-12-21 09:43:00+09:00,2.2659,2.2679,2.2652,2.2666,320328.3
2024-12-21 09:44:00+09:00,2.2666,2.2672,2.2568,2.2572,832172.8
2024-12-21 09:45:00+09:00,2.2572,2.2613,2.2559,2.2581,789955.4
2024-12-21 09:46:00+09:00,2.2581,2.2586,2.2530,2.2533,898154.4
2024-12-21 09:47:00+09:00,2.2534,2.2581,2.2530,2.2572,664610.1
2024-12-21 09:48:00+09:00,2.2571,2.2596,2.2551,2.2591,466366.7
2024-12-21 09:49:00+09:00,2.2590,2.2612,2.2575,2.2585,599683.7
2024-12-21 09:50:00+09:00,2.2584,2.2609,2.2570,2.2601,406250.4
2024-12-21 09:51:00+09:00,2.2600,2.2607,2.2555,2.2558,917652.5
2024-12-21 09:52:00+09:00,2.2558,2.2566,2.2526,2.2543,1101164.9
2024-12-21 09:53:00+09:00,2.2542,2.2558,2.2518,2.2530,372002.4
2024-12-21 09:54:00+09:00,2.2530,2.2579,2.2520,2.2566,546174.2
2024-12-21 09:55:00+09:00,2.2565,2.2602,2.2565,2.2565,462374.9
2024-12-21 09:56:00+09:00,2.2565,2.2641,2.2556,2.2606,544180.4
2024-12-21 09:57:00+09:00,2.2606,2.2611,2.2570,2.2605,576918.2
2024-12-21 09:58:00+09:00,2.2604,2.2616,2.2580,2.2613,280173.4
2024-12-21 09:59:00+09:00,2.2613,2.2643,2.2589,2.2593,604515.7
2024-12-21 10:00:00+09:00,2.2592,2.2621,2.2565,2.2582,594371.4
2024-12-21 10:01:00+09:00,2.2581,2.2608,2.2555,2.2607,513739.1
2024-12-21 10:02:00+09:00,2.2607,2.2705,2.2607,2.2649,1617064.3
2024-12-21 10:03:00+09:00,2.2649,2.2705,2.2645,2.2702,1045224.7
2024-12-21 10:04:00+09:00,2.2702,2.2720,2.2656,2.2676,833521.5
2024-12-21 10:05:00+09:00,2.2676,2.2711,2.2652,2.2708,707556.5
2024-12-21 10:06:00+09:00,2.2708,2.2722,2.2684,2.2712,718882.1
2024-12-21 10:07:00+09:00,2.2712,2.2722,2.2698,2.2719,556372.1
2024-12-21 10:08:00+09:00,2.2718,2.2746,2.2694,2.2741,894354.7
2024-12-21 10:09:00+09:00,2.2741,2.2842,2.2739,2.2821,1995758.0
2024-12-21 10:10:00+09:00,2.2820,2.2845,2.2800,2.2819,1124045.4
2024-12-21 10:11:00+09:00,2.2818,2.2839,2.2772,2.2839,669718.3
2024-12-21 10:12:00+09:00,2.2838,2.2880,2.2834,2.2874,946995.9
2024-12-21 10:13:00+09:00,2.2873,2.2878,2.2843,2.2852,749516.3
2024-12-21 10:14:00+09:00,2.2852,2.2862,2.2793,2.2824,852311.1
2024-12-21 10:15:00+09:00,2.2824,2.2908,2.2803,2.2876,1537901.1
2024-12-21 10:16:00+09:00,2.2875,2.2890,2.2846,2.2861,873208.8
2024-12-21 10:17:00+09:00,2.2860,2.2862,2.2736,2.2779,1800265.8
2024-12-21 10:18:00+09:00,2.2778,2.2794,2.2737,2.2782,1035618.4
2024-12-21 10:19:00+09:00,2.2783,2.2810,2.2757,2.2777,595720.6
2024-12-21 10:20:00+09:00,2.2776,2.2779,2.2704,2.2711,974685.2
2024-12-21 10:21:00+09:00,2.2710,2.2741,2.2698,2.2738,1187340.9
2024-12-21 10:22:00+09:00,2.2738,2.2756,2.2705,2.2731,548517.2
2024-12-21 10:23:00+09:00,2.2732,2.2743,2.2709,2.2736,763366.0
2024-12-21 10:24:00+09:00,2.2737,2.2847,2.2737,2.2820,1810115.5
2024-12-21 10:25:00+09:00,2.2820,2.2862,2.2802,2.2846,774732.4
2024-12-21 10:26:00+09:00,2.2846,2.2862,2.2808,2.2829,1223378.1
2024-12-21 10:27:00+09:00,2.2828,2.2834,2.2786,2.2834,778244.1
2024-12-21 10:28:00+09:00,2.2833,2.2834,2.2742,2.2743,675697.6
2024-12-21 10:29:00+09:00,2.2743,2.2783,2.2727,2.2766,842449.4
2024-12-21 10:30:00+09:00,2.2767,2.2800,2.2744,2.2757,638766.9
2024-12-21 10:31:00+09:00,2.2757,2.2779,2.2741,2.2742,417143.9
2024-12-21 10:32:00+09:00,2.2742,2.2746,2.2673,2.2673,1100153.4
2024-12-21 10:33:00+09:00,2.2674,2.2683,2.2646,2.2653,1039091.8
2024-12-21 10:34:00+09:00,2.2654,2.2715,2.2654,2.2694,853996.4
2024-12-21 10:35:00+09:00,2.2693,2.2706,2.2622,2.2635,810690.2
2024-12-21 10:36:00+09:00,2.2634,2.2683,2.2633,2.2683,676483.5
2024-12-21 10:37:00+09:00,2.2684,2.2688,2.2635,2.2652,593420.3
2024-12-21 10:38:00+09:00,2.2651,2.2670,2.2618,2.2626,589669.0
2024-12-21 10:39:00+09:00,2.2625,2.2669,2.2622,2.2662,489203.9
2024-12-21 10:40:00+09:00,2.2662,2.2688,2.2660,2.2672,660231.8
2024-12-21 10:41:00+09:00,2.2671,2.2688,2.2652,2.2678,341639.0
2024-12-21 10:42:00+09:00,2.2678,2.2747,2.2665,2.2729,704616.0
2024-12-21 10:43:00+09:00,2.2730,2.2752,2.2713,2.2716,655312.4
2024-12-21 10:44:00+09:00,2.2715,2.2775,2.2710,2.2759,558899.9
2024-12-21 10:45:00+09:00,2.2759,2.2839,2.2750,2.2835,1135129.8
2024-12-21 10:46:00+09:00,2.2835,2.2866,2.2802,2.2849,1134962.7
2024-12-21 10:47:00+09:00,2.2849,2.2855,2.2811,2.2823,670424.3
2024-12-21 10:48:00+09:00,2.2823,2.2877,2.2823,2.2871,1187189.5
2024-12-21 10:49:00+09:00,2.2870,2.2910,2.2864,2.2905,1532708.7
2024-12-21 10:50:00+09:00,2.2904,2.2904,2.2821,2.2822,1198949.4
2024-12-21 10:51:00+09:00,2.2822,2.2856,2.2802,2.2841,744354.9
2024-12-21 10:52:00+09:00,2.2841,2.2865,2.2836,2.2862,770195.0
2024-12-21 10:53:00+09:00,2.2861,2.2884,2.2825,2.2845,451349.5
2024-12-21 10:54:00+09:00,2.2844,2.2847,2.2791,2.2818,654155.0
2024-12-21 10:55:00+09:00,2.2818,2.2848,2.2807,2.2843,420596.2
2024-12-21 10:56:00+09:00,2.2843,2.2859,2.2788,2.2789,373670.5
2024-12-21 10:57:00+09:00,2.2789,2.2818,2.2780,2.2804,488650.6
2024-12-21 10:58:00+09:00,2.2803,2.2836,2.2802,2.2822,294652.0
2024-12-21 10:59:00+09:00,2.2822,2.2832,2.2803,2.2808,342718.9
2024-12-21 11:00:00+09:00,2.2809,2.2831,2.2806,2.2821,389892.5
2024-12-21 11:01:00+09:00,2.2822,2.2841,2.2783,2.2788,687443.8
2024-12-21 11:02:00+09:00,2.2787,2.2788,2.2716,2.2720,1385305.6
2024-12-21 11:03:00+09:00,2.2721,2.2752,2.2708,2.2742,838696.4
2024-12-21 11:04:00+09:00,2.2741,2.2783,2.2712,2.2782,770786.8
2024-12-21 11:05:00+09:00,2.2781,2.2781,2.2712,2.2734,639341.3
2024-12-21 11:06:00+09:00,2.2733,2.2771,2.2718,2.2729,534213.5
2024-12-21 11:07:00+09:00,2.2729,2.2729,2.2672,2.2673,1591117.8
2024-12-21 11:08:00+09:00,2.2673,2.2691,2.2627,2.2632,864548.8
2024-12-21 11:09:00+09:00,2.2632,2.2639,2.2593,2.2630,1217372.6
2024-12-21 11:10:00+09:00,2.2630,2.2709,2.2627,2.2687,943452.9
2024-12-21 11:11:00+09:00,2.2688,2.2692,2.2642,2.2651,677182.7
2024-12-21 11:12:00+09:00,2.2651,2.2655,2.2619,2.2636,526268.0
2024-12-21 11:13:00+09:00,2.2637,2.2649,2.2625,2.2644,378428.0
2024-12-21 11:14:00+09:00,2.2644,2.2678,2.2633,2.2669,520054.7
2024-12-21 11:15:00+09:00,2.2669,2.2724,2.2656,2.2657,641809.9
2024-12-21 11:16:00+09:00,2.2656,2.2682,2.2625,2.2626,539738.2
2024-12-21 11:17:00+09:00,2.2626,2.2706,2.2620,2.2671,660633.9
2024-12-21 11:18:00+09:00,2.2672,2.2769,2.2672,2.2753,812379.7
2024-12-21 11:19:00+09:00,2.2753,2.2755,2.2706,2.2707,364249.7
2024-12-21 11:20:00+09:00,2.2707,2.2745,2.2706,2.2731,468651.9
2024-12-21 11:21:00+09:00,2.2730,2.2813,2.2728,2.2811,829531.8
2024-12-21 11:22:00+09:00,2.2810,2.2871,2.2802,2.2871,973288.6
2024-12-21 11:23:00+09:00,2.2870,2.2892,2.2862,2.2872,1185074.8
2024-12-21 11:24:00+09:00,2.2873,2.2892,2.2860,2.2876,776659.1
2024-12-21 11:25:00+09:00,2.2875,2.2879,2.2842,2.2876,1440406.8
2024-12-21 11:26:00+09:00,2.2876,2.2908,2.2872,2.2891,1167981.5
2024-12-21 11:27:00+09:00,2.2890,2.2908,2.2864,2.2879,766535.8
2024-12-21 11:28:00+09:00,2.2879,2.2890,2.2828,2.2832,1001831.8
2024-12-21 11:29:00+09:00,2.2832,2.2849,2.2811,2.2823,679445.8
2024-12-21 11:30:00+09:00,2.2823,2.2829,2.2789,2.2824,754275.7
2024-12-21 11:31:00+09:00,2.2823,2.2870,2.2820,2.2854,584307.0
2024-12-21 11:32:00+09:00,2.2853,2.2864,2.2804,2.2840,1419747.2
2024-12-21 11:33:00+09:00,2.2841,2.2848,2.2802,2.2816,458881.7
2024-12-21 11:34:00+09:00,2.2817,2.2852,2.2801,2.2832,456725.0
2024-12-21 11:35:00+09:00,2.2832,2.2879,2.2828,2.2876,585493.9
2024-12-21 11:36:00+09:00,2.2876,2.2908,2.2863,2.2902,969062.4
2024-12-21 11:37:00+09:00,2.2902,2.2925,2.2885,2.2924,978046.2
2024-12-21 11:38:00+09:00,2.2925,2.2949,2.2899,2.2945,1438268.3
2024-12-21 11:39:00+09:00,2.2944,2.3055,2.2933,2.3048,4184807.8
2024-12-21 11:40:00+09:00,2.3049,2.3121,2.3030,2.3120,2270136.3
2024-12-21 11:41:00+09:00,2.3120,2.3130,2.3087,2.3119,1792165.9
2024-12-21 11:42:00+09:00,2.3120,2.3169,2.3072,2.3077,2924110.5
2024-12-21 11:43:00+09:00,2.3077,2.3097,2.3026,2.3039,1249865.4
2024-12-21 11:44:00+09:00,2.3040,2.3080,2.3032,2.3073,797393.5
2024-12-21 11:45:00+09:00,2.3073,2.3118,2.3054,2.3069,1164353.0
2024-12-21 11:46:00+09:00,2.3069,2.3076,2.2958,2.2986,1855932.0
2024-12-21 11:47:00+09:00,2.2987,2.2995,2.2932,2.2945,897584.7
2024-12-21 11:48:00+09:00,2.2944,2.2987,2.2934,2.2984,568784.9
2024-12-21 11:49:00+09:00,2.2985,2.3077,2.2976,2.3032,1606822.8
2024-12-21 11:50:00+09:00,2.3032,2.3045,2.3004,2.3011,585502.5
2024-12-21 11:51:00+09:00,2.3011,2.3026,2.2989,2.2990,413459.4
2024-12-21 11:52:00+09:00,2.2990,2.3026,2.2982,2.3000,374960.2
2024-12-21 11:53:00+09:00,2.3000,2.3018,2.2958,2.2986,441136.3
2024-12-21 11:54:00+09:00,2.2987,2.3011,2.2980,2.2992,475726.7
2024-12-21 11:55:00+09:00,2.2991,2.2997,2.2944,2.2953,356619.0
2024-12-21 11:56:00+09:00,2.2954,2.2958,2.2922,2.2948,540798.8
2024-12-21 11:57:00+09:00,2.2948,2.2950,2.2918,2.2923,409058.5
2024-12-21 11:58:00+09:00,2.2922,2.2927,2.2880,2.2881,669165.4
2024-12-21 11:59:00+09:00,2.2881,2.2886,2.2855,2.2865,914059.7
2024-12-21 12:00:00+09:00,2.2865,2.2912,2.2865,2.2898,748591.9
2024-12-21 12:01:00+09:00,2.2897,2.2927,2.2878,2.2924,375305.5
2024-12-21 12:02:00+09:00,2.2923,2.2929,2.2880,2.2881,489708.0
2024-12-21 12:03:00+09:00,2.2881,2.2886,2.2822,2.2853,825729.0
2024-12-21 12:04:00+09:00,2.2853,2.2861,2.2782,2.2786,881416.6
2024-12-21 12:05:00+09:00,2.2787,2.2813,2.2752,2.2763,1387040.3
2024-12-21 12:06:00+09:00,2.2764,2.2798,2.2750,2.2751,998249.9
2024-12-21 12:07:00+09:00,2.2750,2.2771,2.2714,2.2735,1354969.2
2024-12-21 12:08:00+09:00,2.2734,2.2802,2.2730,2.2797,987356.2
2024-12-21 12:09:00+09:00,2.2796,2.2808,2.2767,2.2791,1076267.5
2024-12-21 12:10:00+09:00,2.2791,2.2802,2.2754,2.2763,1281985.1
2024-12-21 12:11:00+09:00,2.2763,2.2777,2.2735,2.2765,634279.1
2024-12-21 12:12:00+09:00,2.2764,2.2795,2.2743,2.2762,746925.1
2024-12-21 12:13:00+09:00,2.2763,2.2771,2.2737,2.2737,575690.7
2024-12-21 12:14:00+09:00,2.2736,2.2742,2.2721,2.2726,546264.9
2024-12-21 12:15:00+09:00,2.2727,2.2768,2.2727,2.2762,529175.2
2024-12-21 12:16:00+09:00,2.2761,2.2776,2.2730,2.2768,337940.4
2024-12-21 12:17:00+09:00,2.2768,2.2774,2.2748,2.2768,364191.9
2024-12-21 12:18:00+09:00,2.2767,2.2823,2.2767,2.2822,688310.4
2024-12-21 12:19:00+09:00,2.2822,2.2838,2.2796,2.2825,698475.4
2024-12-21 12:20:00+09:00,2.2826,2.2843,2.2799,2.2817,600921.8
2024-12-21 12:21:00+09:00,2.2818,2.2840,2.2803,2.2824,541018.4
2024-12-21 12:22:00+09:00,2.2823,2.2832,2.2803,2.2803,376241.1
2024-12-21 12:23:00+09:00,2.2803,2.2813,2.2745,2.2764,1155598.5
2024-12-21 12:24:00+09:00,2.2765,2.2775,2.2757,2.2758,462804.3
2024-12-21 12:25:00+09:00,2.2758,2.2786,2.2743,2.2746,1044099.1
2024-12-21 12:26:00+09:00,2.2746,2.2760,2.2727,2.2760,354819.7
2024-12-21 12:27:00+09:00,2.2759,2.2770,2.2737,2.2739,284748.8
2024-12-21 12:28:00+09:00,2.2739,2.2765,2.2733,2.2736,236028.2
2024-12-21 12:29:00+09:00,2.2737,2.2768,2.2737,2.2757,426783.6
2024-12-21 12:30:00+09:00,2.2756,2.2794,2.2735,2.2791,304546.8
2024-12-21 12:31:00+09:00,2.2792,2.2835,2.2784,2.2827,780375.9
2024-12-21 12:32:00+09:00,2.2827,2.2836,2.2784,2.2797,311394.8
2024-12-21 12:33:00+09:00,2.2796,2.2803,2.2761,2.2782,495900.3
2024-12-21 12:34:00+09:00,2.2783,2.2798,2.2767,2.2795,317403.0
2024-12-21 12:35:00+09:00,2.2795,2.2798,2.2763,2.2773,317614.0
2024-12-21 12:36:00+09:00,2.2774,2.2823,2.2770,2.2815,332776.3
2024-12-21 12:37:00+09:00,2.2814,2.2815,2.2773,2.2783,463890.4
2024-12-21 12:38:00+09:00,2.2783,2.2808,2.2782,2.2799,285637.7
2024-12-21 12:39:00+09:00,2.2799,2.2808,2.2769,2.2769,275544.8
2024-12-21 12:40:00+09:00,2.2768,2.2768,2.2689,2.2696,1262854.5
2024-12-21 12:41:00+09:00,2.2697,2.2766,2.2697,2.2754,568110.2
2024-12-21 12:42:00+09:00,2.2754,2.2755,2.2712,2.2714,256711.2
2024-12-21 12:43:00+09:00,2.2713,2.2724,2.2686,2.2712,474363.5
2024-12-21 12:44:00+09:00,2.2711,2.2725,2.2692,2.2717,427300.9
2024-12-21 12:45:00+09:00,2.2716,2.2764,2.2713,2.2746,591818.1
2024-12-21 12:46:00+09:00,2.2747,2.2774,2.2740,2.2759,414678.3
2024-12-21 12:47:00+09:00,2.2758,2.2800,2.2750,2.2796,387704.0
2024-12-21 12:48:00+09:00,2.2795,2.2795,2.2770,2.2780,425397.2
2024-12-21 12:49:00+09:00,2.2779,2.2790,2.2764,2.2764,282604.3
2024-12-21 12:50:00+09:00,2.2764,2.2791,2.2752,2.2779,366755.4
2024-12-21 12:51:00+09:00,2.2780,2.2795,2.2762,2.2786,318384.2
2024-12-21 12:52:00+09:00,2.2785,2.2795,2.2754,2.2794,356644.4
2024-12-21 12:53:00+09:00,2.2796,2.2835,2.2796,2.2833,621046.0
2024-12-21 12:54:00+09:00,2.2832,2.2860,2.2830,2.2847,511370.5
2024-12-21 12:55:00+09:00,2.2848,2.2857,2.2833,2.2840,223815.5
2024-12-21 12:56:00+09:00,2.2841,2.2856,2.2820,2.2856,512989.6
2024-12-21 12:57:00+09:00,2.2856,2.2883,2.2836,2.2880,860368.5
2024-12-21 12:58:00+09:00,2.2881,2.2923,2.2877,2.2914,877847.8
2024-12-21 12:59:00+09:00,2.2913,2.3003,2.2908,2.2990,1395832.6
2024-12-21 13:00:00+09:00,2.2990,2.2998,2.2936,2.2962,850283.1
2024-12-21 13:01:00+09:00,2.2961,2.3000,2.2961,2.2965,600734.9
2024-12-21 13:02:00+09:00,2.2965,2.3003,2.2964,2.2998,543755.4
2024-12-21 13:03:00+09:00,2.2997,2.3071,2.2986,2.3071,789688.0
2024-12-21 13:04:00+09:00,2.3071,2.3086,2.3022,2.3030,1379840.7
2024-12-21 13:05:00+09:00,2.3030,2.3040,2.2972,2.2975,682677.6
2024-12-21 13:06:00+09:00,2.2974,2.3001,2.2968,2.3000,460187.9
2024-12-21 13:07:00+09:00,2.3001,2.3037,2.2995,2.3007,646555.9
2024-12-21 13:08:00+09:00,2.3006,2.3006,2.2959,2.2980,746733.4
2024-12-21 13:09:00+09:00,2.2980,2.2986,2.2951,2.2970,681689.6
2024-12-21 13:10:00+09:00,2.2970,2.2978,2.2921,2.2921,718899.4
2024-12-21 13:11:00+09:00,2.2921,2.2939,2.2905,2.2911,1128553.1
2024-12-21 13:12:00+09:00,2.2911,2.2961,2.2911,2.2946,719881.9
2024-12-21 13:13:00+09:00,2.2946,2.2992,2.2935,2.2986,508734.4
2024-12-21 13:14:00+09:00,2.2987,2.2998,2.2970,2.2982,477628.1
2024-12-21 13:15:00+09:00,2.2983,2.3022,2.2976,2.3012,678253.0
2024-12-21 13:16:00+09:00,2.3012,2.3025,2.2998,2.3023,495774.6
2024-12-21 13:17:00+09:00,2.3022,2.3035,2.2962,2.2963,670507.6
2024-12-21 13:18:00+09:00,2.2962,2.2974,2.2936,2.2974,538952.5
2024-12-21 13:19:00+09:00,2.2974,2.3036,2.2974,2.3022,641030.6
2024-12-21 13:20:00+09:00,2.3022,2.3042,2.3011,2.3031,479850.0
2024-12-21 13:21:00+09:00,2.3030,2.3030,2.2980,2.2981,1036568.7
2024-12-21 13:22:00+09:00,2.2981,2.3022,2.2976,2.3022,625513.5
2024-12-21 13:23:00+09:00,2.3022,2.3066,2.3010,2.3057,615960.5
2024-12-21 13:24:00+09:00,2.3057,2.3060,2.3013,2.3032,634951.5
2024-12-21 13:25:00+09:00,2.3032,2.3040,2.2996,2.3008,348007.5
2024-12-21 13:26:00+09:00,2.3009,2.3038,2.2996,2.3017,801857.2
2024-12-21 13:27:00+09:00,2.3016,2.3069,2.3014,2.3066,521619.5
2024-12-21 13:28:00+09:00,2.3067,2.3067,2.3037,2.3054,650990.8
2024-12-21 13:29:00+09:00,2.3054,2.3054,2.3029,2.3030,392001.2
2024-12-21 13:30:00+09:00,2.3029,2.3070,2.3029,2.3052,471378.0
2024-12-21 13:31:00+09:00,2.3053,2.3094,2.3052,2.3074,744896.6
2024-12-21 13:32:00+09:00,2.3075,2.3089,2.3035,2.3052,539232.4
2024-12-21 13:33:00+09:00,2.3052,2.3071,2.3031,2.3042,269723.2
2024-12-21 13:34:00+09:00,2.3043,2.3043,2.3015,2.3017,334861.9
2024-12-21 13:35:00+09:00,2.3018,2.3070,2.2998,2.3070,527833.6
2024-12-21 13:36:00+09:00,2.3069,2.3070,2.3013,2.3032,434665.0
2024-12-21 13:37:00+09:00,2.3032,2.3064,2.3023,2.3062,321060.5
2024-12-21 13:38:00+09:00,2.3062,2.3075,2.3048,2.3072,431045.1
2024-12-21 13:39:00+09:00,2.3072,2.3105,2.3069,2.3105,562177.1
2024-12-21 13:40:00+09:00,2.3105,2.3129,2.3099,2.3123,820128.9
2024-12-21 13:41:00+09:00,2.3122,2.3123,2.3080,2.3080,457411.3
2024-12-21 13:42:00+09:00,2.3081,2.3105,2.3073,2.3098,345553.3
2024-12-21 13:43:00+09:00,2.3098,2.3115,2.3082,2.3084,427069.3
2024-12-21 13:44:00+09:00,2.3085,2.3085,2.3062,2.3084,216387.0
2024-12-21 13:45:00+09:00,2.3084,2.3084,2.3034,2.3038,581824.4
2024-12-21 13:46:00+09:00,2.3038,2.3054,2.3008,2.3045,597231.4
2024-12-21 13:47:00+09:00,2.3045,2.3092,2.3040,2.3087,534465.3
2024-12-21 13:48:00+09:00,2.3088,2.3090,2.3055,2.3081,461330.1
2024-12-21 13:49:00+09:00,2.3080,2.3100,2.3056,2.3100,616786.9
2024-12-21 13:50:00+09:00,2.3100,2.3112,2.3084,2.3090,413723.9
2024-12-21 13:51:00+09:00,2.3091,2.3128,2.3090,2.3120,714450.0
2024-12-21 13:52:00+09:00,2.3121,2.3129,2.3081,2.3110,1481667.7
2024-12-21 13:53:00+09:00,2.3110,2.3111,2.3078,2.3090,421710.3
2024-12-21 13:54:00+09:00,2.3090,2.3110,2.3090,2.3102,222347.0
2024-12-21 13:55:00+09:00,2.3102,2.3124,2.3101,2.3106,312597.3
2024-12-21 13:56:00+09:00,2.3106,2.3114,2.3080,2.3096,590421.5
2024-12-21 13:57:00+09:00,2.3097,2.3118,2.3077,2.3101,935053.4
2024-12-21 13:58:00+09:00,2.3101,2.3101,2.3064,2.3086,751196.5
2024-12-21 13:59:00+09:00,2.3086,2.3086,2.3069,2.3076,335232.0
2024-12-21 14:00:00+09:00,2.3077,2.3079,2.3032,2.3069,750923.2
2024-12-21 14:01:00+09:00,2.3068,2.3100,2.3053,2.3098,545967.3
2024-12-21 14:02:00+09:00,2.3097,2.3138,2.3073,2.3134,600627.0
2024-12-21 14:03:00+09:00,2.3134,2.3137,2.3115,2.3130,372426.0
2024-12-21 14:04:00+09:00,2.3129,2.3133,2.3108,2.3108,359762.6
2024-12-21 14:05:00+09:00,2.3108,2.3199,2.3105,2.3171,2385888.2
2024-12-21 14:06:00+09:00,2.3172,2.3200,2.3145,2.3195,914842.8
2024-12-21 14:07:00+09:00,2.3195,2.3246,2.3186,2.3236,1864914.8
2024-12-21 14:08:00+09:00,2.3236,2.3242,2.3209,2.3213,970466.9
2024-12-21 14:09:00+09:00,2.3213,2.3214,2.3157,2.3174,919781.0
2024-12-21 14:10:00+09:00,2.3174,2.3190,2.3154,2.3157,578090.4
2024-12-21 14:11:00+09:00,2.3157,2.3202,2.3153,2.3202,787111.5
2024-12-21 14:12:00+09:00,2.3203,2.3219,2.3189,2.3215,822448.6
2024-12-21 14:13:00+09:00,2.3215,2.3238,2.3202,2.3224,661688.0
2024-12-21 14:14:00+09:00,2.3224,2.3249,2.3209,2.3248,751441.9
2024-12-21 14:15:00+09:00,2.3247,2.3248,2.3181,2.3197,921233.2
2024-12-21 14:16:00+09:00,2.3196,2.3207,2.3144,2.3147,985247.1
2024-12-21 14:17:00+09:00,2.3146,2.3164,2.3123,2.3140,717349.9
2024-12-21 14:18:00+09:00,2.3140,2.3151,2.3092,2.3149,947286.7
2024-12-21 14:19:00+09:00,2.3148,2.3155,2.3131,2.3145,366034.8
2024-12-21 14:20:00+09:00,2.3145,2.3151,2.3116,2.3132,457947.8
2024-12-21 14:21:00+09:00,2.3131,2.3141,2.3106,2.3109,386891.9
2024-12-21 14:22:00+09:00,2.3109,2.3115,2.3066,2.3083,932640.6
2024-12-21 14:23:00+09:00,2.3083,2.3109,2.3078,2.3092,460812.9
2024-12-21 14:24:00+09:00,2.3093,2.3116,2.3086,2.3113,309930.7
2024-12-21 14:25:00+09:00,2.3114,2.3120,2.3092,2.3118,470125.8
2024-12-21 14:26:00+09:00,2.3117,2.3149,2.3114,2.3135,390301.6
2024-12-21 14:27:00+09:00,2.3136,2.3139,2.3090,2.3092,533870.0
2024-12-21 14:28:00+09:00,2.3092,2.3093,2.3063,2.3080,545108.9
2024-12-21 14:29:00+09:00,2.3080,2.3120,2.3076,2.3118,410323.4
2024-12-21 14:30:00+09:00,2.3117,2.3119,2.3080,2.3082,437089.2
2024-12-21 14:31:00+09:00,2.3083,2.3119,2.3082,2.3099,434139.3
2024-12-21 14:32:00+09:00,2.3100,2.3143,2.3089,2.3105,701115.9
2024-12-21 14:33:00+09:00,2.3105,2.3174,2.3105,2.3172,500354.1
2024-12-21 14:34:00+09:00,2.3172,2.3172,2.3130,2.3164,603552.0
2024-12-21 14:35:00+09:00,2.3163,2.3214,2.3160,2.3205,754198.8
2024-12-21 14:36:00+09:00,2.3204,2.3212,2.3171,2.3198,791295.1
2024-12-21 14:37:00+09:00,2.3199,2.3213,2.3177,2.3212,652224.6
2024-12-21 14:38:00+09:00,2.3212,2.3215,2.3174,2.3187,544981.4
2024-12-21 14:39:00+09:00,2.3187,2.3191,2.3154,2.3170,516726.6
2024-12-21 14:40:00+09:00,2.3170,2.3175,2.3155,2.3159,495369.1
2024-12-21 14:41:00+09:00,2.3159,2.3159,2.3107,2.3129,710248.2
2024-12-21 14:42:00+09:00,2.3129,2.3185,2.3113,2.3184,380515.9
2024-12-21 14:43:00+09:00,2.3184,2.3255,2.3171,2.3254,1556591.4
2024-12-21 14:44:00+09:00,2.3254,2.3255,2.3206,2.3220,991457.6
2024-12-21 14:45:00+09:00,2.3220,2.3220,2.3192,2.3213,924677.2
2024-12-21 14:46:00+09:00,2.3213,2.3328,2.3213,2.3319,2876405.6
2024-12-21 14:47:00+09:00,2.3318,2.3405,2.3293,2.3400,4185428.8
2024-12-21 14:48:00+09:00,2.3400,2.3428,2.3365,2.3384,2486600.0
2024-12-21 14:49:00+09:00,2.3384,2.3385,2.3305,2.3361,2218482.9
2024-12-21 14:50:00+09:00,2.3362,2.3405,2.3336,2.3394,1865123.8
2024-12-21 14:51:00+09:00,2.3394,2.3430,2.3376,2.3376,1316289.0
2024-12-21 14:52:00+09:00,2.3375,2.3444,2.3374,2.3424,1123924.4
2024-12-21 14:53:00+09:00,2.3423,2.3450,2.3409,2.3439,1109151.2
2024-12-21 14:54:00+09:00,2.3439,2.3450,2.3411,2.3447,777396.7
2024-12-21 14:55:00+09:00,2.3447,2.3475,2.3401,2.3420,3025456.2
2024-12-21 14:56:00+09:00,2.3419,2.3424,2.3380,2.3413,1121458.5
2024-12-21 14:57:00+09:00,2.3413,2.3495,2.3409,2.3483,1474884.9
2024-12-21 14:58:00+09:00,2.3483,2.3500,2.3456,2.3499,3026007.2
2024-12-21 14:59:00+09:00,2.3499,2.3506,2.3479,2.3504,1438099.5
2024-12-21 15:00:00+09:00,2.3503,2.3521,2.3451,2.3517,1501056.0
2024-12-21 15:01:00+09:00,2.3517,2.3566,2.3514,2.3530,2592911.4
2024-12-21 15:02:00+09:00,2.3531,2.3541,2.3490,2.3510,1893128.7
2024-12-21 15:03:00+09:00,2.3509,2.3638,2.3509,2.3615,5759742.7
2024-12-21 15:04:00+09:00,2.3615,2.3623,2.3568,2.3568,1662580.9
2024-12-21 15:05:00+09:00,2.3568,2.3568,2.3523,2.3527,2298188.4
2024-12-21 15:06:00+09:00,2.3526,2.3609,2.3480,2.3609,1570289.1
2024-12-21 15:07:00+09:00,2.3608,2.3644,2.3588,2.3633,1908641.5
2024-12-21 15:08:00+09:00,2.3633,2.3681,2.3618,2.3677,1630825.0
2024-12-21 15:09:00+09:00,2.3677,2.3694,2.3650,2.3681,2071515.4
2024-12-21 15:10:00+09:00,2.3682,2.3759,2.3676,2.3736,3593960.1
2024-12-21 15:11:00+09:00,2.3736,2.3737,2.3678,2.3701,1428201.6
2024-12-21 15:12:00+09:00,2.3701,2.3734,2.3693,2.3734,1081721.9
2024-12-21 15:13:00+09:00,2.3735,2.3741,2.3688,2.3703,966265.1
2024-12-21 15:14:00+09:00,2.3704,2.3730,2.3685,2.3685,1152394.5
2024-12-21 15:15:00+09:00,2.3685,2.3716,2.3627,2.3648,1423590.3
2024-12-21 15:16:00+09:00,2.3648,2.3654,2.3568,2.3576,2941387.8
2024-12-21 15:17:00+09:00,2.3577,2.3598,2.3560,2.3568,1293448.0
2024-12-21 15:18:00+09:00,2.3568,2.3609,2.3550,2.3602,1767838.0
2024-12-21 15:19:00+09:00,2.3602,2.3623,2.3580,2.3598,887297.7
2024-12-21 15:20:00+09:00,2.3599,2.3642,2.3565,2.3629,901016.0
2024-12-21 15:21:00+09:00,2.3629,2.3656,2.3592,2.3603,892143.9
2024-12-21 15:22:00+09:00,2.3603,2.3620,2.3520,2.3530,1240540.6
2024-12-21 15:23:00+09:00,2.3531,2.3577,2.3521,2.3551,1303100.5
2024-12-21 15:24:00+09:00,2.3550,2.3561,2.3501,2.3501,1044867.8
2024-12-21 15:25:00+09:00,2.3501,2.3554,2.3484,2.3539,1539268.1
2024-12-21 15:26:00+09:00,2.3540,2.3561,2.3527,2.3532,749298.2
2024-12-21 15:27:00+09:00,2.3533,2.3574,2.3524,2.3574,849205.8
2024-12-21 15:28:00+09:00,2.3573,2.3596,2.3567,2.3590,551723.3
2024-12-21 15:29:00+09:00,2.3589,2.3594,2.3532,2.3543,788932.5
2024-12-21 15:30:00+09:00,2.3542,2.3554,2.3491,2.3492,899036.4
2024-12-21 15:31:00+09:00,2.3492,2.3515,2.3468,2.3471,873367.0
2024-12-21 15:32:00+09:00,2.3471,2.3528,2.3470,2.3520,888194.8
2024-12-21 15:33:00+09:00,2.3520,2.3544,2.3500,2.3528,646353.8
2024-12-21 15:34:00+09:00,2.3527,2.3576,2.3520,2.3533,938364.0
2024-12-21 15:35:00+09:00,2.3532,2.3555,2.3514,2.3538,673634.2
2024-12-21 15:36:00+09:00,2.3539,2.3568,2.3502,2.3508,1344404.9
2024-12-21 15:37:00+09:00,2.3507,2.3527,2.3499,2.3504,605627.2
2024-12-21 15:38:00+09:00,2.3505,2.3556,2.3482,2.3551,689962.9
2024-12-21 15:39:00+09:00,2.3551,2.3577,2.3516,2.3544,620012.9
2024-12-21 15:40:00+09:00,2.3544,2.3609,2.3526,2.3596,1458519.0
2024-12-21 15:41:00+09:00,2.3595,2.3624,2.3580,2.3607,781190.4
2024-12-21 15:42:00+09:00,2.3607,2.3607,2.3563,2.3584,820787.4
2024-12-21 15:43:00+09:00,2.3584,2.3604,2.3568,2.3602,394744.2
2024-12-21 15:44:00+09:00,2.3604,2.3618,2.3577,2.3601,966052.4
2024-12-21 15:45:00+09:00,2.3601,2.3649,2.3592,2.3643,1096302.4
2024-12-21 15:46:00+09:00,2.3643,2.3648,2.3623,2.3643,810790.7
2024-12-21 15:47:00+09:00,2.3644,2.3676,2.3623,2.3636,1220140.0
2024-12-21 15:48:00+09:00,2.3636,2.3642,2.3587,2.3600,1466097.7
2024-12-21 15:49:00+09:00,2.3601,2.3656,2.3601,2.3652,740579.6
2024-12-21 15:50:00+09:00,2.3650,2.3668,2.3640,2.3653,538506.8
2024-12-21 15:51:00+09:00,2.3652,2.3653,2.3588,2.3626,1262909.2
2024-12-21 15:52:00+09:00,2.3627,2.3648,2.3592,2.3592,841725.5
2024-12-21 15:53:00+09:00,2.3592,2.3604,2.3570,2.3578,794152.6
2024-12-21 15:54:00+09:00,2.3578,2.3597,2.3570,2.3577,479516.3
2024-12-21 15:55:00+09:00,2.3577,2.3582,2.3550,2.3578,543999.8
2024-12-21 15:56:00+09:00,2.3578,2.3621,2.3578,2.3616,499433.6
2024-12-21 15:57:00+09:00,2.3615,2.3625,2.3578,2.3579,515453.9
2024-12-21 15:58:00+09:00,2.3579,2.3588,2.3556,2.3562,281322.2
2024-12-21 15:59:00+09:00,2.3563,2.3582,2.3550,2.3582,327462.0
2024-12-21 16:00:00+09:00,2.3582,2.3630,2.3570,2.3625,851118.3
2024-12-21 16:01:00+09:00,2.3626,2.3661,2.3580,2.3580,1075658.3
2024-12-21 16:02:00+09:00,2.3580,2.3596,2.3550,2.3588,801938.7
2024-12-21 16:03:00+09:00,2.3588,2.3626,2.3570,2.3592,452145.1
2024-12-21 16:04:00+09:00,2.3591,2.3609,2.3567,2.3596,308289.9
2024-12-21 16:05:00+09:00,2.3596,2.3628,2.3539,2.3557,1109444.4
2024-12-21 16:06:00+09:00,2.3558,2.3558,2.3523,2.3523,709178.0
2024-12-21 16:07:00+09:00,2.3523,2.3558,2.3511,2.3552,585720.2
2024-12-21 16:08:00+09:00,2.3553,2.3600,2.3546,2.3584,593784.4
2024-12-21 16:09:00+09:00,2.3584,2.3589,2.3552,2.3557,427985.7
2024-12-21 16:10:00+09:00,2.3556,2.3576,2.3550,2.3550,219506.1
2024-12-21 16:11:00+09:00,2.3551,2.3593,2.3546,2.3561,854558.7
2024-12-21 16:12:00+09:00,2.3561,2.3573,2.3546,2.3557,368862.3
2024-12-21 16:13:00+09:00,2.3556,2.3574,2.3556,2.3570,308418.6
2024-12-21 16:14:00+09:00,2.3570,2.3575,2.3555,2.3556,390039.3
2024-12-21 16:15:00+09:00,2.3556,2.3559,2.3489,2.3494,1185528.6
2024-12-21 16:16:00+09:00,2.3493,2.3511,2.3441,2.3482,2083990.6
2024-12-21 16:17:00+09:00,2.3483,2.3487,2.3442,2.3446,819715.0
2024-12-21 16:18:00+09:00,2.3446,2.3499,2.3442,2.3496,827827.1
2024-12-21 16:19:00+09:00,2.3496,2.3524,2.3479,2.3494,1127678.0
2024-12-21 16:20:00+09:00,2.3494,2.3522,2.3482,2.3522,754159.5
2024-12-21 16:21:00+09:00,2.3522,2.3562,2.3508,2.3551,1584367.9
2024-12-21 16:22:00+09:00,2.3550,2.3597,2.3550,2.3592,802892.1
2024-12-21 16:23:00+09:00,2.3592,2.3604,2.3559,2.3561,823420.2
2024-12-21 16:24:00+09:00,2.3561,2.3561,2.3468,2.3470,1126948.4
2024-12-21 16:25:00+09:00,2.3471,2.3512,2.3470,2.3498,622917.7
2024-12-21 16:26:00+09:00,2.3500,2.3532,2.3500,2.3520,553115.7
2024-12-21 16:27:00+09:00,2.3521,2.3550,2.3500,2.3509,573278.2
2024-12-21 16:28:00+09:00,2.3510,2.3545,2.3503,2.3542,913044.5
2024-12-21 16:29:00+09:00,2.3541,2.3559,2.3539,2.3559,736369.1
2024-12-21 16:30:00+09:00,2.3559,2.3563,2.3512,2.3513,2908166.6
2024-12-21 16:31:00+09:00,2.3512,2.3527,2.3492,2.3503,1104150.1
2024-12-21 16:32:00+09:00,2.3503,2.3584,2.3501,2.3584,641809.1
2024-12-21 16:33:00+09:00,2.3584,2.3598,2.3542,2.3597,717220.6
2024-12-21 16:34:00+09:00,2.3596,2.3680,2.3595,2.3674,1480728.9
2024-12-21 16:35:00+09:00,2.3673,2.3733,2.3664,2.3693,1650596.7
2024-12-21 16:36:00+09:00,2.3692,2.3747,2.3673,2.3741,1214023.9
2024-12-21 16:37:00+09:00,2.3741,2.3753,2.3711,2.3722,1155748.2
2024-12-21 16:38:00+09:00,2.3722,2.3748,2.3712,2.3745,813253.4
2024-12-21 16:39:00+09:00,2.3745,2.3795,2.3744,2.3785,3432532.3
2024-12-21 16:40:00+09:00,2.3786,2.3829,2.3746,2.3824,3017309.6
2024-12-21 16:41:00+09:00,2.3824,2.3851,2.3784,2.3846,2664711.2
2024-12-21 16:42:00+09:00,2.3847,2.3858,2.3779,2.3790,2043940.3
2024-12-21 16:43:00+09:00,2.3791,2.3825,2.3771,2.3803,2449494.5
2024-12-21 16:44:00+09:00,2.3803,2.3806,2.3726,2.3750,1581747.5
2024-12-21 16:45:00+09:00,2.3750,2.3750,2.3658,2.3677,2200509.2
2024-12-21 16:46:00+09:00,2.3677,2.3735,2.3672,2.3712,1669137.2
2024-12-21 16:47:00+09:00,2.3711,2.3741,2.3703,2.3708,990813.4
2024-12-21 16:48:00+09:00,2.3709,2.3733,2.3676,2.3689,845276.9
2024-12-21 16:49:00+09:00,2.3689,2.3710,2.3639,2.3647,844829.2
2024-12-21 16:50:00+09:00,2.3647,2.3682,2.3606,2.3614,1115239.9
2024-12-21 16:51:00+09:00,2.3614,2.3634,2.3601,2.3606,638120.8
2024-12-21 16:52:00+09:00,2.3606,2.3635,2.3603,2.3629,527065.3
2024-12-21 16:53:00+09:00,2.3628,2.3629,2.3578,2.3589,1152241.3
2024-12-21 16:54:00+09:00,2.3588,2.3600,2.3584,2.3591,687702.0
2024-12-21 16:55:00+09:00,2.3590,2.3627,2.3586,2.3589,862167.7
2024-12-21 16:56:00+09:00,2.3589,2.3590,2.3511,2.3512,3556634.3
2024-12-21 16:57:00+09:00,2.3511,2.3551,2.3511,2.3524,1750260.3
2024-12-21 16:58:00+09:00,2.3524,2.3548,2.3524,2.3545,674614.9
2024-12-21 16:59:00+09:00,2.3545,2.3558,2.3531,2.3531,943467.8
2024-12-21 17:00:00+09:00,2.3531,2.3587,2.3531,2.3550,1602049.3
2024-12-21 17:01:00+09:00,2.3550,2.3620,2.3550,2.3620,1743891.9
2024-12-21 17:02:00+09:00,2.3620,2.3640,2.3590,2.3604,1335424.0
2024-12-21 17:03:00+09:00,2.3601,2.3625,2.3560,2.3570,1474783.8
2024-12-21 17:04:00+09:00,2.3570,2.3615,2.3541,2.3600,1504472.7
2024-12-21 17:05:00+09:00,2.3600,2.3658,2.3592,2.3613,1436730.8
2024-12-21 17:06:00+09:00,2.3613,2.3616,2.3590,2.3592,586714.7
2024-12-21 17:07:00+09:00,2.3592,2.3592,2.3532,2.3577,1024142.5
2024-12-21 17:08:00+09:00,2.3576,2.3577,2.3498,2.3498,1957313.2
2024-12-21 17:09:00+09:00,2.3499,2.3514,2.3448,2.3514,2318411.0
2024-12-21 17:10:00+09:00,2.3514,2.3531,2.3485,2.3497,1084807.5
2024-12-21 17:11:00+09:00,2.3497,2.3550,2.3497,2.3530,790536.8
2024-12-21 17:12:00+09:00,2.3530,2.3556,2.3510,2.3541,509813.8
2024-12-21 17:13:00+09:00,2.3541,2.3544,2.3515,2.3527,505470.6
2024-12-21 17:14:00+09:00,2.3528,2.3597,2.3526,2.3585,1291526.3
2024-12-21 17:15:00+09:00,2.3584,2.3598,2.3530,2.3536,583229.2
2024-12-21 17:16:00+09:00,2.3536,2.3562,2.3535,2.3547,451823.3
2024-12-21 17:17:00+09:00,2.3546,2.3562,2.3464,2.3471,1113511.5
2024-12-21 17:18:00+09:00,2.3471,2.3492,2.3456,2.3469,991441.3
2024-12-21 17:19:00+09:00,2.3468,2.3495,2.3468,2.3476,785448.5
2024-12-21 17:20:00+09:00,2.3475,2.3486,2.3444,2.3462,1122201.5
2024-12-21 17:21:00+09:00,2.3461,2.3509,2.3461,2.3487,703148.9
2024-12-21 17:22:00+09:00,2.3488,2.3499,2.3472,2.3480,508360.4
2024-12-21 17:23:00+09:00,2.3480,2.3481,2.3436,2.3442,691943.8
2024-12-21 17:24:00+09:00,2.3441,2.3442,2.3380,2.3386,2940606.6
2024-12-21 17:25:00+09:00,2.3385,2.3435,2.3384,2.3413,1504485.8
2024-12-21 17:26:00+09:00,2.3414,2.3475,2.3414,2.3452,797823.0
2024-12-21 17:27:00+09:00,2.3452,2.3452,2.3384,2.3386,1096208.6
2024-12-21 17:28:00+09:00,2.3386,2.3399,2.3350,2.3386,2088893.0
2024-12-21 17:29:00+09:00,2.3386,2.3396,2.3355,2.3358,843936.4
2024-12-21 17:30:00+09:00,2.3358,2.3427,2.3358,2.3426,1253188.1
2024-12-21 17:31:00+09:00,2.3425,2.3442,2.3397,2.3397,1217945.5
2024-12-21 17:32:00+09:00,2.3397,2.3420,2.3389,2.3397,846046.9
2024-12-21 17:33:00+09:00,2.3396,2.3396,2.3347,2.3355,1238657.3
2024-12-21 17:34:00+09:00,2.3356,2.3397,2.3337,2.3392,1203416.4
2024-12-21 17:35:00+09:00,2.3392,2.3422,2.3378,2.3378,992186.3
2024-12-21 17:36:00+09:00,2.3379,2.3399,2.3369,2.3391,617333.9
2024-12-21 17:37:00+09:00,2.3391,2.3417,2.3381,2.3381,585326.1
2024-12-21 17:38:00+09:00,2.3380,2.3411,2.3380,2.3397,661541.0
2024-12-21 17:39:00+09:00,2.3396,2.3396,2.3340,2.3340,778756.4
2024-12-21 17:40:00+09:00,2.3340,2.3345,2.3316,2.3320,1571902.0
2024-12-21 17:41:00+09:00,2.3320,2.3335,2.3298,2.3298,1779890.6
2024-12-21 17:42:00+09:00,2.3298,2.3310,2.3282,2.3287,2234763.3
2024-12-21 17:43:00+09:00,2.3287,2.3300,2.3233,2.3234,2685099.4
2024-12-21 17:44:00+09:00,2.3234,2.3274,2.3233,2.3247,1757509.7
2024-12-21 17:45:00+09:00,2.3248,2.3315,2.3246,2.3289,1436179.8
2024-12-21 17:46:00+09:00,2.3290,2.3317,2.3262,2.3312,1081342.8
2024-12-21 17:47:00+09:00,2.3312,2.3315,2.3243,2.3287,1847920.7
2024-12-21 17:48:00+09:00,2.3287,2.3322,2.3270,2.3316,688462.9
2024-12-21 17:49:00+09:00,2.3316,2.3332,2.3288,2.3297,1038287.6
2024-12-21 17:50:00+09:00,2.3298,2.3347,2.3294,2.3335,763707.4
2024-12-21 17:51:00+09:00,2.3334,2.3355,2.3319,2.3337,1262366.1
2024-12-21 17:52:00+09:00,2.3337,2.3341,2.3292,2.3293,721955.4
2024-12-21 17:53:00+09:00,2.3292,2.3307,2.3284,2.3286,403462.4
2024-12-21 17:54:00+09:00,2.3285,2.3340,2.3269,2.3335,913690.3
2024-12-21 17:55:00+09:00,2.3334,2.3334,2.3294,2.3304,664617.1
2024-12-21 17:56:00+09:00,2.3303,2.3320,2.3278,2.3284,472263.7
2024-12-21 17:57:00+09:00,2.3284,2.3331,2.3282,2.3296,1539860.3
2024-12-21 17:58:00+09:00,2.3297,2.3297,2.3235,2.3254,1162091.3
2024-12-21 17:59:00+09:00,2.3254,2.3264,2.3226,2.3250,748750.8
2024-12-21 18:00:00+09:00,2.3250,2.3279,2.3223,2.3263,730165.4
2024-12-21 18:01:00+09:00,2.3263,2.3300,2.3262,2.3295,661880.7
2024-12-21 18:02:00+09:00,2.3296,2.3296,2.3213,2.3214,1641809.4
2024-12-21 18:03:00+09:00,2.3213,2.3221,2.3140,2.3141,2317682.1
2024-12-21 18:04:00+09:00,2.3142,2.3225,2.3142,2.3217,1658302.7
2024-12-21 18:05:00+09:00,2.3217,2.3222,2.3150,2.3159,1758288.4
2024-12-21 18:06:00+09:00,2.3159,2.3162,2.3121,2.3127,1798952.4
2024-12-21 18:07:00+09:00,2.3128,2.3149,2.3076,2.3100,3593676.3
2024-12-21 18:08:00+09:00,2.3101,2.3115,2.3060,2.3067,2220041.2
2024-12-21 18:09:00+09:00,2.3068,2.3112,2.3062,2.3092,1450626.6
2024-12-21 18:10:00+09:00,2.3092,2.3117,2.3058,2.3102,1530859.4
2024-12-21 18:10:00+09:00,2.3092,2.3117,2.3058,2.3102,1530859.4
2024-12-21 18:11:00+09:00,2.3102,2.3144,2.3080,2.3113,1352583.9
2024-12-21 18:12:00+09:00,2.3112,2.3158,2.3107,2.3129,993090.0
2024-12-21 18:13:00+09:00,2.3129,2.3136,2.3104,2.3118,845142.4
2024-12-21 18:14:00+09:00,2.3118,2.3129,2.3054,2.3076,1173861.7
2024-12-21 18:15:00+09:00,2.3076,2.3124,2.3076,2.3113,1169033.7
2024-12-21 18:16:00+09:00,2.3113,2.3140,2.3076,2.3114,964865.7
2024-12-21 18:17:00+09:00,2.3113,2.3134,2.3084,2.3123,725933.9
2024-12-21 18:18:00+09:00,2.3123,2.3126,2.3066,2.3072,853362.1
2024-12-21 18:19:00+09:00,2.3073,2.3077,2.2968,2.2977,4614973.4
2024-12-21 18:20:00+09:00,2.2977,2.3003,2.2958,2.2997,1915444.2
2024-12-21 18:21:00+09:00,2.2996,2.3048,2.2994,2.3043,949393.8
2024-12-21 18:22:00+09:00,2.3042,2.3079,2.3025,2.3059,1611409.1
2024-12-21 18:23:00+09:00,2.3058,2.3058,2.3018,2.3033,809065.1
2024-12-21 18:24:00+09:00,2.3032,2.3036,2.3010,2.3016,670437.7
2024-12-21 18:25:00+09:00,2.3016,2.3050,2.3015,2.3040,710990.5
2024-12-21 18:26:00+09:00,2.3041,2.3049,2.3023,2.3030,506536.3
2024-12-21 18:27:00+09:00,2.3030,2.3056,2.3021,2.3054,630317.1
2024-12-21 18:28:00+09:00,2.3054,2.3092,2.3054,2.3076,1076535.2
2024-12-21 18:29:00+09:00,2.3075,2.3105,2.3071,2.3076,1044562.9
2024-12-21 18:30:00+09:00,2.3077,2.3079,2.3028,2.3049,613675.8
2024-12-21 18:31:00+09:00,2.3050,2.3094,2.3042,2.3088,693441.9
2024-12-21 18:32:00+09:00,2.3088,2.3102,2.3067,2.3087,676796.0
2024-12-21 18:33:00+09:00,2.3088,2.3126,2.3083,2.3124,683319.3
2024-12-21 18:34:00+09:00,2.3123,2.3126,2.3100,2.3105,974519.4
2024-12-21 18:35:00+09:00,2.3105,2.3160,2.3100,2.3137,1133290.2
2024-12-21 18:36:00+09:00,2.3135,2.3136,2.3101,2.3102,902611.7
2024-12-21 18:37:00+09:00,2.3102,2.3126,2.3102,2.3122,668787.4
2024-12-21 18:38:00+09:00,2.3122,2.3141,2.3115,2.3136,717042.9
2024-12-21 18:39:00+09:00,2.3135,2.3191,2.3132,2.3166,1515931.2
2024-12-21 18:40:00+09:00,2.3166,2.3174,2.3144,2.3150,904563.7
2024-12-21 18:41:00+09:00,2.3150,2.3150,2.3111,2.3142,639672.5
2024-12-21 18:42:00+09:00,2.3143,2.3157,2.3136,2.3137,761727.3
2024-12-21 18:43:00+09:00,2.3136,2.3153,2.3112,2.3122,644507.3
2024-12-21 18:44:00+09:00,2.3123,2.3137,2.3117,2.3124,740233.4
2024-12-21 18:45:00+09:00,2.3123,2.3124,2.3050,2.3059,1132165.1
2024-12-21 18:46:00+09:00,2.3059,2.3077,2.3035,2.3053,603057.4
2024-12-21 18:47:00+09:00,2.3053,2.3136,2.3041,2.3130,727388.3
2024-12-21 18:48:00+09:00,2.3130,2.3159,2.3104,2.3111,883354.7
2024-12-21 18:49:00+09:00,2.3110,2.3164,2.3107,2.3159,580708.1
2024-12-21 18:50:00+09:00,2.3158,2.3188,2.3154,2.3158,932665.9
2024-12-21 18:51:00+09:00,2.3158,2.3199,2.3148,2.3199,778128.1
2024-12-21 18:52:00+09:00,2.3198,2.3221,2.3171,2.3177,1602398.5
2024-12-21 18:53:00+09:00,2.3176,2.3201,2.3176,2.3176,608793.8
2024-12-21 18:54:00+09:00,2.3177,2.3190,2.3162,2.3177,635071.1
2024-12-21 18:55:00+09:00,2.3178,2.3210,2.3176,2.3189,508776.7
2024-12-21 18:56:00+09:00,2.3188,2.3193,2.3159,2.3178,507152.4
2024-12-21 18:57:00+09:00,2.3177,2.3177,2.3153,2.3165,493340.1
2024-12-21 18:58:00+09:00,2.3165,2.3184,2.3160,2.3181,343974.5
2024-12-21 18:59:00+09:00,2.3182,2.3192,2.3163,2.3163,412679.5
2024-12-21 19:00:00+09:00,2.3163,2.3183,2.3143,2.3144,679001.8
2024-12-21 19:01:00+09:00,2.3145,2.3154,2.3108,2.3144,1168597.3
2024-12-21 19:02:00+09:00,2.3143,2.3187,2.3124,2.3145,593847.7
2024-12-21 19:03:00+09:00,2.3145,2.3200,2.3142,2.3192,665478.5
2024-12-21 19:04:00+09:00,2.3191,2.3199,2.3172,2.3178,997172.5
2024-12-21 19:05:00+09:00,2.3178,2.3178,2.3135,2.3139,626493.2
2024-12-21 19:06:00+09:00,2.3138,2.3146,2.3084,2.3146,904090.5
2024-12-21 19:07:00+09:00,2.3145,2.3150,2.3117,2.3139,464031.9
2024-12-21 19:08:00+09:00,2.3138,2.3141,2.3103,2.3115,287922.6
2024-12-21 19:09:00+09:00,2.3114,2.3150,2.3083,2.3142,619766.0
2024-12-21 19:10:00+09:00,2.3141,2.3164,2.3126,2.3164,392565.1
2024-12-21 19:11:00+09:00,2.3164,2.3205,2.3164,2.3199,766926.8
2024-12-21 19:12:00+09:00,2.3199,2.3231,2.3198,2.3226,1633490.9
2024-12-21 19:13:00+09:00,2.3227,2.3232,2.3209,2.3224,729746.2
2024-12-21 19:14:00+09:00,2.3224,2.3233,2.3197,2.3200,761239.8
2024-12-21 19:15:00+09:00,2.3200,2.3216,2.3190,2.3202,666070.9
2024-12-21 19:16:00+09:00,2.3201,2.3212,2.3188,2.3192,569873.3
2024-12-21 19:17:00+09:00,2.3191,2.3197,2.3162,2.3174,760197.7
2024-12-21 19:18:00+09:00,2.3174,2.3216,2.3174,2.3212,604515.4
2024-12-21 19:19:00+09:00,2.3212,2.3259,2.3206,2.3252,892555.5
2024-12-21 19:20:00+09:00,2.3253,2.3270,2.3222,2.3225,870884.4
2024-12-21 19:21:00+09:00,2.3225,2.3282,2.3216,2.3281,848116.4
2024-12-21 19:22:00+09:00,2.3282,2.3319,2.3278,2.3290,1667557.6
2024-12-21 19:23:00+09:00,2.3291,2.3304,2.3283,2.3284,960493.1
2024-12-21 19:24:00+09:00,2.3283,2.3313,2.3280,2.3301,500228.8
2024-12-21 19:25:00+09:00,2.3301,2.3320,2.3287,2.3319,753780.2
2024-12-21 19:26:00+09:00,2.3319,2.3341,2.3304,2.3323,931837.5
2024-12-21 19:27:00+09:00,2.3324,2.3366,2.3323,2.3346,1867675.1
2024-12-21 19:28:00+09:00,2.3347,2.3354,2.3325,2.3336,698545.5
2024-12-21 19:29:00+09:00,2.3337,2.3369,2.3336,2.3369,643031.9
2024-12-21 19:30:00+09:00,2.3369,2.3372,2.3290,2.3292,1102191.2
2024-12-21 19:31:00+09:00,2.3292,2.3331,2.3290,2.3329,1296025.6
2024-12-21 19:32:00+09:00,2.3329,2.3345,2.3288,2.3311,779404.7
2024-12-21 19:33:00+09:00,2.3312,2.3319,2.3258,2.3263,881966.9
2024-12-21 19:34:00+09:00,2.3264,2.3285,2.3241,2.3261,674747.6
2024-12-21 19:35:00+09:00,2.3260,2.3261,2.3220,2.3222,1309710.4
2024-12-21 19:36:00+09:00,2.3222,2.3226,2.3147,2.3160,1950814.8
2024-12-21 19:37:00+09:00,2.3160,2.3170,2.3100,2.3109,1294454.5
2024-12-21 19:38:00+09:00,2.3110,2.3119,2.3060,2.3109,1738684.6
2024-12-21 19:39:00+09:00,2.3109,2.3151,2.3096,2.3096,1191191.6
2024-12-21 19:40:00+09:00,2.3096,2.3138,2.3091,2.3108,801569.3
2024-12-21 19:41:00+09:00,2.3108,2.3133,2.3100,2.3114,678239.9
2024-12-21 19:42:00+09:00,2.3113,2.3149,2.3078,2.3084,851033.4
2024-12-21 19:43:00+09:00,2.3084,2.3135,2.3081,2.3120,714755.8
2024-12-21 19:44:00+09:00,2.3119,2.3148,2.3103,2.3105,908763.4
2024-12-21 19:45:00+09:00,2.3105,2.3155,2.3094,2.3117,782485.8
2024-12-21 19:46:00+09:00,2.3116,2.3165,2.3100,2.3143,659281.5
2024-12-21 19:47:00+09:00,2.3143,2.3209,2.3143,2.3181,992797.6
2024-12-21 19:48:00+09:00,2.3181,2.3203,2.3171,2.3184,642972.7
2024-12-21 19:49:00+09:00,2.3183,2.3188,2.3163,2.3166,460937.1
2024-12-21 19:50:00+09:00,2.3167,2.3195,2.3154,2.3187,322770.9
2024-12-21 19:51:00+09:00,2.3187,2.3220,2.3168,2.3191,761424.6
2024-12-21 19:52:00+09:00,2.3192,2.3220,2.3178,2.3212,430811.9
2024-12-21 19:53:00+09:00,2.3211,2.3211,2.3162,2.3169,546665.9
2024-12-21 19:54:00+09:00,2.3169,2.3186,2.3153,2.3164,791525.6
2024-12-21 19:55:00+09:00,2.3163,2.3167,2.3122,2.3133,945984.4
2024-12-21 19:56:00+09:00,2.3133,2.3164,2.3116,2.3163,424926.2
2024-12-21 19:57:00+09:00,2.3164,2.3176,2.3135,2.3175,390793.8
2024-12-21 19:58:00+09:00,2.3176,2.3212,2.3175,2.3210,306790.0
2024-12-21 19:59:00+09:00,2.3209,2.3270,2.3205,2.3254,1766933.7
2024-12-21 20:00:00+09:00,2.3254,2.3275,2.3240,2.3244,772252.8
2024-12-21 20:01:00+09:00,2.3244,2.3274,2.3238,2.3256,1747225.4
2024-12-21 20:02:00+09:00,2.3256,2.3256,2.3195,2.3211,656434.9
2024-12-21 20:03:00+09:00,2.3211,2.3217,2.3181,2.3183,839749.1
2024-12-21 20:04:00+09:00,2.3183,2.3201,2.3175,2.3178,445751.1
2024-12-21 20:05:00+09:00,2.3178,2.3192,2.3163,2.3190,550443.4
2024-12-21 20:06:00+09:00,2.3189,2.3193,2.3161,2.3171,325893.9
2024-12-21 20:07:00+09:00,2.3170,2.3196,2.3162,2.3190,279984.0
2024-12-21 20:08:00+09:00,2.3191,2.3222,2.3188,2.3193,648662.3
2024-12-21 20:09:00+09:00,2.3194,2.3210,2.3189,2.3200,415332.1
2024-12-21 20:10:00+09:00,2.3200,2.3200,2.3166,2.3184,348330.6
2024-12-21 20:11:00+09:00,2.3185,2.3202,2.3142,2.3152,702171.7
2024-12-21 20:12:00+09:00,2.3152,2.3155,2.3112,2.3135,650230.5
2024-12-21 20:13:00+09:00,2.3136,2.3159,2.3135,2.3157,340025.8
2024-12-21 20:14:00+09:00,2.3157,2.3184,2.3151,2.3176,195632.4
2024-12-21 20:15:00+09:00,2.3176,2.3185,2.3152,2.3176,279702.7
2024-12-21 20:16:00+09:00,2.3176,2.3200,2.3168,2.3179,316603.7
2024-12-21 20:17:00+09:00,2.3179,2.3189,2.3161,2.3178,302882.7
2024-12-21 20:18:00+09:00,2.3178,2.3178,2.3128,2.3134,528423.1
2024-12-21 20:19:00+09:00,2.3133,2.3169,2.3133,2.3150,255902.3
2024-12-21 20:20:00+09:00,2.3149,2.3188,2.3126,2.3179,615182.1
2024-12-21 20:21:00+09:00,2.3180,2.3185,2.3127,2.3127,314363.4
2024-12-21 20:22:00+09:00,2.3127,2.3135,2.3080,2.3080,781585.0
2024-12-21 20:23:00+09:00,2.3080,2.3094,2.3021,2.3035,1339059.0
2024-12-21 20:24:00+09:00,2.3036,2.3085,2.3036,2.3054,1218584.9
2024-12-21 20:25:00+09:00,2.3054,2.3054,2.2950,2.2966,2897738.6
2024-12-21 20:26:00+09:00,2.2967,2.2981,2.2927,2.2952,2121409.6
2024-12-21 20:27:00+09:00,2.2952,2.2992,2.2883,2.2913,2966218.4
2024-12-21 20:28:00+09:00,2.2911,2.2918,2.2860,2.2866,3882312.5
2024-12-21 20:29:00+09:00,2.2866,2.2900,2.2852,2.2900,2624126.0
2024-12-21 20:30:00+09:00,2.2900,2.2945,2.2887,2.2926,2759640.7
2024-12-21 20:31:00+09:00,2.2925,2.2925,2.2838,2.2915,2624003.2
2024-12-21 20:32:00+09:00,2.2915,2.2999,2.2882,2.2994,1464592.7
2024-12-21 20:33:00+09:00,2.2993,2.3001,2.2942,2.2956,1689874.2
2024-12-21 20:34:00+09:00,2.2957,2.2975,2.2922,2.2964,819230.7
2024-12-21 20:35:00+09:00,2.2964,2.3003,2.2910,2.2937,2333887.3
2024-12-21 20:36:00+09:00,2.2938,2.2952,2.2909,2.2951,682883.8
2024-12-21 20:37:00+09:00,2.2951,2.3035,2.2935,2.3027,1016881.3
2024-12-21 20:38:00+09:00,2.3027,2.3049,2.3010,2.3017,1456332.4
2024-12-21 20:39:00+09:00,2.3018,2.3034,2.2996,2.3009,588519.2
2024-12-21 20:40:00+09:00,2.3008,2.3029,2.2991,2.3006,860501.9
2024-12-21 20:41:00+09:00,2.3005,2.3038,2.3002,2.3014,466689.7
2024-12-21 20:42:00+09:00,2.3013,2.3026,2.3000,2.3020,439868.3
2024-12-21 20:43:00+09:00,2.3020,2.3040,2.3005,2.3034,551610.6
2024-12-21 20:44:00+09:00,2.3033,2.3048,2.3021,2.3041,605927.4
2024-12-21 20:45:00+09:00,2.3041,2.3088,2.3041,2.3087,1099634.3
2024-12-21 20:46:00+09:00,2.3087,2.3102,2.3042,2.3063,951826.6
2024-12-21 20:47:00+09:00,2.3063,2.3081,2.2983,2.3002,982218.8
2024-12-21 20:48:00+09:00,2.3003,2.3018,2.2964,2.2974,765152.2
2024-12-21 20:49:00+09:00,2.2974,2.2992,2.2955,2.2977,580488.8
2024-12-21 20:50:00+09:00,2.2977,2.3019,2.2976,2.3013,347185.4
2024-12-21 20:51:00+09:00,2.3014,2.3039,2.3006,2.3020,740802.3
2024-12-21 20:52:00+09:00,2.3020,2.3032,2.3004,2.3029,274249.6
2024-12-21 20:53:00+09:00,2.3029,2.3048,2.3022,2.3042,253774.9
2024-12-21 20:54:00+09:00,2.3041,2.3059,2.3031,2.3059,377826.8
2024-12-21 20:55:00+09:00,2.3060,2.3078,2.3045,2.3049,479065.9
2024-12-21 20:56:00+09:00,2.3050,2.3067,2.3036,2.3066,597146.9
2024-12-21 20:57:00+09:00,2.3067,2.3072,2.3024,2.3036,303464.8
2024-12-21 20:58:00+09:00,2.3036,2.3077,2.3032,2.3072,389341.9
2024-12-21 20:59:00+09:00,2.3073,2.3090,2.3057,2.3063,569720.3
2024-12-21 21:00:00+09:00,2.3064,2.3067,2.3020,2.3049,591938.2
2024-12-21 21:01:00+09:00,2.3047,2.3063,2.3016,2.3031,442544.0
2024-12-21 21:02:00+09:00,2.3031,2.3031,2.2964,2.2967,1060224.0
2024-12-21 21:03:00+09:00,2.2967,2.3024,2.2941,2.3015,1168291.5
2024-12-21 21:04:00+09:00,2.3015,2.3015,2.2974,2.2985,511926.8
2024-12-21 21:05:00+09:00,2.2984,2.2986,2.2942,2.2967,556707.1
2024-12-21 21:06:00+09:00,2.2968,2.2975,2.2940,2.2952,615421.0
2024-12-21 21:07:00+09:00,2.2953,2.2953,2.2875,2.2903,1881226.9
2024-12-21 21:08:00+09:00,2.2902,2.2909,2.2767,2.2809,4175570.5
2024-12-21 21:09:00+09:00,2.2809,2.2840,2.2797,2.2808,2186529.8
2024-12-21 21:10:00+09:00,2.2808,2.2826,2.2738,2.2762,3309677.9
2024-12-21 21:11:00+09:00,2.2761,2.2816,2.2720,2.2811,2705823.9
2024-12-21 21:12:00+09:00,2.2810,2.2880,2.2800,2.2864,1226541.2
2024-12-21 21:13:00+09:00,2.2864,2.2866,2.2763,2.2779,1312374.2
2024-12-21 21:14:00+09:00,2.2780,2.2832,2.2780,2.2804,1069826.8
2024-12-21 21:15:00+09:00,2.2805,2.2845,2.2793,2.2839,1152069.1
2024-12-21 21:16:00+09:00,2.2838,2.2865,2.2819,2.2851,1325380.7
2024-12-21 21:17:00+09:00,2.2852,2.2878,2.2821,2.2869,607705.2
2024-12-21 21:18:00+09:00,2.2869,2.2934,2.2864,2.2916,1810316.4
2024-12-21 21:19:00+09:00,2.2915,2.2938,2.2898,2.2929,714988.2
2024-12-21 21:20:00+09:00,2.2930,2.2930,2.2858,2.2888,857983.8
2024-12-21 21:21:00+09:00,2.2888,2.2932,2.2882,2.2926,635664.6
2024-12-21 21:22:00+09:00,2.2925,2.2932,2.2902,2.2918,402002.1
2024-12-21 21:23:00+09:00,2.2918,2.2923,2.2842,2.2860,894530.1
2024-12-21 21:24:00+09:00,2.2860,2.2868,2.2829,2.2867,727156.6
2024-12-21 21:25:00+09:00,2.2867,2.2887,2.2832,2.2834,632746.8
2024-12-21 21:26:00+09:00,2.2833,2.2848,2.2796,2.2798,980767.7
2024-12-21 21:27:00+09:00,2.2798,2.2849,2.2798,2.2832,992762.6
2024-12-21 21:28:00+09:00,2.2832,2.2832,2.2731,2.2735,2597733.4
2024-12-21 21:29:00+09:00,2.2736,2.2748,2.2681,2.2687,2037651.2
2024-12-21 21:30:00+09:00,2.2686,2.2686,2.2583,2.2675,5935574.3
2024-12-21 21:31:00+09:00,2.2675,2.2691,2.2614,2.2620,1869765.1
2024-12-21 21:32:00+09:00,2.2621,2.2638,2.2525,2.2562,5171848.0
2024-12-21 21:33:00+09:00,2.2562,2.2599,2.2558,2.2581,2793120.8
2024-12-21 21:34:00+09:00,2.2581,2.2588,2.2527,2.2572,2004817.7
2024-12-21 21:35:00+09:00,2.2571,2.2584,2.2468,2.2493,4746497.1
2024-12-21 21:36:00+09:00,2.2494,2.2545,2.2447,2.2471,3471298.0
2024-12-21 21:37:00+09:00,2.2470,2.2516,2.2432,2.2442,2762450.0
2024-12-21 21:38:00+09:00,2.2441,2.2458,2.2389,2.2409,3883443.7
2024-12-21 21:39:00+09:00,2.2409,2.2482,2.2373,2.2449,3666692.9
2024-12-21 21:40:00+09:00,2.2449,2.2536,2.2408,2.2489,3918399.0
2024-12-21 21:41:00+09:00,2.2489,2.2533,2.2470,2.2484,2521066.4
2024-12-21 21:42:00+09:00,2.2485,2.2494,2.2347,2.2397,4118420.5
2024-12-21 21:43:00+09:00,2.2397,2.2421,2.2350,2.2359,2792622.8
2024-12-21 21:44:00+09:00,2.2358,2.2395,2.2329,2.2377,2292684.4
2024-12-21 21:45:00+09:00,2.2378,2.2452,2.2377,2.2440,2646153.3
2024-12-21 21:46:00+09:00,2.2441,2.2476,2.2404,2.2413,2638137.7
2024-12-21 21:47:00+09:00,2.2412,2.2466,2.2406,2.2457,2524972.5
2024-12-21 21:48:00+09:00,2.2458,2.2504,2.2424,2.2471,1794514.0
2024-12-21 21:49:00+09:00,2.2472,2.2474,2.2416,2.2440,1542946.5
2024-12-21 21:50:00+09:00,2.2439,2.2468,2.2380,2.2440,1731446.3
2024-12-21 21:51:00+09:00,2.2440,2.2515,2.2433,2.2508,2088962.0
2024-12-21 21:52:00+09:00,2.2508,2.2560,2.2504,2.2559,2677666.4
2024-12-21 21:53:00+09:00,2.2560,2.2614,2.2538,2.2553,2472330.3
2024-12-21 21:54:00+09:00,2.2553,2.2568,2.2495,2.2525,1758318.7
2024-12-21 21:55:00+09:00,2.2526,2.2537,2.2486,2.2490,1202787.8
2024-12-21 21:56:00+09:00,2.2490,2.2507,2.2408,2.2468,3827760.8
2024-12-21 21:57:00+09:00,2.2467,2.2467,2.2412,2.2457,1837777.0
2024-12-21 21:58:00+09:00,2.2457,2.2513,2.2453,2.2469,1441475.6
2024-12-21 21:59:00+09:00,2.2468,2.2475,2.2422,2.2432,1241137.9
2024-12-21 22:00:00+09:00,2.2432,2.2496,2.2425,2.2463,1787105.2
2024-12-21 22:01:00+09:00,2.2464,2.2517,2.2445,2.2495,1679599.0
2024-12-21 22:02:00+09:00,2.2494,2.2529,2.2480,2.2509,1490227.9
2024-12-21 22:03:00+09:00,2.2508,2.2585,2.2480,2.2560,1805747.7
2024-12-21 22:04:00+09:00,2.2561,2.2574,2.2497,2.2506,1704761.7
2024-12-21 22:05:00+09:00,2.2505,2.2563,2.2505,2.2517,1814357.6
2024-12-21 22:06:00+09:00,2.2517,2.2591,2.2503,2.2556,2082092.9
2024-12-21 22:07:00+09:00,2.2555,2.2586,2.2548,2.2565,2057886.9
2024-12-21 22:08:00+09:00,2.2565,2.2575,2.2510,2.2517,1393826.6
2024-12-21 22:09:00+09:00,2.2517,2.2550,2.2500,2.2547,1171754.9
2024-12-21 22:10:00+09:00,2.2547,2.2561,2.2425,2.2430,1355699.6
2024-12-21 22:11:00+09:00,2.2431,2.2558,2.2431,2.2549,1423340.5
2024-12-21 22:12:00+09:00,2.2549,2.2586,2.2510,2.2515,1288823.4
2024-12-21 22:13:00+09:00,2.2515,2.2528,2.2492,2.2501,1124162.1
2024-12-21 22:14:00+09:00,2.2500,2.2505,2.2458,2.2480,1070607.6
2024-12-21 22:15:00+09:00,2.2479,2.2500,2.2402,2.2405,1650210.3
2024-12-21 22:16:00+09:00,2.2405,2.2443,2.2379,2.2387,1764608.3
2024-12-21 22:17:00+09:00,2.2385,2.2407,2.2302,2.2327,4260437.1
2024-12-21 22:18:00+09:00,2.2329,2.2394,2.2329,2.2336,1524446.7
2024-12-21 22:19:00+09:00,2.2337,2.2377,2.2324,2.2341,1470834.8
2024-12-21 22:20:00+09:00,2.2340,2.2366,2.2315,2.2327,1669059.6
2024-12-21 22:21:00+09:00,2.2327,2.2351,2.2275,2.2275,2957755.9
2024-12-21 22:22:00+09:00,2.2276,2.2308,2.2203,2.2214,6087881.8
2024-12-21 22:23:00+09:00,2.2214,2.2251,2.2158,2.2170,5423597.9
2024-12-21 22:24:00+09:00,2.2170,2.2231,2.2130,2.2222,5694146.7
2024-12-21 22:25:00+09:00,2.2221,2.2248,2.2168,2.2182,4321976.5
2024-12-21 22:26:00+09:00,2.2181,2.2275,2.2162,2.2229,2979551.9
2024-12-21 22:27:00+09:00,2.2228,2.2237,2.2128,2.2132,2550958.4
2024-12-21 22:28:00+09:00,2.2132,2.2212,2.2113,2.2123,2952632.5
2024-12-21 22:29:00+09:00,2.2124,2.2161,2.2100,2.2148,3325621.5
2024-12-21 22:30:00+09:00,2.2147,2.2214,2.2073,2.2085,3886209.6
2024-12-21 22:31:00+09:00,2.2084,2.2088,2.2012,2.2025,4448442.5
2024-12-21 22:32:00+09:00,2.2025,2.2078,2.2000,2.2024,4329114.6
2024-12-21 22:33:00+09:00,2.2024,2.2091,2.1917,2.2077,7432681.1
2024-12-21 22:34:00+09:00,2.2077,2.2204,2.2070,2.2204,4202033.1
2024-12-21 22:35:00+09:00,2.2203,2.2245,2.2150,2.2230,4323736.3
2024-12-21 22:36:00+09:00,2.2228,2.2284,2.2171,2.2257,3018828.7
2024-12-21 22:37:00+09:00,2.2256,2.2354,2.2249,2.2352,3409127.2
2024-12-21 22:38:00+09:00,2.2352,2.2352,2.2252,2.2310,3818708.0
2024-12-21 22:39:00+09:00,2.2309,2.2330,2.2233,2.2249,2284337.9
2024-12-21 22:40:00+09:00,2.2248,2.2273,2.2214,2.2252,1830538.4
2024-12-21 22:41:00+09:00,2.2252,2.2315,2.2249,2.2306,2219331.6
2024-12-21 22:42:00+09:00,2.2306,2.2350,2.2279,2.2344,2266654.0
2024-12-21 22:43:00+09:00,2.2343,2.2390,2.2309,2.2389,2464522.0
2024-12-21 22:44:00+09:00,2.2390,2.2428,2.2353,2.2361,3560968.9
2024-12-21 22:45:00+09:00,2.2362,2.2511,2.2354,2.2506,3645818.7
2024-12-21 22:46:00+09:00,2.2506,2.2530,2.2476,2.2516,4254117.5
2024-12-21 22:47:00+09:00,2.2517,2.2570,2.2509,2.2520,3856036.7
2024-12-21 22:48:00+09:00,2.2520,2.2545,2.2480,2.2481,2179002.0
2024-12-21 22:49:00+09:00,2.2481,2.2530,2.2471,2.2526,2196214.6
2024-12-21 22:50:00+09:00,2.2526,2.2530,2.2388,2.2400,2874665.3
2024-12-21 22:51:00+09:00,2.2400,2.2435,2.2351,2.2400,3049614.3
2024-12-21 22:52:00+09:00,2.2397,2.2432,2.2370,2.2411,1692095.3
2024-12-21 22:53:00+09:00,2.2410,2.2417,2.2362,2.2370,1131678.0
2024-12-21 22:54:00+09:00,2.2369,2.2410,2.2345,2.2345,1090131.1
2024-12-21 22:55:00+09:00,2.2345,2.2391,2.2330,2.2391,1855797.1
2024-12-21 22:56:00+09:00,2.2390,2.2422,2.2367,2.2371,1192707.2
2024-12-21 22:57:00+09:00,2.2371,2.2445,2.2370,2.2436,1776675.1
2024-12-21 22:58:00+09:00,2.2436,2.2473,2.2407,2.2473,1332437.5
2024-12-21 22:59:00+09:00,2.2472,2.2478,2.2400,2.2401,1508821.8
2024-12-21 23:00:00+09:00,2.2400,2.2492,2.2387,2.2453,2442763.4
2024-12-21 23:01:00+09:00,2.2453,2.2530,2.2453,2.2530,1572787.1
2024-12-21 23:02:00+09:00,2.2530,2.2575,2.2507,2.2559,2865306.6
2024-12-21 23:03:00+09:00,2.2560,2.2561,2.2505,2.2530,2160406.6
2024-12-21 23:04:00+09:00,2.2531,2.2562,2.2525,2.2542,1382587.1
2024-12-21 23:05:00+09:00,2.2542,2.2546,2.2448,2.2484,2134270.6
2024-12-21 23:06:00+09:00,2.2485,2.2508,2.2443,2.2505,1278083.6
2024-12-21 23:07:00+09:00,2.2505,2.2554,2.2500,2.2543,1216954.3
2024-12-21 23:08:00+09:00,2.2542,2.2583,2.2515,2.2516,1378615.3
2024-12-21 23:09:00+09:00,2.2515,2.2568,2.2511,2.2528,1561243.7
2024-12-21 23:10:00+09:00,2.2529,2.2572,2.2508,2.2557,1094870.9
2024-12-21 23:11:00+09:00,2.2557,2.2610,2.2540,2.2565,1652895.3
2024-12-21 23:12:00+09:00,2.2566,2.2612,2.2556,2.2589,1369475.5
2024-12-21 23:13:00+09:00,2.2588,2.2614,2.2577,2.2597,906482.0
2024-12-21 23:14:00+09:00,2.2597,2.2648,2.2587,2.2601,1670556.1
2024-12-21 23:15:00+09:00,2.2602,2.2605,2.2518,2.2560,1870993.9
2024-12-21 23:16:00+09:00,2.2560,2.2613,2.2549,2.2607,1391336.0
2024-12-21 23:17:00+09:00,2.2607,2.2620,2.2589,2.2599,999066.8
2024-12-21 23:18:00+09:00,2.2600,2.2609,2.2582,2.2602,818080.4
2024-12-21 23:19:00+09:00,2.2603,2.2618,2.2570,2.2599,1385232.6
2024-12-21 23:20:00+09:00,2.2599,2.2610,2.2528,2.2529,1358045.9
2024-12-21 23:21:00+09:00,2.2530,2.2537,2.2490,2.2508,1358868.2
2024-12-21 23:22:00+09:00,2.2509,2.2520,2.2468,2.2505,1096003.6
2024-12-21 23:23:00+09:00,2.2506,2.2536,2.2474,2.2478,871355.4
2024-12-21 23:24:00+09:00,2.2477,2.2482,2.2420,2.2434,1557299.2
2024-12-21 23:25:00+09:00,2.2433,2.2444,2.2385,2.2444,1818574.6
2024-12-21 23:26:00+09:00,2.2444,2.2450,2.2390,2.2418,1267769.5
2024-12-21 23:27:00+09:00,2.2417,2.2470,2.2406,2.2463,896683.5
2024-12-21 23:28:00+09:00,2.2462,2.2513,2.2462,2.2489,863078.9
2024-12-21 23:29:00+09:00,2.2490,2.2512,2.2469,2.2499,698953.4
2024-12-21 23:30:00+09:00,2.2498,2.2526,2.2479,2.2485,839008.0
2024-12-21 23:31:00+09:00,2.2486,2.2555,2.2486,2.2546,1070116.2
2024-12-21 23:32:00+09:00,2.2547,2.2565,2.2526,2.2543,636699.4
2024-12-21 23:33:00+09:00,2.2542,2.2572,2.2530,2.2533,746416.7
2024-12-21 23:34:00+09:00,2.2534,2.2575,2.2533,2.2545,438398.0
2024-12-21 23:35:00+09:00,2.2546,2.2590,2.2522,2.2584,1160502.3
2024-12-21 23:36:00+09:00,2.2583,2.2598,2.2542,2.2547,1210414.5
2024-12-21 23:37:00+09:00,2.2547,2.2549,2.2470,2.2479,1377465.4
2024-12-21 23:38:00+09:00,2.2479,2.2506,2.2456,2.2491,1022793.8
2024-12-21 23:39:00+09:00,2.2491,2.2500,2.2452,2.2468,833803.0
2024-12-21 23:40:00+09:00,2.2467,2.2480,2.2439,2.2473,671940.1
2024-12-21 23:41:00+09:00,2.2472,2.2472,2.2444,2.2449,750563.3
2024-12-21 23:42:00+09:00,2.2450,2.2454,2.2389,2.2417,1855719.9
2024-12-21 23:43:00+09:00,2.2417,2.2417,2.2318,2.2365,2749759.8
2024-12-21 23:44:00+09:00,2.2365,2.2409,2.2351,2.2397,1412418.8
2024-12-21 23:45:00+09:00,2.2396,2.2440,2.2364,2.2388,1338632.8
2024-12-21 23:46:00+09:00,2.2387,2.2450,2.2364,2.2432,1071899.0
2024-12-21 23:47:00+09:00,2.2431,2.2503,2.2430,2.2496,1235365.6
2024-12-21 23:48:00+09:00,2.2495,2.2532,2.2469,2.2527,1511565.1
2024-12-21 23:49:00+09:00,2.2527,2.2533,2.2480,2.2487,1016560.9
2024-12-21 23:50:00+09:00,2.2487,2.2488,2.2436,2.2458,1172503.3
2024-12-21 23:51:00+09:00,2.2458,2.2467,2.2378,2.2435,1500401.8
2024-12-21 23:52:00+09:00,2.2434,2.2491,2.2430,2.2459,762310.8
2024-12-21 23:53:00+09:00,2.2458,2.2480,2.2412,2.2423,578697.3
2024-12-21 23:54:00+09:00,2.2423,2.2429,2.2346,2.2387,1165294.4
2024-12-21 23:55:00+09:00,2.2386,2.2387,2.2334,2.2374,1113256.8
2024-12-21 23:56:00+09:00,2.2373,2.2376,2.2342,2.2368,849465.2
2024-12-21 23:57:00+09:00,2.2369,2.2386,2.2355,2.2378,762301.4
2024-12-21 23:58:00+09:00,2.2379,2.2379,2.2316,2.2324,738912.8
2024-12-21 23:59:00+09:00,2.2324,2.2330,2.2232,2.2315,3948618.6
2024-12-22 00:00:00+09:00,2.2315,2.2393,2.2314,2.2378,1532966.5
2024-12-22 00:01:00+09:00,2.2378,2.2390,2.2345,2.2350,869469.1
2024-12-22 00:02:00+09:00,2.2350,2.2393,2.2330,2.2360,755507.5
2024-12-22 00:03:00+09:00,2.2356,2.2397,2.2343,2.2367,630743.2
2024-12-22 00:04:00+09:00,2.2366,2.2433,2.2351,2.2427,1358177.9
2024-12-22 00:05:00+09:00,2.2426,2.2459,2.2400,2.2435,1583550.1
2024-12-22 00:06:00+09:00,2.2434,2.2513,2.2424,2.2490,1791585.7
2024-12-22 00:07:00+09:00,2.2490,2.2516,2.2486,2.2515,880002.7
2024-12-22 00:08:00+09:00,2.2515,2.2547,2.2454,2.2459,897865.4
2024-12-22 00:09:00+09:00,2.2459,2.2482,2.2419,2.2475,1518080.9
2024-12-22 00:10:00+09:00,2.2475,2.2479,2.2432,2.2453,1150336.0
2024-12-22 00:11:00+09:00,2.2453,2.2459,2.2406,2.2417,1211793.1
2024-12-22 00:12:00+09:00,2.2417,2.2440,2.2366,2.2378,1404469.7
2024-12-22 00:13:00+09:00,2.2378,2.2388,2.2351,2.2387,853204.8
2024-12-22 00:14:00+09:00,2.2388,2.2442,2.2381,2.2436,579647.0
2024-12-22 00:15:00+09:00,2.2435,2.2511,2.2427,2.2487,1715480.7
2024-12-22 00:16:00+09:00,2.2486,2.2539,2.2473,2.2538,775222.2
2024-12-22 00:17:00+09:00,2.2538,2.2549,2.2507,2.2546,935297.0
2024-12-22 00:18:00+09:00,2.2546,2.2563,2.2532,2.2541,1404370.4
2024-12-22 00:19:00+09:00,2.2541,2.2545,2.2483,2.2488,834676.6
2024-12-22 00:20:00+09:00,2.2487,2.2506,2.2464,2.2506,2113860.0
2024-12-22 00:21:00+09:00,2.2506,2.2589,2.2495,2.2578,2028974.0
2024-12-22 00:22:00+09:00,2.2578,2.2578,2.2528,2.2534,835287.0
2024-12-22 00:23:00+09:00,2.2535,2.2576,2.2525,2.2570,567243.7
2024-12-22 00:24:00+09:00,2.2571,2.2607,2.2564,2.2572,1743480.6
2024-12-22 00:25:00+09:00,2.2573,2.2613,2.2572,2.2605,1205717.7
2024-12-22 00:26:00+09:00,2.2605,2.2640,2.2603,2.2603,1063923.5
2024-12-22 00:27:00+09:00,2.2603,2.2614,2.2553,2.2565,809567.9
2024-12-22 00:28:00+09:00,2.2566,2.2579,2.2533,2.2572,736394.4
2024-12-22 00:29:00+09:00,2.2573,2.2578,2.2549,2.2557,255953.4
2024-12-22 00:30:00+09:00,2.2557,2.2583,2.2534,2.2580,894897.5
2024-12-22 00:31:00+09:00,2.2580,2.2639,2.2580,2.2619,961724.8
2024-12-22 00:32:00+09:00,2.2617,2.2619,2.2566,2.2575,694707.4
2024-12-22 00:33:00+09:00,2.2575,2.2589,2.2546,2.2549,915222.6
2024-12-22 00:34:00+09:00,2.2550,2.2591,2.2544,2.2572,538616.8
2024-12-22 00:35:00+09:00,2.2572,2.2607,2.2551,2.2591,746665.9
2024-12-22 00:36:00+09:00,2.2592,2.2595,2.2542,2.2545,678609.2
2024-12-22 00:37:00+09:00,2.2546,2.2551,2.2504,2.2511,1685028.3
2024-12-22 00:38:00+09:00,2.2511,2.2557,2.2511,2.2540,646164.7
2024-12-22 00:39:00+09:00,2.2541,2.2586,2.2535,2.2565,1077115.3
2024-12-22 00:40:00+09:00,2.2564,2.2582,2.2521,2.2523,526283.9
2024-12-22 00:41:00+09:00,2.2523,2.2543,2.2482,2.2489,1015064.0
2024-12-22 00:42:00+09:00,2.2488,2.2513,2.2481,2.2496,563345.5
2024-12-22 00:43:00+09:00,2.2497,2.2514,2.2483,2.2492,400500.3
2024-12-22 00:44:00+09:00,2.2493,2.2496,2.2459,2.2484,558803.1
2024-12-22 00:45:00+09:00,2.2484,2.2537,2.2465,2.2523,815533.6
2024-12-22 00:46:00+09:00,2.2523,2.2566,2.2518,2.2532,910601.8
2024-12-22 00:47:00+09:00,2.2532,2.2576,2.2527,2.2562,515277.6
2024-12-22 00:48:00+09:00,2.2562,2.2599,2.2552,2.2598,446611.2
2024-12-22 00:49:00+09:00,2.2598,2.2618,2.2581,2.2602,845702.6
2024-12-22 00:50:00+09:00,2.2602,2.2643,2.2599,2.2619,626487.2
2024-12-22 00:51:00+09:00,2.2619,2.2638,2.2609,2.2610,622993.1
2024-12-22 00:52:00+09:00,2.2609,2.2614,2.2580,2.2611,612105.4
2024-12-22 00:53:00+09:00,2.2611,2.2611,2.2553,2.2562,405840.9
2024-12-22 00:54:00+09:00,2.2561,2.2565,2.2510,2.2528,540435.3
2024-12-22 00:55:00+09:00,2.2529,2.2580,2.2510,2.2571,754748.1
2024-12-22 00:56:00+09:00,2.2569,2.2576,2.2548,2.2564,467717.3
2024-12-22 00:57:00+09:00,2.2563,2.2566,2.2537,2.2560,348153.9
2024-12-22 00:58:00+09:00,2.2561,2.2589,2.2552,2.2552,314258.9
2024-12-22 00:59:00+09:00,2.2553,2.2573,2.2542,2.2569,392448.9
2024-12-22 01:00:00+09:00,2.2569,2.2584,2.2507,2.2508,1011863.8
2024-12-22 01:01:00+09:00,2.2508,2.2550,2.2452,2.2464,1346160.1
2024-12-22 01:02:00+09:00,2.2464,2.2500,2.2458,2.2473,743532.4
2024-12-22 01:03:00+09:00,2.2474,2.2485,2.2369,2.2373,3537145.4
2024-12-22 01:04:00+09:00,2.2373,2.2383,2.2309,2.2315,1584763.0
2024-12-22 01:05:00+09:00,2.2315,2.2341,2.2279,2.2341,2230150.5
2024-12-22 01:06:00+09:00,2.2342,2.2386,2.2291,2.2299,1632268.7
2024-12-22 01:07:00+09:00,2.2298,2.2302,2.2218,2.2258,2917027.3
2024-12-22 01:08:00+09:00,2.2258,2.2273,2.2232,2.2240,1081794.7
2024-12-22 01:09:00+09:00,2.2240,2.2270,2.2183,2.2194,2221716.4
2024-12-22 01:10:00+09:00,2.2194,2.2259,2.2193,2.2251,1395403.8
2024-12-22 01:11:00+09:00,2.2251,2.2310,2.2236,2.2274,1552749.2
2024-12-22 01:12:00+09:00,2.2275,2.2366,2.2275,2.2359,1291545.8
2024-12-22 01:13:00+09:00,2.2360,2.2423,2.2359,2.2394,1659025.1
2024-12-22 01:14:00+09:00,2.2395,2.2512,2.2390,2.2507,2131966.1
2024-12-22 01:15:00+09:00,2.2508,2.2561,2.2425,2.2473,2450704.7
2024-12-22 01:16:00+09:00,2.2472,2.2562,2.2466,2.2552,1607249.6
2024-12-22 01:17:00+09:00,2.2552,2.2618,2.2542,2.2599,3072738.1
2024-12-22 01:18:00+09:00,2.2599,2.2635,2.2581,2.2586,1594080.2
2024-12-22 01:19:00+09:00,2.2587,2.2622,2.2521,2.2555,2212578.9
2024-12-22 01:20:00+09:00,2.2556,2.2568,2.2522,2.2567,885649.6
2024-12-22 01:21:00+09:00,2.2567,2.2631,2.2567,2.2623,1537373.7
2024-12-22 01:22:00+09:00,2.2624,2.2630,2.2554,2.2566,1118621.0
2024-12-22 01:23:00+09:00,2.2567,2.2569,2.2517,2.2560,1115356.6
2024-12-22 01:24:00+09:00,2.2561,2.2573,2.2538,2.2545,567721.6
2024-12-22 01:25:00+09:00,2.2545,2.2554,2.2509,2.2540,939524.6
2024-12-22 01:26:00+09:00,2.2539,2.2552,2.2522,2.2533,560362.5
2024-12-22 01:27:00+09:00,2.2532,2.2585,2.2528,2.2567,562343.7
2024-12-22 01:28:00+09:00,2.2566,2.2578,2.2536,2.2546,431356.8
2024-12-22 01:29:00+09:00,2.2546,2.2557,2.2517,2.2544,473644.1
2024-12-22 01:30:00+09:00,2.2544,2.2606,2.2540,2.2549,833851.7
2024-12-22 01:31:00+09:00,2.2549,2.2567,2.2518,2.2538,543330.1
2024-12-22 01:32:00+09:00,2.2538,2.2552,2.2469,2.2474,1364231.7
2024-12-22 01:33:00+09:00,2.2474,2.2501,2.2393,2.2461,2040457.1
2024-12-22 01:34:00+09:00,2.2461,2.2465,2.2387,2.2394,1171721.8
2024-12-22 01:35:00+09:00,2.2394,2.2420,2.2359,2.2383,827210.9
2024-12-22 01:36:00+09:00,2.2383,2.2392,2.2323,2.2334,1552312.5
2024-12-22 01:37:00+09:00,2.2334,2.2400,2.2306,2.2384,2371752.4
2024-12-22 01:38:00+09:00,2.2385,2.2471,2.2360,2.2459,1308389.0
2024-12-22 01:39:00+09:00,2.2459,2.2464,2.2398,2.2403,1102207.0
2024-12-22 01:40:00+09:00,2.2402,2.2407,2.2341,2.2352,1204216.7
2024-12-22 01:41:00+09:00,2.2353,2.2378,2.2333,2.2359,793766.6
2024-12-22 01:42:00+09:00,2.2359,2.2383,2.2320,2.2324,926974.2
2024-12-22 01:43:00+09:00,2.2324,2.2340,2.2274,2.2274,1506905.5
2024-12-22 01:44:00+09:00,2.2274,2.2295,2.2252,2.2291,1039561.0
2024-12-22 01:45:00+09:00,2.2291,2.2330,2.2268,2.2325,1855828.0
2024-12-22 01:46:00+09:00,2.2324,2.2365,2.2318,2.2342,818119.8
2024-12-22 01:47:00+09:00,2.2343,2.2376,2.2336,2.2340,1067356.6
2024-12-22 01:48:00+09:00,2.2339,2.2365,2.2313,2.2337,810608.5
2024-12-22 01:49:00+09:00,2.2337,2.2394,2.2325,2.2360,660620.3
2024-12-22 01:50:00+09:00,2.2361,2.2418,2.2354,2.2392,899646.3
2024-12-22 01:51:00+09:00,2.2392,2.2438,2.2376,2.2416,1062717.5
2024-12-22 01:52:00+09:00,2.2416,2.2456,2.2387,2.2387,810516.6
2024-12-22 01:53:00+09:00,2.2386,2.2394,2.2315,2.2333,1192515.1
2024-12-22 01:54:00+09:00,2.2333,2.2364,2.2316,2.2363,606548.1
2024-12-22 01:55:00+09:00,2.2363,2.2418,2.2358,2.2368,722405.4
2024-12-22 01:56:00+09:00,2.2368,2.2398,2.2332,2.2339,692989.1
2024-12-22 01:57:00+09:00,2.2339,2.2401,2.2334,2.2385,572757.2
2024-12-22 01:58:00+09:00,2.2385,2.2429,2.2373,2.2373,741122.4
2024-12-22 01:59:00+09:00,2.2373,2.2379,2.2344,2.2360,524543.1
2024-12-22 02:00:00+09:00,2.2360,2.2393,2.2326,2.2377,867531.9
2024-12-22 02:01:00+09:00,2.2377,2.2405,2.2309,2.2310,1021292.5
2024-12-22 02:02:00+09:00,2.2310,2.2394,2.2292,2.2379,1532365.9
2024-12-22 02:03:00+09:00,2.2379,2.2415,2.2356,2.2382,780507.3
2024-12-22 02:04:00+09:00,2.2382,2.2449,2.2381,2.2449,804956.1
2024-12-22 02:05:00+09:00,2.2448,2.2504,2.2412,2.2417,1803783.0
2024-12-22 02:06:00+09:00,2.2417,2.2417,2.2331,2.2341,1160096.0
2024-12-22 02:07:00+09:00,2.2342,2.2354,2.2303,2.2306,1022343.1
2024-12-22 02:08:00+09:00,2.2306,2.2328,2.2212,2.2320,2707768.7
2024-12-22 02:09:00+09:00,2.2320,2.2349,2.2259,2.2262,1061159.6
2024-12-22 02:10:00+09:00,2.2262,2.2285,2.2231,2.2245,1135930.1
2024-12-22 02:11:00+09:00,2.2245,2.2264,2.2218,2.2252,1209881.7
2024-12-22 02:12:00+09:00,2.2252,2.2283,2.2217,2.2262,695047.4
2024-12-22 02:13:00+09:00,2.2262,2.2312,2.2259,2.2311,730539.1
2024-12-22 02:14:00+09:00,2.2312,2.2355,2.2311,2.2351,1409863.8
2024-12-22 02:15:00+09:00,2.2351,2.2424,2.2337,2.2422,1561098.4
2024-12-22 02:16:00+09:00,2.2422,2.2452,2.2390,2.2397,1532088.6
2024-12-22 02:17:00+09:00,2.2398,2.2407,2.2368,2.2396,1257413.6
2024-12-22 02:18:00+09:00,2.2397,2.2416,2.2354,2.2356,643559.8
2024-12-22 02:19:00+09:00,2.2357,2.2406,2.2347,2.2400,943076.2
2024-12-22 02:20:00+09:00,2.2400,2.2430,2.2370,2.2404,712300.2
2024-12-22 02:21:00+09:00,2.2403,2.2454,2.2394,2.2394,892590.9
2024-12-22 02:22:00+09:00,2.2393,2.2419,2.2347,2.2358,753932.6
2024-12-22 02:23:00+09:00,2.2357,2.2382,2.2306,2.2319,1163506.9
2024-12-22 02:24:00+09:00,2.2319,2.2382,2.2316,2.2380,858172.7
2024-12-22 02:25:00+09:00,2.2381,2.2438,2.2366,2.2421,1064445.7
2024-12-22 02:26:00+09:00,2.2421,2.2474,2.2408,2.2459,1098713.5
2024-12-22 02:27:00+09:00,2.2459,2.2518,2.2459,2.2473,1637982.7
2024-12-22 02:28:00+09:00,2.2474,2.2482,2.2445,2.2453,402135.8
2024-12-22 02:29:00+09:00,2.2454,2.2501,2.2454,2.2469,564715.3
2024-12-22 02:30:00+09:00,2.2468,2.2528,2.2465,2.2508,838874.2
2024-12-22 02:31:00+09:00,2.2507,2.2508,2.2459,2.2461,837739.7
2024-12-22 02:32:00+09:00,2.2461,2.2475,2.2370,2.2392,1116957.2
2024-12-22 02:33:00+09:00,2.2391,2.2400,2.2345,2.2390,905187.3
2024-12-22 02:34:00+09:00,2.2390,2.2424,2.2378,2.2381,540183.5
2024-12-22 02:35:00+09:00,2.2381,2.2407,2.2371,2.2392,467080.6
2024-12-22 02:36:00+09:00,2.2392,2.2446,2.2357,2.2426,2052327.7
2024-12-22 02:37:00+09:00,2.2427,2.2483,2.2416,2.2476,848224.8
2024-12-22 02:38:00+09:00,2.2475,2.2500,2.2448,2.2448,1748511.8
2024-12-22 02:39:00+09:00,2.2448,2.2491,2.2448,2.2487,588654.9
2024-12-22 02:40:00+09:00,2.2488,2.2519,2.2487,2.2502,1173572.1
2024-12-22 02:41:00+09:00,2.2502,2.2528,2.2488,2.2490,481048.0
2024-12-22 02:42:00+09:00,2.2490,2.2499,2.2432,2.2462,694447.0
2024-12-22 02:43:00+09:00,2.2462,2.2494,2.2434,2.2435,550098.3
2024-12-22 02:44:00+09:00,2.2436,2.2456,2.2420,2.2437,573583.6
2024-12-22 02:45:00+09:00,2.2437,2.2521,2.2431,2.2518,1090319.7
2024-12-22 02:46:00+09:00,2.2517,2.2542,2.2503,2.2531,1308608.8
2024-12-22 02:47:00+09:00,2.2530,2.2589,2.2510,2.2580,1043280.8
2024-12-22 02:48:00+09:00,2.2579,2.2580,2.2533,2.2537,714302.4
2024-12-22 02:49:00+09:00,2.2538,2.2568,2.2522,2.2563,592338.5
2024-12-22 02:50:00+09:00,2.2563,2.2627,2.2559,2.2624,1717478.0
2024-12-22 02:51:00+09:00,2.2625,2.2663,2.2572,2.2582,2226208.3
2024-12-22 02:52:00+09:00,2.2583,2.2604,2.2568,2.2600,796915.2
2024-12-22 02:53:00+09:00,2.2599,2.2614,2.2561,2.2573,622394.3
2024-12-22 02:54:00+09:00,2.2573,2.2586,2.2565,2.2578,313048.7
2024-12-22 02:55:00+09:00,2.2577,2.2608,2.2574,2.2583,370451.2
2024-12-22 02:56:00+09:00,2.2584,2.2625,2.2575,2.2622,585634.9
2024-12-22 02:57:00+09:00,2.2622,2.2623,2.2587,2.2601,624673.2
2024-12-22 02:58:00+09:00,2.2602,2.2605,2.2575,2.2583,386119.0
2024-12-22 02:59:00+09:00,2.2583,2.2583,2.2540,2.2546,618182.7
2024-12-22 03:00:00+09:00,2.2546,2.2572,2.2529,2.2540,695471.7
2024-12-22 03:01:00+09:00,2.2540,2.2562,2.2528,2.2544,528579.7
2024-12-22 03:02:00+09:00,2.2544,2.2608,2.2533,2.2590,745252.0
2024-12-22 03:03:00+09:00,2.2590,2.2604,2.2543,2.2546,738176.5
2024-12-22 03:04:00+09:00,2.2546,2.2568,2.2527,2.2534,614419.1
2024-12-22 03:05:00+09:00,2.2534,2.2549,2.2527,2.2534,391291.4
2024-12-22 03:06:00+09:00,2.2534,2.2606,2.2527,2.2557,937742.0
2024-12-22 03:07:00+09:00,2.2557,2.2565,2.2492,2.2496,935470.8
2024-12-22 03:08:00+09:00,2.2497,2.2530,2.2484,2.2529,995485.8
2024-12-22 03:09:00+09:00,2.2528,2.2546,2.2495,2.2525,463627.9
2024-12-22 03:10:00+09:00,2.2525,2.2528,2.2450,2.2459,729773.4
2024-12-22 03:11:00+09:00,2.2460,2.2487,2.2446,2.2453,534895.7
2024-12-22 03:12:00+09:00,2.2454,2.2491,2.2437,2.2478,584933.1
2024-12-22 03:13:00+09:00,2.2477,2.2486,2.2432,2.2437,406590.8
2024-12-22 03:14:00+09:00,2.2436,2.2439,2.2407,2.2409,637234.2
2024-12-22 03:15:00+09:00,2.2409,2.2420,2.2365,2.2381,1183916.0
2024-12-22 03:16:00+09:00,2.2380,2.2430,2.2368,2.2430,916434.0
2024-12-22 03:17:00+09:00,2.2430,2.2471,2.2429,2.2461,890015.4
2024-12-22 03:18:00+09:00,2.2461,2.2514,2.2459,2.2494,939248.8
2024-12-22 03:19:00+09:00,2.2495,2.2528,2.2484,2.2496,716763.7
2024-12-22 03:20:00+09:00,2.2496,2.2524,2.2468,2.2494,634119.9
2024-12-22 03:21:00+09:00,2.2495,2.2534,2.2484,2.2531,398646.2
2024-12-22 03:22:00+09:00,2.2531,2.2557,2.2518,2.2521,505492.7
2024-12-22 03:23:00+09:00,2.2520,2.2536,2.2474,2.2484,1574312.3
2024-12-22 03:24:00+09:00,2.2484,2.2501,2.2437,2.2500,547786.2
2024-12-22 03:25:00+09:00,2.2500,2.2525,2.2470,2.2478,499942.6
2024-12-22 03:26:00+09:00,2.2478,2.2507,2.2460,2.2507,273857.1
2024-12-22 03:27:00+09:00,2.2508,2.2513,2.2469,2.2490,305764.2
2024-12-22 03:28:00+09:00,2.2489,2.2525,2.2484,2.2496,1511016.2
2024-12-22 03:29:00+09:00,2.2496,2.2500,2.2441,2.2467,816712.1
2024-12-22 03:30:00+09:00,2.2467,2.2512,2.2448,2.2493,637931.1
2024-12-22 03:31:00+09:00,2.2493,2.2497,2.2462,2.2478,484919.5
2024-12-22 03:32:00+09:00,2.2479,2.2479,2.2390,2.2393,972260.7
2024-12-22 03:33:00+09:00,2.2393,2.2395,2.2357,2.2374,1038267.6
2024-12-22 03:34:00+09:00,2.2373,2.2429,2.2370,2.2412,664929.9
2024-12-22 03:35:00+09:00,2.2412,2.2454,2.2397,2.2418,889891.0
2024-12-22 03:36:00+09:00,2.2418,2.2420,2.2354,2.2377,872328.3
2024-12-22 03:37:00+09:00,2.2378,2.2378,2.2336,2.2351,810827.9
2024-12-22 03:38:00+09:00,2.2351,2.2368,2.2340,2.2362,456286.5
2024-12-22 03:39:00+09:00,2.2361,2.2382,2.2310,2.2310,1011684.6
2024-12-22 03:40:00+09:00,2.2309,2.2376,2.2309,2.2345,731449.2
2024-12-22 03:41:00+09:00,2.2345,2.2410,2.2337,2.2410,554066.0
2024-12-22 03:42:00+09:00,2.2409,2.2418,2.2377,2.2418,398528.2
2024-12-22 03:43:00+09:00,2.2418,2.2446,2.2404,2.2438,507954.5
2024-12-22 03:44:00+09:00,2.2438,2.2438,2.2408,2.2423,293409.4
2024-12-22 03:45:00+09:00,2.2425,2.2425,2.2329,2.2338,1034334.5
2024-12-22 03:46:00+09:00,2.2338,2.2371,2.2324,2.2325,458844.2
2024-12-22 03:47:00+09:00,2.2325,2.2329,2.2277,2.2299,971696.0
2024-12-22 03:48:00+09:00,2.2299,2.2324,2.2282,2.2296,562134.4
2024-12-22 03:49:00+09:00,2.2297,2.2305,2.2268,2.2268,589889.7
2024-12-22 03:50:00+09:00,2.2268,2.2271,2.2247,2.2263,783911.9
2024-12-22 03:51:00+09:00,2.2263,2.2272,2.2234,2.2253,728867.1
2024-12-22 03:52:00+09:00,2.2254,2.2269,2.2178,2.2194,2103575.8
2024-12-22 03:53:00+09:00,2.2195,2.2216,2.2183,2.2200,821185.8
2024-12-22 03:54:00+09:00,2.2201,2.2216,2.2187,2.2192,740262.9
2024-12-22 03:55:00+09:00,2.2192,2.2223,2.2166,2.2221,1212747.4
2024-12-22 03:56:00+09:00,2.2220,2.2220,2.2195,2.2208,1432403.8
2024-12-22 03:57:00+09:00,2.2208,2.2229,2.2203,2.2220,669550.9
2024-12-22 03:58:00+09:00,2.2220,2.2260,2.2214,2.2258,732534.5
2024-12-22 03:59:00+09:00,2.2258,2.2262,2.2240,2.2262,335302.4
2024-12-22 04:00:00+09:00,2.2262,2.2286,2.2225,2.2225,779963.6
2024-12-22 04:01:00+09:00,2.2224,2.2224,2.2116,2.2135,1891116.4
2024-12-22 04:02:00+09:00,2.2136,2.2240,2.2121,2.2204,1026204.5
2024-12-22 04:03:00+09:00,2.2203,2.2227,2.2164,2.2222,978847.7
2024-12-22 04:04:00+09:00,2.2222,2.2234,2.2173,2.2190,485285.9
2024-12-22 04:05:00+09:00,2.2190,2.2198,2.2065,2.2072,1210114.6
2024-12-22 04:06:00+09:00,2.2074,2.2094,2.2027,2.2051,2944799.9
2024-12-22 04:07:00+09:00,2.2053,2.2077,2.2021,2.2053,1398612.5
2024-12-22 04:08:00+09:00,2.2053,2.2053,2.2018,2.2031,1297859.2
2024-12-22 04:09:00+09:00,2.2031,2.2063,2.2002,2.2011,1356402.6
2024-12-22 04:10:00+09:00,2.2011,2.2043,2.2007,2.2020,1342225.1
2024-12-22 04:11:00+09:00,2.2019,2.2051,2.2008,2.2045,1179923.4
2024-12-22 04:12:00+09:00,2.2045,2.2168,2.2044,2.2123,1671846.1
2024-12-22 04:13:00+09:00,2.2122,2.2151,2.2096,2.2109,1037418.1
2024-12-22 04:14:00+09:00,2.2109,2.2161,2.2083,2.2156,826889.9
2024-12-22 04:15:00+09:00,2.2155,2.2206,2.2137,2.2164,1008037.6
2024-12-22 04:16:00+09:00,2.2165,2.2180,2.2088,2.2156,1216754.4
2024-12-22 04:17:00+09:00,2.2157,2.2178,2.2130,2.2176,706536.7
2024-12-22 04:18:00+09:00,2.2177,2.2214,2.2168,2.2173,605506.9
2024-12-22 04:19:00+09:00,2.2173,2.2178,2.2102,2.2105,975590.8
2024-12-22 04:20:00+09:00,2.2106,2.2115,2.2055,2.2100,1251111.4
2024-12-22 04:21:00+09:00,2.2100,2.2106,2.2004,2.2026,1904712.7
2024-12-22 04:22:00+09:00,2.2026,2.2072,2.2018,2.2063,1153207.5
2024-12-22 04:23:00+09:00,2.2063,2.2170,2.2059,2.2153,1533832.8
2024-12-22 04:24:00+09:00,2.2155,2.2226,2.2150,2.2223,685100.5
2024-12-22 04:25:00+09:00,2.2224,2.2274,2.2187,2.2260,1190640.4
2024-12-22 04:26:00+09:00,2.2259,2.2314,2.2259,2.2292,1736757.1
2024-12-22 04:27:00+09:00,2.2292,2.2293,2.2185,2.2217,1007055.0
2024-12-22 04:28:00+09:00,2.2217,2.2233,2.2182,2.2203,598425.1
2024-12-22 04:29:00+09:00,2.2202,2.2242,2.2187,2.2241,540725.5
2024-12-22 04:30:00+09:00,2.2240,2.2302,2.2196,2.2200,1299650.7
2024-12-22 04:31:00+09:00,2.2201,2.2249,2.2174,2.2196,773393.6
2024-12-22 04:32:00+09:00,2.2196,2.2210,2.2145,2.2145,656881.6
2024-12-22 04:33:00+09:00,2.2144,2.2198,2.2118,2.2182,787044.0
2024-12-22 04:34:00+09:00,2.2181,2.2238,2.2110,2.2112,1213104.7
2024-12-22 04:35:00+09:00,2.2112,2.2160,2.2081,2.2089,1106246.8
2024-12-22 04:36:00+09:00,2.2090,2.2121,2.2067,2.2078,1079639.1
2024-12-22 04:37:00+09:00,2.2079,2.2114,2.2074,2.2083,564979.8
2024-12-22 04:38:00+09:00,2.2083,2.2151,2.2079,2.2105,722523.0
2024-12-22 04:39:00+09:00,2.2104,2.2136,2.2091,2.2105,687108.9
2024-12-22 04:40:00+09:00,2.2104,2.2222,2.2100,2.2197,1501468.0
2024-12-22 04:41:00+09:00,2.2196,2.2280,2.2182,2.2243,944329.5
2024-12-22 04:42:00+09:00,2.2243,2.2309,2.2226,2.2308,1007234.3
2024-12-22 04:43:00+09:00,2.2309,2.2375,2.2287,2.2290,1524859.9
2024-12-22 04:44:00+09:00,2.2291,2.2315,2.2256,2.2306,653299.6
2024-12-22 04:45:00+09:00,2.2307,2.2335,2.2294,2.2321,595630.5
2024-12-22 04:46:00+09:00,2.2321,2.2331,2.2259,2.2263,826172.6
2024-12-22 04:47:00+09:00,2.2264,2.2288,2.2237,2.2287,784238.4
2024-12-22 04:48:00+09:00,2.2287,2.2292,2.2184,2.2192,910663.4
2024-12-22 04:49:00+09:00,2.2193,2.2214,2.2162,2.2207,838574.9
2024-12-22 04:50:00+09:00,2.2207,2.2286,2.2207,2.2219,785223.9
2024-12-22 04:51:00+09:00,2.2219,2.2255,2.2186,2.2197,744091.1
2024-12-22 04:52:00+09:00,2.2197,2.2225,2.2165,2.2168,660814.0
2024-12-22 04:53:00+09:00,2.2169,2.2273,2.2169,2.2251,828375.4
2024-12-22 04:54:00+09:00,2.2252,2.2300,2.2236,2.2288,748596.0
2024-12-22 04:55:00+09:00,2.2288,2.2325,2.2258,2.2263,760459.3
2024-12-22 04:56:00+09:00,2.2262,2.2340,2.2262,2.2313,842650.1
2024-12-22 04:57:00+09:00,2.2313,2.2350,2.2308,2.2347,732898.7
2024-12-22 04:58:00+09:00,2.2346,2.2435,2.2336,2.2404,1671124.2
2024-12-22 04:59:00+09:00,2.2404,2.2428,2.2392,2.2419,620181.7
2024-12-22 05:00:00+09:00,2.2418,2.2485,2.2399,2.2411,1401668.3
2024-12-22 05:01:00+09:00,2.2412,2.2427,2.2361,2.2382,800492.9
2024-12-22 05:02:00+09:00,2.2381,2.2387,2.2310,2.2341,783375.2
2024-12-22 05:03:00+09:00,2.2341,2.2353,2.2313,2.2343,723803.8
2024-12-22 05:04:00+09:00,2.2344,2.2392,2.2326,2.2334,857774.8
2024-12-22 05:05:00+09:00,2.2335,2.2384,2.2333,2.2374,1029013.7
2024-12-22 05:06:00+09:00,2.2374,2.2448,2.2362,2.2408,846672.2
2024-12-22 05:07:00+09:00,2.2408,2.2474,2.2399,2.2440,1294318.9
2024-12-22 05:08:00+09:00,2.2439,2.2483,2.2422,2.2463,1031735.2
2024-12-22 05:09:00+09:00,2.2464,2.2477,2.2437,2.2476,830893.7
2024-12-22 05:10:00+09:00,2.2476,2.2526,2.2445,2.2447,1426681.8
2024-12-22 05:11:00+09:00,2.2448,2.2500,2.2432,2.2500,751501.6
2024-12-22 05:12:00+09:00,2.2500,2.2540,2.2463,2.2537,1311222.7
2024-12-22 05:13:00+09:00,2.2538,2.2540,2.2507,2.2515,835314.1
2024-12-22 05:14:00+09:00,2.2515,2.2528,2.2487,2.2509,864447.9
2024-12-22 05:15:00+09:00,2.2509,2.2538,2.2485,2.2494,1159763.6
2024-12-22 05:16:00+09:00,2.2495,2.2499,2.2423,2.2436,1449441.8
2024-12-22 05:17:00+09:00,2.2437,2.2508,2.2436,2.2499,780064.8
2024-12-22 05:18:00+09:00,2.2499,2.2547,2.2489,2.2529,749674.3
2024-12-22 05:19:00+09:00,2.2529,2.2672,2.2529,2.2562,6618691.3
2024-12-22 05:20:00+09:00,2.2563,2.2570,2.2513,2.2551,1362569.0
2024-12-22 05:21:00+09:00,2.2551,2.2580,2.2522,2.2546,1313568.1
2024-12-22 05:22:00+09:00,2.2545,2.2551,2.2508,2.2528,915129.7
2024-12-22 05:23:00+09:00,2.2527,2.2537,2.2497,2.2514,633218.9
2024-12-22 05:24:00+09:00,2.2514,2.2540,2.2502,2.2517,480955.6
2024-12-22 05:25:00+09:00,2.2516,2.2521,2.2470,2.2484,592941.9
2024-12-22 05:26:00+09:00,2.2484,2.2506,2.2482,2.2497,253535.2
2024-12-22 05:27:00+09:00,2.2495,2.2509,2.2485,2.2489,489012.7
2024-12-22 05:28:00+09:00,2.2490,2.2496,2.2472,2.2481,433258.2
2024-12-22 05:29:00+09:00,2.2480,2.2526,2.2477,2.2521,345498.1
2024-12-22 05:30:00+09:00,2.2520,2.2536,2.2488,2.2488,787690.6
2024-12-22 05:31:00+09:00,2.2489,2.2493,2.2452,2.2489,588451.2
2024-12-22 05:32:00+09:00,2.2489,2.2524,2.2484,2.2499,323725.3
2024-12-22 05:33:00+09:00,2.2499,2.2514,2.2470,2.2481,359640.9
2024-12-22 05:34:00+09:00,2.2479,2.2481,2.2407,2.2460,1855560.4
2024-12-22 05:35:00+09:00,2.2461,2.2477,2.2430,2.2447,509062.7
2024-12-22 05:36:00+09:00,2.2447,2.2447,2.2400,2.2429,898753.0
2024-12-22 05:37:00+09:00,2.2430,2.2454,2.2413,2.2449,376215.5
2024-12-22 05:38:00+09:00,2.2448,2.2488,2.2429,2.2488,454782.9
2024-12-22 05:39:00+09:00,2.2488,2.2494,2.2457,2.2472,324232.4
2024-12-22 05:40:00+09:00,2.2471,2.2471,2.2428,2.2432,575838.3
2024-12-22 05:41:00+09:00,2.2432,2.2447,2.2408,2.2422,383014.8
2024-12-22 05:42:00+09:00,2.2422,2.2445,2.2412,2.2416,254655.0
2024-12-22 05:43:00+09:00,2.2415,2.2441,2.2408,2.2419,540124.2
2024-12-22 05:44:00+09:00,2.2419,2.2424,2.2402,2.2407,223156.2
2024-12-22 05:45:00+09:00,2.2406,2.2437,2.2406,2.2416,258194.5
2024-12-22 05:46:00+09:00,2.2415,2.2416,2.2333,2.2339,1411174.1
2024-12-22 05:47:00+09:00,2.2338,2.2399,2.2314,2.2391,1109110.6
2024-12-22 05:48:00+09:00,2.2391,2.2394,2.2342,2.2343,385893.5
2024-12-22 05:49:00+09:00,2.2344,2.2392,2.2333,2.2392,500489.1
2024-12-22 05:50:00+09:00,2.2391,2.2411,2.2376,2.2394,479597.1
2024-12-22 05:51:00+09:00,2.2394,2.2409,2.2378,2.2405,402540.5
2024-12-22 05:52:00+09:00,2.2405,2.2430,2.2396,2.2406,738714.1
2024-12-22 05:53:00+09:00,2.2407,2.2423,2.2379,2.2386,491783.7
2024-12-22 05:54:00+09:00,2.2385,2.2385,2.2345,2.2352,424961.0
2024-12-22 05:55:00+09:00,2.2351,2.2365,2.2326,2.2362,423136.5
2024-12-22 05:56:00+09:00,2.2361,2.2382,2.2344,2.2363,272395.5
2024-12-22 05:57:00+09:00,2.2363,2.2419,2.2363,2.2419,388309.1
2024-12-22 05:58:00+09:00,2.2418,2.2428,2.2382,2.2387,334632.4
2024-12-22 05:59:00+09:00,2.2388,2.2427,2.2388,2.2418,181422.9
2024-12-22 06:00:00+09:00,2.2418,2.2467,2.2396,2.2457,461961.2
2024-12-22 06:01:00+09:00,2.2456,2.2490,2.2441,2.2461,1355847.3
2024-12-22 06:02:00+09:00,2.2461,2.2461,2.2420,2.2454,1952417.9
2024-12-22 06:03:00+09:00,2.2455,2.2476,2.2416,2.2462,1376074.1
2024-12-22 06:04:00+09:00,2.2459,2.2535,2.2411,2.2512,7659471.3
2024-12-22 06:05:00+09:00,2.2513,2.2528,2.2489,2.2527,835203.2
2024-12-22 06:06:00+09:00,2.2527,2.2527,2.2411,2.2415,932189.7
2024-12-22 06:07:00+09:00,2.2415,2.2450,2.2401,2.2424,617699.4
2024-12-22 06:08:00+09:00,2.2423,2.2443,2.2400,2.2438,411100.7
2024-12-22 06:09:00+09:00,2.2438,2.2452,2.2410,2.2414,255937.2
2024-12-22 06:10:00+09:00,2.2414,2.2434,2.2400,2.2404,379810.9
2024-12-22 06:11:00+09:00,2.2405,2.2429,2.2398,2.2416,378691.9
2024-12-22 06:12:00+09:00,2.2416,2.2449,2.2416,2.2431,409451.2
2024-12-22 06:13:00+09:00,2.2431,2.2459,2.2398,2.2398,392903.5
2024-12-22 06:14:00+09:00,2.2398,2.2439,2.2392,2.2430,393690.2
2024-12-22 06:15:00+09:00,2.2431,2.2448,2.2409,2.2420,392823.7
2024-12-22 06:16:00+09:00,2.2421,2.2435,2.2361,2.2375,576108.7
2024-12-22 06:17:00+09:00,2.2374,2.2381,2.2356,2.2356,448008.9
2024-12-22 06:18:00+09:00,2.2357,2.2384,2.2346,2.2350,627454.5
2024-12-22 06:19:00+09:00,2.2350,2.2350,2.2293,2.2294,822872.2
2024-12-22 06:20:00+09:00,2.2294,2.2318,2.2281,2.2315,677951.7
2024-12-22 06:21:00+09:00,2.2316,2.2377,2.2314,2.2377,736080.4
2024-12-22 06:22:00+09:00,2.2376,2.2397,2.2350,2.2372,392176.0
2024-12-22 06:23:00+09:00,2.2372,2.2413,2.2370,2.2396,513113.1
2024-12-22 06:24:00+09:00,2.2396,2.2428,2.2383,2.2410,425339.5
2024-12-22 06:25:00+09:00,2.2410,2.2422,2.2390,2.2394,376678.6
2024-12-22 06:26:00+09:00,2.2394,2.2410,2.2379,2.2393,226764.7
2024-12-22 06:27:00+09:00,2.2394,2.2433,2.2380,2.2388,311353.1
2024-12-22 06:28:00+09:00,2.2387,2.2394,2.2366,2.2382,243535.9
2024-12-22 06:29:00+09:00,2.2381,2.2400,2.2369,2.2387,245875.9
2024-12-22 06:30:00+09:00,2.2386,2.2387,2.2320,2.2359,499987.6
2024-12-22 06:31:00+09:00,2.2358,2.2377,2.2318,2.2318,380486.0
2024-12-22 06:32:00+09:00,2.2317,2.2352,2.2303,2.2347,574154.6
2024-12-22 06:33:00+09:00,2.2346,2.2384,2.2337,2.2371,286470.5
2024-12-22 06:34:00+09:00,2.2371,2.2430,2.2366,2.2422,452644.7
2024-12-22 06:35:00+09:00,2.2421,2.2429,2.2367,2.2375,808260.2
2024-12-22 06:36:00+09:00,2.2375,2.2385,2.2332,2.2334,450642.2
2024-12-22 06:37:00+09:00,2.2333,2.2342,2.2277,2.2286,950693.0
2024-12-22 06:38:00+09:00,2.2285,2.2296,2.2249,2.2268,1083944.9
2024-12-22 06:39:00+09:00,2.2269,2.2269,2.2224,2.2227,1099474.8
2024-12-22 06:40:00+09:00,2.2227,2.2306,2.2222,2.2290,936843.3
2024-12-22 06:41:00+09:00,2.2289,2.2348,2.2276,2.2333,763083.7
2024-12-22 06:42:00+09:00,2.2333,2.2350,2.2301,2.2336,400531.0
2024-12-22 06:43:00+09:00,2.2336,2.2352,2.2318,2.2325,410390.6
2024-12-22 06:44:00+09:00,2.2325,2.2344,2.2303,2.2308,291714.6
2024-12-22 06:45:00+09:00,2.2307,2.2349,2.2282,2.2346,399569.9
2024-12-22 06:46:00+09:00,2.2345,2.2365,2.2306,2.2306,491619.5
2024-12-22 06:47:00+09:00,2.2305,2.2311,2.2243,2.2269,784927.6
2024-12-22 06:48:00+09:00,2.2269,2.2295,2.2254,2.2287,471195.8
2024-12-22 06:49:00+09:00,2.2287,2.2288,2.2268,2.2275,233948.6
2024-12-22 06:50:00+09:00,2.2274,2.2304,2.2257,2.2278,540771.5
2024-12-22 06:51:00+09:00,2.2277,2.2286,2.2258,2.2271,351064.0
2024-12-22 06:52:00+09:00,2.2271,2.2271,2.2194,2.2206,1082435.5
2024-12-22 06:53:00+09:00,2.2205,2.2212,2.2160,2.2171,990434.8
2024-12-22 06:54:00+09:00,2.2170,2.2245,2.2140,2.2212,1658429.6
2024-12-22 06:55:00+09:00,2.2212,2.2250,2.2196,2.2215,861055.3
2024-12-22 06:56:00+09:00,2.2214,2.2300,2.2209,2.2291,837030.6
2024-12-22 06:57:00+09:00,2.2291,2.2308,2.2269,2.2274,477552.6
2024-12-22 06:58:00+09:00,2.2274,2.2302,2.2274,2.2300,793644.4
2024-12-22 06:59:00+09:00,2.2299,2.2324,2.2261,2.2263,637606.5
2024-12-22 07:00:00+09:00,2.2263,2.2269,2.2222,2.2244,621793.1
2024-12-22 07:01:00+09:00,2.2244,2.2254,2.2204,2.2221,650138.7
2024-12-22 07:02:00+09:00,2.2222,2.2223,2.2131,2.2141,2029073.9
2024-12-22 07:03:00+09:00,2.2141,2.2190,2.2132,2.2190,600762.4
2024-12-22 07:04:00+09:00,2.2190,2.2224,2.2154,2.2158,527696.1
2024-12-22 07:05:00+09:00,2.2157,2.2211,2.2142,2.2200,887041.8
2024-12-22 07:06:00+09:00,2.2199,2.2227,2.2181,2.2182,521548.5
2024-12-22 07:07:00+09:00,2.2182,2.2220,2.2177,2.2177,456373.1
2024-12-22 07:08:00+09:00,2.2177,2.2194,2.2141,2.2152,540989.3
2024-12-22 07:09:00+09:00,2.2152,2.2182,2.2129,2.2161,548002.2
2024-12-22 07:10:00+09:00,2.2161,2.2184,2.2125,2.2125,626011.5
2024-12-22 07:11:00+09:00,2.2125,2.2134,2.2107,2.2124,1076386.8
2024-12-22 07:12:00+09:00,2.2124,2.2126,2.2052,2.2066,2534344.9
2024-12-22 07:13:00+09:00,2.2066,2.2111,2.2062,2.2086,997862.8
2024-12-22 07:14:00+09:00,2.2086,2.2120,2.2075,2.2076,996663.5
2024-12-22 07:15:00+09:00,2.2076,2.2112,2.2039,2.2076,1264475.0
2024-12-22 07:16:00+09:00,2.2076,2.2126,2.2066,2.2092,519155.7
2024-12-22 07:17:00+09:00,2.2092,2.2181,2.2090,2.2178,797541.9
2024-12-22 07:18:00+09:00,2.2178,2.2214,2.2173,2.2197,550111.8
2024-12-22 07:19:00+09:00,2.2198,2.2230,2.2196,2.2211,779683.3
2024-12-22 07:20:00+09:00,2.2211,2.2255,2.2210,2.2227,455826.3
2024-12-22 07:21:00+09:00,2.2227,2.2265,2.2227,2.2264,283684.2
2024-12-22 07:22:00+09:00,2.2265,2.2324,2.2264,2.2305,585687.5
2024-12-22 07:23:00+09:00,2.2305,2.2309,2.2262,2.2287,528877.2
2024-12-22 07:24:00+09:00,2.2286,2.2338,2.2282,2.2330,520978.8
2024-12-22 07:25:00+09:00,2.2331,2.2392,2.2321,2.2376,974353.0
2024-12-22 07:26:00+09:00,2.2375,2.2440,2.2374,2.2435,862178.7
2024-12-22 07:27:00+09:00,2.2435,2.2454,2.2395,2.2404,1354530.7
2024-12-22 07:28:00+09:00,2.2404,2.2422,2.2402,2.2422,572175.6
2024-12-22 07:29:00+09:00,2.2422,2.2478,2.2422,2.2467,622534.1
2024-12-22 07:30:00+09:00,2.2466,2.2470,2.2364,2.2377,1395329.1
2024-12-22 07:31:00+09:00,2.2378,2.2378,2.2327,2.2368,982796.9
2024-12-22 07:32:00+09:00,2.2367,2.2414,2.2355,2.2380,348133.2
2024-12-22 07:33:00+09:00,2.2379,2.2406,2.2357,2.2399,471602.0
2024-12-22 07:34:00+09:00,2.2398,2.2425,2.2369,2.2392,365640.4
2024-12-22 07:35:00+09:00,2.2392,2.2393,2.2357,2.2371,291925.2
2024-12-22 07:36:00+09:00,2.2371,2.2413,2.2367,2.2390,307642.6
2024-12-22 07:37:00+09:00,2.2390,2.2439,2.2390,2.2427,401783.3
2024-12-22 07:38:00+09:00,2.2427,2.2430,2.2396,2.2406,248066.5
2024-12-22 07:39:00+09:00,2.2406,2.2407,2.2375,2.2399,273687.4
2024-12-22 07:40:00+09:00,2.2399,2.2399,2.2361,2.2371,317978.3
2024-12-22 07:41:00+09:00,2.2371,2.2394,2.2357,2.2393,189328.6
2024-12-22 07:42:00+09:00,2.2393,2.2449,2.2392,2.2448,776813.7
2024-12-22 07:43:00+09:00,2.2449,2.2464,2.2435,2.2441,373010.9
2024-12-22 07:44:00+09:00,2.2441,2.2444,2.2430,2.2430,180072.6
2024-12-22 07:45:00+09:00,2.2430,2.2430,2.2416,2.2416,401153.3
2024-12-22 07:46:00+09:00,2.2416,2.2417,2.2397,2.2397,123880.8
2024-12-22 07:47:00+09:00,2.2397,2.2398,2.2380,2.2381,169903.2
2024-12-22 07:48:00+09:00,2.2381,2.2384,2.2360,2.2360,285517.2
2024-12-22 07:49:00+09:00,2.2360,2.2372,2.2350,2.2371,300882.3
2024-12-22 07:50:00+09:00,2.2371,2.2372,2.2347,2.2347,154211.0
2024-12-22 07:51:00+09:00,2.2347,2.2348,2.2297,2.2298,297630.6
2024-12-22 07:52:00+09:00,2.2298,2.2323,2.2290,2.2323,358300.2
2024-12-22 07:53:00+09:00,2.2323,2.2324,2.2237,2.2263,1229870.1
2024-12-22 07:54:00+09:00,2.2262,2.2300,2.2258,2.2286,333223.6
2024-12-22 07:55:00+09:00,2.2286,2.2304,2.2264,2.2284,367528.7
2024-12-22 07:56:00+09:00,2.2284,2.2314,2.2278,2.2298,271152.9
2024-12-22 07:57:00+09:00,2.2297,2.2306,2.2258,2.2306,209187.7
2024-12-22 07:58:00+09:00,2.2307,2.2368,2.2307,2.2361,485399.6
2024-12-22 07:59:00+09:00,2.2360,2.2381,2.2339,2.2345,545274.5
2024-12-22 08:00:00+09:00,2.2345,2.2350,2.2301,2.2324,450595.8
2024-12-22 08:01:00+09:00,2.2324,2.2346,2.2300,2.2334,270291.2
2024-12-22 08:02:00+09:00,2.2333,2.2334,2.2296,2.2297,315999.0
2024-12-22 08:03:00+09:00,2.2296,2.2321,2.2287,2.2288,249270.6
2024-12-22 08:04:00+09:00,2.2289,2.2309,2.2204,2.2211,1448939.0
2024-12-22 08:05:00+09:00,2.2212,2.2214,2.2178,2.2184,1555583.8
2024-12-22 08:06:00+09:00,2.2184,2.2246,2.2183,2.2206,769970.7
2024-12-22 08:07:00+09:00,2.2206,2.2212,2.2147,2.2164,873477.3
2024-12-22 08:08:00+09:00,2.2165,2.2212,2.2156,2.2172,694247.9
2024-12-22 08:09:00+09:00,2.2173,2.2194,2.2144,2.2194,642357.0
2024-12-22 08:10:00+09:00,2.2194,2.2252,2.2184,2.2191,724468.5
2024-12-22 08:11:00+09:00,2.2191,2.2216,2.2161,2.2216,577333.9
2024-12-22 08:12:00+09:00,2.2215,2.2250,2.2203,2.2249,565497.9
2024-12-22 08:13:00+09:00,2.2249,2.2297,2.2235,2.2291,409078.7
2024-12-22 08:14:00+09:00,2.2290,2.2342,2.2283,2.2303,834636.7
2024-12-22 08:15:00+09:00,2.2303,2.2303,2.2244,2.2265,496654.6
2024-12-22 08:16:00+09:00,2.2264,2.2338,2.2260,2.2332,591563.6
2024-12-22 08:17:00+09:00,2.2332,2.2388,2.2327,2.2384,673466.0
2024-12-22 08:18:00+09:00,2.2383,2.2396,2.2342,2.2359,528143.7
2024-12-22 08:19:00+09:00,2.2358,2.2388,2.2356,2.2366,390704.1
2024-12-22 08:20:00+09:00,2.2367,2.2371,2.2342,2.2365,409404.8
2024-12-22 08:21:00+09:00,2.2366,2.2414,2.2357,2.2414,418883.8
2024-12-22 08:22:00+09:00,2.2414,2.2414,2.2368,2.2394,567116.7
2024-12-22 08:23:00+09:00,2.2394,2.2424,2.2394,2.2408,322118.4
2024-12-22 08:24:00+09:00,2.2407,2.2422,2.2392,2.2393,300809.1
2024-12-22 08:25:00+09:00,2.2393,2.2396,2.2360,2.2374,359849.6
2024-12-22 08:26:00+09:00,2.2375,2.2390,2.2363,2.2375,321786.3
2024-12-22 08:27:00+09:00,2.2376,2.2393,2.2358,2.2392,256892.9
2024-12-22 08:28:00+09:00,2.2392,2.2404,2.2366,2.2374,324131.0
2024-12-22 08:29:00+09:00,2.2374,2.2381,2.2350,2.2363,250682.2
2024-12-22 08:30:00+09:00,2.2363,2.2365,2.2310,2.2326,410889.5
2024-12-22 08:31:00+09:00,2.2325,2.2349,2.2312,2.2320,244155.4
2024-12-22 08:32:00+09:00,2.2321,2.2337,2.2284,2.2286,501856.9
2024-12-22 08:33:00+09:00,2.2287,2.2295,2.2234,2.2285,696174.8
2024-12-22 08:34:00+09:00,2.2284,2.2319,2.2281,2.2300,331124.6
2024-12-22 08:35:00+09:00,2.2301,2.2340,2.2296,2.2323,281430.3
2024-12-22 08:36:00+09:00,2.2323,2.2323,2.2278,2.2319,234712.3
2024-12-22 08:37:00+09:00,2.2318,2.2370,2.2292,2.2353,449342.6
2024-12-22 08:38:00+09:00,2.2353,2.2375,2.2319,2.2352,491380.2
2024-12-22 08:39:00+09:00,2.2352,2.2362,2.2331,2.2340,213229.7
2024-12-22 08:40:00+09:00,2.2339,2.2340,2.2292,2.2294,242494.1
2024-12-22 08:41:00+09:00,2.2293,2.2312,2.2281,2.2297,299730.5
2024-12-22 08:42:00+09:00,2.2298,2.2308,2.2253,2.2258,421082.0
2024-12-22 08:43:00+09:00,2.2259,2.2276,2.2227,2.2229,529290.6
2024-12-22 08:44:00+09:00,2.2229,2.2270,2.2218,2.2256,549203.5
2024-12-22 08:45:00+09:00,2.2255,2.2271,2.2220,2.2236,609452.3
2024-12-22 08:46:00+09:00,2.2235,2.2277,2.2226,2.2277,338685.2
2024-12-22 08:47:00+09:00,2.2276,2.2328,2.2271,2.2304,449998.3
2024-12-22 08:48:00+09:00,2.2305,2.2320,2.2286,2.2311,272978.0
2024-12-22 08:49:00+09:00,2.2311,2.2355,2.2296,2.2313,395190.4
2024-12-22 08:50:00+09:00,2.2312,2.2336,2.2303,2.2306,263266.1
2024-12-22 08:51:00+09:00,2.2306,2.2350,2.2293,2.2334,301932.9
2024-12-22 08:52:00+09:00,2.2334,2.2398,2.2330,2.2398,456597.0
2024-12-22 08:53:00+09:00,2.2397,2.2436,2.2354,2.2374,1457279.0
2024-12-22 08:54:00+09:00,2.2373,2.2398,2.2366,2.2389,532629.1
2024-12-22 08:55:00+09:00,2.2388,2.2390,2.2356,2.2380,217210.7
2024-12-22 08:56:00+09:00,2.2380,2.2396,2.2360,2.2396,252018.9
2024-12-22 08:57:00+09:00,2.2396,2.2406,2.2360,2.2367,366859.4
2024-12-22 08:58:00+09:00,2.2368,2.2377,2.2334,2.2347,463321.5
2024-12-22 08:59:00+09:00,2.2348,2.2377,2.2345,2.2374,212885.5
2024-12-22 09:00:00+09:00,2.2374,2.2382,2.2354,2.2370,478413.7
2024-12-22 09:01:00+09:00,2.2370,2.2390,2.2346,2.2359,422122.6
2024-12-22 09:02:00+09:00,2.2358,2.2358,2.2270,2.2271,1188403.8
2024-12-22 09:03:00+09:00,2.2270,2.2277,2.2217,2.2224,1453329.3
2024-12-22 09:04:00+09:00,2.2225,2.2300,2.2220,2.2293,793563.2
2024-12-22 09:05:00+09:00,2.2294,2.2368,2.2292,2.2347,1127425.8
2024-12-22 09:06:00+09:00,2.2347,2.2366,2.2319,2.2325,991518.2
2024-12-22 09:07:00+09:00,2.2325,2.2436,2.2314,2.2421,916554.3
2024-12-22 09:08:00+09:00,2.2420,2.2445,2.2381,2.2401,1286984.7
2024-12-22 09:09:00+09:00,2.2401,2.2435,2.2398,2.2432,659639.6
2024-12-22 09:10:00+09:00,2.2433,2.2461,2.2411,2.2435,914165.0
2024-12-22 09:11:00+09:00,2.2436,2.2478,2.2436,2.2475,1034683.7
2024-12-22 09:12:00+09:00,2.2475,2.2484,2.2441,2.2441,1484568.4
2024-12-22 09:13:00+09:00,2.2440,2.2443,2.2379,2.2379,762057.9
2024-12-22 09:14:00+09:00,2.2380,2.2413,2.2366,2.2375,533960.5
2024-12-22 09:15:00+09:00,2.2375,2.2424,2.2354,2.2392,586354.3
2024-12-22 09:16:00+09:00,2.2391,2.2407,2.2362,2.2386,573066.5
2024-12-22 09:17:00+09:00,2.2385,2.2399,2.2347,2.2351,755617.4
2024-12-22 09:18:00+09:00,2.2351,2.2395,2.2348,2.2354,344063.1
2024-12-22 09:19:00+09:00,2.2355,2.2367,2.2325,2.2352,806325.9
2024-12-22 09:20:00+09:00,2.2352,2.2420,2.2346,2.2361,683295.2
2024-12-22 09:21:00+09:00,2.2362,2.2369,2.2301,2.2302,752819.7
2024-12-22 09:22:00+09:00,2.2303,2.2335,2.2293,2.2307,688047.5
2024-12-22 09:23:00+09:00,2.2307,2.2360,2.2304,2.2319,701770.5
2024-12-22 09:24:00+09:00,2.2318,2.2418,2.2318,2.2417,435428.4
2024-12-22 09:25:00+09:00,2.2416,2.2447,2.2406,2.2434,611438.7
2024-12-22 09:26:00+09:00,2.2434,2.2439,2.2361,2.2400,695378.9
2024-12-22 09:27:00+09:00,2.2399,2.2447,2.2391,2.2447,431161.2
2024-12-22 09:28:00+09:00,2.2447,2.2462,2.2425,2.2429,705830.6
2024-12-22 09:29:00+09:00,2.2429,2.2456,2.2418,2.2443,502675.8
2024-12-22 09:30:00+09:00,2.2442,2.2478,2.2417,2.2467,671984.4
2024-12-22 09:31:00+09:00,2.2467,2.2472,2.2394,2.2407,520117.4
2024-12-22 09:32:00+09:00,2.2407,2.2426,2.2379,2.2389,339230.0
2024-12-22 09:33:00+09:00,2.2389,2.2402,2.2359,2.2373,357291.3
2024-12-22 09:34:00+09:00,2.2374,2.2469,2.2370,2.2469,497342.2
2024-12-22 09:35:00+09:00,2.2469,2.2527,2.2467,2.2508,1241836.1
2024-12-22 09:36:00+09:00,2.2509,2.2517,2.2481,2.2502,692338.4
2024-12-22 09:37:00+09:00,2.2502,2.2518,2.2482,2.2508,654236.3
2024-12-22 09:38:00+09:00,2.2508,2.2545,2.2496,2.2542,761591.5
2024-12-22 09:39:00+09:00,2.2541,2.2561,2.2487,2.2505,840927.4
2024-12-22 09:40:00+09:00,2.2506,2.2519,2.2476,2.2486,555780.6
2024-12-22 09:41:00+09:00,2.2486,2.2491,2.2451,2.2464,409547.3
2024-12-22 09:42:00+09:00,2.2465,2.2498,2.2446,2.2497,426086.6
2024-12-22 09:43:00+09:00,2.2497,2.2558,2.2481,2.2558,340788.5
2024-12-22 09:44:00+09:00,2.2555,2.2558,2.2515,2.2515,651549.7
2024-12-22 09:45:00+09:00,2.2516,2.2525,2.2494,2.2518,555494.4
2024-12-22 09:46:00+09:00,2.2519,2.2536,2.2495,2.2503,324525.8
2024-12-22 09:47:00+09:00,2.2504,2.2521,2.2461,2.2461,433355.5
2024-12-22 09:48:00+09:00,2.2460,2.2489,2.2442,2.2447,382298.4
2024-12-22 09:49:00+09:00,2.2448,2.2462,2.2409,2.2415,772551.7
2024-12-22 09:50:00+09:00,2.2416,2.2456,2.2406,2.2428,463186.3
2024-12-22 09:51:00+09:00,2.2429,2.2457,2.2411,2.2457,649460.4
2024-12-22 09:52:00+09:00,2.2457,2.2506,2.2457,2.2493,519381.6
2024-12-22 09:53:00+09:00,2.2493,2.2496,2.2479,2.2492,254467.4
2024-12-22 09:54:00+09:00,2.2491,2.2507,2.2475,2.2479,272461.1
2024-12-22 09:55:00+09:00,2.2479,2.2488,2.2438,2.2439,465180.1
2024-12-22 09:56:00+09:00,2.2438,2.2471,2.2438,2.2460,202726.4
2024-12-22 09:57:00+09:00,2.2460,2.2460,2.2428,2.2454,391372.2
2024-12-22 09:58:00+09:00,2.2453,2.2466,2.2440,2.2457,190244.7
2024-12-22 09:59:00+09:00,2.2456,2.2474,2.2453,2.2457,153088.4
2024-12-22 10:00:00+09:00,2.2458,2.2459,2.2382,2.2386,509908.6
2024-12-22 10:01:00+09:00,2.2386,2.2440,2.2375,2.2425,438762.8
2024-12-22 10:02:00+09:00,2.2424,2.2478,2.2420,2.2448,413552.3
2024-12-22 10:03:00+09:00,2.2450,2.2476,2.2427,2.2473,814862.0
2024-12-22 10:04:00+09:00,2.2474,2.2498,2.2448,2.2462,289815.0
2024-12-22 10:05:00+09:00,2.2460,2.2490,2.2445,2.2476,285347.0
2024-12-22 10:06:00+09:00,2.2476,2.2545,2.2469,2.2533,568312.6
2024-12-22 10:07:00+09:00,2.2533,2.2540,2.2477,2.2540,386163.0
2024-12-22 10:08:00+09:00,2.2540,2.2548,2.2518,2.2547,406998.0
2024-12-22 10:09:00+09:00,2.2547,2.2572,2.2527,2.2535,1561451.6
2024-12-22 10:10:00+09:00,2.2535,2.2541,2.2492,2.2500,314243.5
2024-12-22 10:11:00+09:00,2.2499,2.2525,2.2496,2.2524,222813.6
2024-12-22 10:12:00+09:00,2.2524,2.2536,2.2510,2.2527,186479.8
2024-12-22 10:13:00+09:00,2.2526,2.2534,2.2502,2.2504,420593.5
2024-12-22 10:14:00+09:00,2.2504,2.2529,2.2502,2.2526,203464.4
2024-12-22 10:15:00+09:00,2.2527,2.2530,2.2501,2.2517,304777.1
2024-12-22 10:16:00+09:00,2.2517,2.2517,2.2473,2.2482,417345.4
2024-12-22 10:17:00+09:00,2.2482,2.2497,2.2453,2.2483,316014.9
2024-12-22 10:18:00+09:00,2.2482,2.2489,2.2448,2.2452,357125.4
2024-12-22 10:19:00+09:00,2.2451,2.2483,2.2449,2.2482,313442.7
2024-12-22 10:20:00+09:00,2.2482,2.2512,2.2476,2.2497,260565.1
2024-12-22 10:21:00+09:00,2.2496,2.2544,2.2492,2.2524,449003.4
2024-12-22 10:22:00+09:00,2.2523,2.2533,2.2515,2.2529,213908.2
2024-12-22 10:23:00+09:00,2.2528,2.2544,2.2510,2.2511,364768.8
2024-12-22 10:24:00+09:00,2.2510,2.2511,2.2456,2.2462,631582.2
2024-12-22 10:25:00+09:00,2.2463,2.2490,2.2462,2.2478,333923.0
2024-12-22 10:26:00+09:00,2.2477,2.2488,2.2444,2.2461,761704.1
2024-12-22 10:27:00+09:00,2.2461,2.2464,2.2432,2.2464,454434.7
2024-12-22 10:28:00+09:00,2.2464,2.2470,2.2440,2.2453,326425.7
2024-12-22 10:29:00+09:00,2.2452,2.2466,2.2427,2.2432,451646.3
2024-12-22 10:30:00+09:00,2.2432,2.2433,2.2382,2.2383,869102.6
2024-12-22 10:31:00+09:00,2.2384,2.2424,2.2380,2.2407,470400.3
2024-12-22 10:32:00+09:00,2.2406,2.2430,2.2387,2.2392,350781.9
2024-12-22 10:33:00+09:00,2.2392,2.2406,2.2338,2.2351,672210.3
2024-12-22 10:34:00+09:00,2.2352,2.2364,2.2320,2.2321,454695.0
2024-12-22 10:35:00+09:00,2.2321,2.2328,2.2285,2.2307,1553095.0
2024-12-22 10:36:00+09:00,2.2307,2.2346,2.2289,2.2337,674825.5
2024-12-22 10:37:00+09:00,2.2337,2.2362,2.2322,2.2343,645158.4
2024-12-22 10:38:00+09:00,2.2343,2.2357,2.2324,2.2337,327759.5
2024-12-22 10:39:00+09:00,2.2336,2.2338,2.2251,2.2264,875724.0
2024-12-22 10:40:00+09:00,2.2265,2.2289,2.2241,2.2245,807919.1
2024-12-22 10:41:00+09:00,2.2246,2.2262,2.2216,2.2220,823997.6
2024-12-22 10:42:00+09:00,2.2219,2.2226,2.2190,2.2202,925008.4
2024-12-22 10:43:00+09:00,2.2203,2.2208,2.2173,2.2189,934218.4
2024-12-22 10:44:00+09:00,2.2190,2.2242,2.2180,2.2234,940369.3
2024-12-22 10:45:00+09:00,2.2235,2.2248,2.2200,2.2225,697149.3
2024-12-22 10:46:00+09:00,2.2224,2.2293,2.2222,2.2287,584641.5
2024-12-22 10:47:00+09:00,2.2287,2.2316,2.2267,2.2288,836581.6
2024-12-22 10:48:00+09:00,2.2289,2.2318,2.2282,2.2298,414777.6
2024-12-22 10:49:00+09:00,2.2298,2.2314,2.2292,2.2294,239294.7
2024-12-22 10:49:00+09:00,2.2298,2.2314,2.2292,2.2294,239294.7
2024-12-22 10:50:00+09:00,2.2294,2.2325,2.2286,2.2323,266625.3
2024-12-22 10:51:00+09:00,2.2324,2.2364,2.2322,2.2359,615388.0
2024-12-22 10:52:00+09:00,2.2359,2.2407,2.2353,2.2404,759582.3
2024-12-22 10:53:00+09:00,2.2403,2.2464,2.2403,2.2441,1706569.2
2024-12-22 10:54:00+09:00,2.2440,2.2441,2.2376,2.2385,637285.2
2024-12-22 10:55:00+09:00,2.2386,2.2439,2.2381,2.2439,594864.0
2024-12-22 10:56:00+09:00,2.2439,2.2441,2.2406,2.2436,628243.9
2024-12-22 10:57:00+09:00,2.2436,2.2470,2.2429,2.2436,478604.9
2024-12-22 10:58:00+09:00,2.2436,2.2438,2.2410,2.2426,464239.1
2024-12-22 10:59:00+09:00,2.2425,2.2425,2.2400,2.2401,267435.8
2024-12-22 11:00:00+09:00,2.2401,2.2418,2.2390,2.2402,341216.1
2024-12-22 11:01:00+09:00,2.2402,2.2464,2.2402,2.2433,960437.4
2024-12-22 11:02:00+09:00,2.2432,2.2478,2.2429,2.2477,420946.9
2024-12-22 11:03:00+09:00,2.2476,2.2477,2.2449,2.2460,337819.5
2024-12-22 11:04:00+09:00,2.2460,2.2467,2.2406,2.2412,408632.3
2024-12-22 11:05:00+09:00,2.2413,2.2418,2.2350,2.2398,712916.1
2024-12-22 11:06:00+09:00,2.2399,2.2438,2.2392,2.2417,385521.3
2024-12-22 11:07:00+09:00,2.2417,2.2426,2.2398,2.2409,403573.4
2024-12-22 11:08:00+09:00,2.2409,2.2443,2.2409,2.2439,297189.5
2024-12-22 11:09:00+09:00,2.2439,2.2451,2.2424,2.2448,292880.8
2024-12-22 11:10:00+09:00,2.2448,2.2462,2.2442,2.2458,328064.6
2024-12-22 11:11:00+09:00,2.2458,2.2476,2.2449,2.2450,308124.6
2024-12-22 11:12:00+09:00,2.2450,2.2458,2.2445,2.2455,209941.8
2024-12-22 11:13:00+09:00,2.2455,2.2463,2.2423,2.2423,239108.7
2024-12-22 11:14:00+09:00,2.2423,2.2454,2.2413,2.2454,191849.6
2024-12-22 11:15:00+09:00,2.2454,2.2478,2.2444,2.2475,515048.4
2024-12-22 11:16:00+09:00,2.2474,2.2480,2.2460,2.2476,280351.1
2024-12-22 11:17:00+09:00,2.2476,2.2487,2.2450,2.2458,297429.7
2024-12-22 11:18:00+09:00,2.2458,2.2464,2.2412,2.2421,253569.6
2024-12-22 11:19:00+09:00,2.2422,2.2425,2.2400,2.2421,269251.0
2024-12-22 11:20:00+09:00,2.2421,2.2430,2.2391,2.2415,494676.8
2024-12-22 11:21:00+09:00,2.2416,2.2426,2.2405,2.2423,323250.1
2024-12-22 11:22:00+09:00,2.2423,2.2427,2.2385,2.2400,193755.2
2024-12-22 11:23:00+09:00,2.2399,2.2399,2.2344,2.2345,1004232.4
2024-12-22 11:24:00+09:00,2.2345,2.2370,2.2323,2.2368,620809.8
2024-12-22 11:25:00+09:00,2.2368,2.2424,2.2356,2.2417,479867.9
2024-12-22 11:26:00+09:00,2.2417,2.2448,2.2417,2.2430,375442.5
2024-12-22 11:27:00+09:00,2.2430,2.2440,2.2411,2.2418,269449.3
2024-12-22 11:28:00+09:00,2.2417,2.2439,2.2415,2.2432,159511.3
2024-12-22 11:29:00+09:00,2.2431,2.2431,2.2399,2.2429,184085.7
2024-12-22 11:30:00+09:00,2.2428,2.2443,2.2409,2.2418,191867.4
2024-12-22 11:31:00+09:00,2.2418,2.2425,2.2363,2.2364,475723.3
2024-12-22 11:32:00+09:00,2.2364,2.2374,2.2307,2.2311,827578.5
2024-12-22 11:33:00+09:00,2.2310,2.2336,2.2279,2.2327,1168046.7
2024-12-22 11:34:00+09:00,2.2326,2.2343,2.2310,2.2322,266597.0
2024-12-22 11:35:00+09:00,2.2322,2.2355,2.2282,2.2282,605532.7
2024-12-22 11:36:00+09:00,2.2283,2.2291,2.2256,2.2261,805132.7
2024-12-22 11:37:00+09:00,2.2261,2.2290,2.2256,2.2260,391977.7
2024-12-22 11:38:00+09:00,2.2260,2.2260,2.2224,2.2233,821799.4
2024-12-22 11:39:00+09:00,2.2233,2.2285,2.2232,2.2276,499442.1
2024-12-22 11:40:00+09:00,2.2275,2.2303,2.2256,2.2301,804344.0
2024-12-22 11:41:00+09:00,2.2301,2.2333,2.2284,2.2289,592987.0
2024-12-22 11:42:00+09:00,2.2289,2.2310,2.2280,2.2285,315519.2
2024-12-22 11:43:00+09:00,2.2285,2.2298,2.2259,2.2259,334602.7
2024-12-22 11:44:00+09:00,2.2260,2.2290,2.2252,2.2255,337514.0
2024-12-22 11:45:00+09:00,2.2255,2.2300,2.2244,2.2259,594394.1
2024-12-22 11:46:00+09:00,2.2258,2.2288,2.2252,2.2278,365546.1
2024-12-22 11:47:00+09:00,2.2278,2.2304,2.2265,2.2284,331107.9
2024-12-22 11:48:00+09:00,2.2285,2.2290,2.2235,2.2246,508323.8
2024-12-22 11:49:00+09:00,2.2247,2.2285,2.2247,2.2270,261273.5
2024-12-22 11:50:00+09:00,2.2270,2.2272,2.2253,2.2271,321133.7
2024-12-22 11:51:00+09:00,2.2272,2.2330,2.2243,2.2328,694062.0
2024-12-22 11:52:00+09:00,2.2329,2.2342,2.2301,2.2302,613313.4
2024-12-22 11:53:00+09:00,2.2303,2.2305,2.2285,2.2294,339191.2
2024-12-22 11:54:00+09:00,2.2293,2.2297,2.2273,2.2289,320981.9
2024-12-22 11:55:00+09:00,2.2289,2.2304,2.2261,2.2266,306667.8
2024-12-22 11:56:00+09:00,2.2266,2.2282,2.2240,2.2240,487491.5
2024-12-22 11:57:00+09:00,2.2241,2.2242,2.2195,2.2211,1378700.2
2024-12-22 11:58:00+09:00,2.2211,2.2250,2.2206,2.2244,492253.9
2024-12-22 11:59:00+09:00,2.2244,2.2260,2.2237,2.2260,249173.8
2024-12-22 12:00:00+09:00,2.2260,2.2275,2.2242,2.2244,387682.1
2024-12-22 12:01:00+09:00,2.2245,2.2250,2.2160,2.2179,1374579.0
2024-12-22 12:02:00+09:00,2.2180,2.2218,2.2171,2.2189,705473.5
2024-12-22 12:03:00+09:00,2.2190,2.2199,2.2153,2.2162,796242.8
2024-12-22 12:04:00+09:00,2.2161,2.2193,2.2150,2.2151,874303.7
2024-12-22 12:05:00+09:00,2.2151,2.2170,2.2126,2.2138,1060034.2
2024-12-22 12:06:00+09:00,2.2138,2.2151,2.2087,2.2103,1781563.6
2024-12-22 12:07:00+09:00,2.2104,2.2106,2.2066,2.2078,1015283.2
2024-12-22 12:08:00+09:00,2.2079,2.2125,2.2076,2.2093,789659.2
2024-12-22 12:09:00+09:00,2.2092,2.2105,2.2035,2.2042,1287558.4
2024-12-22 12:10:00+09:00,2.2042,2.2081,2.2034,2.2063,797371.2
2024-12-22 12:11:00+09:00,2.2063,2.2134,2.2054,2.2125,1226034.6
2024-12-22 12:12:00+09:00,2.2124,2.2125,2.2095,2.2119,570123.7
2024-12-22 12:13:00+09:00,2.2120,2.2152,2.2069,2.2087,1350676.7
2024-12-22 12:14:00+09:00,2.2086,2.2145,2.2080,2.2135,564021.2
2024-12-22 12:15:00+09:00,2.2135,2.2180,2.2114,2.2171,694267.4
2024-12-22 12:16:00+09:00,2.2171,2.2195,2.2154,2.2195,519066.0
2024-12-22 12:17:00+09:00,2.2195,2.2307,2.2179,2.2302,1871183.6
2024-12-22 12:18:00+09:00,2.2303,2.2314,2.2257,2.2270,906433.9
2024-12-22 12:19:00+09:00,2.2271,2.2385,2.2270,2.2346,1590372.7
2024-12-22 12:20:00+09:00,2.2346,2.2407,2.2342,2.2366,1562453.0
2024-12-22 12:21:00+09:00,2.2366,2.2411,2.2346,2.2394,1116436.6
2024-12-22 12:22:00+09:00,2.2393,2.2418,2.2365,2.2415,1179923.5
2024-12-22 12:23:00+09:00,2.2416,2.2438,2.2399,2.2409,895059.8
2024-12-22 12:24:00+09:00,2.2409,2.2415,2.2350,2.2383,844574.8
2024-12-22 12:25:00+09:00,2.2382,2.2431,2.2378,2.2422,892025.1
2024-12-22 12:26:00+09:00,2.2422,2.2439,2.2407,2.2412,526697.5
2024-12-22 12:27:00+09:00,2.2411,2.2416,2.2357,2.2365,809906.6
2024-12-22 12:28:00+09:00,2.2366,2.2368,2.2344,2.2351,930501.7
2024-12-22 12:29:00+09:00,2.2351,2.2354,2.2326,2.2348,667751.2
2024-12-22 12:30:00+09:00,2.2347,2.2400,2.2337,2.2392,685954.3
2024-12-22 12:31:00+09:00,2.2391,2.2392,2.2337,2.2357,427663.9
2024-12-22 12:32:00+09:00,2.2356,2.2377,2.2339,2.2345,458067.1
2024-12-22 12:33:00+09:00,2.2346,2.2373,2.2343,2.2348,501232.6
2024-12-22 12:34:00+09:00,2.2348,2.2384,2.2337,2.2375,438975.1
2024-12-22 12:35:00+09:00,2.2375,2.2407,2.2358,2.2406,492500.1
2024-12-22 12:36:00+09:00,2.2406,2.2429,2.2385,2.2417,725396.4
2024-12-22 12:37:00+09:00,2.2416,2.2420,2.2384,2.2397,444198.0
2024-12-22 12:38:00+09:00,2.2397,2.2410,2.2382,2.2404,303278.0
2024-12-22 12:39:00+09:00,2.2404,2.2413,2.2375,2.2385,275081.0
2024-12-22 12:40:00+09:00,2.2385,2.2390,2.2348,2.2355,408367.6
2024-12-22 12:41:00+09:00,2.2356,2.2395,2.2343,2.2345,301436.7
2024-12-22 12:42:00+09:00,2.2344,2.2369,2.2316,2.2364,348463.4
2024-12-22 12:43:00+09:00,2.2363,2.2378,2.2351,2.2357,299045.3
2024-12-22 12:44:00+09:00,2.2357,2.2368,2.2348,2.2349,326637.9
2024-12-22 12:45:00+09:00,2.2348,2.2381,2.2332,2.2344,348260.7
2024-12-22 12:46:00+09:00,2.2345,2.2362,2.2328,2.2351,292351.4
2024-12-22 12:47:00+09:00,2.2351,2.2351,2.2317,2.2334,457319.0
2024-12-22 12:48:00+09:00,2.2334,2.2340,2.2291,2.2302,423933.2
2024-12-22 12:49:00+09:00,2.2302,2.2306,2.2263,2.2264,649995.8
2024-12-22 12:50:00+09:00,2.2264,2.2273,2.2238,2.2252,485759.5
2024-12-22 12:51:00+09:00,2.2251,2.2356,2.2251,2.2341,953793.2
2024-12-22 12:52:00+09:00,2.2341,2.2376,2.2336,2.2360,347904.5
2024-12-22 12:53:00+09:00,2.2360,2.2361,2.2335,2.2346,169163.3
2024-12-22 12:54:00+09:00,2.2346,2.2352,2.2326,2.2338,240192.3
2024-12-22 12:55:00+09:00,2.2338,2.2358,2.2328,2.2345,187967.1
2024-12-22 12:56:00+09:00,2.2345,2.2370,2.2334,2.2358,103987.6
2024-12-22 12:57:00+09:00,2.2359,2.2385,2.2356,2.2380,301443.0
2024-12-22 12:58:00+09:00,2.2379,2.2386,2.2370,2.2380,278331.9
2024-12-22 12:59:00+09:00,2.2381,2.2399,2.2381,2.2393,348383.9
2024-12-22 13:00:00+09:00,2.2392,2.2415,2.2387,2.2408,1017112.3
2024-12-22 13:01:00+09:00,2.2408,2.2410,2.2373,2.2383,474705.3
2024-12-22 13:02:00+09:00,2.2382,2.2383,2.2346,2.2360,314461.9
2024-12-22 13:03:00+09:00,2.2359,2.2417,2.2359,2.2414,403064.8
2024-12-22 13:04:00+09:00,2.2413,2.2426,2.2390,2.2404,475100.8
2024-12-22 13:05:00+09:00,2.2405,2.2414,2.2381,2.2388,248228.6
2024-12-22 13:06:00+09:00,2.2387,2.2390,2.2350,2.2359,320408.6
2024-12-22 13:07:00+09:00,2.2358,2.2415,2.2355,2.2415,158065.7
2024-12-22 13:08:00+09:00,2.2416,2.2452,2.2416,2.2443,683879.4
2024-12-22 13:09:00+09:00,2.2443,2.2468,2.2434,2.2462,1140212.0
2024-12-22 13:10:00+09:00,2.2462,2.2465,2.2430,2.2436,335388.3
2024-12-22 13:11:00+09:00,2.2436,2.2441,2.2406,2.2420,389361.7
2024-12-22 13:12:00+09:00,2.2420,2.2445,2.2419,2.2439,316692.3
2024-12-22 13:13:00+09:00,2.2439,2.2463,2.2433,2.2434,546865.7
2024-12-22 13:14:00+09:00,2.2435,2.2442,2.2413,2.2424,502432.2
2024-12-22 13:15:00+09:00,2.2424,2.2426,2.2379,2.2380,342237.7
2024-12-22 13:16:00+09:00,2.2379,2.2403,2.2355,2.2402,616952.1
2024-12-22 13:17:00+09:00,2.2402,2.2423,2.2395,2.2410,453601.0
2024-12-22 13:18:00+09:00,2.2410,2.2433,2.2403,2.2426,197807.9
2024-12-22 13:19:00+09:00,2.2426,2.2451,2.2415,2.2416,297817.5
2024-12-22 13:20:00+09:00,2.2415,2.2437,2.2390,2.2390,234347.4
2024-12-22 13:21:00+09:00,2.2390,2.2403,2.2373,2.2385,334025.1
2024-12-22 13:22:00+09:00,2.2386,2.2412,2.2382,2.2391,197656.3
2024-12-22 13:23:00+09:00,2.2390,2.2395,2.2360,2.2365,277765.9
2024-12-22 13:24:00+09:00,2.2365,2.2379,2.2324,2.2329,740619.4
2024-12-22 13:25:00+09:00,2.2330,2.2362,2.2330,2.2343,309346.2
2024-12-22 13:26:00+09:00,2.2343,2.2349,2.2313,2.2322,316606.8
2024-12-22 13:27:00+09:00,2.2323,2.2353,2.2321,2.2340,212262.9
2024-12-22 13:28:00+09:00,2.2339,2.2373,2.2339,2.2350,377837.1
2024-12-22 13:29:00+09:00,2.2351,2.2369,2.2338,2.2369,251937.3
2024-12-22 13:30:00+09:00,2.2369,2.2379,2.2336,2.2336,278518.9
2024-12-22 13:31:00+09:00,2.2336,2.2372,2.2335,2.2347,245509.6
2024-12-22 13:32:00+09:00,2.2347,2.2379,2.2347,2.2359,268524.3
2024-12-22 13:33:00+09:00,2.2360,2.2363,2.2326,2.2328,336189.8
2024-12-22 13:34:00+09:00,2.2328,2.2331,2.2263,2.2267,878130.5
2024-12-22 13:35:00+09:00,2.2267,2.2304,2.2260,2.2289,529840.2
2024-12-22 13:36:00+09:00,2.2288,2.2297,2.2229,2.2229,637719.0
2024-12-22 13:37:00+09:00,2.2230,2.2250,2.2216,2.2226,671289.9
2024-12-22 13:38:00+09:00,2.2227,2.2244,2.2206,2.2212,574684.1
2024-12-22 13:39:00+09:00,2.2212,2.2236,2.2203,2.2236,509474.4
2024-12-22 13:40:00+09:00,2.2235,2.2275,2.2216,2.2257,1062434.6
2024-12-22 13:41:00+09:00,2.2256,2.2257,2.2234,2.2234,279920.9
2024-12-22 13:42:00+09:00,2.2234,2.2262,2.2233,2.2246,383831.8
2024-12-22 13:43:00+09:00,2.2247,2.2247,2.2206,2.2222,609101.6
2024-12-22 13:44:00+09:00,2.2222,2.2224,2.2153,2.2154,1206638.3
2024-12-22 13:45:00+09:00,2.2153,2.2217,2.2153,2.2167,1042582.3
2024-12-22 13:46:00+09:00,2.2167,2.2192,2.2149,2.2181,762379.8
2024-12-22 13:47:00+09:00,2.2180,2.2192,2.2136,2.2163,617720.4
2024-12-22 13:48:00+09:00,2.2163,2.2180,2.2136,2.2149,787395.2
2024-12-22 13:49:00+09:00,2.2149,2.2166,2.2110,2.2112,505842.6
2024-12-22 13:50:00+09:00,2.2112,2.2130,2.2097,2.2097,654469.8
2024-12-22 13:51:00+09:00,2.2097,2.2104,2.2079,2.2088,798733.2
2024-12-22 13:52:00+09:00,2.2087,2.2090,2.2052,2.2065,1173085.8
2024-12-22 13:53:00+09:00,2.2066,2.2078,2.2055,2.2057,565664.0
2024-12-22 13:54:00+09:00,2.2057,2.2093,2.2057,2.2078,742776.1
2024-12-22 13:55:00+09:00,2.2077,2.2103,2.2063,2.2064,642437.4
2024-12-22 13:56:00+09:00,2.2063,2.2076,2.2026,2.2040,1247605.7
2024-12-22 13:57:00+09:00,2.2041,2.2085,2.2041,2.2072,811644.7
2024-12-22 13:58:00+09:00,2.2072,2.2072,2.2035,2.2038,624471.4
2024-12-22 13:59:00+09:00,2.2037,2.2047,2.2000,2.2006,2034013.6
2024-12-22 14:00:00+09:00,2.2008,2.2046,2.2003,2.2022,1042566.0
2024-12-22 14:01:00+09:00,2.2023,2.2028,2.1973,2.2012,2005591.7
2024-12-22 14:02:00+09:00,2.2012,2.2038,2.1975,2.1985,1274285.0
2024-12-22 14:03:00+09:00,2.1984,2.1984,2.1906,2.1942,3230632.8
2024-12-22 14:04:00+09:00,2.1942,2.1974,2.1932,2.1933,1054453.4
2024-12-22 14:05:00+09:00,2.1933,2.1934,2.1831,2.1844,6408647.6
2024-12-22 14:06:00+09:00,2.1844,2.1870,2.1837,2.1850,1419142.0
2024-12-22 14:07:00+09:00,2.1850,2.1858,2.1803,2.1815,2391241.4
2024-12-22 14:08:00+09:00,2.1815,2.1827,2.1770,2.1792,2652993.0
2024-12-22 14:09:00+09:00,2.1792,2.1800,2.1757,2.1781,1932680.2
2024-12-22 14:10:00+09:00,2.1780,2.1806,2.1760,2.1766,2074830.4
2024-12-22 14:11:00+09:00,2.1767,2.1807,2.1765,2.1786,912903.9
2024-12-22 14:12:00+09:00,2.1787,2.1883,2.1786,2.1836,2486587.3
2024-12-22 14:13:00+09:00,2.1835,2.1864,2.1806,2.1854,1338283.0
2024-12-22 14:14:00+09:00,2.1853,2.1900,2.1835,2.1887,1221372.9
2024-12-22 14:15:00+09:00,2.1888,2.1954,2.1879,2.1881,1593780.0
2024-12-22 14:16:00+09:00,2.1881,2.1899,2.1833,2.1848,1981441.1
2024-12-22 14:17:00+09:00,2.1850,2.1972,2.1842,2.1948,1414901.1
2024-12-22 14:18:00+09:00,2.1948,2.1998,2.1936,2.1986,972946.8
2024-12-22 14:19:00+09:00,2.1986,2.2005,2.1974,2.1987,1179913.9
2024-12-22 14:20:00+09:00,2.1987,2.1989,2.1936,2.1953,932036.2
2024-12-22 14:21:00+09:00,2.1954,2.1968,2.1859,2.1877,962770.9
2024-12-22 14:22:00+09:00,2.1877,2.1912,2.1870,2.1880,852571.7
2024-12-22 14:23:00+09:00,2.1881,2.1884,2.1829,2.1831,1446301.8
2024-12-22 14:24:00+09:00,2.1831,2.1909,2.1829,2.1907,878697.7
2024-12-22 14:25:00+09:00,2.1906,2.1939,2.1880,2.1885,896132.3
2024-12-22 14:26:00+09:00,2.1885,2.1940,2.1884,2.1909,892476.1
2024-12-22 14:27:00+09:00,2.1908,2.1924,2.1889,2.1890,469448.3
2024-12-22 14:28:00+09:00,2.1889,2.1927,2.1872,2.1919,449098.3
2024-12-22 14:29:00+09:00,2.1919,2.1950,2.1918,2.1920,442624.1
2024-12-22 14:30:00+09:00,2.1921,2.1946,2.1905,2.1927,680187.2
2024-12-22 14:31:00+09:00,2.1927,2.1992,2.1915,2.1978,588977.5
2024-12-22 14:32:00+09:00,2.1979,2.2000,2.1960,2.1966,544803.9
2024-12-22 14:33:00+09:00,2.1967,2.1997,2.1967,2.1993,658478.2
2024-12-22 14:34:00+09:00,2.1994,2.2061,2.1985,2.2036,1086871.0
2024-12-22 14:35:00+09:00,2.2037,2.2076,2.2032,2.2047,920262.8
2024-12-22 14:36:00+09:00,2.2047,2.2127,2.2047,2.2126,1715181.7
2024-12-22 14:37:00+09:00,2.2126,2.2149,2.2083,2.2117,1217968.5
2024-12-22 14:38:00+09:00,2.2117,2.2154,2.2077,2.2110,1193210.7
2024-12-22 14:39:00+09:00,2.2110,2.2129,2.2094,2.2119,889509.8
2024-12-22 14:40:00+09:00,2.2120,2.2126,2.2076,2.2080,813946.0
2024-12-22 14:41:00+09:00,2.2081,2.2094,2.2045,2.2048,776870.1
2024-12-22 14:42:00+09:00,2.2047,2.2079,2.2017,2.2027,671203.8
2024-12-22 14:43:00+09:00,2.2028,2.2058,2.2002,2.2008,795375.3
2024-12-22 14:44:00+09:00,2.2009,2.2024,2.1987,2.2024,843898.8
2024-12-22 14:45:00+09:00,2.2023,2.2052,2.2011,2.2044,432856.0
2024-12-22 14:46:00+09:00,2.2044,2.2072,2.2034,2.2066,365397.8
2024-12-22 14:47:00+09:00,2.2066,2.2079,2.2038,2.2051,530432.3
2024-12-22 14:48:00+09:00,2.2051,2.2062,2.2027,2.2043,312121.4
2024-12-22 14:49:00+09:00,2.2044,2.2044,2.2023,2.2040,492205.8
2024-12-22 14:50:00+09:00,2.2039,2.2088,2.2038,2.2088,499321.2
2024-12-22 14:51:00+09:00,2.2087,2.2120,2.2086,2.2117,779379.1
2024-12-22 14:52:00+09:00,2.2116,2.2149,2.2116,2.2148,579745.1
2024-12-22 14:53:00+09:00,2.2149,2.2164,2.2139,2.2150,648082.2
2024-12-22 14:54:00+09:00,2.2150,2.2151,2.2116,2.2134,522025.3
2024-12-22 14:55:00+09:00,2.2134,2.2135,2.2107,2.2123,412697.0
2024-12-22 14:56:00+09:00,2.2122,2.2123,2.2088,2.2102,343313.3
2024-12-22 14:57:00+09:00,2.2101,2.2112,2.2092,2.2112,242180.3
2024-12-22 14:58:00+09:00,2.2112,2.2112,2.2088,2.2095,342282.2
2024-12-22 14:59:00+09:00,2.2096,2.2096,2.2067,2.2072,612102.8
2024-12-22 15:00:00+09:00,2.2072,2.2084,2.2055,2.2057,579181.8
2024-12-22 15:01:00+09:00,2.2056,2.2066,2.2031,2.2057,474979.2
2024-12-22 15:02:00+09:00,2.2057,2.2057,2.2026,2.2034,617244.0
2024-12-22 15:03:00+09:00,2.2033,2.2042,2.2021,2.2036,498284.9
2024-12-22 15:04:00+09:00,2.2037,2.2080,2.2036,2.2080,264719.4
2024-12-22 15:05:00+09:00,2.2079,2.2134,2.2079,2.2104,663733.0
2024-12-22 15:06:00+09:00,2.2103,2.2137,2.2099,2.2132,362546.3
2024-12-22 15:07:00+09:00,2.2131,2.2141,2.2110,2.2129,314255.4
2024-12-22 15:08:00+09:00,2.2128,2.2145,2.2128,2.2135,358783.5
2024-12-22 15:09:00+09:00,2.2134,2.2144,2.2100,2.2139,345902.8
2024-12-22 15:10:00+09:00,2.2139,2.2157,2.2133,2.2152,325457.1
2024-12-22 15:11:00+09:00,2.2152,2.2156,2.2118,2.2140,381411.6
2024-12-22 15:12:00+09:00,2.2140,2.2164,2.2139,2.2153,429888.9
2024-12-22 15:13:00+09:00,2.2154,2.2162,2.2141,2.2148,257335.0
2024-12-22 15:14:00+09:00,2.2148,2.2176,2.2145,2.2161,292940.4
2024-12-22 15:15:00+09:00,2.2161,2.2181,2.2116,2.2124,592182.3
2024-12-22 15:16:00+09:00,2.2125,2.2148,2.2113,2.2143,429204.5
2024-12-22 15:17:00+09:00,2.2143,2.2187,2.2133,2.2183,369471.5
2024-12-22 15:18:00+09:00,2.2184,2.2184,2.2168,2.2172,313710.7
2024-12-22 15:19:00+09:00,2.2172,2.2208,2.2158,2.2205,624678.7
2024-12-22 15:20:00+09:00,2.2205,2.2215,2.2168,2.2181,1130679.2
2024-12-22 15:21:00+09:00,2.2181,2.2185,2.2147,2.2168,453789.5
2024-12-22 15:22:00+09:00,2.2168,2.2244,2.2168,2.2240,830816.3
2024-12-22 15:23:00+09:00,2.2239,2.2285,2.2238,2.2265,1236252.4
2024-12-22 15:24:00+09:00,2.2265,2.2292,2.2243,2.2292,575488.7
2024-12-22 15:25:00+09:00,2.2291,2.2324,2.2274,2.2276,1221735.0
2024-12-22 15:26:00+09:00,2.2277,2.2277,2.2251,2.2263,765633.0
2024-12-22 15:27:00+09:00,2.2263,2.2264,2.2227,2.2244,636614.9
2024-12-22 15:28:00+09:00,2.2244,2.2253,2.2231,2.2253,348656.4
2024-12-22 15:29:00+09:00,2.2253,2.2256,2.2234,2.2237,331325.7
2024-12-22 15:30:00+09:00,2.2237,2.2239,2.2202,2.2213,828700.6
2024-12-22 15:31:00+09:00,2.2213,2.2230,2.2190,2.2196,784378.4
2024-12-22 15:32:00+09:00,2.2196,2.2217,2.2195,2.2206,339795.5
2024-12-22 15:33:00+09:00,2.2206,2.2230,2.2195,2.2223,674322.9
2024-12-22 15:34:00+09:00,2.2224,2.2239,2.2214,2.2235,343898.6
2024-12-22 15:35:00+09:00,2.2235,2.2235,2.2204,2.2229,317945.5
2024-12-22 15:36:00+09:00,2.2229,2.2237,2.2222,2.2222,451586.9
2024-12-22 15:37:00+09:00,2.2223,2.2224,2.2191,2.2213,390609.1
2024-12-22 15:38:00+09:00,2.2213,2.2214,2.2162,2.2178,817766.9
2024-12-22 15:39:00+09:00,2.2178,2.2199,2.2178,2.2199,294143.4
2024-12-22 15:40:00+09:00,2.2200,2.2216,2.2198,2.2211,421939.1
2024-12-22 15:41:00+09:00,2.2212,2.2212,2.2197,2.2206,510863.9
2024-12-22 15:42:00+09:00,2.2207,2.2207,2.2162,2.2177,372384.8
2024-12-22 15:43:00+09:00,2.2178,2.2217,2.2172,2.2214,256657.7
2024-12-22 15:44:00+09:00,2.2214,2.2226,2.2203,2.2224,300540.0
2024-12-22 15:45:00+09:00,2.2224,2.2250,2.2224,2.2249,472731.0
2024-12-22 15:46:00+09:00,2.2249,2.2259,2.2237,2.2242,424475.6
2024-12-22 15:47:00+09:00,2.2242,2.2256,2.2233,2.2255,494490.5
2024-12-22 15:48:00+09:00,2.2254,2.2275,2.2251,2.2261,408970.5
2024-12-22 15:49:00+09:00,2.2261,2.2266,2.2240,2.2265,395630.8
2024-12-22 15:50:00+09:00,2.2266,2.2302,2.2252,2.2289,1431592.6
2024-12-22 15:51:00+09:00,2.2290,2.2295,2.2264,2.2266,710383.1
2024-12-22 15:52:00+09:00,2.2266,2.2270,2.2247,2.2258,323398.2
2024-12-22 15:53:00+09:00,2.2258,2.2272,2.2250,2.2272,185066.6
2024-12-22 15:54:00+09:00,2.2271,2.2293,2.2258,2.2292,399046.0
2024-12-22 15:55:00+09:00,2.2292,2.2320,2.2286,2.2302,1169941.3
2024-12-22 15:56:00+09:00,2.2303,2.2310,2.2296,2.2301,324136.8
2024-12-22 15:57:00+09:00,2.2300,2.2333,2.2288,2.2323,1002065.6
2024-12-22 15:58:00+09:00,2.2323,2.2330,2.2301,2.2302,652562.9
2024-12-22 15:59:00+09:00,2.2303,2.2311,2.2286,2.2306,412464.7
2024-12-22 16:00:00+09:00,2.2306,2.2336,2.2294,2.2330,593788.4
2024-12-22 16:01:00+09:00,2.2329,2.2362,2.2296,2.2322,1654589.6
2024-12-22 16:02:00+09:00,2.2322,2.2330,2.2301,2.2308,484371.9
2024-12-22 16:03:00+09:00,2.2307,2.2314,2.2265,2.2268,731538.3
2024-12-22 16:04:00+09:00,2.2268,2.2293,2.2266,2.2280,612624.5
2024-12-22 16:05:00+09:00,2.2281,2.2289,2.2265,2.2271,408911.2
2024-12-22 16:06:00+09:00,2.2270,2.2270,2.2234,2.2263,1415774.5
2024-12-22 16:07:00+09:00,2.2263,2.2282,2.2259,2.2265,439787.4
2024-12-22 16:08:00+09:00,2.2266,2.2285,2.2256,2.2285,320713.1
2024-12-22 16:09:00+09:00,2.2284,2.2314,2.2278,2.2311,403969.0
2024-12-22 16:10:00+09:00,2.2311,2.2360,2.2311,2.2356,1293884.2
2024-12-22 16:11:00+09:00,2.2355,2.2407,2.2349,2.2398,1528635.7
2024-12-22 16:12:00+09:00,2.2398,2.2416,2.2374,2.2378,1482716.6
2024-12-22 16:13:00+09:00,2.2379,2.2400,2.2379,2.2390,526975.6
2024-12-22 16:14:00+09:00,2.2391,2.2397,2.2372,2.2389,832852.2
2024-12-22 16:15:00+09:00,2.2390,2.2395,2.2337,2.2355,1556706.1
2024-12-22 16:16:00+09:00,2.2356,2.2365,2.2323,2.2334,1438470.3
2024-12-22 16:17:00+09:00,2.2334,2.2334,2.2301,2.2305,661301.6
2024-12-22 16:18:00+09:00,2.2306,2.2328,2.2304,2.2318,403523.7
2024-12-22 16:19:00+09:00,2.2318,2.2325,2.2292,2.2309,460972.7
2024-12-22 16:20:00+09:00,2.2310,2.2321,2.2300,2.2306,379873.4
2024-12-22 16:21:00+09:00,2.2307,2.2337,2.2290,2.2334,493034.3
2024-12-22 16:22:00+09:00,2.2335,2.2336,2.2312,2.2325,267940.5
2024-12-22 16:23:00+09:00,2.2325,2.2335,2.2311,2.2323,292425.2
2024-12-22 16:24:00+09:00,2.2323,2.2324,2.2291,2.2297,650400.5
2024-12-22 16:25:00+09:00,2.2298,2.2299,2.2275,2.2290,447594.3
2024-12-22 16:26:00+09:00,2.2291,2.2302,2.2286,2.2295,424038.5
2024-12-22 16:27:00+09:00,2.2295,2.2306,2.2285,2.2292,295833.7
2024-12-22 16:28:00+09:00,2.2293,2.2306,2.2288,2.2304,163848.9
2024-12-22 16:29:00+09:00,2.2305,2.2319,2.2292,2.2311,224328.7
2024-12-22 16:30:00+09:00,2.2311,2.2328,2.2308,2.2318,390772.2
2024-12-22 16:31:00+09:00,2.2319,2.2380,2.2315,2.2371,1084340.7
2024-12-22 16:32:00+09:00,2.2371,2.2376,2.2332,2.2348,387526.6
2024-12-22 16:33:00+09:00,2.2349,2.2355,2.2317,2.2319,338167.9
2024-12-22 16:34:00+09:00,2.2320,2.2325,2.2264,2.2290,1330613.3
2024-12-22 16:35:00+09:00,2.2289,2.2307,2.2266,2.2270,435939.6
2024-12-22 16:36:00+09:00,2.2270,2.2278,2.2248,2.2270,665187.0
2024-12-22 16:37:00+09:00,2.2271,2.2271,2.2225,2.2226,664167.8
2024-12-22 16:38:00+09:00,2.2226,2.2240,2.2212,2.2233,616308.6
2024-12-22 16:39:00+09:00,2.2235,2.2239,2.2210,2.2228,467014.7
2024-12-22 16:40:00+09:00,2.2228,2.2243,2.2214,2.2242,478018.7
2024-12-22 16:41:00+09:00,2.2242,2.2243,2.2201,2.2205,829515.0
2024-12-22 16:42:00+09:00,2.2205,2.2248,2.2205,2.2244,701647.4
2024-12-22 16:43:00+09:00,2.2244,2.2291,2.2242,2.2276,615623.0
2024-12-22 16:44:00+09:00,2.2276,2.2282,2.2244,2.2252,390592.7
2024-12-22 16:45:00+09:00,2.2252,2.2259,2.2227,2.2236,605906.3
2024-12-22 16:46:00+09:00,2.2235,2.2275,2.2233,2.2268,349652.4
2024-12-22 16:47:00+09:00,2.2266,2.2280,2.2255,2.2276,315425.2
2024-12-22 16:48:00+09:00,2.2275,2.2297,2.2268,2.2290,384828.7
2024-12-22 16:49:00+09:00,2.2291,2.2291,2.2238,2.2246,566490.0
2024-12-22 16:50:00+09:00,2.2246,2.2248,2.2186,2.2206,1409814.6
2024-12-22 16:51:00+09:00,2.2206,2.2220,2.2195,2.2212,290614.7
2024-12-22 16:52:00+09:00,2.2212,2.2246,2.2212,2.2232,664180.5
2024-12-22 16:53:00+09:00,2.2231,2.2257,2.2231,2.2257,303778.5
2024-12-22 16:54:00+09:00,2.2256,2.2267,2.2243,2.2244,337018.3
2024-12-22 16:55:00+09:00,2.2243,2.2269,2.2243,2.2264,326448.4
2024-12-22 16:56:00+09:00,2.2261,2.2278,2.2258,2.2275,158702.7
2024-12-22 16:57:00+09:00,2.2276,2.2278,2.2250,2.2263,463601.6
2024-12-22 16:58:00+09:00,2.2263,2.2283,2.2261,2.2278,302520.0
2024-12-22 16:59:00+09:00,2.2279,2.2289,2.2260,2.2289,408185.9
2024-12-22 17:00:00+09:00,2.2288,2.2340,2.2272,2.2319,977197.3
2024-12-22 17:01:00+09:00,2.2319,2.2340,2.2296,2.2339,406035.3
2024-12-22 17:02:00+09:00,2.2340,2.2385,2.2338,2.2381,1311875.8
2024-12-22 17:03:00+09:00,2.2382,2.2412,2.2376,2.2408,1279470.5
2024-12-22 17:04:00+09:00,2.2408,2.2448,2.2404,2.2443,1434796.6
2024-12-22 17:05:00+09:00,2.2442,2.2485,2.2430,2.2466,1750379.7
2024-12-22 17:06:00+09:00,2.2465,2.2482,2.2417,2.2456,1125164.5
2024-12-22 17:07:00+09:00,2.2455,2.2463,2.2429,2.2443,896878.0
2024-12-22 17:08:00+09:00,2.2442,2.2478,2.2436,2.2466,850669.2
2024-12-22 17:09:00+09:00,2.2466,2.2528,2.2461,2.2497,2084506.2
2024-12-22 17:10:00+09:00,2.2496,2.2496,2.2464,2.2468,1123135.2
2024-12-22 17:11:00+09:00,2.2468,2.2471,2.2428,2.2449,853417.1
2024-12-22 17:12:00+09:00,2.2449,2.2457,2.2415,2.2425,625410.2
2024-12-22 17:13:00+09:00,2.2426,2.2426,2.2402,2.2420,534700.6
2024-12-22 17:14:00+09:00,2.2420,2.2450,2.2420,2.2432,500889.8
2024-12-22 17:15:00+09:00,2.2433,2.2467,2.2427,2.2434,711425.5
2024-12-22 17:16:00+09:00,2.2434,2.2441,2.2381,2.2381,932839.6
2024-12-22 17:17:00+09:00,2.2381,2.2437,2.2378,2.2421,527476.8
2024-12-22 17:18:00+09:00,2.2422,2.2499,2.2422,2.2493,887209.3
2024-12-22 17:19:00+09:00,2.2494,2.2545,2.2493,2.2517,1536700.9
2024-12-22 17:20:00+09:00,2.2517,2.2535,2.2489,2.2490,1202414.1
2024-12-22 17:21:00+09:00,2.2490,2.2495,2.2469,2.2486,778088.8
2024-12-22 17:22:00+09:00,2.2485,2.2500,2.2457,2.2499,422722.1
2024-12-22 17:23:00+09:00,2.2499,2.2526,2.2495,2.2518,690488.3
2024-12-22 17:24:00+09:00,2.2519,2.2536,2.2471,2.2471,688269.2
2024-12-22 17:25:00+09:00,2.2471,2.2479,2.2452,2.2469,430522.8
2024-12-22 17:26:00+09:00,2.2469,2.2479,2.2449,2.2469,440588.3
2024-12-22 17:27:00+09:00,2.2468,2.2485,2.2449,2.2472,454570.5
2024-12-22 17:28:00+09:00,2.2472,2.2493,2.2443,2.2487,573254.6
2024-12-22 17:29:00+09:00,2.2486,2.2486,2.2452,2.2453,237016.0
2024-12-22 17:30:00+09:00,2.2453,2.2457,2.2423,2.2424,795646.1
2024-12-22 17:31:00+09:00,2.2424,2.2472,2.2413,2.2465,574283.5
2024-12-22 17:32:00+09:00,2.2466,2.2488,2.2445,2.2486,490243.5
2024-12-22 17:33:00+09:00,2.2486,2.2499,2.2466,2.2492,355158.3
2024-12-22 17:34:00+09:00,2.2493,2.2493,2.2459,2.2465,356803.6
2024-12-22 17:35:00+09:00,2.2465,2.2475,2.2446,2.2452,329819.3
2024-12-22 17:36:00+09:00,2.2453,2.2478,2.2448,2.2463,411471.6
2024-12-22 17:37:00+09:00,2.2463,2.2473,2.2438,2.2464,458293.9
2024-12-22 17:38:00+09:00,2.2463,2.2476,2.2437,2.2437,420945.9
2024-12-22 17:39:00+09:00,2.2438,2.2441,2.2416,2.2420,229927.7
2024-12-22 17:40:00+09:00,2.2419,2.2420,2.2383,2.2417,723968.6
2024-12-22 17:41:00+09:00,2.2417,2.2431,2.2412,2.2420,382102.2
2024-12-22 17:42:00+09:00,2.2421,2.2425,2.2409,2.2410,99883.8
